date,tmax_c,tmin_c,valid_day,tmean_c,source,tmean_f,hdd65_f_days,cdd65_f_days
2000-01-01,7.8,-0.6,True,3.6,GHCN-Daily,38.480000000000004,26.519999999999996,0.0
2000-01-02,12.2,2.8,True,7.5,GHCN-Daily,45.5,19.5,0.0
2000-01-03,15.6,7.8,True,11.7,GHCN-Daily,53.06,11.939999999999998,0.0
2000-01-04,12.8,8.3,True,10.55,GHCN-Daily,50.99,14.009999999999998,0.0
2000-01-05,8.3,-2.2,True,3.0500000000000003,GHCN-Daily,37.49,27.509999999999998,0.0
2000-01-06,5.6,-5.0,True,0.2999999999999998,GHCN-Daily,32.54,32.46,0.0
2000-01-07,9.4,1.7,True,5.55,GHCN-Daily,41.99,23.009999999999998,0.0
2000-01-08,3.3,-1.7,True,0.7999999999999999,GHCN-Daily,33.44,31.560000000000002,0.0
2000-01-09,9.4,2.8,True,6.1,GHCN-Daily,42.980000000000004,22.019999999999996,0.0
2000-01-10,12.8,5.6,True,9.2,GHCN-Daily,48.56,16.439999999999998,0.0
2000-01-11,11.7,4.4,True,8.05,GHCN-Daily,46.49,18.509999999999998,0.0
2000-01-12,8.9,3.9,True,6.4,GHCN-Daily,43.52,21.479999999999997,0.0
2000-01-13,4.4,-7.8,True,-1.6999999999999997,GHCN-Daily,28.94,36.06,0.0
2000-01-14,-5.0,-10.0,True,-7.5,GHCN-Daily,18.5,46.5,0.0
2000-01-15,-0.6,-8.9,True,-4.75,GHCN-Daily,23.45,41.55,0.0
2000-01-16,8.3,-5.6,True,1.3500000000000005,GHCN-Daily,34.43,30.57,0.0
2000-01-17,-5.6,-13.3,True,-9.45,GHCN-Daily,14.990000000000002,50.01,0.0
2000-01-18,-7.2,-15.6,True,-11.4,GHCN-Daily,11.48,53.519999999999996,0.0
2000-01-19,-1.1,-12.2,True,-6.6499999999999995,GHCN-Daily,20.03,44.97,0.0
2000-01-20,-2.2,-6.7,True,-4.45,GHCN-Daily,23.990000000000002,41.01,0.0
2000-01-21,-4.4,-12.2,True,-8.3,GHCN-Daily,17.06,47.94,0.0
2000-01-22,-6.1,-12.8,True,-9.45,GHCN-Daily,14.990000000000002,50.01,0.0
2000-01-23,-2.8,-8.9,True,-5.85,GHCN-Daily,21.47,43.53,0.0
2000-01-24,2.2,-4.4,True,-1.1,GHCN-Daily,30.02,34.980000000000004,0.0
2000-01-25,0.6,-3.3,True,-1.3499999999999999,GHCN-Daily,29.57,35.43,0.0
2000-01-26,-0.6,-5.6,True,-3.0999999999999996,GHCN-Daily,26.42,38.58,0.0
2000-01-27,-5.6,-11.1,True,-8.35,GHCN-Daily,16.97,48.03,0.0
2000-01-28,-5.6,-12.8,True,-9.2,GHCN-Daily,15.440000000000001,49.56,0.0
2000-01-29,0.6,-8.9,True,-4.15,GHCN-Daily,24.53,40.47,0.0
2000-01-30,3.3,-8.9,True,-2.8000000000000003,GHCN-Daily,26.96,38.04,0.0
2000-01-31,5.6,-2.2,True,1.6999999999999997,GHCN-Daily,35.06,29.939999999999998,0.0
2000-02-01,1.7,-3.3,True,-0.7999999999999999,GHCN-Daily,30.56,34.44,0.0
2000-02-02,-1.7,-5.6,True,-3.65,GHCN-Daily,25.43,39.57,0.0
2000-02-03,0.0,-6.1,True,-3.05,GHCN-Daily,26.509999999999998,38.49,0.0
2000-02-04,-0.6,-2.8,True,-1.7,GHCN-Daily,28.94,36.06,0.0
2000-02-05,1.7,-2.8,True,-0.5499999999999999,GHCN-Daily,31.01,33.989999999999995,0.0
2000-02-06,2.8,-2.2,True,0.2999999999999998,GHCN-Daily,32.54,32.46,0.0
2000-02-07,6.7,-2.2,True,2.25,GHCN-Daily,36.05,28.950000000000003,0.0
2000-02-08,-1.7,-6.7,True,-4.2,GHCN-Daily,24.439999999999998,40.56,0.0
2000-02-09,7.2,-4.4,True,1.4,GHCN-Daily,34.52,30.479999999999997,0.0
2000-02-10,10.0,-1.7,True,4.15,GHCN-Daily,39.47,25.53,0.0
2000-02-11,10.0,-1.1,True,4.45,GHCN-Daily,40.01,24.990000000000002,0.0
2000-02-12,0.0,-4.4,True,-2.2,GHCN-Daily,28.04,36.96,0.0
2000-02-13,3.9,-6.1,True,-1.0999999999999999,GHCN-Daily,30.02,34.980000000000004,0.0
2000-02-14,10.0,3.9,True,6.95,GHCN-Daily,44.51,20.490000000000002,0.0
2000-02-15,6.7,-1.7,True,2.5,GHCN-Daily,36.5,28.5,0.0
2000-02-16,10.6,-2.2,True,4.199999999999999,GHCN-Daily,39.56,25.439999999999998,0.0
2000-02-17,4.4,-3.3,True,0.5500000000000003,GHCN-Daily,32.99,32.01,0.0
2000-02-18,2.8,-2.8,True,0.0,GHCN-Daily,32.0,33.0,0.0
2000-02-19,0.0,-1.1,True,-0.55,GHCN-Daily,31.01,33.989999999999995,0.0
2000-02-20,4.4,-1.1,True,1.6500000000000001,GHCN-Daily,34.97,30.03,0.0
2000-02-21,6.1,-1.1,True,2.5,GHCN-Daily,36.5,28.5,0.0
2000-02-22,7.2,-1.7,True,2.75,GHCN-Daily,36.95,28.049999999999997,0.0
2000-02-23,10.6,-1.7,True,4.45,GHCN-Daily,40.01,24.990000000000002,0.0
2000-02-24,13.3,3.3,True,8.3,GHCN-Daily,46.94,18.060000000000002,0.0
2000-02-25,11.1,3.9,True,7.5,GHCN-Daily,45.5,19.5,0.0
2000-02-26,6.1,3.3,True,4.699999999999999,GHCN-Daily,40.46,24.54,0.0
2000-02-27,10.0,3.9,True,6.95,GHCN-Daily,44.51,20.490000000000002,0.0
2000-02-28,11.1,4.4,True,7.75,GHCN-Daily,45.95,19.049999999999997,0.0
2000-02-29,13.9,1.7,True,7.8,GHCN-Daily,46.04,18.96,0.0
2000-03-01,7.2,1.1,True,4.15,GHCN-Daily,39.47,25.53,0.0
2000-03-02,9.4,2.2,True,5.800000000000001,GHCN-Daily,42.44,22.560000000000002,0.0
2000-03-03,8.9,1.1,True,5.0,GHCN-Daily,41.0,24.0,0.0
2000-03-04,11.7,0.0,True,5.85,GHCN-Daily,42.53,22.47,0.0
2000-03-05,13.9,3.3,True,8.6,GHCN-Daily,47.480000000000004,17.519999999999996,0.0
2000-03-06,12.8,3.9,True,8.35,GHCN-Daily,47.03,17.97,0.0
2000-03-07,15.0,0.0,True,7.5,GHCN-Daily,45.5,19.5,0.0
2000-03-08,15.0,4.4,True,9.7,GHCN-Daily,49.46,15.54,0.0
2000-03-09,17.8,7.8,True,12.8,GHCN-Daily,55.040000000000006,9.959999999999994,0.0
2000-03-10,16.1,5.6,True,10.850000000000001,GHCN-Daily,51.53,13.469999999999999,0.0
2000-03-11,6.7,4.4,True,5.550000000000001,GHCN-Daily,41.99,23.009999999999998,0.0
2000-03-12,11.7,1.7,True,6.699999999999999,GHCN-Daily,44.06,20.939999999999998,0.0
2000-03-13,8.9,0.0,True,4.45,GHCN-Daily,40.01,24.990000000000002,0.0
2000-03-14,9.4,1.7,True,5.55,GHCN-Daily,41.99,23.009999999999998,0.0
2000-03-15,12.2,2.8,True,7.5,GHCN-Daily,45.5,19.5,0.0
2000-03-16,16.1,5.6,True,10.850000000000001,GHCN-Daily,51.53,13.469999999999999,0.0
2000-03-17,11.1,-2.2,True,4.449999999999999,GHCN-Daily,40.01,24.990000000000002,0.0
2000-03-18,2.8,-5.6,True,-1.4,GHCN-Daily,29.48,35.519999999999996,0.0
2000-03-19,3.9,-2.8,True,0.55,GHCN-Daily,32.99,32.01,0.0
2000-03-20,7.8,0.0,True,3.9,GHCN-Daily,39.019999999999996,25.980000000000004,0.0
2000-03-21,6.7,3.3,True,5.0,GHCN-Daily,41.0,24.0,0.0
2000-03-22,9.4,2.8,True,6.1,GHCN-Daily,42.980000000000004,22.019999999999996,0.0
2000-03-23,8.9,0.6,True,4.75,GHCN-Daily,40.55,24.450000000000003,0.0
2000-03-24,18.3,5.0,True,11.65,GHCN-Daily,52.97,12.030000000000001,0.0
2000-03-25,12.2,5.0,True,8.6,GHCN-Daily,47.480000000000004,17.519999999999996,0.0
2000-03-26,18.3,8.3,True,13.3,GHCN-Daily,55.94,9.060000000000002,0.0
2000-03-27,12.8,2.2,True,7.5,GHCN-Daily,45.5,19.5,0.0
2000-03-28,14.4,8.3,True,11.350000000000001,GHCN-Daily,52.43000000000001,12.569999999999993,0.0
2000-03-29,13.9,6.7,True,10.3,GHCN-Daily,50.540000000000006,14.459999999999994,0.0
2000-03-30,13.3,4.4,True,8.850000000000001,GHCN-Daily,47.93000000000001,17.069999999999993,0.0
2000-03-31,14.4,2.8,True,8.6,GHCN-Daily,47.480000000000004,17.519999999999996,0.0
2000-04-01,14.4,2.8,True,8.6,GHCN-Daily,47.480000000000004,17.519999999999996,0.0
2000-04-02,14.4,6.7,True,10.55,GHCN-Daily,50.99,14.009999999999998,0.0
2000-04-03,13.9,9.4,True,11.65,GHCN-Daily,52.97,12.030000000000001,0.0
2000-04-04,15.0,10.0,True,12.5,GHCN-Daily,54.5,10.5,0.0
2000-04-05,10.0,5.0,True,7.5,GHCN-Daily,45.5,19.5,0.0
2000-04-06,20.0,3.3,True,11.65,GHCN-Daily,52.97,12.030000000000001,0.0
2000-04-07,15.0,10.0,True,12.5,GHCN-Daily,54.5,10.5,0.0
2000-04-08,15.6,8.9,True,12.25,GHCN-Daily,54.05,10.950000000000003,0.0
2000-04-09,10.0,-1.1,True,4.45,GHCN-Daily,40.01,24.990000000000002,0.0
2000-04-10,12.8,2.8,True,7.800000000000001,GHCN-Daily,46.04,18.96,0.0
2000-04-11,8.9,2.2,True,5.550000000000001,GHCN-Daily,41.99,23.009999999999998,0.0
2000-04-12,11.1,4.4,True,7.75,GHCN-Daily,45.95,19.049999999999997,0.0
2000-04-13,8.9,2.2,True,5.550000000000001,GHCN-Daily,41.99,23.009999999999998,0.0
2000-04-14,10.0,2.2,True,6.1,GHCN-Daily,42.980000000000004,22.019999999999996,0.0
2000-04-15,15.0,6.7,True,10.85,GHCN-Daily,51.53,13.469999999999999,0.0
2000-04-16,22.8,11.7,True,17.25,GHCN-Daily,63.05,1.9500000000000028,0.0
2000-04-17,12.2,4.4,True,8.3,GHCN-Daily,46.94,18.060000000000002,0.0
2000-04-18,8.9,4.4,True,6.65,GHCN-Daily,43.97,21.03,0.0
2000-04-19,15.0,5.6,True,10.3,GHCN-Daily,50.540000000000006,14.459999999999994,0.0
2000-04-20,12.2,8.3,True,10.25,GHCN-Daily,50.45,14.549999999999997,0.0
2000-04-21,8.9,7.8,True,8.35,GHCN-Daily,47.03,17.97,0.0
2000-04-22,10.0,7.2,True,8.6,GHCN-Daily,47.480000000000004,17.519999999999996,0.0
2000-04-23,10.0,6.7,True,8.35,GHCN-Daily,47.03,17.97,0.0
2000-04-24,20.6,6.7,True,13.65,GHCN-Daily,56.57,8.43,0.0
2000-04-25,12.8,7.8,True,10.3,GHCN-Daily,50.540000000000006,14.459999999999994,0.0
2000-04-26,8.3,3.9,True,6.1000000000000005,GHCN-Daily,42.980000000000004,22.019999999999996,0.0
2000-04-27,9.4,3.3,True,6.35,GHCN-Daily,43.43,21.57,0.0
2000-04-28,13.3,6.7,True,10.0,GHCN-Daily,50.0,15.0,0.0
2000-04-29,18.9,5.0,True,11.95,GHCN-Daily,53.51,11.490000000000002,0.0
2000-04-30,18.3,8.3,True,13.3,GHCN-Daily,55.94,9.060000000000002,0.0
2000-05-01,13.9,4.4,True,9.15,GHCN-Daily,48.47,16.53,0.0
2000-05-02,19.4,11.1,True,15.25,GHCN-Daily,59.45,5.549999999999997,0.0
2000-05-03,16.7,8.3,True,12.5,GHCN-Daily,54.5,10.5,0.0
2000-05-04,16.7,8.3,True,12.5,GHCN-Daily,54.5,10.5,0.0
2000-05-05,28.3,11.7,True,20.0,GHCN-Daily,68.0,0.0,3.0
2000-05-06,29.4,15.0,True,22.2,GHCN-Daily,71.96000000000001,0.0,6.960000000000008
2000-05-07,30.6,15.6,True,23.1,GHCN-Daily,73.58000000000001,0.0,8.580000000000013
2000-05-08,28.3,17.2,True,22.75,GHCN-Daily,72.95,0.0,7.950000000000003
2000-05-09,30.0,17.2,True,23.6,GHCN-Daily,74.48,0.0,9.480000000000004
2000-05-10,23.3,10.6,True,16.95,GHCN-Daily,62.51,2.490000000000002,0.0
2000-05-11,23.9,11.7,True,17.799999999999997,GHCN-Daily,64.03999999999999,0.960000000000008,0.0
2000-05-12,19.4,13.9,True,16.65,GHCN-Daily,61.97,3.030000000000001,0.0
2000-05-13,21.7,13.3,True,17.5,GHCN-Daily,63.5,1.5,0.0
2000-05-14,22.2,13.9,True,18.05,GHCN-Daily,64.49000000000001,0.5099999999999909,0.0
2000-05-15,17.8,10.6,True,14.2,GHCN-Daily,57.56,7.439999999999998,0.0
2000-05-16,18.3,8.9,True,13.600000000000001,GHCN-Daily,56.480000000000004,8.519999999999996,0.0
2000-05-17,18.9,13.3,True,16.1,GHCN-Daily,60.980000000000004,4.019999999999996,0.0
2000-05-18,20.0,14.4,True,17.2,GHCN-Daily,62.96,2.039999999999999,0.0
2000-05-19,16.7,8.3,True,12.5,GHCN-Daily,54.5,10.5,0.0
2000-05-20,11.1,7.8,True,9.45,GHCN-Daily,49.01,15.990000000000002,0.0
2000-05-21,13.3,10.6,True,11.95,GHCN-Daily,53.51,11.490000000000002,0.0
2000-05-22,13.9,10.6,True,12.25,GHCN-Daily,54.05,10.950000000000003,0.0
2000-05-23,15.6,10.6,True,13.1,GHCN-Daily,55.58,9.420000000000002,0.0
2000-05-24,23.9,12.8,True,18.35,GHCN-Daily,65.03,0.0,0.030000000000001137
2000-05-25,24.4,13.9,True,19.15,GHCN-Daily,66.47,0.0,1.4699999999999989
2000-05-26,25.0,15.0,True,20.0,GHCN-Daily,68.0,0.0,3.0
2000-05-27,20.0,13.9,True,16.95,GHCN-Daily,62.51,2.490000000000002,0.0
2000-05-28,19.4,12.8,True,16.1,GHCN-Daily,60.980000000000004,4.019999999999996,0.0
2000-05-29,17.8,10.6,True,14.2,GHCN-Daily,57.56,7.439999999999998,0.0
2000-05-30,16.7,10.0,True,13.35,GHCN-Daily,56.03,8.969999999999999,0.0
2000-05-31,16.1,11.1,True,13.600000000000001,GHCN-Daily,56.480000000000004,8.519999999999996,0.0
2000-06-01,26.1,13.3,True,19.700000000000003,GHCN-Daily,67.46000000000001,0.0,2.460000000000008
2000-06-02,29.4,17.2,True,23.299999999999997,GHCN-Daily,73.94,0.0,8.939999999999998
2000-06-03,23.3,15.0,True,19.15,GHCN-Daily,66.47,0.0,1.4699999999999989
2000-06-04,21.7,13.3,True,17.5,GHCN-Daily,63.5,1.5,0.0
2000-06-05,20.0,14.4,True,17.2,GHCN-Daily,62.96,2.039999999999999,0.0
2000-06-06,15.6,10.6,True,13.1,GHCN-Daily,55.58,9.420000000000002,0.0
2000-06-07,23.9,10.0,True,16.95,GHCN-Daily,62.51,2.490000000000002,0.0
2000-06-08,22.8,13.3,True,18.05,GHCN-Daily,64.49000000000001,0.5099999999999909,0.0
2000-06-09,31.7,17.2,True,24.45,GHCN-Daily,76.00999999999999,0.0,11.009999999999991
2000-06-10,32.8,19.4,True,26.099999999999998,GHCN-Daily,78.97999999999999,0.0,13.97999999999999
2000-06-11,33.3,22.2,True,27.75,GHCN-Daily,81.95,0.0,16.950000000000003
2000-06-12,23.3,13.3,True,18.3,GHCN-Daily,64.94,0.060000000000002274,0.0
2000-06-13,16.1,12.8,True,14.450000000000001,GHCN-Daily,58.010000000000005,6.989999999999995,0.0
2000-06-14,16.1,11.7,True,13.9,GHCN-Daily,57.019999999999996,7.980000000000004,0.0
2000-06-15,22.8,13.9,True,18.35,GHCN-Daily,65.03,0.0,0.030000000000001137
2000-06-16,25.6,18.9,True,22.25,GHCN-Daily,72.05000000000001,0.0,7.050000000000011
2000-06-17,31.7,20.0,True,25.85,GHCN-Daily,78.53,0.0,13.530000000000001
2000-06-18,23.3,18.9,True,21.1,GHCN-Daily,69.98,0.0,4.980000000000004
2000-06-19,22.8,17.8,True,20.3,GHCN-Daily,68.53999999999999,0.0,3.539999999999992
2000-06-20,28.3,16.1,True,22.200000000000003,GHCN-Daily,71.96000000000001,0.0,6.960000000000008
2000-06-21,24.4,18.3,True,21.35,GHCN-Daily,70.43,0.0,5.430000000000007
2000-06-22,27.8,21.1,True,24.450000000000003,GHCN-Daily,76.01,0.0,11.010000000000005
2000-06-23,28.9,19.4,True,24.15,GHCN-Daily,75.47,0.0,10.469999999999999
2000-06-24,27.2,18.3,True,22.75,GHCN-Daily,72.95,0.0,7.950000000000003
2000-06-25,26.1,20.0,True,23.05,GHCN-Daily,73.49000000000001,0.0,8.490000000000009
2000-06-26,27.8,20.0,True,23.9,GHCN-Daily,75.02,0.0,10.019999999999996
2000-06-27,31.1,21.1,True,26.1,GHCN-Daily,78.98,0.0,13.980000000000004
2000-06-28,25.6,19.4,True,22.5,GHCN-Daily,72.5,0.0,7.5
2000-06-29,22.2,18.3,True,20.25,GHCN-Daily,68.45,0.0,3.450000000000003
2000-06-30,27.2,17.8,True,22.5,GHCN-Daily,72.5,0.0,7.5
2000-07-01,26.7,17.2,True,21.95,GHCN-Daily,71.50999999999999,0.0,6.509999999999991
2000-07-02,30.0,18.3,True,24.15,GHCN-Daily,75.47,0.0,10.469999999999999
2000-07-03,27.2,20.0,True,23.6,GHCN-Daily,74.48,0.0,9.480000000000004
2000-07-04,27.2,20.6,True,23.9,GHCN-Daily,75.02,0.0,10.019999999999996
2000-07-05,31.7,21.7,True,26.7,GHCN-Daily,80.06,0.0,15.060000000000002
2000-07-06,26.1,17.2,True,21.65,GHCN-Daily,70.97,0.0,5.969999999999999
2000-07-07,27.2,17.2,True,22.2,GHCN-Daily,71.96000000000001,0.0,6.960000000000008
2000-07-08,26.7,15.6,True,21.15,GHCN-Daily,70.07,0.0,5.069999999999993
2000-07-09,26.1,17.8,True,21.950000000000003,GHCN-Daily,71.51,0.0,6.510000000000005
2000-07-10,33.9,21.1,True,27.5,GHCN-Daily,81.5,0.0,16.5
2000-07-11,28.3,20.0,True,24.15,GHCN-Daily,75.47,0.0,10.469999999999999
2000-07-12,27.8,18.3,True,23.05,GHCN-Daily,73.49000000000001,0.0,8.490000000000009
2000-07-13,28.3,18.3,True,23.3,GHCN-Daily,73.94,0.0,8.939999999999998
2000-07-14,26.7,18.9,True,22.799999999999997,GHCN-Daily,73.03999999999999,0.0,8.039999999999992
2000-07-15,21.7,18.9,True,20.299999999999997,GHCN-Daily,68.53999999999999,0.0,3.539999999999992
2000-07-16,25.6,18.3,True,21.950000000000003,GHCN-Daily,71.51,0.0,6.510000000000005
2000-07-17,26.1,18.9,True,22.5,GHCN-Daily,72.5,0.0,7.5
2000-07-18,32.8,20.6,True,26.7,GHCN-Daily,80.06,0.0,15.060000000000002
2000-07-19,22.2,16.7,True,19.45,GHCN-Daily,67.00999999999999,0.0,2.009999999999991
2000-07-20,25.0,16.7,True,20.85,GHCN-Daily,69.53,0.0,4.530000000000001
2000-07-21,26.1,16.7,True,21.4,GHCN-Daily,70.52,0.0,5.519999999999996
2000-07-22,28.9,18.9,True,23.9,GHCN-Daily,75.02,0.0,10.019999999999996
2000-07-23,25.6,17.8,True,21.700000000000003,GHCN-Daily,71.06,0.0,6.060000000000002
2000-07-24,25.6,18.9,True,22.25,GHCN-Daily,72.05000000000001,0.0,7.050000000000011
2000-07-25,23.3,18.3,True,20.8,GHCN-Daily,69.44,0.0,4.439999999999998
2000-07-26,21.1,17.8,True,19.450000000000003,GHCN-Daily,67.01,0.0,2.010000000000005
2000-07-27,21.7,18.3,True,20.0,GHCN-Daily,68.0,0.0,3.0
2000-07-28,23.9,17.8,True,20.85,GHCN-Daily,69.53,0.0,4.530000000000001
2000-07-29,22.8,18.3,True,20.55,GHCN-Daily,68.99000000000001,0.0,3.990000000000009
2000-07-30,25.6,19.4,True,22.5,GHCN-Daily,72.5,0.0,7.5
2000-07-31,26.7,19.4,True,23.049999999999997,GHCN-Daily,73.49,0.0,8.489999999999995
2000-08-01,24.4,18.9,True,21.65,GHCN-Daily,70.97,0.0,5.969999999999999
2000-08-02,27.8,21.1,True,24.450000000000003,GHCN-Daily,76.01,0.0,11.010000000000005
2000-08-03,27.2,21.7,True,24.45,GHCN-Daily,76.00999999999999,0.0,11.009999999999991
2000-08-04,26.7,21.7,True,24.2,GHCN-Daily,75.56,0.0,10.560000000000002
2000-08-05,27.2,18.3,True,22.75,GHCN-Daily,72.95,0.0,7.950000000000003
2000-08-06,25.0,17.8,True,21.4,GHCN-Daily,70.52,0.0,5.519999999999996
2000-08-07,32.8,22.8,True,27.799999999999997,GHCN-Daily,82.03999999999999,0.0,17.039999999999992
2000-08-08,32.2,23.9,True,28.05,GHCN-Daily,82.49000000000001,0.0,17.49000000000001
2000-08-09,30.6,23.9,True,27.25,GHCN-Daily,81.05000000000001,0.0,16.05000000000001
2000-08-10,30.0,22.8,True,26.4,GHCN-Daily,79.52,0.0,14.519999999999996
2000-08-11,27.8,20.0,True,23.9,GHCN-Daily,75.02,0.0,10.019999999999996
2000-08-12,22.8,18.9,True,20.85,GHCN-Daily,69.53,0.0,4.530000000000001
2000-08-13,21.7,17.8,True,19.75,GHCN-Daily,67.55000000000001,0.0,2.5500000000000114
2000-08-14,20.0,17.8,True,18.9,GHCN-Daily,66.02,0.0,1.019999999999996
2000-08-15,27.2,18.3,True,22.75,GHCN-Daily,72.95,0.0,7.950000000000003
2000-08-16,30.0,21.1,True,25.55,GHCN-Daily,77.99000000000001,0.0,12.990000000000009
2000-08-17,25.0,17.8,True,21.4,GHCN-Daily,70.52,0.0,5.519999999999996
2000-08-18,21.1,17.2,True,19.15,GHCN-Daily,66.47,0.0,1.4699999999999989
2000-08-19,25.0,16.1,True,20.55,GHCN-Daily,68.99000000000001,0.0,3.990000000000009
2000-08-20,23.3,16.1,True,19.700000000000003,GHCN-Daily,67.46000000000001,0.0,2.460000000000008
2000-08-21,24.4,13.9,True,19.15,GHCN-Daily,66.47,0.0,1.4699999999999989
2000-08-22,24.4,16.1,True,20.25,GHCN-Daily,68.45,0.0,3.450000000000003
2000-08-23,23.3,17.8,True,20.55,GHCN-Daily,68.99000000000001,0.0,3.990000000000009
2000-08-24,27.8,18.9,True,23.35,GHCN-Daily,74.03,0.0,9.030000000000001
2000-08-25,27.2,18.9,True,23.049999999999997,GHCN-Daily,73.49,0.0,8.489999999999995
2000-08-26,27.2,17.2,True,22.2,GHCN-Daily,71.96000000000001,0.0,6.960000000000008
2000-08-27,26.1,18.3,True,22.200000000000003,GHCN-Daily,71.96000000000001,0.0,6.960000000000008
2000-08-28,26.7,21.1,True,23.9,GHCN-Daily,75.02,0.0,10.019999999999996
2000-08-29,25.0,20.0,True,22.5,GHCN-Daily,72.5,0.0,7.5
2000-08-30,27.2,19.4,True,23.299999999999997,GHCN-Daily,73.94,0.0,8.939999999999998
2000-08-31,28.3,21.7,True,25.0,GHCN-Daily,77.0,0.0,12.0
2000-09-01,27.8,22.8,True,25.3,GHCN-Daily,77.53999999999999,0.0,12.539999999999992
2000-09-02,27.8,22.8,True,25.3,GHCN-Daily,77.53999999999999,0.0,12.539999999999992
2000-09-03,28.9,22.8,True,25.85,GHCN-Daily,78.53,0.0,13.530000000000001
2000-09-04,29.4,16.1,True,22.75,GHCN-Daily,72.95,0.0,7.950000000000003
2000-09-05,20.6,12.2,True,16.4,GHCN-Daily,61.519999999999996,3.480000000000004,0.0
2000-09-06,20.6,11.7,True,16.15,GHCN-Daily,61.06999999999999,3.930000000000007,0.0
2000-09-07,20.6,11.1,True,15.850000000000001,GHCN-Daily,60.53,4.469999999999999,0.0
2000-09-08,25.0,15.0,True,20.0,GHCN-Daily,68.0,0.0,3.0
2000-09-09,27.2,18.3,True,22.75,GHCN-Daily,72.95,0.0,7.950000000000003
2000-09-10,26.7,19.4,True,23.049999999999997,GHCN-Daily,73.49,0.0,8.489999999999995
2000-09-11,24.4,18.3,True,21.35,GHCN-Daily,70.43,0.0,5.430000000000007
2000-09-12,26.7,20.6,True,23.65,GHCN-Daily,74.57,0.0,9.569999999999993
2000-09-13,27.2,18.9,True,23.049999999999997,GHCN-Daily,73.49,0.0,8.489999999999995
2000-09-14,24.4,16.1,True,20.25,GHCN-Daily,68.45,0.0,3.450000000000003
2000-09-15,23.9,15.6,True,19.75,GHCN-Daily,67.55000000000001,0.0,2.5500000000000114
2000-09-16,20.6,13.3,True,16.950000000000003,GHCN-Daily,62.510000000000005,2.489999999999995,0.0
2000-09-17,21.1,11.7,True,16.4,GHCN-Daily,61.519999999999996,3.480000000000004,0.0
2000-09-18,23.3,13.3,True,18.3,GHCN-Daily,64.94,0.060000000000002274,0.0
2000-09-19,22.2,16.7,True,19.45,GHCN-Daily,67.00999999999999,0.0,2.009999999999991
2000-09-20,27.8,18.3,True,23.05,GHCN-Daily,73.49000000000001,0.0,8.490000000000009
2000-09-21,25.0,17.2,True,21.1,GHCN-Daily,69.98,0.0,4.980000000000004
2000-09-22,20.6,13.9,True,17.25,GHCN-Daily,63.05,1.9500000000000028,0.0
2000-09-23,21.1,15.6,True,18.35,GHCN-Daily,65.03,0.0,0.030000000000001137
2000-09-24,25.6,15.0,True,20.3,GHCN-Daily,68.53999999999999,0.0,3.539999999999992
2000-09-25,17.2,11.7,True,14.45,GHCN-Daily,58.01,6.990000000000002,0.0
2000-09-26,12.8,9.4,True,11.100000000000001,GHCN-Daily,51.980000000000004,13.019999999999996,0.0
2000-09-27,20.0,7.8,True,13.9,GHCN-Daily,57.019999999999996,7.980000000000004,0.0
2000-09-28,20.6,9.4,True,15.0,GHCN-Daily,59.0,6.0,0.0
2000-09-29,15.0,6.7,True,10.85,GHCN-Daily,51.53,13.469999999999999,0.0
2000-09-30,17.8,6.7,True,12.25,GHCN-Daily,54.05,10.950000000000003,0.0
2000-10-01,18.9,8.9,True,13.899999999999999,GHCN-Daily,57.019999999999996,7.980000000000004,0.0
2000-10-02,21.1,11.7,True,16.4,GHCN-Daily,61.519999999999996,3.480000000000004,0.0
2000-10-03,27.8,13.9,True,20.85,GHCN-Daily,69.53,0.0,4.530000000000001
2000-10-04,21.7,11.7,True,16.7,GHCN-Daily,62.06,2.9399999999999977,0.0
2000-10-05,18.3,13.9,True,16.1,GHCN-Daily,60.980000000000004,4.019999999999996,0.0
2000-10-06,23.3,13.9,True,18.6,GHCN-Daily,65.48,0.0,0.480000000000004
2000-10-07,17.2,8.9,True,13.05,GHCN-Daily,55.49,9.509999999999998,0.0
2000-10-08,13.3,5.6,True,9.45,GHCN-Daily,49.01,15.990000000000002,0.0
2000-10-09,11.1,3.9,True,7.5,GHCN-Daily,45.5,19.5,0.0
2000-10-10,11.1,2.8,True,6.949999999999999,GHCN-Daily,44.51,20.490000000000002,0.0
2000-10-11,20.0,9.4,True,14.7,GHCN-Daily,58.46,6.539999999999999,0.0
2000-10-12,19.4,6.7,True,13.049999999999999,GHCN-Daily,55.489999999999995,9.510000000000005,0.0
2000-10-13,22.8,10.6,True,16.7,GHCN-Daily,62.06,2.9399999999999977,0.0
2000-10-14,24.4,11.1,True,17.75,GHCN-Daily,63.95,1.0499999999999972,0.0
2000-10-15,26.1,12.8,True,19.450000000000003,GHCN-Daily,67.01,0.0,2.010000000000005
2000-10-16,17.2,11.7,True,14.45,GHCN-Daily,58.01,6.990000000000002,0.0
2000-10-17,15.6,11.1,True,13.35,GHCN-Daily,56.03,8.969999999999999,0.0
2000-10-18,17.8,12.2,True,15.0,GHCN-Daily,59.0,6.0,0.0
2000-10-19,18.9,10.0,True,14.45,GHCN-Daily,58.01,6.990000000000002,0.0
2000-10-20,17.8,6.1,True,11.95,GHCN-Daily,53.51,11.490000000000002,0.0
2000-10-21,19.4,11.1,True,15.25,GHCN-Daily,59.45,5.549999999999997,0.0
2000-10-22,17.2,7.8,True,12.5,GHCN-Daily,54.5,10.5,0.0
2000-10-23,14.4,6.1,True,10.25,GHCN-Daily,50.45,14.549999999999997,0.0
2000-10-24,17.8,8.3,True,13.05,GHCN-Daily,55.49,9.509999999999998,0.0
2000-10-25,21.1,10.0,True,15.55,GHCN-Daily,59.99,5.009999999999998,0.0
2000-10-26,19.4,10.6,True,15.0,GHCN-Daily,59.0,6.0,0.0
2000-10-27,18.3,11.1,True,14.7,GHCN-Daily,58.46,6.539999999999999,0.0
2000-10-28,16.7,5.6,True,11.149999999999999,GHCN-Daily,52.06999999999999,12.930000000000007,0.0
2000-10-29,8.3,1.1,True,4.7,GHCN-Daily,40.46,24.54,0.0
2000-10-30,10.0,1.7,True,5.85,GHCN-Daily,42.53,22.47,0.0
2000-10-31,13.9,6.1,True,10.0,GHCN-Daily,50.0,15.0,0.0
2000-11-01,15.0,5.6,True,10.3,GHCN-Daily,50.540000000000006,14.459999999999994,0.0
2000-11-02,16.7,6.1,True,11.399999999999999,GHCN-Daily,52.519999999999996,12.480000000000004,0.0
2000-11-03,18.3,8.3,True,13.3,GHCN-Daily,55.94,9.060000000000002,0.0
2000-11-04,18.3,9.4,True,13.850000000000001,GHCN-Daily,56.93000000000001,8.069999999999993,0.0
2000-11-05,12.2,6.7,True,9.45,GHCN-Daily,49.01,15.990000000000002,0.0
2000-11-06,13.9,4.4,True,9.15,GHCN-Daily,48.47,16.53,0.0
2000-11-07,13.9,4.4,True,9.15,GHCN-Daily,48.47,16.53,0.0
2000-11-08,15.6,5.6,True,10.6,GHCN-Daily,51.08,13.920000000000002,0.0
2000-11-09,15.6,7.8,True,11.7,GHCN-Daily,53.06,11.939999999999998,0.0
2000-11-10,16.7,11.7,True,14.2,GHCN-Daily,57.56,7.439999999999998,0.0
2000-11-11,13.9,9.4,True,11.65,GHCN-Daily,52.97,12.030000000000001,0.0
2000-11-12,11.1,6.1,True,8.6,GHCN-Daily,47.480000000000004,17.519999999999996,0.0
2000-11-13,11.1,5.0,True,8.05,GHCN-Daily,46.49,18.509999999999998,0.0
2000-11-14,12.2,5.0,True,8.6,GHCN-Daily,47.480000000000004,17.519999999999996,0.0
2000-11-15,9.4,2.2,True,5.800000000000001,GHCN-Daily,42.44,22.560000000000002,0.0
2000-11-16,9.4,3.3,True,6.35,GHCN-Daily,43.43,21.57,0.0
2000-11-17,12.2,4.4,True,8.3,GHCN-Daily,46.94,18.060000000000002,0.0
2000-11-18,8.3,2.2,True,5.25,GHCN-Daily,41.45,23.549999999999997,0.0
2000-11-19,5.0,0.6,True,2.8,GHCN-Daily,37.04,27.96,0.0
2000-11-20,6.7,-0.6,True,3.0500000000000003,GHCN-Daily,37.49,27.509999999999998,0.0
2000-11-21,5.6,-0.6,True,2.5,GHCN-Daily,36.5,28.5,0.0
2000-11-22,2.8,-2.2,True,0.2999999999999998,GHCN-Daily,32.54,32.46,0.0
2000-11-23,2.8,-3.9,True,-0.55,GHCN-Daily,31.01,33.989999999999995,0.0
2000-11-24,2.8,-6.1,True,-1.65,GHCN-Daily,29.03,35.97,0.0
2000-11-25,5.6,-4.4,True,0.5999999999999996,GHCN-Daily,33.08,31.92,0.0
2000-11-26,13.3,5.6,True,9.45,GHCN-Daily,49.01,15.990000000000002,0.0
2000-11-27,11.1,6.1,True,8.6,GHCN-Daily,47.480000000000004,17.519999999999996,0.0
2000-11-28,10.0,3.9,True,6.95,GHCN-Daily,44.51,20.490000000000002,0.0
2000-11-29,9.4,3.3,True,6.35,GHCN-Daily,43.43,21.57,0.0
2000-11-30,7.2,2.8,True,5.0,GHCN-Daily,41.0,24.0,0.0
2000-12-01,5.0,0.6,True,2.8,GHCN-Daily,37.04,27.96,0.0
2000-12-02,2.2,-3.3,True,-0.5499999999999998,GHCN-Daily,31.01,33.989999999999995,0.0
2000-12-03,1.7,-5.6,True,-1.9499999999999997,GHCN-Daily,28.490000000000002,36.51,0.0
2000-12-04,7.2,-3.9,True,1.6500000000000001,GHCN-Daily,34.97,30.03,0.0
2000-12-05,7.2,-1.1,True,3.05,GHCN-Daily,37.49,27.509999999999998,0.0
2000-12-06,0.0,-3.3,True,-1.65,GHCN-Daily,29.03,35.97,0.0
2000-12-07,2.2,-2.2,True,0.0,GHCN-Daily,32.0,33.0,0.0
2000-12-08,0.0,-3.9,True,-1.95,GHCN-Daily,28.490000000000002,36.51,0.0
2000-12-09,2.2,-4.4,True,-1.1,GHCN-Daily,30.02,34.980000000000004,0.0
2000-12-10,11.1,-5.0,True,3.05,GHCN-Daily,37.49,27.509999999999998,0.0
2000-12-11,8.3,2.8,True,5.550000000000001,GHCN-Daily,41.99,23.009999999999998,0.0
2000-12-12,11.7,-3.3,True,4.199999999999999,GHCN-Daily,39.56,25.439999999999998,0.0
2000-12-13,-0.6,-6.1,True,-3.3499999999999996,GHCN-Daily,25.97,39.03,0.0
2000-12-14,9.4,-1.1,True,4.15,GHCN-Daily,39.47,25.53,0.0
2000-12-15,3.9,0.0,True,1.95,GHCN-Daily,35.51,29.490000000000002,0.0
2000-12-16,11.7,1.7,True,6.699999999999999,GHCN-Daily,44.06,20.939999999999998,0.0
2000-12-17,14.4,0.0,True,7.2,GHCN-Daily,44.96,20.04,0.0
2000-12-18,1.7,-2.8,True,-0.5499999999999999,GHCN-Daily,31.01,33.989999999999995,0.0
2000-12-19,5.0,-2.8,True,1.1,GHCN-Daily,33.98,31.020000000000003,0.0
2000-12-20,2.8,-3.3,True,-0.25,GHCN-Daily,31.55,33.45,0.0
2000-12-21,0.6,-5.0,True,-2.2,GHCN-Daily,28.04,36.96,0.0
2000-12-22,0.6,-8.3,True,-3.8500000000000005,GHCN-Daily,25.07,39.93,0.0
2000-12-23,-1.1,-10.0,True,-5.55,GHCN-Daily,22.009999999999998,42.99,0.0
2000-12-24,0.0,-5.6,True,-2.8,GHCN-Daily,26.96,38.04,0.0
2000-12-25,-2.8,-9.4,True,-6.1,GHCN-Daily,21.02,43.980000000000004,0.0
2000-12-26,-0.6,-9.4,True,-5.0,GHCN-Daily,23.0,42.0,0.0
2000-12-27,0.6,-6.1,True,-2.75,GHCN-Daily,27.05,37.95,0.0
2000-12-28,-2.2,-7.2,True,-4.7,GHCN-Daily,23.54,41.46,0.0
2000-12-29,0.0,-8.3,True,-4.15,GHCN-Daily,24.53,40.47,0.0
2000-12-30,-0.6,-3.9,True,-2.25,GHCN-Daily,27.95,37.05,0.0
2000-12-31,-1.1,-4.4,True,-2.75,GHCN-Daily,27.05,37.95,0.0
2001-01-01,-0.6,-5.6,True,-3.0999999999999996,GHCN-Daily,26.42,38.58,0.0
2001-01-02,-3.3,-9.4,True,-6.35,GHCN-Daily,20.57,44.43,0.0
2001-01-03,-1.1,-7.8,True,-4.45,GHCN-Daily,23.990000000000002,41.01,0.0
2001-01-04,0.6,-5.0,True,-2.2,GHCN-Daily,28.04,36.96,0.0
2001-01-05,0.6,-7.8,True,-3.6,GHCN-Daily,25.52,39.480000000000004,0.0
2001-01-06,3.9,-3.3,True,0.30000000000000004,GHCN-Daily,32.54,32.46,0.0
2001-01-07,5.0,-4.4,True,0.2999999999999998,GHCN-Daily,32.54,32.46,0.0
2001-01-08,5.0,-2.2,True,1.4,GHCN-Daily,34.52,30.479999999999997,0.0
2001-01-09,1.1,-3.9,True,-1.4,GHCN-Daily,29.48,35.519999999999996,0.0
2001-01-10,0.6,-5.6,True,-2.5,GHCN-Daily,27.5,37.5,0.0
2001-01-11,7.2,-3.3,True,1.9500000000000002,GHCN-Daily,35.51,29.490000000000002,0.0
2001-01-12,5.6,-3.3,True,1.15,GHCN-Daily,34.07,30.93,0.0
2001-01-13,2.2,-3.9,True,-0.8499999999999999,GHCN-Daily,30.47,34.53,0.0
2001-01-14,3.9,-3.3,True,0.30000000000000004,GHCN-Daily,32.54,32.46,0.0
2001-01-15,2.8,1.1,True,1.95,GHCN-Daily,35.51,29.490000000000002,0.0
2001-01-16,7.2,1.1,True,4.15,GHCN-Daily,39.47,25.53,0.0
2001-01-17,6.1,1.1,True,3.5999999999999996,GHCN-Daily,38.48,26.520000000000003,0.0
2001-01-18,2.2,-1.1,True,0.55,GHCN-Daily,32.99,32.01,0.0
2001-01-19,5.0,1.7,True,3.35,GHCN-Daily,38.03,26.97,0.0
2001-01-20,2.8,-1.1,True,0.8499999999999999,GHCN-Daily,33.53,31.47,0.0
2001-01-21,0.0,-5.0,True,-2.5,GHCN-Daily,27.5,37.5,0.0
2001-01-22,0.0,-5.6,True,-2.8,GHCN-Daily,26.96,38.04,0.0
2001-01-23,1.7,-7.2,True,-2.75,GHCN-Daily,27.05,37.95,0.0
2001-01-24,5.6,-5.0,True,0.2999999999999998,GHCN-Daily,32.54,32.46,0.0
2001-01-25,3.3,-3.9,True,-0.30000000000000004,GHCN-Daily,31.46,33.54,0.0
2001-01-26,0.6,-6.1,True,-2.75,GHCN-Daily,27.05,37.95,0.0
2001-01-27,4.4,-1.7,True,1.35,GHCN-Daily,34.43,30.57,0.0
2001-01-28,2.8,-1.7,True,0.5499999999999999,GHCN-Daily,32.99,32.01,0.0
2001-01-29,2.2,-3.3,True,-0.5499999999999998,GHCN-Daily,31.01,33.989999999999995,0.0
2001-01-30,10.6,1.1,True,5.85,GHCN-Daily,42.53,22.47,0.0
2001-01-31,10.0,0.0,True,5.0,GHCN-Daily,41.0,24.0,0.0
2001-02-01,10.0,1.7,True,5.85,GHCN-Daily,42.53,22.47,0.0
2001-02-02,7.2,-2.2,True,2.5,GHCN-Daily,36.5,28.5,0.0
2001-02-03,1.1,-3.9,True,-1.4,GHCN-Daily,29.48,35.519999999999996,0.0
2001-02-04,2.8,-6.1,True,-1.65,GHCN-Daily,29.03,35.97,0.0
2001-02-05,4.4,-1.1,True,1.6500000000000001,GHCN-Daily,34.97,30.03,0.0
2001-02-06,7.2,1.7,True,4.45,GHCN-Daily,40.01,24.990000000000002,0.0
2001-02-07,7.2,1.1,True,4.15,GHCN-Daily,39.47,25.53,0.0
2001-02-08,3.9,-0.6,True,1.65,GHCN-Daily,34.97,30.03,0.0
2001-02-09,8.3,3.3,True,5.800000000000001,GHCN-Daily,42.44,22.560000000000002,0.0
2001-02-10,13.3,-2.2,True,5.550000000000001,GHCN-Daily,41.99,23.009999999999998,0.0
2001-02-11,0.0,-6.1,True,-3.05,GHCN-Daily,26.509999999999998,38.49,0.0
2001-02-12,1.7,-8.9,True,-3.6,GHCN-Daily,25.52,39.480000000000004,0.0
2001-02-13,9.4,0.0,True,4.7,GHCN-Daily,40.46,24.54,0.0
2001-02-14,6.7,-1.1,True,2.8,GHCN-Daily,37.04,27.96,0.0
2001-02-15,8.3,2.2,True,5.25,GHCN-Daily,41.45,23.549999999999997,0.0
2001-02-16,5.6,-0.6,True,2.5,GHCN-Daily,36.5,28.5,0.0
2001-02-17,3.9,-6.1,True,-1.0999999999999999,GHCN-Daily,30.02,34.980000000000004,0.0
2001-02-18,0.0,-7.2,True,-3.6,GHCN-Daily,25.52,39.480000000000004,0.0
2001-02-19,4.4,-3.9,True,0.2500000000000002,GHCN-Daily,32.45,32.55,0.0
2001-02-20,10.6,2.8,True,6.699999999999999,GHCN-Daily,44.06,20.939999999999998,0.0
2001-02-21,9.4,-6.7,True,1.35,GHCN-Daily,34.43,30.57,0.0
2001-02-22,-4.4,-8.3,True,-6.3500000000000005,GHCN-Daily,20.57,44.43,0.0
2001-02-23,3.3,-5.6,True,-1.15,GHCN-Daily,29.93,35.07,0.0
2001-02-24,1.1,-3.9,True,-1.4,GHCN-Daily,29.48,35.519999999999996,0.0
2001-02-25,8.9,0.6,True,4.75,GHCN-Daily,40.55,24.450000000000003,0.0
2001-02-26,10.6,1.7,True,6.1499999999999995,GHCN-Daily,43.07,21.93,0.0
2001-02-27,10.0,0.0,True,5.0,GHCN-Daily,41.0,24.0,0.0
2001-02-28,3.3,-2.8,True,0.25,GHCN-Daily,32.45,32.55,0.0
2001-03-01,3.3,-4.4,True,-0.5500000000000003,GHCN-Daily,31.009999999999998,33.99,0.0
2001-03-02,6.1,-0.6,True,2.75,GHCN-Daily,36.95,28.049999999999997,0.0
2001-03-03,8.3,2.8,True,5.550000000000001,GHCN-Daily,41.99,23.009999999999998,0.0
2001-03-04,2.8,-1.7,True,0.5499999999999999,GHCN-Daily,32.99,32.01,0.0
2001-03-05,0.6,-1.1,True,-0.25000000000000006,GHCN-Daily,31.55,33.45,0.0
2001-03-06,1.1,-3.3,True,-1.0999999999999999,GHCN-Daily,30.02,34.980000000000004,0.0
2001-03-07,5.6,-1.7,True,1.9499999999999997,GHCN-Daily,35.51,29.490000000000002,0.0
2001-03-08,4.4,-3.9,True,0.2500000000000002,GHCN-Daily,32.45,32.55,0.0
2001-03-09,6.7,0.0,True,3.35,GHCN-Daily,38.03,26.97,0.0
2001-03-10,8.3,0.6,True,4.45,GHCN-Daily,40.01,24.990000000000002,0.0
2001-03-11,12.2,-1.7,True,5.25,GHCN-Daily,41.45,23.549999999999997,0.0
2001-03-12,7.8,-1.1,True,3.3499999999999996,GHCN-Daily,38.03,26.97,0.0
2001-03-13,8.3,3.3,True,5.800000000000001,GHCN-Daily,42.44,22.560000000000002,0.0
2001-03-14,10.0,3.3,True,6.65,GHCN-Daily,43.97,21.03,0.0
2001-03-15,10.6,1.1,True,5.85,GHCN-Daily,42.53,22.47,0.0
2001-03-16,12.2,2.8,True,7.5,GHCN-Daily,45.5,19.5,0.0
2001-03-17,7.8,2.8,True,5.3,GHCN-Daily,41.54,23.46,0.0
2001-03-18,8.3,1.7,True,5.0,GHCN-Daily,41.0,24.0,0.0
2001-03-19,11.7,1.1,True,6.3999999999999995,GHCN-Daily,43.519999999999996,21.480000000000004,0.0
2001-03-20,10.6,1.7,True,6.1499999999999995,GHCN-Daily,43.07,21.93,0.0
2001-03-21,7.2,5.0,True,6.1,GHCN-Daily,42.980000000000004,22.019999999999996,0.0
2001-03-22,6.7,3.3,True,5.0,GHCN-Daily,41.0,24.0,0.0
2001-03-23,14.4,3.9,True,9.15,GHCN-Daily,48.47,16.53,0.0
2001-03-24,10.6,1.1,True,5.85,GHCN-Daily,42.53,22.47,0.0
2001-03-25,6.7,-1.1,True,2.8,GHCN-Daily,37.04,27.96,0.0
2001-03-26,5.0,-2.8,True,1.1,GHCN-Daily,33.98,31.020000000000003,0.0
2001-03-27,5.6,-4.4,True,0.5999999999999996,GHCN-Daily,33.08,31.92,0.0
2001-03-28,7.8,-1.1,True,3.3499999999999996,GHCN-Daily,38.03,26.97,0.0
2001-03-29,6.7,0.0,True,3.35,GHCN-Daily,38.03,26.97,0.0
2001-03-30,6.7,3.9,True,5.3,GHCN-Daily,41.54,23.46,0.0
2001-03-31,7.8,3.3,True,5.55,GHCN-Daily,41.99,23.009999999999998,0.0
2001-04-01,6.1,3.3,True,4.699999999999999,GHCN-Daily,40.46,24.54,0.0
2001-04-02,9.4,2.2,True,5.800000000000001,GHCN-Daily,42.44,22.560000000000002,0.0
2001-04-03,11.1,2.2,True,6.65,GHCN-Daily,43.97,21.03,0.0
2001-04-04,12.2,2.8,True,7.5,GHCN-Daily,45.5,19.5,0.0
2001-04-05,14.4,2.8,True,8.6,GHCN-Daily,47.480000000000004,17.519999999999996,0.0
2001-04-06,10.6,5.6,True,8.1,GHCN-Daily,46.58,18.42,0.0
2001-04-07,10.6,5.6,True,8.1,GHCN-Daily,46.58,18.42,0.0
2001-04-08,8.3,5.0,True,6.65,GHCN-Daily,43.97,21.03,0.0
2001-04-09,17.2,6.7,True,11.95,GHCN-Daily,53.51,11.490000000000002,0.0
2001-04-10,16.1,7.8,True,11.950000000000001,GHCN-Daily,53.510000000000005,11.489999999999995,0.0
2001-04-11,11.1,7.2,True,9.15,GHCN-Daily,48.47,16.53,0.0
2001-04-12,14.4,8.9,True,11.65,GHCN-Daily,52.97,12.030000000000001,0.0
2001-04-13,23.3,8.3,True,15.8,GHCN-Daily,60.44,4.560000000000002,0.0
2001-04-14,19.4,7.8,True,13.6,GHCN-Daily,56.480000000000004,8.519999999999996,0.0
2001-04-15,16.1,6.7,True,11.4,GHCN-Daily,52.519999999999996,12.480000000000004,0.0
2001-04-16,12.8,8.3,True,10.55,GHCN-Daily,50.99,14.009999999999998,0.0
2001-04-17,10.0,6.7,True,8.35,GHCN-Daily,47.03,17.97,0.0
2001-04-18,12.8,2.8,True,7.800000000000001,GHCN-Daily,46.04,18.96,0.0
2001-04-19,11.1,1.1,True,6.1,GHCN-Daily,42.980000000000004,22.019999999999996,0.0
2001-04-20,12.2,3.9,True,8.049999999999999,GHCN-Daily,46.489999999999995,18.510000000000005,0.0
2001-04-21,16.1,10.0,True,13.05,GHCN-Daily,55.49,9.509999999999998,0.0
2001-04-22,27.8,10.0,True,18.9,GHCN-Daily,66.02,0.0,1.019999999999996
2001-04-23,24.4,12.2,True,18.299999999999997,GHCN-Daily,64.94,0.060000000000002274,0.0
2001-04-24,25.6,11.7,True,18.65,GHCN-Daily,65.57,0.0,0.5699999999999932
2001-04-25,12.8,7.2,True,10.0,GHCN-Daily,50.0,15.0,0.0
2001-04-26,16.7,6.1,True,11.399999999999999,GHCN-Daily,52.519999999999996,12.480000000000004,0.0
2001-04-27,17.2,6.1,True,11.649999999999999,GHCN-Daily,52.97,12.030000000000001,0.0
2001-04-28,17.8,10.0,True,13.9,GHCN-Daily,57.019999999999996,7.980000000000004,0.0
2001-04-29,15.0,6.7,True,10.85,GHCN-Daily,51.53,13.469999999999999,0.0
2001-04-30,21.1,7.2,True,14.15,GHCN-Daily,57.47,7.530000000000001,0.0
2001-05-01,27.2,11.7,True,19.45,GHCN-Daily,67.00999999999999,0.0,2.009999999999991
2001-05-02,26.1,13.3,True,19.700000000000003,GHCN-Daily,67.46000000000001,0.0,2.460000000000008
2001-05-03,29.4,15.0,True,22.2,GHCN-Daily,71.96000000000001,0.0,6.960000000000008
2001-05-04,30.6,16.7,True,23.65,GHCN-Daily,74.57,0.0,9.569999999999993
2001-05-05,23.9,11.1,True,17.5,GHCN-Daily,63.5,1.5,0.0
2001-05-06,16.7,7.2,True,11.95,GHCN-Daily,53.51,11.490000000000002,0.0
2001-05-07,13.9,5.0,True,9.45,GHCN-Daily,49.01,15.990000000000002,0.0
2001-05-08,16.7,6.1,True,11.399999999999999,GHCN-Daily,52.519999999999996,12.480000000000004,0.0
2001-05-09,18.9,9.4,True,14.149999999999999,GHCN-Daily,57.47,7.530000000000001,0.0
2001-05-10,28.3,12.2,True,20.25,GHCN-Daily,68.45,0.0,3.450000000000003
2001-05-11,27.2,14.4,True,20.8,GHCN-Daily,69.44,0.0,4.439999999999998
2001-05-12,28.3,15.0,True,21.65,GHCN-Daily,70.97,0.0,5.969999999999999
2001-05-13,20.6,11.7,True,16.15,GHCN-Daily,61.06999999999999,3.930000000000007,0.0
2001-05-14,22.2,10.6,True,16.4,GHCN-Daily,61.519999999999996,3.480000000000004,0.0
2001-05-15,22.8,10.6,True,16.7,GHCN-Daily,62.06,2.9399999999999977,0.0
2001-05-16,16.1,10.6,True,13.350000000000001,GHCN-Daily,56.03,8.969999999999999,0.0
2001-05-17,16.1,11.1,True,13.600000000000001,GHCN-Daily,56.480000000000004,8.519999999999996,0.0
2001-05-18,14.4,12.2,True,13.3,GHCN-Daily,55.94,9.060000000000002,0.0
2001-05-19,23.3,13.3,True,18.3,GHCN-Daily,64.94,0.060000000000002274,0.0
2001-05-20,15.0,11.1,True,13.05,GHCN-Daily,55.49,9.509999999999998,0.0
2001-05-21,15.6,10.6,True,13.1,GHCN-Daily,55.58,9.420000000000002,0.0
2001-05-22,17.2,13.3,True,15.25,GHCN-Daily,59.45,5.549999999999997,0.0
2001-05-23,16.1,13.3,True,14.700000000000001,GHCN-Daily,58.46,6.539999999999999,0.0
2001-05-24,18.3,13.3,True,15.8,GHCN-Daily,60.44,4.560000000000002,0.0
2001-05-25,14.4,12.2,True,13.3,GHCN-Daily,55.94,9.060000000000002,0.0
2001-05-26,18.3,12.8,True,15.55,GHCN-Daily,59.99,5.009999999999998,0.0
2001-05-27,18.9,13.9,True,16.4,GHCN-Daily,61.519999999999996,3.480000000000004,0.0
2001-05-28,22.8,13.3,True,18.05,GHCN-Daily,64.49000000000001,0.5099999999999909,0.0
2001-05-29,21.7,13.3,True,17.5,GHCN-Daily,63.5,1.5,0.0
2001-05-30,18.9,12.2,True,15.549999999999999,GHCN-Daily,59.989999999999995,5.010000000000005,0.0
2001-05-31,21.1,10.6,True,15.850000000000001,GHCN-Daily,60.53,4.469999999999999,0.0
2001-06-01,18.3,9.4,True,13.850000000000001,GHCN-Daily,56.93000000000001,8.069999999999993,0.0
2001-06-02,21.1,15.6,True,18.35,GHCN-Daily,65.03,0.0,0.030000000000001137
2001-06-03,23.9,15.0,True,19.45,GHCN-Daily,67.00999999999999,0.0,2.009999999999991
2001-06-04,23.9,13.9,True,18.9,GHCN-Daily,66.02,0.0,1.019999999999996
2001-06-05,25.0,13.9,True,19.45,GHCN-Daily,67.00999999999999,0.0,2.009999999999991
2001-06-06,26.1,18.9,True,22.5,GHCN-Daily,72.5,0.0,7.5
2001-06-07,24.4,15.6,True,20.0,GHCN-Daily,68.0,0.0,3.0
2001-06-08,27.2,16.1,True,21.65,GHCN-Daily,70.97,0.0,5.969999999999999
2001-06-09,27.2,16.1,True,21.65,GHCN-Daily,70.97,0.0,5.969999999999999
2001-06-10,28.3,17.2,True,22.75,GHCN-Daily,72.95,0.0,7.950000000000003
2001-06-11,25.0,16.7,True,20.85,GHCN-Daily,69.53,0.0,4.530000000000001
2001-06-12,25.0,17.8,True,21.4,GHCN-Daily,70.52,0.0,5.519999999999996
2001-06-13,26.7,19.4,True,23.049999999999997,GHCN-Daily,73.49,0.0,8.489999999999995
2001-06-14,25.6,18.9,True,22.25,GHCN-Daily,72.05000000000001,0.0,7.050000000000011
2001-06-15,26.7,20.0,True,23.35,GHCN-Daily,74.03,0.0,9.030000000000001
2001-06-16,27.8,20.6,True,24.200000000000003,GHCN-Daily,75.56,0.0,10.560000000000002
2001-06-17,25.0,18.9,True,21.95,GHCN-Daily,71.50999999999999,0.0,6.509999999999991
2001-06-18,28.3,18.9,True,23.6,GHCN-Daily,74.48,0.0,9.480000000000004
2001-06-19,26.7,18.3,True,22.5,GHCN-Daily,72.5,0.0,7.5
2001-06-20,27.8,18.9,True,23.35,GHCN-Daily,74.03,0.0,9.030000000000001
2001-06-21,24.4,19.4,True,21.9,GHCN-Daily,71.42,0.0,6.420000000000002
2001-06-22,26.1,18.9,True,22.5,GHCN-Daily,72.5,0.0,7.5
2001-06-23,26.1,20.6,True,23.35,GHCN-Daily,74.03,0.0,9.030000000000001
2001-06-24,26.1,19.4,True,22.75,GHCN-Daily,72.95,0.0,7.950000000000003
2001-06-25,28.9,18.3,True,23.6,GHCN-Daily,74.48,0.0,9.480000000000004
2001-06-26,31.1,20.0,True,25.55,GHCN-Daily,77.99000000000001,0.0,12.990000000000009
2001-06-27,33.9,21.1,True,27.5,GHCN-Daily,81.5,0.0,16.5
2001-06-28,33.9,25.0,True,29.45,GHCN-Daily,85.00999999999999,0.0,20.00999999999999
2001-06-29,26.7,22.8,True,24.75,GHCN-Daily,76.55000000000001,0.0,11.550000000000011
2001-06-30,32.8,22.8,True,27.799999999999997,GHCN-Daily,82.03999999999999,0.0,17.039999999999992
2001-07-01,31.7,18.3,True,25.0,GHCN-Daily,77.0,0.0,12.0
2001-07-02,23.9,13.3,True,18.6,GHCN-Daily,65.48,0.0,0.480000000000004
2001-07-03,23.9,13.3,True,18.6,GHCN-Daily,65.48,0.0,0.480000000000004
2001-07-04,23.9,18.9,True,21.4,GHCN-Daily,70.52,0.0,5.519999999999996
2001-07-05,26.7,19.4,True,23.049999999999997,GHCN-Daily,73.49,0.0,8.489999999999995
2001-07-06,23.9,17.2,True,20.549999999999997,GHCN-Daily,68.99,0.0,3.989999999999995
2001-07-07,24.4,16.1,True,20.25,GHCN-Daily,68.45,0.0,3.450000000000003
2001-07-08,23.9,17.8,True,20.85,GHCN-Daily,69.53,0.0,4.530000000000001
2001-07-09,26.7,20.0,True,23.35,GHCN-Daily,74.03,0.0,9.030000000000001
2001-07-10,30.6,21.1,True,25.85,GHCN-Daily,78.53,0.0,13.530000000000001
2001-07-11,28.9,19.4,True,24.15,GHCN-Daily,75.47,0.0,10.469999999999999
2001-07-12,26.1,18.9,True,22.5,GHCN-Daily,72.5,0.0,7.5
2001-07-13,26.1,17.2,True,21.65,GHCN-Daily,70.97,0.0,5.969999999999999
2001-07-14,27.2,17.8,True,22.5,GHCN-Daily,72.5,0.0,7.5
2001-07-15,28.3,17.2,True,22.75,GHCN-Daily,72.95,0.0,7.950000000000003
2001-07-16,27.2,17.8,True,22.5,GHCN-Daily,72.5,0.0,7.5
2001-07-17,29.4,20.0,True,24.7,GHCN-Daily,76.46000000000001,0.0,11.460000000000008
2001-07-18,26.1,19.4,True,22.75,GHCN-Daily,72.95,0.0,7.950000000000003
2001-07-19,25.6,18.3,True,21.950000000000003,GHCN-Daily,71.51,0.0,6.510000000000005
2001-07-20,26.7,16.7,True,21.7,GHCN-Daily,71.06,0.0,6.060000000000002
2001-07-21,28.3,16.7,True,22.5,GHCN-Daily,72.5,0.0,7.5
2001-07-22,26.1,17.8,True,21.950000000000003,GHCN-Daily,71.51,0.0,6.510000000000005
2001-07-23,27.8,19.4,True,23.6,GHCN-Daily,74.48,0.0,9.480000000000004
2001-07-24,29.4,21.7,True,25.549999999999997,GHCN-Daily,77.99,0.0,12.989999999999995
2001-07-25,32.8,25.0,True,28.9,GHCN-Daily,84.02,0.0,19.019999999999996
2001-07-26,27.2,17.2,True,22.2,GHCN-Daily,71.96000000000001,0.0,6.960000000000008
2001-07-27,25.6,15.0,True,20.3,GHCN-Daily,68.53999999999999,0.0,3.539999999999992
2001-07-28,25.0,16.1,True,20.55,GHCN-Daily,68.99000000000001,0.0,3.990000000000009
2001-07-29,24.4,18.3,True,21.35,GHCN-Daily,70.43,0.0,5.430000000000007
2001-07-30,25.6,16.7,True,21.15,GHCN-Daily,70.07,0.0,5.069999999999993
2001-07-31,27.2,15.0,True,21.1,GHCN-Daily,69.98,0.0,4.980000000000004
2001-08-01,31.1,19.4,True,25.25,GHCN-Daily,77.45,0.0,12.450000000000003
2001-08-02,31.1,21.7,True,26.4,GHCN-Daily,79.52,0.0,14.519999999999996
2001-08-03,28.3,21.7,True,25.0,GHCN-Daily,77.0,0.0,12.0
2001-08-04,26.1,21.1,True,23.6,GHCN-Daily,74.48,0.0,9.480000000000004
2001-08-05,28.3,20.0,True,24.15,GHCN-Daily,75.47,0.0,10.469999999999999
2001-08-06,30.6,21.7,True,26.15,GHCN-Daily,79.07,0.0,14.069999999999993
2001-08-07,35.6,23.9,True,29.75,GHCN-Daily,85.55000000000001,0.0,20.55000000000001
2001-08-08,37.2,26.7,True,31.950000000000003,GHCN-Daily,89.51,0.0,24.510000000000005
2001-08-09,36.7,24.4,True,30.55,GHCN-Daily,86.99000000000001,0.0,21.99000000000001
2001-08-10,32.2,23.3,True,27.75,GHCN-Daily,81.95,0.0,16.950000000000003
2001-08-11,25.0,22.2,True,23.6,GHCN-Daily,74.48,0.0,9.480000000000004
2001-08-12,25.6,21.7,True,23.65,GHCN-Daily,74.57,0.0,9.569999999999993
2001-08-13,27.2,21.7,True,24.45,GHCN-Daily,76.00999999999999,0.0,11.009999999999991
2001-08-14,30.0,19.4,True,24.7,GHCN-Daily,76.46000000000001,0.0,11.460000000000008
2001-08-15,27.8,18.9,True,23.35,GHCN-Daily,74.03,0.0,9.030000000000001
2001-08-16,26.7,17.8,True,22.25,GHCN-Daily,72.05000000000001,0.0,7.050000000000011
2001-08-17,30.0,22.8,True,26.4,GHCN-Daily,79.52,0.0,14.519999999999996
2001-08-18,29.4,21.7,True,25.549999999999997,GHCN-Daily,77.99,0.0,12.989999999999995
2001-08-19,28.3,22.8,True,25.55,GHCN-Daily,77.99000000000001,0.0,12.990000000000009
2001-08-20,28.9,21.7,True,25.299999999999997,GHCN-Daily,77.53999999999999,0.0,12.539999999999992
2001-08-21,27.8,22.2,True,25.0,GHCN-Daily,77.0,0.0,12.0
2001-08-22,31.7,20.6,True,26.15,GHCN-Daily,79.07,0.0,14.069999999999993
2001-08-23,27.8,20.6,True,24.200000000000003,GHCN-Daily,75.56,0.0,10.560000000000002
2001-08-24,28.9,19.4,True,24.15,GHCN-Daily,75.47,0.0,10.469999999999999
2001-08-25,26.7,17.8,True,22.25,GHCN-Daily,72.05000000000001,0.0,7.050000000000011
2001-08-26,25.6,15.0,True,20.3,GHCN-Daily,68.53999999999999,0.0,3.539999999999992
2001-08-27,28.3,21.7,True,25.0,GHCN-Daily,77.0,0.0,12.0
2001-08-28,28.3,21.7,True,25.0,GHCN-Daily,77.0,0.0,12.0
2001-08-29,27.2,19.4,True,23.299999999999997,GHCN-Daily,73.94,0.0,8.939999999999998
2001-08-30,26.7,17.8,True,22.25,GHCN-Daily,72.05000000000001,0.0,7.050000000000011
2001-08-31,27.8,22.8,True,25.3,GHCN-Daily,77.53999999999999,0.0,12.539999999999992
2001-09-01,28.3,17.8,True,23.05,GHCN-Daily,73.49000000000001,0.0,8.490000000000009
2001-09-02,23.3,14.4,True,18.85,GHCN-Daily,65.93,0.0,0.9300000000000068
2001-09-03,25.0,13.9,True,19.45,GHCN-Daily,67.00999999999999,0.0,2.009999999999991
2001-09-04,26.1,18.9,True,22.5,GHCN-Daily,72.5,0.0,7.5
2001-09-05,26.1,16.1,True,21.1,GHCN-Daily,69.98,0.0,4.980000000000004
2001-09-06,24.4,14.4,True,19.4,GHCN-Daily,66.92,0.0,1.9200000000000017
2001-09-07,27.8,17.2,True,22.5,GHCN-Daily,72.5,0.0,7.5
2001-09-08,27.2,18.9,True,23.049999999999997,GHCN-Daily,73.49,0.0,8.489999999999995
2001-09-09,27.8,20.0,True,23.9,GHCN-Daily,75.02,0.0,10.019999999999996
2001-09-10,28.3,21.1,True,24.700000000000003,GHCN-Daily,76.46000000000001,0.0,11.460000000000008
2001-09-11,27.8,17.2,True,22.5,GHCN-Daily,72.5,0.0,7.5
2001-09-12,23.9,15.6,True,19.75,GHCN-Daily,67.55000000000001,0.0,2.5500000000000114
2001-09-13,27.8,16.7,True,22.25,GHCN-Daily,72.05000000000001,0.0,7.050000000000011
2001-09-14,21.7,11.1,True,16.4,GHCN-Daily,61.519999999999996,3.480000000000004,0.0
2001-09-15,20.6,10.6,True,15.600000000000001,GHCN-Daily,60.08,4.920000000000002,0.0
2001-09-16,22.8,10.0,True,16.4,GHCN-Daily,61.519999999999996,3.480000000000004,0.0
2001-09-17,24.4,12.2,True,18.299999999999997,GHCN-Daily,64.94,0.060000000000002274,0.0
2001-09-18,26.1,14.4,True,20.25,GHCN-Daily,68.45,0.0,3.450000000000003
2001-09-19,24.4,15.0,True,19.7,GHCN-Daily,67.46000000000001,0.0,2.460000000000008
2001-09-20,23.3,18.9,True,21.1,GHCN-Daily,69.98,0.0,4.980000000000004
2001-09-21,24.4,19.4,True,21.9,GHCN-Daily,71.42,0.0,6.420000000000002
2001-09-22,23.9,18.3,True,21.1,GHCN-Daily,69.98,0.0,4.980000000000004
2001-09-23,25.6,17.2,True,21.4,GHCN-Daily,70.52,0.0,5.519999999999996
2001-09-24,24.4,20.0,True,22.2,GHCN-Daily,71.96000000000001,0.0,6.960000000000008
2001-09-25,22.8,14.4,True,18.6,GHCN-Daily,65.48,0.0,0.480000000000004
2001-09-26,18.3,10.6,True,14.45,GHCN-Daily,58.01,6.990000000000002,0.0
2001-09-27,19.4,12.2,True,15.799999999999999,GHCN-Daily,60.44,4.560000000000002,0.0
2001-09-28,19.4,10.6,True,15.0,GHCN-Daily,59.0,6.0,0.0
2001-09-29,18.3,11.7,True,15.0,GHCN-Daily,59.0,6.0,0.0
2001-09-30,12.2,10.0,True,11.1,GHCN-Daily,51.980000000000004,13.019999999999996,0.0
2001-10-01,14.4,8.9,True,11.65,GHCN-Daily,52.97,12.030000000000001,0.0
2001-10-02,23.9,9.4,True,16.65,GHCN-Daily,61.97,3.030000000000001,0.0
2001-10-03,23.9,13.9,True,18.9,GHCN-Daily,66.02,0.0,1.019999999999996
2001-10-04,25.6,15.0,True,20.3,GHCN-Daily,68.53999999999999,0.0,3.539999999999992
2001-10-05,23.3,14.4,True,18.85,GHCN-Daily,65.93,0.0,0.9300000000000068
2001-10-06,20.6,11.7,True,16.15,GHCN-Daily,61.06999999999999,3.930000000000007,0.0
2001-10-07,14.4,6.7,True,10.55,GHCN-Daily,50.99,14.009999999999998,0.0
2001-10-08,12.8,4.4,True,8.600000000000001,GHCN-Daily,47.480000000000004,17.519999999999996,0.0
2001-10-09,14.4,1.7,True,8.05,GHCN-Daily,46.49,18.509999999999998,0.0
2001-10-10,19.4,8.3,True,13.85,GHCN-Daily,56.93,8.07,0.0
2001-10-11,21.1,12.2,True,16.65,GHCN-Daily,61.97,3.030000000000001,0.0
2001-10-12,21.7,12.2,True,16.95,GHCN-Daily,62.51,2.490000000000002,0.0
2001-10-13,22.8,13.9,True,18.35,GHCN-Daily,65.03,0.0,0.030000000000001137
2001-10-14,19.4,13.9,True,16.65,GHCN-Daily,61.97,3.030000000000001,0.0
2001-10-15,21.7,12.8,True,17.25,GHCN-Daily,63.05,1.9500000000000028,0.0
2001-10-16,20.0,8.3,True,14.15,GHCN-Daily,57.47,7.530000000000001,0.0
2001-10-17,15.0,8.3,True,11.65,GHCN-Daily,52.97,12.030000000000001,0.0
2001-10-18,13.9,4.4,True,9.15,GHCN-Daily,48.47,16.53,0.0
2001-10-19,16.1,2.8,True,9.450000000000001,GHCN-Daily,49.010000000000005,15.989999999999995,0.0
2001-10-20,20.6,10.0,True,15.3,GHCN-Daily,59.540000000000006,5.459999999999994,0.0
2001-10-21,20.0,8.9,True,14.45,GHCN-Daily,58.01,6.990000000000002,0.0
2001-10-22,22.8,12.2,True,17.5,GHCN-Daily,63.5,1.5,0.0
2001-10-23,18.9,12.2,True,15.549999999999999,GHCN-Daily,59.989999999999995,5.010000000000005,0.0
2001-10-24,22.8,15.0,True,18.9,GHCN-Daily,66.02,0.0,1.019999999999996
2001-10-25,25.0,14.4,True,19.7,GHCN-Daily,67.46000000000001,0.0,2.460000000000008
2001-10-26,15.0,6.7,True,10.85,GHCN-Daily,51.53,13.469999999999999,0.0
2001-10-27,12.8,5.6,True,9.2,GHCN-Daily,48.56,16.439999999999998,0.0
2001-10-28,11.1,3.3,True,7.199999999999999,GHCN-Daily,44.96,20.04,0.0
2001-10-29,14.4,1.1,True,7.75,GHCN-Daily,45.95,19.049999999999997,0.0
2001-10-30,16.7,6.7,True,11.7,GHCN-Daily,53.06,11.939999999999998,0.0
2001-10-31,13.9,3.3,True,8.6,GHCN-Daily,47.480000000000004,17.519999999999996,0.0
2001-11-01,17.8,7.8,True,12.8,GHCN-Daily,55.040000000000006,9.959999999999994,0.0
2001-11-02,19.4,12.8,True,16.1,GHCN-Daily,60.980000000000004,4.019999999999996,0.0
2001-11-03,18.3,10.6,True,14.45,GHCN-Daily,58.01,6.990000000000002,0.0
2001-11-04,15.6,8.3,True,11.95,GHCN-Daily,53.51,11.490000000000002,0.0
2001-11-05,10.6,6.7,True,8.65,GHCN-Daily,47.57,17.43,0.0
2001-11-06,13.3,5.6,True,9.45,GHCN-Daily,49.01,15.990000000000002,0.0
2001-11-07,18.9,7.8,True,13.35,GHCN-Daily,56.03,8.969999999999999,0.0
2001-11-08,13.3,2.8,True,8.05,GHCN-Daily,46.49,18.509999999999998,0.0
2001-11-09,13.3,3.9,True,8.6,GHCN-Daily,47.480000000000004,17.519999999999996,0.0
2001-11-10,15.6,4.4,True,10.0,GHCN-Daily,50.0,15.0,0.0
2001-11-11,11.7,2.2,True,6.949999999999999,GHCN-Daily,44.51,20.490000000000002,0.0
2001-11-12,10.0,1.1,True,5.55,GHCN-Daily,41.99,23.009999999999998,0.0
2001-11-13,11.1,-0.6,True,5.25,GHCN-Daily,41.45,23.549999999999997,0.0
2001-11-14,15.0,3.9,True,9.45,GHCN-Daily,49.01,15.990000000000002,0.0
2001-11-15,19.4,7.2,True,13.299999999999999,GHCN-Daily,55.94,9.060000000000002,0.0
2001-11-16,22.2,10.0,True,16.1,GHCN-Daily,60.980000000000004,4.019999999999996,0.0
2001-11-17,12.2,2.8,True,7.5,GHCN-Daily,45.5,19.5,0.0
2001-11-18,13.9,2.2,True,8.05,GHCN-Daily,46.49,18.509999999999998,0.0
2001-11-19,15.0,5.6,True,10.3,GHCN-Daily,50.540000000000006,14.459999999999994,0.0
2001-11-20,14.4,2.8,True,8.6,GHCN-Daily,47.480000000000004,17.519999999999996,0.0
2001-11-21,7.2,0.0,True,3.6,GHCN-Daily,38.480000000000004,26.519999999999996,0.0
2001-11-22,11.7,2.8,True,7.25,GHCN-Daily,45.05,19.950000000000003,0.0
2001-11-23,14.4,1.7,True,8.05,GHCN-Daily,46.49,18.509999999999998,0.0
2001-11-24,17.2,8.9,True,13.05,GHCN-Daily,55.49,9.509999999999998,0.0
2001-11-25,18.3,13.9,True,16.1,GHCN-Daily,60.980000000000004,4.019999999999996,0.0
2001-11-26,17.8,10.0,True,13.9,GHCN-Daily,57.019999999999996,7.980000000000004,0.0
2001-11-27,12.8,6.7,True,9.75,GHCN-Daily,49.55,15.450000000000003,0.0
2001-11-28,18.9,9.4,True,14.149999999999999,GHCN-Daily,57.47,7.530000000000001,0.0
2001-11-29,13.9,9.4,True,11.65,GHCN-Daily,52.97,12.030000000000001,0.0
2001-11-30,17.2,12.8,True,15.0,GHCN-Daily,59.0,6.0,0.0
2001-12-01,20.0,11.7,True,15.85,GHCN-Daily,60.53,4.469999999999999,0.0
2001-12-02,12.2,7.2,True,9.7,GHCN-Daily,49.46,15.54,0.0
2001-12-03,11.7,2.2,True,6.949999999999999,GHCN-Daily,44.51,20.490000000000002,0.0
2001-12-04,16.7,5.0,True,10.85,GHCN-Daily,51.53,13.469999999999999,0.0
2001-12-05,18.3,10.0,True,14.15,GHCN-Daily,57.47,7.530000000000001,0.0
2001-12-06,21.1,10.0,True,15.55,GHCN-Daily,59.99,5.009999999999998,0.0
2001-12-07,16.1,8.9,True,12.5,GHCN-Daily,54.5,10.5,0.0
2001-12-08,9.4,2.8,True,6.1,GHCN-Daily,42.980000000000004,22.019999999999996,0.0
2001-12-09,6.1,1.7,True,3.9,GHCN-Daily,39.019999999999996,25.980000000000004,0.0
2001-12-10,8.9,-1.1,True,3.9000000000000004,GHCN-Daily,39.02,25.979999999999997,0.0
2001-12-11,11.7,5.0,True,8.35,GHCN-Daily,47.03,17.97,0.0
2001-12-12,8.3,2.8,True,5.550000000000001,GHCN-Daily,41.99,23.009999999999998,0.0
2001-12-13,12.2,7.8,True,10.0,GHCN-Daily,50.0,15.0,0.0
2001-12-14,15.6,8.9,True,12.25,GHCN-Daily,54.05,10.950000000000003,0.0
2001-12-15,16.1,1.1,True,8.600000000000001,GHCN-Daily,47.480000000000004,17.519999999999996,0.0
2001-12-16,5.6,-1.1,True,2.25,GHCN-Daily,36.05,28.950000000000003,0.0
2001-12-17,11.1,3.3,True,7.199999999999999,GHCN-Daily,44.96,20.04,0.0
2001-12-18,12.2,6.1,True,9.149999999999999,GHCN-Daily,48.47,16.53,0.0
2001-12-19,10.0,6.1,True,8.05,GHCN-Daily,46.49,18.509999999999998,0.0
2001-12-20,8.9,3.3,True,6.1,GHCN-Daily,42.980000000000004,22.019999999999996,0.0
2001-12-21,6.1,1.1,True,3.5999999999999996,GHCN-Daily,38.48,26.520000000000003,0.0
2001-12-22,6.1,-1.1,True,2.5,GHCN-Daily,36.5,28.5,0.0
2001-12-23,11.1,-2.8,True,4.15,GHCN-Daily,39.47,25.53,0.0
2001-12-24,11.7,1.7,True,6.699999999999999,GHCN-Daily,44.06,20.939999999999998,0.0
2001-12-25,3.3,-1.1,True,1.0999999999999999,GHCN-Daily,33.98,31.020000000000003,0.0
2001-12-26,4.4,-1.1,True,1.6500000000000001,GHCN-Daily,34.97,30.03,0.0
2001-12-27,1.7,-2.8,True,-0.5499999999999999,GHCN-Daily,31.01,33.989999999999995,0.0
2001-12-28,5.6,-2.2,True,1.6999999999999997,GHCN-Daily,35.06,29.939999999999998,0.0
2001-12-29,4.4,-1.7,True,1.35,GHCN-Daily,34.43,30.57,0.0
2001-12-30,0.6,-4.4,True,-1.9000000000000001,GHCN-Daily,28.58,36.42,0.0
2001-12-31,-0.6,-6.1,True,-3.3499999999999996,GHCN-Daily,25.97,39.03,0.0
2002-01-01,2.2,-5.6,True,-1.6999999999999997,GHCN-Daily,28.94,36.06,0.0
2002-01-02,3.3,-4.4,True,-0.5500000000000003,GHCN-Daily,31.009999999999998,33.99,0.0
2002-01-03,2.2,-2.8,True,-0.2999999999999998,GHCN-Daily,31.46,33.54,0.0
2002-01-04,5.0,-3.9,True,0.55,GHCN-Daily,32.99,32.01,0.0
2002-01-05,6.1,0.0,True,3.05,GHCN-Daily,37.49,27.509999999999998,0.0
2002-01-06,5.6,-2.2,True,1.6999999999999997,GHCN-Daily,35.06,29.939999999999998,0.0
2002-01-07,2.8,-3.3,True,-0.25,GHCN-Daily,31.55,33.45,0.0
2002-01-08,1.7,-5.6,True,-1.9499999999999997,GHCN-Daily,28.490000000000002,36.51,0.0
2002-01-09,4.4,-0.6,True,1.9000000000000001,GHCN-Daily,35.42,29.58,0.0
2002-01-10,11.7,1.7,True,6.699999999999999,GHCN-Daily,44.06,20.939999999999998,0.0
2002-01-11,7.2,5.0,True,6.1,GHCN-Daily,42.980000000000004,22.019999999999996,0.0
2002-01-12,7.8,1.1,True,4.45,GHCN-Daily,40.01,24.990000000000002,0.0
2002-01-13,7.8,3.3,True,5.55,GHCN-Daily,41.99,23.009999999999998,0.0
2002-01-14,8.3,1.1,True,4.7,GHCN-Daily,40.46,24.54,0.0
2002-01-15,10.0,0.6,True,5.3,GHCN-Daily,41.54,23.46,0.0
2002-01-16,6.7,1.7,True,4.2,GHCN-Daily,39.56,25.439999999999998,0.0
2002-01-17,8.9,1.7,True,5.3,GHCN-Daily,41.54,23.46,0.0
2002-01-18,3.9,-1.7,True,1.1,GHCN-Daily,33.98,31.020000000000003,0.0
2002-01-19,0.6,-4.4,True,-1.9000000000000001,GHCN-Daily,28.58,36.42,0.0
2002-01-20,3.3,-3.3,True,0.0,GHCN-Daily,32.0,33.0,0.0
2002-01-21,3.9,-3.3,True,0.30000000000000004,GHCN-Daily,32.54,32.46,0.0
2002-01-22,8.3,2.2,True,5.25,GHCN-Daily,41.45,23.549999999999997,0.0
2002-01-23,8.9,2.2,True,5.550000000000001,GHCN-Daily,41.99,23.009999999999998,0.0
2002-01-24,10.6,6.1,True,8.35,GHCN-Daily,47.03,17.97,0.0
2002-01-25,8.9,1.7,True,5.3,GHCN-Daily,41.54,23.46,0.0
2002-01-26,11.7,2.2,True,6.949999999999999,GHCN-Daily,44.51,20.490000000000002,0.0
2002-01-27,12.2,0.6,True,6.3999999999999995,GHCN-Daily,43.519999999999996,21.480000000000004,0.0
2002-01-28,15.6,2.8,True,9.2,GHCN-Daily,48.56,16.439999999999998,0.0
2002-01-29,20.6,4.4,True,12.5,GHCN-Daily,54.5,10.5,0.0
2002-01-30,16.7,5.0,True,10.85,GHCN-Daily,51.53,13.469999999999999,0.0
2002-01-31,5.0,2.8,True,3.9,GHCN-Daily,39.019999999999996,25.980000000000004,0.0
2002-02-01,12.2,3.9,True,8.049999999999999,GHCN-Daily,46.489999999999995,18.510000000000005,0.0
2002-02-02,5.0,-1.7,True,1.65,GHCN-Daily,34.97,30.03,0.0
2002-02-03,6.1,-3.3,True,1.4,GHCN-Daily,34.52,30.479999999999997,0.0
2002-02-04,7.2,-2.8,True,2.2,GHCN-Daily,35.96,29.04,0.0
2002-02-05,1.1,-7.2,True,-3.05,GHCN-Daily,26.509999999999998,38.49,0.0
2002-02-06,6.1,-1.1,True,2.5,GHCN-Daily,36.5,28.5,0.0
2002-02-07,5.6,1.1,True,3.3499999999999996,GHCN-Daily,38.03,26.97,0.0
2002-02-08,11.1,2.8,True,6.949999999999999,GHCN-Daily,44.51,20.490000000000002,0.0
2002-02-09,8.3,1.1,True,4.7,GHCN-Daily,40.46,24.54,0.0
2002-02-10,10.6,3.9,True,7.25,GHCN-Daily,45.05,19.950000000000003,0.0
2002-02-11,11.7,-3.9,True,3.8999999999999995,GHCN-Daily,39.019999999999996,25.980000000000004,0.0
2002-02-12,7.8,-6.1,True,0.8500000000000001,GHCN-Daily,33.53,31.47,0.0
2002-02-13,5.6,-4.4,True,0.5999999999999996,GHCN-Daily,33.08,31.92,0.0
2002-02-14,2.8,-7.2,True,-2.2,GHCN-Daily,28.04,36.96,0.0
2002-02-15,7.8,0.0,True,3.9,GHCN-Daily,39.019999999999996,25.980000000000004,0.0
2002-02-16,12.2,4.4,True,8.3,GHCN-Daily,46.94,18.060000000000002,0.0
2002-02-17,8.9,0.6,True,4.75,GHCN-Daily,40.55,24.450000000000003,0.0
2002-02-18,7.2,-0.6,True,3.3000000000000003,GHCN-Daily,37.94,27.060000000000002,0.0
2002-02-19,8.9,-2.2,True,3.35,GHCN-Daily,38.03,26.97,0.0
2002-02-20,10.0,3.9,True,6.95,GHCN-Daily,44.51,20.490000000000002,0.0
2002-02-21,17.2,6.7,True,11.95,GHCN-Daily,53.51,11.490000000000002,0.0
2002-02-22,11.7,4.4,True,8.05,GHCN-Daily,46.49,18.509999999999998,0.0
2002-02-23,7.8,1.1,True,4.45,GHCN-Daily,40.01,24.990000000000002,0.0
2002-02-24,8.9,-1.1,True,3.9000000000000004,GHCN-Daily,39.02,25.979999999999997,0.0
2002-02-25,8.9,0.0,True,4.45,GHCN-Daily,40.01,24.990000000000002,0.0
2002-02-26,11.7,5.0,True,8.35,GHCN-Daily,47.03,17.97,0.0
2002-02-27,10.0,-1.1,True,4.45,GHCN-Daily,40.01,24.990000000000002,0.0
2002-02-28,5.0,-2.8,True,1.1,GHCN-Daily,33.98,31.020000000000003,0.0
2002-03-01,8.9,-2.2,True,3.35,GHCN-Daily,38.03,26.97,0.0
2002-03-02,8.9,-1.7,True,3.6,GHCN-Daily,38.480000000000004,26.519999999999996,0.0
2002-03-03,12.8,8.3,True,10.55,GHCN-Daily,50.99,14.009999999999998,0.0
2002-03-04,8.3,-3.3,True,2.5000000000000004,GHCN-Daily,36.5,28.5,0.0
2002-03-05,1.7,-6.1,True,-2.1999999999999997,GHCN-Daily,28.04,36.96,0.0
2002-03-06,13.9,0.6,True,7.25,GHCN-Daily,45.05,19.950000000000003,0.0
2002-03-07,13.9,3.3,True,8.6,GHCN-Daily,47.480000000000004,17.519999999999996,0.0
2002-03-08,10.6,3.3,True,6.949999999999999,GHCN-Daily,44.51,20.490000000000002,0.0
2002-03-09,15.6,7.2,True,11.4,GHCN-Daily,52.519999999999996,12.480000000000004,0.0
2002-03-10,12.8,-1.1,True,5.8500000000000005,GHCN-Daily,42.53,22.47,0.0
2002-03-11,5.0,-2.8,True,1.1,GHCN-Daily,33.98,31.020000000000003,0.0
2002-03-12,9.4,1.1,True,5.25,GHCN-Daily,41.45,23.549999999999997,0.0
2002-03-13,7.2,5.0,True,6.1,GHCN-Daily,42.980000000000004,22.019999999999996,0.0
2002-03-14,16.1,4.4,True,10.25,GHCN-Daily,50.45,14.549999999999997,0.0
2002-03-15,11.1,6.1,True,8.6,GHCN-Daily,47.480000000000004,17.519999999999996,0.0
2002-03-16,20.0,2.8,True,11.4,GHCN-Daily,52.519999999999996,12.480000000000004,0.0
2002-03-17,5.0,-0.6,True,2.2,GHCN-Daily,35.96,29.04,0.0
2002-03-18,4.4,0.6,True,2.5,GHCN-Daily,36.5,28.5,0.0
2002-03-19,7.8,2.2,True,5.0,GHCN-Daily,41.0,24.0,0.0
2002-03-20,7.2,3.3,True,5.25,GHCN-Daily,41.45,23.549999999999997,0.0
2002-03-21,10.0,-1.1,True,4.45,GHCN-Daily,40.01,24.990000000000002,0.0
2002-03-22,1.7,-5.6,True,-1.9499999999999997,GHCN-Daily,28.490000000000002,36.51,0.0
2002-03-23,8.9,-3.3,True,2.8000000000000003,GHCN-Daily,37.04,27.96,0.0
2002-03-24,12.8,1.1,True,6.95,GHCN-Daily,44.51,20.490000000000002,0.0
2002-03-25,8.9,3.3,True,6.1,GHCN-Daily,42.980000000000004,22.019999999999996,0.0
2002-03-26,10.0,3.3,True,6.65,GHCN-Daily,43.97,21.03,0.0
2002-03-27,12.8,3.9,True,8.35,GHCN-Daily,47.03,17.97,0.0
2002-03-28,12.2,1.7,True,6.949999999999999,GHCN-Daily,44.51,20.490000000000002,0.0
2002-03-29,11.1,3.9,True,7.5,GHCN-Daily,45.5,19.5,0.0
2002-03-30,20.0,9.4,True,14.7,GHCN-Daily,58.46,6.539999999999999,0.0
2002-03-31,15.6,7.8,True,11.7,GHCN-Daily,53.06,11.939999999999998,0.0
2002-04-01,16.7,7.8,True,12.25,GHCN-Daily,54.05,10.950000000000003,0.0
2002-04-02,11.1,3.9,True,7.5,GHCN-Daily,45.5,19.5,0.0
2002-04-03,16.1,5.6,True,10.850000000000001,GHCN-Daily,51.53,13.469999999999999,0.0
2002-04-04,10.6,2.8,True,6.699999999999999,GHCN-Daily,44.06,20.939999999999998,0.0
2002-04-05,7.2,0.0,True,3.6,GHCN-Daily,38.480000000000004,26.519999999999996,0.0
2002-04-06,8.9,0.0,True,4.45,GHCN-Daily,40.01,24.990000000000002,0.0
2002-04-07,7.2,-2.2,True,2.5,GHCN-Daily,36.5,28.5,0.0
2002-04-08,12.2,5.0,True,8.6,GHCN-Daily,47.480000000000004,17.519999999999996,0.0
2002-04-09,16.7,9.4,True,13.05,GHCN-Daily,55.49,9.509999999999998,0.0
2002-04-10,18.9,8.9,True,13.899999999999999,GHCN-Daily,57.019999999999996,7.980000000000004,0.0
2002-04-11,13.3,6.7,True,10.0,GHCN-Daily,50.0,15.0,0.0
2002-04-12,13.3,4.4,True,8.850000000000001,GHCN-Daily,47.93000000000001,17.069999999999993,0.0
2002-04-13,18.3,10.6,True,14.45,GHCN-Daily,58.01,6.990000000000002,0.0
2002-04-14,21.7,11.7,True,16.7,GHCN-Daily,62.06,2.9399999999999977,0.0
2002-04-15,26.7,11.7,True,19.2,GHCN-Daily,66.56,0.0,1.5600000000000023
2002-04-16,30.0,13.9,True,21.95,GHCN-Daily,71.50999999999999,0.0,6.509999999999991
2002-04-17,32.2,15.6,True,23.900000000000002,GHCN-Daily,75.02000000000001,0.0,10.02000000000001
2002-04-18,30.0,17.8,True,23.9,GHCN-Daily,75.02,0.0,10.019999999999996
2002-04-19,25.0,15.0,True,20.0,GHCN-Daily,68.0,0.0,3.0
2002-04-20,20.6,12.8,True,16.700000000000003,GHCN-Daily,62.06,2.9399999999999977,0.0
2002-04-21,13.9,10.0,True,11.95,GHCN-Daily,53.51,11.490000000000002,0.0
2002-04-22,11.1,5.6,True,8.35,GHCN-Daily,47.03,17.97,0.0
2002-04-23,12.2,3.9,True,8.049999999999999,GHCN-Daily,46.489999999999995,18.510000000000005,0.0
2002-04-24,13.9,2.8,True,8.35,GHCN-Daily,47.03,17.97,0.0
2002-04-25,11.7,5.0,True,8.35,GHCN-Daily,47.03,17.97,0.0
2002-04-26,15.0,3.9,True,9.45,GHCN-Daily,49.01,15.990000000000002,0.0
2002-04-27,15.0,3.3,True,9.15,GHCN-Daily,48.47,16.53,0.0
2002-04-28,13.9,8.3,True,11.100000000000001,GHCN-Daily,51.980000000000004,13.019999999999996,0.0
2002-04-29,13.3,6.7,True,10.0,GHCN-Daily,50.0,15.0,0.0
2002-04-30,13.9,5.6,True,9.75,GHCN-Daily,49.55,15.450000000000003,0.0
2002-05-01,19.4,6.1,True,12.75,GHCN-Daily,54.95,10.049999999999997,0.0
2002-05-02,17.8,9.4,True,13.600000000000001,GHCN-Daily,56.480000000000004,8.519999999999996,0.0
2002-05-03,16.1,8.3,True,12.200000000000001,GHCN-Daily,53.96,11.04,0.0
2002-05-04,17.2,7.2,True,12.2,GHCN-Daily,53.96,11.04,0.0
2002-05-05,18.3,5.0,True,11.65,GHCN-Daily,52.97,12.030000000000001,0.0
2002-05-06,18.9,9.4,True,14.149999999999999,GHCN-Daily,57.47,7.530000000000001,0.0
2002-05-07,21.1,12.8,True,16.950000000000003,GHCN-Daily,62.510000000000005,2.489999999999995,0.0
2002-05-08,22.2,11.7,True,16.95,GHCN-Daily,62.51,2.490000000000002,0.0
2002-05-09,12.8,10.0,True,11.4,GHCN-Daily,52.519999999999996,12.480000000000004,0.0
2002-05-10,24.4,12.8,True,18.6,GHCN-Daily,65.48,0.0,0.480000000000004
2002-05-11,20.6,11.1,True,15.850000000000001,GHCN-Daily,60.53,4.469999999999999,0.0
2002-05-12,13.3,12.2,True,12.75,GHCN-Daily,54.95,10.049999999999997,0.0
2002-05-13,12.2,10.0,True,11.1,GHCN-Daily,51.980000000000004,13.019999999999996,0.0
2002-05-14,17.2,8.9,True,13.05,GHCN-Daily,55.49,9.509999999999998,0.0
2002-05-15,20.6,8.9,True,14.75,GHCN-Daily,58.55,6.450000000000003,0.0
2002-05-16,26.1,9.4,True,17.75,GHCN-Daily,63.95,1.0499999999999972,0.0
2002-05-17,25.6,12.2,True,18.9,GHCN-Daily,66.02,0.0,1.019999999999996
2002-05-18,12.2,6.7,True,9.45,GHCN-Daily,49.01,15.990000000000002,0.0
2002-05-19,15.0,5.6,True,10.3,GHCN-Daily,50.540000000000006,14.459999999999994,0.0
2002-05-20,14.4,5.6,True,10.0,GHCN-Daily,50.0,15.0,0.0
2002-05-21,15.6,6.1,True,10.85,GHCN-Daily,51.53,13.469999999999999,0.0
2002-05-22,19.4,7.2,True,13.299999999999999,GHCN-Daily,55.94,9.060000000000002,0.0
2002-05-23,21.1,8.9,True,15.0,GHCN-Daily,59.0,6.0,0.0
2002-05-24,28.3,11.7,True,20.0,GHCN-Daily,68.0,0.0,3.0
2002-05-25,19.4,12.8,True,16.1,GHCN-Daily,60.980000000000004,4.019999999999996,0.0
2002-05-26,17.8,12.2,True,15.0,GHCN-Daily,59.0,6.0,0.0
2002-05-27,21.7,15.0,True,18.35,GHCN-Daily,65.03,0.0,0.030000000000001137
2002-05-28,23.3,15.6,True,19.45,GHCN-Daily,67.00999999999999,0.0,2.009999999999991
2002-05-29,24.4,16.7,True,20.549999999999997,GHCN-Daily,68.99,0.0,3.989999999999995
2002-05-30,23.3,15.6,True,19.45,GHCN-Daily,67.00999999999999,0.0,2.009999999999991
2002-05-31,25.0,17.2,True,21.1,GHCN-Daily,69.98,0.0,4.980000000000004
2002-06-01,30.0,18.3,True,24.15,GHCN-Daily,75.47,0.0,10.469999999999999
2002-06-02,27.2,16.7,True,21.95,GHCN-Daily,71.50999999999999,0.0,6.509999999999991
2002-06-03,23.9,13.3,True,18.6,GHCN-Daily,65.48,0.0,0.480000000000004
2002-06-04,21.1,15.0,True,18.05,GHCN-Daily,64.49000000000001,0.5099999999999909,0.0
2002-06-05,24.4,17.8,True,21.1,GHCN-Daily,69.98,0.0,4.980000000000004
2002-06-06,26.7,15.0,True,20.85,GHCN-Daily,69.53,0.0,4.530000000000001
2002-06-07,20.6,12.2,True,16.4,GHCN-Daily,61.519999999999996,3.480000000000004,0.0
2002-06-08,18.9,10.6,True,14.75,GHCN-Daily,58.55,6.450000000000003,0.0
2002-06-09,23.9,12.8,True,18.35,GHCN-Daily,65.03,0.0,0.030000000000001137
2002-06-10,25.6,17.2,True,21.4,GHCN-Daily,70.52,0.0,5.519999999999996
2002-06-11,27.8,16.7,True,22.25,GHCN-Daily,72.05000000000001,0.0,7.050000000000011
2002-06-12,32.2,15.0,True,23.6,GHCN-Daily,74.48,0.0,9.480000000000004
2002-06-13,18.3,13.9,True,16.1,GHCN-Daily,60.980000000000004,4.019999999999996,0.0
2002-06-14,15.6,13.3,True,14.45,GHCN-Daily,58.01,6.990000000000002,0.0
2002-06-15,17.8,12.8,True,15.3,GHCN-Daily,59.540000000000006,5.459999999999994,0.0
2002-06-16,24.4,15.6,True,20.0,GHCN-Daily,68.0,0.0,3.0
2002-06-17,25.0,16.7,True,20.85,GHCN-Daily,69.53,0.0,4.530000000000001
2002-06-18,25.0,15.6,True,20.3,GHCN-Daily,68.53999999999999,0.0,3.539999999999992
2002-06-19,24.4,17.2,True,20.799999999999997,GHCN-Daily,69.44,0.0,4.439999999999998
2002-06-20,25.0,16.1,True,20.55,GHCN-Daily,68.99000000000001,0.0,3.990000000000009
2002-06-21,25.0,16.1,True,20.55,GHCN-Daily,68.99000000000001,0.0,3.990000000000009
2002-06-22,27.8,18.3,True,23.05,GHCN-Daily,73.49000000000001,0.0,8.490000000000009
2002-06-23,28.3,19.4,True,23.85,GHCN-Daily,74.93,0.0,9.930000000000007
2002-06-24,32.8,22.2,True,27.5,GHCN-Daily,81.5,0.0,16.5
2002-06-25,27.8,21.7,True,24.75,GHCN-Daily,76.55000000000001,0.0,11.550000000000011
2002-06-26,31.1,21.7,True,26.4,GHCN-Daily,79.52,0.0,14.519999999999996
2002-06-27,33.3,21.1,True,27.2,GHCN-Daily,80.96000000000001,0.0,15.960000000000008
2002-06-28,31.1,21.1,True,26.1,GHCN-Daily,78.98,0.0,13.980000000000004
2002-06-29,30.6,21.7,True,26.15,GHCN-Daily,79.07,0.0,14.069999999999993
2002-06-30,28.3,20.0,True,24.15,GHCN-Daily,75.47,0.0,10.469999999999999
2002-07-01,31.7,20.6,True,26.15,GHCN-Daily,79.07,0.0,14.069999999999993
2002-07-02,32.8,21.7,True,27.25,GHCN-Daily,81.05000000000001,0.0,16.05000000000001
2002-07-03,36.1,25.6,True,30.85,GHCN-Daily,87.53,0.0,22.53
2002-07-04,37.2,26.7,True,31.950000000000003,GHCN-Daily,89.51,0.0,24.510000000000005
2002-07-05,31.1,21.1,True,26.1,GHCN-Daily,78.98,0.0,13.980000000000004
2002-07-06,28.9,18.9,True,23.9,GHCN-Daily,75.02,0.0,10.019999999999996
2002-07-07,31.7,20.6,True,26.15,GHCN-Daily,79.07,0.0,14.069999999999993
2002-07-08,32.2,18.9,True,25.55,GHCN-Daily,77.99000000000001,0.0,12.990000000000009
2002-07-09,31.1,21.7,True,26.4,GHCN-Daily,79.52,0.0,14.519999999999996
2002-07-10,28.9,20.0,True,24.45,GHCN-Daily,76.00999999999999,0.0,11.009999999999991
2002-07-11,25.6,16.1,True,20.85,GHCN-Daily,69.53,0.0,4.530000000000001
2002-07-12,25.6,16.1,True,20.85,GHCN-Daily,69.53,0.0,4.530000000000001
2002-07-13,25.6,17.8,True,21.700000000000003,GHCN-Daily,71.06,0.0,6.060000000000002
2002-07-14,26.7,20.0,True,23.35,GHCN-Daily,74.03,0.0,9.030000000000001
2002-07-15,32.2,19.4,True,25.8,GHCN-Daily,78.44,0.0,13.439999999999998
2002-07-16,32.2,22.8,True,27.5,GHCN-Daily,81.5,0.0,16.5
2002-07-17,27.8,19.4,True,23.6,GHCN-Daily,74.48,0.0,9.480000000000004
2002-07-18,35.0,23.9,True,29.45,GHCN-Daily,85.00999999999999,0.0,20.00999999999999
2002-07-19,30.6,22.2,True,26.4,GHCN-Daily,79.52,0.0,14.519999999999996
2002-07-20,28.3,21.7,True,25.0,GHCN-Daily,77.0,0.0,12.0
2002-07-21,26.7,21.7,True,24.2,GHCN-Daily,75.56,0.0,10.560000000000002
2002-07-22,28.9,21.7,True,25.299999999999997,GHCN-Daily,77.53999999999999,0.0,12.539999999999992
2002-07-23,32.8,22.8,True,27.799999999999997,GHCN-Daily,82.03999999999999,0.0,17.039999999999992
2002-07-24,27.2,18.9,True,23.049999999999997,GHCN-Daily,73.49,0.0,8.489999999999995
2002-07-25,25.0,16.7,True,20.85,GHCN-Daily,69.53,0.0,4.530000000000001
2002-07-26,22.2,16.7,True,19.45,GHCN-Daily,67.00999999999999,0.0,2.009999999999991
2002-07-27,22.8,18.9,True,20.85,GHCN-Daily,69.53,0.0,4.530000000000001
2002-07-28,27.2,21.1,True,24.15,GHCN-Daily,75.47,0.0,10.469999999999999
2002-07-29,37.2,24.4,True,30.8,GHCN-Daily,87.44,0.0,22.439999999999998
2002-07-30,35.6,25.0,True,30.3,GHCN-Daily,86.53999999999999,0.0,21.539999999999992
2002-07-31,35.0,23.3,True,29.15,GHCN-Daily,84.47,0.0,19.47
2002-08-01,35.0,23.3,True,29.15,GHCN-Daily,84.47,0.0,19.47
2002-08-02,32.8,21.7,True,27.25,GHCN-Daily,81.05000000000001,0.0,16.05000000000001
2002-08-03,28.9,22.2,True,25.549999999999997,GHCN-Daily,77.99,0.0,12.989999999999995
2002-08-04,31.1,23.9,True,27.5,GHCN-Daily,81.5,0.0,16.5
2002-08-05,32.2,25.0,True,28.6,GHCN-Daily,83.48,0.0,18.480000000000004
2002-08-06,27.8,18.9,True,23.35,GHCN-Daily,74.03,0.0,9.030000000000001
2002-08-07,27.2,16.7,True,21.95,GHCN-Daily,71.50999999999999,0.0,6.509999999999991
2002-08-08,27.8,18.9,True,23.35,GHCN-Daily,74.03,0.0,9.030000000000001
2002-08-09,28.9,18.3,True,23.6,GHCN-Daily,74.48,0.0,9.480000000000004
2002-08-10,28.9,18.9,True,23.9,GHCN-Daily,75.02,0.0,10.019999999999996
2002-08-11,27.8,18.9,True,23.35,GHCN-Daily,74.03,0.0,9.030000000000001
2002-08-12,30.0,20.6,True,25.3,GHCN-Daily,77.53999999999999,0.0,12.539999999999992
2002-08-13,33.3,22.8,True,28.049999999999997,GHCN-Daily,82.49,0.0,17.489999999999995
2002-08-14,31.1,22.8,True,26.950000000000003,GHCN-Daily,80.51,0.0,15.510000000000005
2002-08-15,29.4,22.2,True,25.799999999999997,GHCN-Daily,78.44,0.0,13.439999999999998
2002-08-16,31.1,22.8,True,26.950000000000003,GHCN-Daily,80.51,0.0,15.510000000000005
2002-08-17,32.8,24.4,True,28.599999999999998,GHCN-Daily,83.47999999999999,0.0,18.47999999999999
2002-08-18,32.2,25.0,True,28.6,GHCN-Daily,83.48,0.0,18.480000000000004
2002-08-19,31.7,23.9,True,27.799999999999997,GHCN-Daily,82.03999999999999,0.0,17.039999999999992
2002-08-20,27.8,19.4,True,23.6,GHCN-Daily,74.48,0.0,9.480000000000004
2002-08-21,28.3,20.0,True,24.15,GHCN-Daily,75.47,0.0,10.469999999999999
2002-08-22,26.7,20.0,True,23.35,GHCN-Daily,74.03,0.0,9.030000000000001
2002-08-23,25.0,20.0,True,22.5,GHCN-Daily,72.5,0.0,7.5
2002-08-24,23.3,20.0,True,21.65,GHCN-Daily,70.97,0.0,5.969999999999999
2002-08-25,28.3,17.8,True,23.05,GHCN-Daily,73.49000000000001,0.0,8.490000000000009
2002-08-26,26.7,19.4,True,23.049999999999997,GHCN-Daily,73.49,0.0,8.489999999999995
2002-08-27,29.4,20.0,True,24.7,GHCN-Daily,76.46000000000001,0.0,11.460000000000008
2002-08-28,24.4,17.8,True,21.1,GHCN-Daily,69.98,0.0,4.980000000000004
2002-08-29,21.7,16.1,True,18.9,GHCN-Daily,66.02,0.0,1.019999999999996
2002-08-30,21.1,15.6,True,18.35,GHCN-Daily,65.03,0.0,0.030000000000001137
2002-08-31,23.3,16.7,True,20.0,GHCN-Daily,68.0,0.0,3.0
2002-09-01,18.9,16.7,True,17.799999999999997,GHCN-Daily,64.03999999999999,0.960000000000008,0.0
2002-09-02,19.4,16.7,True,18.049999999999997,GHCN-Daily,64.49,0.5100000000000051,0.0
2002-09-03,26.7,16.7,True,21.7,GHCN-Daily,71.06,0.0,6.060000000000002
2002-09-04,31.1,21.1,True,26.1,GHCN-Daily,78.98,0.0,13.980000000000004
2002-09-05,27.2,18.9,True,23.049999999999997,GHCN-Daily,73.49,0.0,8.489999999999995
2002-09-06,25.0,15.0,True,20.0,GHCN-Daily,68.0,0.0,3.0
2002-09-07,25.6,15.6,True,20.6,GHCN-Daily,69.08000000000001,0.0,4.0800000000000125
2002-09-08,26.1,16.7,True,21.4,GHCN-Daily,70.52,0.0,5.519999999999996
2002-09-09,29.4,17.2,True,23.299999999999997,GHCN-Daily,73.94,0.0,8.939999999999998
2002-09-10,27.2,18.9,True,23.049999999999997,GHCN-Daily,73.49,0.0,8.489999999999995
2002-09-11,26.7,17.2,True,21.95,GHCN-Daily,71.50999999999999,0.0,6.509999999999991
2002-09-12,23.3,13.3,True,18.3,GHCN-Daily,64.94,0.060000000000002274,0.0
2002-09-13,27.8,14.4,True,21.1,GHCN-Daily,69.98,0.0,4.980000000000004
2002-09-14,25.6,17.8,True,21.700000000000003,GHCN-Daily,71.06,0.0,6.060000000000002
2002-09-15,25.6,20.0,True,22.8,GHCN-Daily,73.03999999999999,0.0,8.039999999999992
2002-09-16,26.1,20.6,True,23.35,GHCN-Daily,74.03,0.0,9.030000000000001
2002-09-17,24.4,18.3,True,21.35,GHCN-Daily,70.43,0.0,5.430000000000007
2002-09-18,24.4,17.8,True,21.1,GHCN-Daily,69.98,0.0,4.980000000000004
2002-09-19,24.4,17.2,True,20.799999999999997,GHCN-Daily,69.44,0.0,4.439999999999998
2002-09-20,23.9,19.4,True,21.65,GHCN-Daily,70.97,0.0,5.969999999999999
2002-09-21,26.1,20.0,True,23.05,GHCN-Daily,73.49000000000001,0.0,8.490000000000009
2002-09-22,26.7,20.6,True,23.65,GHCN-Daily,74.57,0.0,9.569999999999993
2002-09-23,23.3,17.2,True,20.25,GHCN-Daily,68.45,0.0,3.450000000000003
2002-09-24,25.0,15.0,True,20.0,GHCN-Daily,68.0,0.0,3.0
2002-09-25,23.3,15.0,True,19.15,GHCN-Daily,66.47,0.0,1.4699999999999989
2002-09-26,18.3,13.9,True,16.1,GHCN-Daily,60.980000000000004,4.019999999999996,0.0
2002-09-27,23.3,15.6,True,19.45,GHCN-Daily,67.00999999999999,0.0,2.009999999999991
2002-09-28,24.4,15.6,True,20.0,GHCN-Daily,68.0,0.0,3.0
2002-09-29,20.0,12.2,True,16.1,GHCN-Daily,60.980000000000004,4.019999999999996,0.0
2002-09-30,20.6,12.8,True,16.700000000000003,GHCN-Daily,62.06,2.9399999999999977,0.0
2002-10-01,25.0,17.2,True,21.1,GHCN-Daily,69.98,0.0,4.980000000000004
2002-10-02,27.8,18.9,True,23.35,GHCN-Daily,74.03,0.0,9.030000000000001
2002-10-03,28.9,16.7,True,22.799999999999997,GHCN-Daily,73.03999999999999,0.0,8.039999999999992
2002-10-04,23.3,16.1,True,19.700000000000003,GHCN-Daily,67.46000000000001,0.0,2.460000000000008
2002-10-05,28.3,16.1,True,22.200000000000003,GHCN-Daily,71.96000000000001,0.0,6.960000000000008
2002-10-06,20.6,12.2,True,16.4,GHCN-Daily,61.519999999999996,3.480000000000004,0.0
2002-10-07,25.6,13.3,True,19.450000000000003,GHCN-Daily,67.01,0.0,2.010000000000005
2002-10-08,16.7,9.4,True,13.05,GHCN-Daily,55.49,9.509999999999998,0.0
2002-10-09,18.3,8.3,True,13.3,GHCN-Daily,55.94,9.060000000000002,0.0
2002-10-10,17.8,13.3,True,15.55,GHCN-Daily,59.99,5.009999999999998,0.0
2002-10-11,18.3,12.8,True,15.55,GHCN-Daily,59.99,5.009999999999998,0.0
2002-10-12,17.8,15.0,True,16.4,GHCN-Daily,61.519999999999996,3.480000000000004,0.0
2002-10-13,17.2,13.9,True,15.55,GHCN-Daily,59.99,5.009999999999998,0.0
2002-10-14,14.4,6.7,True,10.55,GHCN-Daily,50.99,14.009999999999998,0.0
2002-10-15,13.9,5.0,True,9.45,GHCN-Daily,49.01,15.990000000000002,0.0
2002-10-16,18.3,9.4,True,13.850000000000001,GHCN-Daily,56.93000000000001,8.069999999999993,0.0
2002-10-17,16.1,8.9,True,12.5,GHCN-Daily,54.5,10.5,0.0
2002-10-18,13.9,7.2,True,10.55,GHCN-Daily,50.99,14.009999999999998,0.0
2002-10-19,16.7,8.9,True,12.8,GHCN-Daily,55.040000000000006,9.959999999999994,0.0
2002-10-20,15.0,9.4,True,12.2,GHCN-Daily,53.96,11.04,0.0
2002-10-21,13.9,6.7,True,10.3,GHCN-Daily,50.540000000000006,14.459999999999994,0.0
2002-10-22,12.2,4.4,True,8.3,GHCN-Daily,46.94,18.060000000000002,0.0
2002-10-23,11.7,3.9,True,7.8,GHCN-Daily,46.04,18.96,0.0
2002-10-24,9.4,1.7,True,5.55,GHCN-Daily,41.99,23.009999999999998,0.0
2002-10-25,11.7,7.2,True,9.45,GHCN-Daily,49.01,15.990000000000002,0.0
2002-10-26,15.6,10.6,True,13.1,GHCN-Daily,55.58,9.420000000000002,0.0
2002-10-27,15.0,7.8,True,11.4,GHCN-Daily,52.519999999999996,12.480000000000004,0.0
2002-10-28,11.7,5.0,True,8.35,GHCN-Daily,47.03,17.97,0.0
2002-10-29,7.2,2.8,True,5.0,GHCN-Daily,41.0,24.0,0.0
2002-10-30,7.2,2.2,True,4.7,GHCN-Daily,40.46,24.54,0.0
2002-10-31,10.0,2.8,True,6.4,GHCN-Daily,43.52,21.479999999999997,0.0
2002-11-01,11.1,2.8,True,6.949999999999999,GHCN-Daily,44.51,20.490000000000002,0.0
2002-11-02,7.2,1.1,True,4.15,GHCN-Daily,39.47,25.53,0.0
2002-11-03,8.3,2.8,True,5.550000000000001,GHCN-Daily,41.99,23.009999999999998,0.0
2002-11-04,11.7,2.8,True,7.25,GHCN-Daily,45.05,19.950000000000003,0.0
2002-11-05,10.0,3.3,True,6.65,GHCN-Daily,43.97,21.03,0.0
2002-11-06,10.6,6.1,True,8.35,GHCN-Daily,47.03,17.97,0.0
2002-11-07,8.9,0.6,True,4.75,GHCN-Daily,40.55,24.450000000000003,0.0
2002-11-08,15.0,2.2,True,8.6,GHCN-Daily,47.480000000000004,17.519999999999996,0.0
2002-11-09,13.9,5.0,True,9.45,GHCN-Daily,49.01,15.990000000000002,0.0
2002-11-10,16.7,11.7,True,14.2,GHCN-Daily,57.56,7.439999999999998,0.0
2002-11-11,17.2,14.4,True,15.8,GHCN-Daily,60.44,4.560000000000002,0.0
2002-11-12,14.4,8.9,True,11.65,GHCN-Daily,52.97,12.030000000000001,0.0
2002-11-13,9.4,5.6,True,7.5,GHCN-Daily,45.5,19.5,0.0
2002-11-14,12.2,3.3,True,7.75,GHCN-Daily,45.95,19.049999999999997,0.0
2002-11-15,13.3,6.7,True,10.0,GHCN-Daily,50.0,15.0,0.0
2002-11-16,9.4,5.0,True,7.2,GHCN-Daily,44.96,20.04,0.0
2002-11-17,5.0,3.3,True,4.15,GHCN-Daily,39.47,25.53,0.0
2002-11-18,8.9,3.3,True,6.1,GHCN-Daily,42.980000000000004,22.019999999999996,0.0
2002-11-19,10.0,0.6,True,5.3,GHCN-Daily,41.54,23.46,0.0
2002-11-20,11.1,2.2,True,6.65,GHCN-Daily,43.97,21.03,0.0
2002-11-21,11.7,1.1,True,6.3999999999999995,GHCN-Daily,43.519999999999996,21.480000000000004,0.0
2002-11-22,11.1,5.6,True,8.35,GHCN-Daily,47.03,17.97,0.0
2002-11-23,6.7,2.8,True,4.75,GHCN-Daily,40.55,24.450000000000003,0.0
2002-11-24,10.6,2.2,True,6.4,GHCN-Daily,43.52,21.479999999999997,0.0
2002-11-25,13.3,0.6,True,6.95,GHCN-Daily,44.51,20.490000000000002,0.0
2002-11-26,8.3,3.9,True,6.1000000000000005,GHCN-Daily,42.980000000000004,22.019999999999996,0.0
2002-11-27,5.6,-3.3,True,1.15,GHCN-Daily,34.07,30.93,0.0
2002-11-28,1.7,-4.4,True,-1.35,GHCN-Daily,29.57,35.43,0.0
2002-11-29,5.6,-1.7,True,1.9499999999999997,GHCN-Daily,35.51,29.490000000000002,0.0
2002-11-30,8.3,3.9,True,6.1000000000000005,GHCN-Daily,42.980000000000004,22.019999999999996,0.0
2002-12-01,5.0,-1.7,True,1.65,GHCN-Daily,34.97,30.03,0.0
2002-12-02,5.0,-1.7,True,1.65,GHCN-Daily,34.97,30.03,0.0
2002-12-03,3.3,-7.2,True,-1.9500000000000002,GHCN-Daily,28.49,36.510000000000005,0.0
2002-12-04,0.0,-7.2,True,-3.6,GHCN-Daily,25.52,39.480000000000004,0.0
2002-12-05,1.1,-3.3,True,-1.0999999999999999,GHCN-Daily,30.02,34.980000000000004,0.0
2002-12-06,0.6,-3.3,True,-1.3499999999999999,GHCN-Daily,29.57,35.43,0.0
2002-12-07,1.1,-5.0,True,-1.95,GHCN-Daily,28.490000000000002,36.51,0.0
2002-12-08,5.6,-3.9,True,0.8499999999999999,GHCN-Daily,33.53,31.47,0.0
2002-12-09,-1.7,-7.8,True,-4.75,GHCN-Daily,23.45,41.55,0.0
2002-12-10,1.7,-5.6,True,-1.9499999999999997,GHCN-Daily,28.490000000000002,36.51,0.0
2002-12-11,3.9,-2.2,True,0.8499999999999999,GHCN-Daily,33.53,31.47,0.0
2002-12-12,8.9,1.7,True,5.3,GHCN-Daily,41.54,23.46,0.0
2002-12-13,7.2,0.0,True,3.6,GHCN-Daily,38.480000000000004,26.519999999999996,0.0
2002-12-14,8.3,4.4,True,6.3500000000000005,GHCN-Daily,43.43,21.57,0.0
2002-12-15,7.8,4.4,True,6.1,GHCN-Daily,42.980000000000004,22.019999999999996,0.0
2002-12-16,6.7,-3.3,True,1.7000000000000002,GHCN-Daily,35.06,29.939999999999998,0.0
2002-12-17,0.0,-5.0,True,-2.5,GHCN-Daily,27.5,37.5,0.0
2002-12-18,3.9,-7.2,True,-1.6500000000000001,GHCN-Daily,29.03,35.97,0.0
2002-12-19,8.3,-2.2,True,3.0500000000000003,GHCN-Daily,37.49,27.509999999999998,0.0
2002-12-20,12.2,4.4,True,8.3,GHCN-Daily,46.94,18.060000000000002,0.0
2002-12-21,8.3,1.1,True,4.7,GHCN-Daily,40.46,24.54,0.0
2002-12-22,8.9,1.1,True,5.0,GHCN-Daily,41.0,24.0,0.0
2002-12-23,6.7,1.7,True,4.2,GHCN-Daily,39.56,25.439999999999998,0.0
2002-12-24,3.9,0.0,True,1.95,GHCN-Daily,35.51,29.490000000000002,0.0
2002-12-25,3.9,-1.1,True,1.4,GHCN-Daily,34.52,30.479999999999997,0.0
2002-12-26,2.8,-1.7,True,0.5499999999999999,GHCN-Daily,32.99,32.01,0.0
2002-12-27,2.8,-1.1,True,0.8499999999999999,GHCN-Daily,33.53,31.47,0.0
2002-12-28,2.2,-1.7,True,0.2500000000000001,GHCN-Daily,32.45,32.55,0.0
2002-12-29,5.0,0.6,True,2.8,GHCN-Daily,37.04,27.96,0.0
2002-12-30,5.6,-0.6,True,2.5,GHCN-Daily,36.5,28.5,0.0
2002-12-31,7.2,3.9,True,5.55,GHCN-Daily,41.99,23.009999999999998,0.0
2003-01-01,8.3,2.8,True,5.550000000000001,GHCN-Daily,41.99,23.009999999999998,0.0
2003-01-02,3.9,-1.7,True,1.1,GHCN-Daily,33.98,31.020000000000003,0.0
2003-01-03,3.3,-1.7,True,0.7999999999999999,GHCN-Daily,33.44,31.560000000000002,0.0
2003-01-04,2.8,-0.6,True,1.0999999999999999,GHCN-Daily,33.98,31.020000000000003,0.0
2003-01-05,2.2,-0.6,True,0.8,GHCN-Daily,33.44,31.560000000000002,0.0
2003-01-06,1.1,-1.1,True,0.0,GHCN-Daily,32.0,33.0,0.0
2003-01-07,-1.1,-3.3,True,-2.2,GHCN-Daily,28.04,36.96,0.0
2003-01-08,6.1,-2.2,True,1.9499999999999997,GHCN-Daily,35.51,29.490000000000002,0.0
2003-01-09,10.6,2.8,True,6.699999999999999,GHCN-Daily,44.06,20.939999999999998,0.0
2003-01-10,7.8,0.0,True,3.9,GHCN-Daily,39.019999999999996,25.980000000000004,0.0
2003-01-11,0.0,-3.9,True,-1.95,GHCN-Daily,28.490000000000002,36.51,0.0
2003-01-12,2.8,-4.4,True,-0.8000000000000003,GHCN-Daily,30.56,34.44,0.0
2003-01-13,4.4,-3.9,True,0.2500000000000002,GHCN-Daily,32.45,32.55,0.0
2003-01-14,-1.1,-6.7,True,-3.9000000000000004,GHCN-Daily,24.98,40.019999999999996,0.0
2003-01-15,-0.6,-6.1,True,-3.3499999999999996,GHCN-Daily,25.97,39.03,0.0
2003-01-16,-1.1,-7.2,True,-4.15,GHCN-Daily,24.53,40.47,0.0
2003-01-17,-0.6,-11.1,True,-5.85,GHCN-Daily,21.47,43.53,0.0
2003-01-18,-6.7,-13.9,True,-10.3,GHCN-Daily,13.459999999999997,51.540000000000006,0.0
2003-01-19,-1.7,-8.3,True,-5.0,GHCN-Daily,23.0,42.0,0.0
2003-01-20,1.1,-7.2,True,-3.05,GHCN-Daily,26.509999999999998,38.49,0.0
2003-01-21,-2.8,-8.9,True,-5.85,GHCN-Daily,21.47,43.53,0.0
2003-01-22,-4.4,-11.7,True,-8.05,GHCN-Daily,17.509999999999998,47.49,0.0
2003-01-23,-6.1,-12.8,True,-9.45,GHCN-Daily,14.990000000000002,50.01,0.0
2003-01-24,-1.7,-13.3,True,-7.5,GHCN-Daily,18.5,46.5,0.0
2003-01-25,-1.1,-7.2,True,-4.15,GHCN-Daily,24.53,40.47,0.0
2003-01-26,1.1,-6.7,True,-2.8,GHCN-Daily,26.96,38.04,0.0
2003-01-27,-2.2,-13.3,True,-7.75,GHCN-Daily,18.049999999999997,46.95,0.0
2003-01-28,-3.9,-13.9,True,-8.9,GHCN-Daily,15.98,49.019999999999996,0.0
2003-01-29,0.6,-3.9,True,-1.65,GHCN-Daily,29.03,35.97,0.0
2003-01-30,1.1,-6.1,True,-2.5,GHCN-Daily,27.5,37.5,0.0
2003-01-31,2.8,-0.6,True,1.0999999999999999,GHCN-Daily,33.98,31.020000000000003,0.0
2003-02-01,2.2,1.1,True,1.6500000000000001,GHCN-Daily,34.97,30.03,0.0
2003-02-02,8.3,2.2,True,5.25,GHCN-Daily,41.45,23.549999999999997,0.0
2003-02-03,9.4,1.7,True,5.55,GHCN-Daily,41.99,23.009999999999998,0.0
2003-02-04,7.8,2.8,True,5.3,GHCN-Daily,41.54,23.46,0.0
2003-02-05,2.8,-3.3,True,-0.25,GHCN-Daily,31.55,33.45,0.0
2003-02-06,-0.6,-6.1,True,-3.3499999999999996,GHCN-Daily,25.97,39.03,0.0
2003-02-07,1.1,-4.4,True,-1.6500000000000001,GHCN-Daily,29.03,35.97,0.0
2003-02-08,-2.8,-7.2,True,-5.0,GHCN-Daily,23.0,42.0,0.0
2003-02-09,1.7,-6.7,True,-2.5,GHCN-Daily,27.5,37.5,0.0
2003-02-10,2.2,-1.7,True,0.2500000000000001,GHCN-Daily,32.45,32.55,0.0
2003-02-11,0.6,-8.9,True,-4.15,GHCN-Daily,24.53,40.47,0.0
2003-02-12,0.6,-6.7,True,-3.0500000000000003,GHCN-Daily,26.509999999999998,38.49,0.0
2003-02-13,-3.9,-8.3,True,-6.1000000000000005,GHCN-Daily,21.02,43.980000000000004,0.0
2003-02-14,-1.7,-9.4,True,-5.55,GHCN-Daily,22.009999999999998,42.99,0.0
2003-02-15,-1.7,-10.0,True,-5.85,GHCN-Daily,21.47,43.53,0.0
2003-02-16,-8.9,-12.8,True,-10.850000000000001,GHCN-Daily,12.469999999999995,52.53,0.0
2003-02-17,-3.9,-8.9,True,-6.4,GHCN-Daily,20.479999999999997,44.52,0.0
2003-02-18,0.6,-5.0,True,-2.2,GHCN-Daily,28.04,36.96,0.0
2003-02-19,3.3,-6.7,True,-1.7000000000000002,GHCN-Daily,28.939999999999998,36.06,0.0
2003-02-20,7.8,-1.1,True,3.3499999999999996,GHCN-Daily,38.03,26.97,0.0
2003-02-21,4.4,-5.0,True,-0.2999999999999998,GHCN-Daily,31.46,33.54,0.0
2003-02-22,4.4,1.7,True,3.0500000000000003,GHCN-Daily,37.49,27.509999999999998,0.0
2003-02-23,6.7,-0.6,True,3.0500000000000003,GHCN-Daily,37.49,27.509999999999998,0.0
2003-02-24,2.8,-2.8,True,0.0,GHCN-Daily,32.0,33.0,0.0
2003-02-25,0.6,-7.2,True,-3.3000000000000003,GHCN-Daily,26.06,38.94,0.0
2003-02-26,-4.4,-8.9,True,-6.65,GHCN-Daily,20.03,44.97,0.0
2003-02-27,0.6,-6.7,True,-3.0500000000000003,GHCN-Daily,26.509999999999998,38.49,0.0
2003-02-28,2.8,-2.2,True,0.2999999999999998,GHCN-Daily,32.54,32.46,0.0
2003-03-01,2.8,-2.2,True,0.2999999999999998,GHCN-Daily,32.54,32.46,0.0
2003-03-02,7.8,2.2,True,5.0,GHCN-Daily,41.0,24.0,0.0
2003-03-03,4.4,-10.6,True,-3.0999999999999996,GHCN-Daily,26.42,38.58,0.0
2003-03-04,2.8,-8.9,True,-3.0500000000000003,GHCN-Daily,26.509999999999998,38.49,0.0
2003-03-05,10.0,0.6,True,5.3,GHCN-Daily,41.54,23.46,0.0
2003-03-06,7.2,-6.7,True,0.25,GHCN-Daily,32.45,32.55,0.0
2003-03-07,0.0,-10.0,True,-5.0,GHCN-Daily,23.0,42.0,0.0
2003-03-08,6.1,-1.7,True,2.1999999999999997,GHCN-Daily,35.96,29.04,0.0
2003-03-09,12.2,-5.0,True,3.5999999999999996,GHCN-Daily,38.48,26.520000000000003,0.0
2003-03-10,-1.1,-7.2,True,-4.15,GHCN-Daily,24.53,40.47,0.0
2003-03-11,2.2,-6.1,True,-1.9499999999999997,GHCN-Daily,28.490000000000002,36.51,0.0
2003-03-12,7.8,-0.6,True,3.6,GHCN-Daily,38.480000000000004,26.519999999999996,0.0
2003-03-13,8.9,-0.6,True,4.15,GHCN-Daily,39.47,25.53,0.0
2003-03-14,1.7,-5.6,True,-1.9499999999999997,GHCN-Daily,28.490000000000002,36.51,0.0
2003-03-15,7.2,0.0,True,3.6,GHCN-Daily,38.480000000000004,26.519999999999996,0.0
2003-03-16,15.6,1.1,True,8.35,GHCN-Daily,47.03,17.97,0.0
2003-03-17,20.6,7.8,True,14.200000000000001,GHCN-Daily,57.56,7.439999999999998,0.0
2003-03-18,18.3,4.4,True,11.350000000000001,GHCN-Daily,52.43000000000001,12.569999999999993,0.0
2003-03-19,5.6,1.1,True,3.3499999999999996,GHCN-Daily,38.03,26.97,0.0
2003-03-20,9.4,1.7,True,5.55,GHCN-Daily,41.99,23.009999999999998,0.0
2003-03-21,13.3,7.2,True,10.25,GHCN-Daily,50.45,14.549999999999997,0.0
2003-03-22,18.9,7.2,True,13.049999999999999,GHCN-Daily,55.489999999999995,9.510000000000005,0.0
2003-03-23,15.0,5.6,True,10.3,GHCN-Daily,50.540000000000006,14.459999999999994,0.0
2003-03-24,12.2,3.9,True,8.049999999999999,GHCN-Daily,46.489999999999995,18.510000000000005,0.0
2003-03-25,10.0,3.9,True,6.95,GHCN-Daily,44.51,20.490000000000002,0.0
2003-03-26,15.0,6.1,True,10.55,GHCN-Daily,50.99,14.009999999999998,0.0
2003-03-27,14.4,5.0,True,9.7,GHCN-Daily,49.46,15.54,0.0
2003-03-28,13.9,4.4,True,9.15,GHCN-Daily,48.47,16.53,0.0
2003-03-29,16.7,8.9,True,12.8,GHCN-Daily,55.040000000000006,9.959999999999994,0.0
2003-03-30,13.3,1.1,True,7.2,GHCN-Daily,44.96,20.04,0.0
2003-03-31,6.7,0.0,True,3.35,GHCN-Daily,38.03,26.97,0.0
2003-04-01,6.1,-1.1,True,2.5,GHCN-Daily,36.5,28.5,0.0
2003-04-02,12.8,3.9,True,8.35,GHCN-Daily,47.03,17.97,0.0
2003-04-03,11.1,5.0,True,8.05,GHCN-Daily,46.49,18.509999999999998,0.0
2003-04-04,6.1,2.2,True,4.15,GHCN-Daily,39.47,25.53,0.0
2003-04-05,6.1,2.2,True,4.15,GHCN-Daily,39.47,25.53,0.0
2003-04-06,8.9,1.1,True,5.0,GHCN-Daily,41.0,24.0,0.0
2003-04-07,2.8,-1.1,True,0.8499999999999999,GHCN-Daily,33.53,31.47,0.0
2003-04-08,3.9,0.0,True,1.95,GHCN-Daily,35.51,29.490000000000002,0.0
2003-04-09,3.3,1.1,True,2.2,GHCN-Daily,35.96,29.04,0.0
2003-04-10,10.0,1.7,True,5.85,GHCN-Daily,42.53,22.47,0.0
2003-04-11,6.7,3.3,True,5.0,GHCN-Daily,41.0,24.0,0.0
2003-04-12,20.6,6.1,True,13.350000000000001,GHCN-Daily,56.03,8.969999999999999,0.0
2003-04-13,16.1,6.7,True,11.4,GHCN-Daily,52.519999999999996,12.480000000000004,0.0
2003-04-14,11.7,5.0,True,8.35,GHCN-Daily,47.03,17.97,0.0
2003-04-15,17.2,6.7,True,11.95,GHCN-Daily,53.51,11.490000000000002,0.0
2003-04-16,30.0,8.3,True,19.15,GHCN-Daily,66.47,0.0,1.4699999999999989
2003-04-17,8.3,1.7,True,5.0,GHCN-Daily,41.0,24.0,0.0
2003-04-18,10.0,1.7,True,5.85,GHCN-Daily,42.53,22.47,0.0
2003-04-19,15.6,3.9,True,9.75,GHCN-Daily,49.55,15.450000000000003,0.0
2003-04-20,15.6,6.1,True,10.85,GHCN-Daily,51.53,13.469999999999999,0.0
2003-04-21,11.7,3.9,True,7.8,GHCN-Daily,46.04,18.96,0.0
2003-04-22,15.6,7.2,True,11.4,GHCN-Daily,52.519999999999996,12.480000000000004,0.0
2003-04-23,11.7,4.4,True,8.05,GHCN-Daily,46.49,18.509999999999998,0.0
2003-04-24,16.7,4.4,True,10.55,GHCN-Daily,50.99,14.009999999999998,0.0
2003-04-25,15.6,6.1,True,10.85,GHCN-Daily,51.53,13.469999999999999,0.0
2003-04-26,12.8,10.0,True,11.4,GHCN-Daily,52.519999999999996,12.480000000000004,0.0
2003-04-27,20.6,10.0,True,15.3,GHCN-Daily,59.540000000000006,5.459999999999994,0.0
2003-04-28,20.6,8.3,True,14.450000000000001,GHCN-Daily,58.010000000000005,6.989999999999995,0.0
2003-04-29,24.4,10.0,True,17.2,GHCN-Daily,62.96,2.039999999999999,0.0
2003-04-30,17.8,9.4,True,13.600000000000001,GHCN-Daily,56.480000000000004,8.519999999999996,0.0
2003-05-01,17.8,9.4,True,13.600000000000001,GHCN-Daily,56.480000000000004,8.519999999999996,0.0
2003-05-02,19.4,11.7,True,15.549999999999999,GHCN-Daily,59.989999999999995,5.010000000000005,0.0
2003-05-03,18.3,8.9,True,13.600000000000001,GHCN-Daily,56.480000000000004,8.519999999999996,0.0
2003-05-04,16.1,7.2,True,11.65,GHCN-Daily,52.97,12.030000000000001,0.0
2003-05-05,13.3,6.7,True,10.0,GHCN-Daily,50.0,15.0,0.0
2003-05-06,16.1,7.2,True,11.65,GHCN-Daily,52.97,12.030000000000001,0.0
2003-05-07,21.1,10.0,True,15.55,GHCN-Daily,59.99,5.009999999999998,0.0
2003-05-08,15.6,10.6,True,13.1,GHCN-Daily,55.58,9.420000000000002,0.0
2003-05-09,16.7,10.0,True,13.35,GHCN-Daily,56.03,8.969999999999999,0.0
2003-05-10,17.2,10.0,True,13.6,GHCN-Daily,56.480000000000004,8.519999999999996,0.0
2003-05-11,15.0,11.7,True,13.35,GHCN-Daily,56.03,8.969999999999999,0.0
2003-05-12,19.4,11.1,True,15.25,GHCN-Daily,59.45,5.549999999999997,0.0
2003-05-13,16.1,11.1,True,13.600000000000001,GHCN-Daily,56.480000000000004,8.519999999999996,0.0
2003-05-14,18.9,10.6,True,14.75,GHCN-Daily,58.55,6.450000000000003,0.0
2003-05-15,19.4,10.0,True,14.7,GHCN-Daily,58.46,6.539999999999999,0.0
2003-05-16,16.1,8.9,True,12.5,GHCN-Daily,54.5,10.5,0.0
2003-05-17,15.0,7.8,True,11.4,GHCN-Daily,52.519999999999996,12.480000000000004,0.0
2003-05-18,16.1,5.6,True,10.850000000000001,GHCN-Daily,51.53,13.469999999999999,0.0
2003-05-19,21.7,6.7,True,14.2,GHCN-Daily,57.56,7.439999999999998,0.0
2003-05-20,23.3,9.4,True,16.35,GHCN-Daily,61.43000000000001,3.569999999999993,0.0
2003-05-21,14.4,11.7,True,13.05,GHCN-Daily,55.49,9.509999999999998,0.0
2003-05-22,13.3,10.0,True,11.65,GHCN-Daily,52.97,12.030000000000001,0.0
2003-05-23,13.3,10.0,True,11.65,GHCN-Daily,52.97,12.030000000000001,0.0
2003-05-24,15.0,11.1,True,13.05,GHCN-Daily,55.49,9.509999999999998,0.0
2003-05-25,15.6,11.1,True,13.35,GHCN-Daily,56.03,8.969999999999999,0.0
2003-05-26,13.3,10.6,True,11.95,GHCN-Daily,53.51,11.490000000000002,0.0
2003-05-27,17.2,10.0,True,13.6,GHCN-Daily,56.480000000000004,8.519999999999996,0.0
2003-05-28,18.9,11.7,True,15.299999999999999,GHCN-Daily,59.54,5.460000000000001,0.0
2003-05-29,21.7,12.2,True,16.95,GHCN-Daily,62.51,2.490000000000002,0.0
2003-05-30,25.0,13.9,True,19.45,GHCN-Daily,67.00999999999999,0.0,2.009999999999991
2003-05-31,20.6,13.9,True,17.25,GHCN-Daily,63.05,1.9500000000000028,0.0
2003-06-01,18.9,12.2,True,15.549999999999999,GHCN-Daily,59.989999999999995,5.010000000000005,0.0
2003-06-02,22.8,10.6,True,16.7,GHCN-Daily,62.06,2.9399999999999977,0.0
2003-06-03,21.1,11.7,True,16.4,GHCN-Daily,61.519999999999996,3.480000000000004,0.0
2003-06-04,14.4,10.6,True,12.5,GHCN-Daily,54.5,10.5,0.0
2003-06-05,22.8,13.9,True,18.35,GHCN-Daily,65.03,0.0,0.030000000000001137
2003-06-06,25.0,13.9,True,19.45,GHCN-Daily,67.00999999999999,0.0,2.009999999999991
2003-06-07,17.2,14.4,True,15.8,GHCN-Daily,60.44,4.560000000000002,0.0
2003-06-08,20.0,14.4,True,17.2,GHCN-Daily,62.96,2.039999999999999,0.0
2003-06-09,20.6,12.8,True,16.700000000000003,GHCN-Daily,62.06,2.9399999999999977,0.0
2003-06-10,26.1,16.7,True,21.4,GHCN-Daily,70.52,0.0,5.519999999999996
2003-06-11,21.7,16.7,True,19.2,GHCN-Daily,66.56,0.0,1.5600000000000023
2003-06-12,27.2,18.3,True,22.75,GHCN-Daily,72.95,0.0,7.950000000000003
2003-06-13,18.9,15.0,True,16.95,GHCN-Daily,62.51,2.490000000000002,0.0
2003-06-14,26.1,15.0,True,20.55,GHCN-Daily,68.99000000000001,0.0,3.990000000000009
2003-06-15,25.6,17.8,True,21.700000000000003,GHCN-Daily,71.06,0.0,6.060000000000002
2003-06-16,19.4,12.8,True,16.1,GHCN-Daily,60.980000000000004,4.019999999999996,0.0
2003-06-17,17.8,11.7,True,14.75,GHCN-Daily,58.55,6.450000000000003,0.0
2003-06-18,18.9,15.0,True,16.95,GHCN-Daily,62.51,2.490000000000002,0.0
2003-06-19,21.1,16.1,True,18.6,GHCN-Daily,65.48,0.0,0.480000000000004
2003-06-20,22.2,16.7,True,19.45,GHCN-Daily,67.00999999999999,0.0,2.009999999999991
2003-06-21,17.2,15.6,True,16.4,GHCN-Daily,61.519999999999996,3.480000000000004,0.0
2003-06-22,19.4,14.4,True,16.9,GHCN-Daily,62.42,2.5799999999999983,0.0
2003-06-23,28.3,15.0,True,21.65,GHCN-Daily,70.97,0.0,5.969999999999999
2003-06-24,34.4,17.8,True,26.1,GHCN-Daily,78.98,0.0,13.980000000000004
2003-06-25,34.4,22.2,True,28.299999999999997,GHCN-Daily,82.94,0.0,17.939999999999998
2003-06-26,33.9,23.9,True,28.9,GHCN-Daily,84.02,0.0,19.019999999999996
2003-06-27,32.8,22.8,True,27.799999999999997,GHCN-Daily,82.03999999999999,0.0,17.039999999999992
2003-06-28,28.3,20.0,True,24.15,GHCN-Daily,75.47,0.0,10.469999999999999
2003-06-29,25.6,20.0,True,22.8,GHCN-Daily,73.03999999999999,0.0,8.039999999999992
2003-06-30,29.4,20.0,True,24.7,GHCN-Daily,76.46000000000001,0.0,11.460000000000008
2003-07-01,28.9,18.9,True,23.9,GHCN-Daily,75.02,0.0,10.019999999999996
2003-07-02,28.3,20.0,True,24.15,GHCN-Daily,75.47,0.0,10.469999999999999
2003-07-03,23.9,19.4,True,21.65,GHCN-Daily,70.97,0.0,5.969999999999999
2003-07-04,33.3,18.3,True,25.799999999999997,GHCN-Daily,78.44,0.0,13.439999999999998
2003-07-05,33.9,23.3,True,28.6,GHCN-Daily,83.48,0.0,18.480000000000004
2003-07-06,33.9,23.3,True,28.6,GHCN-Daily,83.48,0.0,18.480000000000004
2003-07-07,29.4,23.9,True,26.65,GHCN-Daily,79.97,0.0,14.969999999999999
2003-07-08,32.8,22.8,True,27.799999999999997,GHCN-Daily,82.03999999999999,0.0,17.039999999999992
2003-07-09,31.1,19.4,True,25.25,GHCN-Daily,77.45,0.0,12.450000000000003
2003-07-10,21.1,18.9,True,20.0,GHCN-Daily,68.0,0.0,3.0
2003-07-11,27.2,18.3,True,22.75,GHCN-Daily,72.95,0.0,7.950000000000003
2003-07-12,29.4,20.0,True,24.7,GHCN-Daily,76.46000000000001,0.0,11.460000000000008
2003-07-13,29.4,20.0,True,24.7,GHCN-Daily,76.46000000000001,0.0,11.460000000000008
2003-07-14,24.4,18.9,True,21.65,GHCN-Daily,70.97,0.0,5.969999999999999
2003-07-15,26.7,17.8,True,22.25,GHCN-Daily,72.05000000000001,0.0,7.050000000000011
2003-07-16,27.8,20.0,True,23.9,GHCN-Daily,75.02,0.0,10.019999999999996
2003-07-17,30.0,18.9,True,24.45,GHCN-Daily,76.00999999999999,0.0,11.009999999999991
2003-07-18,27.8,19.4,True,23.6,GHCN-Daily,74.48,0.0,9.480000000000004
2003-07-19,27.2,19.4,True,23.299999999999997,GHCN-Daily,73.94,0.0,8.939999999999998
2003-07-20,27.8,18.9,True,23.35,GHCN-Daily,74.03,0.0,9.030000000000001
2003-07-21,26.7,20.0,True,23.35,GHCN-Daily,74.03,0.0,9.030000000000001
2003-07-22,27.2,20.6,True,23.9,GHCN-Daily,75.02,0.0,10.019999999999996
2003-07-23,25.6,21.1,True,23.35,GHCN-Daily,74.03,0.0,9.030000000000001
2003-07-24,25.6,20.0,True,22.8,GHCN-Daily,73.03999999999999,0.0,8.039999999999992
2003-07-25,28.9,19.4,True,24.15,GHCN-Daily,75.47,0.0,10.469999999999999
2003-07-26,29.4,20.0,True,24.7,GHCN-Daily,76.46000000000001,0.0,11.460000000000008
2003-07-27,31.7,23.3,True,27.5,GHCN-Daily,81.5,0.0,16.5
2003-07-28,29.4,22.8,True,26.1,GHCN-Daily,78.98,0.0,13.980000000000004
2003-07-29,24.4,19.4,True,21.9,GHCN-Daily,71.42,0.0,6.420000000000002
2003-07-30,25.6,18.3,True,21.950000000000003,GHCN-Daily,71.51,0.0,6.510000000000005
2003-07-31,27.2,18.9,True,23.049999999999997,GHCN-Daily,73.49,0.0,8.489999999999995
2003-08-01,25.0,21.1,True,23.05,GHCN-Daily,73.49000000000001,0.0,8.490000000000009
2003-08-02,27.2,21.7,True,24.45,GHCN-Daily,76.00999999999999,0.0,11.009999999999991
2003-08-03,27.2,22.2,True,24.7,GHCN-Daily,76.46000000000001,0.0,11.460000000000008
2003-08-04,27.2,22.2,True,24.7,GHCN-Daily,76.46000000000001,0.0,11.460000000000008
2003-08-05,26.1,21.7,True,23.9,GHCN-Daily,75.02,0.0,10.019999999999996
2003-08-06,26.1,21.1,True,23.6,GHCN-Daily,74.48,0.0,9.480000000000004
2003-08-07,25.6,21.1,True,23.35,GHCN-Daily,74.03,0.0,9.030000000000001
2003-08-08,27.8,22.8,True,25.3,GHCN-Daily,77.53999999999999,0.0,12.539999999999992
2003-08-09,25.0,22.8,True,23.9,GHCN-Daily,75.02,0.0,10.019999999999996
2003-08-10,26.7,22.8,True,24.75,GHCN-Daily,76.55000000000001,0.0,11.550000000000011
2003-08-11,26.7,21.7,True,24.2,GHCN-Daily,75.56,0.0,10.560000000000002
2003-08-12,27.8,22.2,True,25.0,GHCN-Daily,77.0,0.0,12.0
2003-08-13,28.3,21.7,True,25.0,GHCN-Daily,77.0,0.0,12.0
2003-08-14,33.9,24.4,True,29.15,GHCN-Daily,84.47,0.0,19.47
2003-08-15,32.8,23.3,True,28.049999999999997,GHCN-Daily,82.49,0.0,17.489999999999995
2003-08-16,31.7,22.8,True,27.25,GHCN-Daily,81.05000000000001,0.0,16.05000000000001
2003-08-17,27.8,18.3,True,23.05,GHCN-Daily,73.49000000000001,0.0,8.490000000000009
2003-08-18,25.6,17.8,True,21.700000000000003,GHCN-Daily,71.06,0.0,6.060000000000002
2003-08-19,26.7,20.0,True,23.35,GHCN-Daily,74.03,0.0,9.030000000000001
2003-08-20,30.6,21.7,True,26.15,GHCN-Daily,79.07,0.0,14.069999999999993
2003-08-21,30.6,21.7,True,26.15,GHCN-Daily,79.07,0.0,14.069999999999993
2003-08-22,32.8,23.3,True,28.049999999999997,GHCN-Daily,82.49,0.0,17.489999999999995
2003-08-23,30.0,20.0,True,25.0,GHCN-Daily,77.0,0.0,12.0
2003-08-24,26.7,16.7,True,21.7,GHCN-Daily,71.06,0.0,6.060000000000002
2003-08-25,30.0,18.3,True,24.15,GHCN-Daily,75.47,0.0,10.469999999999999
2003-08-26,27.8,21.1,True,24.450000000000003,GHCN-Daily,76.01,0.0,11.010000000000005
2003-08-27,32.2,21.7,True,26.950000000000003,GHCN-Daily,80.51,0.0,15.510000000000005
2003-08-28,27.8,20.6,True,24.200000000000003,GHCN-Daily,75.56,0.0,10.560000000000002
2003-08-29,26.7,19.4,True,23.049999999999997,GHCN-Daily,73.49,0.0,8.489999999999995
2003-08-30,31.1,19.4,True,25.25,GHCN-Daily,77.45,0.0,12.450000000000003
2003-08-31,23.9,16.7,True,20.299999999999997,GHCN-Daily,68.53999999999999,0.0,3.539999999999992
2003-09-01,20.0,17.2,True,18.6,GHCN-Daily,65.48,0.0,0.480000000000004
2003-09-02,17.8,16.1,True,16.950000000000003,GHCN-Daily,62.510000000000005,2.489999999999995,0.0
2003-09-03,21.7,16.7,True,19.2,GHCN-Daily,66.56,0.0,1.5600000000000023
2003-09-04,24.4,21.1,True,22.75,GHCN-Daily,72.95,0.0,7.950000000000003
2003-09-05,26.7,18.3,True,22.5,GHCN-Daily,72.5,0.0,7.5
2003-09-06,25.6,15.6,True,20.6,GHCN-Daily,69.08000000000001,0.0,4.0800000000000125
2003-09-07,26.7,16.1,True,21.4,GHCN-Daily,70.52,0.0,5.519999999999996
2003-09-08,24.4,17.8,True,21.1,GHCN-Daily,69.98,0.0,4.980000000000004
2003-09-09,23.3,15.6,True,19.45,GHCN-Daily,67.00999999999999,0.0,2.009999999999991
2003-09-10,25.0,12.8,True,18.9,GHCN-Daily,66.02,0.0,1.019999999999996
2003-09-11,26.7,16.1,True,21.4,GHCN-Daily,70.52,0.0,5.519999999999996
2003-09-12,24.4,16.1,True,20.25,GHCN-Daily,68.45,0.0,3.450000000000003
2003-09-13,24.4,18.9,True,21.65,GHCN-Daily,70.97,0.0,5.969999999999999
2003-09-14,27.2,22.2,True,24.7,GHCN-Daily,76.46000000000001,0.0,11.460000000000008
2003-09-15,25.6,21.1,True,23.35,GHCN-Daily,74.03,0.0,9.030000000000001
2003-09-16,27.2,17.8,True,22.5,GHCN-Daily,72.5,0.0,7.5
2003-09-17,26.7,15.0,True,20.85,GHCN-Daily,69.53,0.0,4.530000000000001
2003-09-18,22.8,18.3,True,20.55,GHCN-Daily,68.99000000000001,0.0,3.990000000000009
2003-09-19,26.7,21.7,True,24.2,GHCN-Daily,75.56,0.0,10.560000000000002
2003-09-20,26.7,18.9,True,22.799999999999997,GHCN-Daily,73.03999999999999,0.0,8.039999999999992
2003-09-21,26.1,15.6,True,20.85,GHCN-Daily,69.53,0.0,4.530000000000001
2003-09-22,22.8,16.1,True,19.450000000000003,GHCN-Daily,67.01,0.0,2.010000000000005
2003-09-23,23.3,17.2,True,20.25,GHCN-Daily,68.45,0.0,3.450000000000003
2003-09-24,22.8,14.4,True,18.6,GHCN-Daily,65.48,0.0,0.480000000000004
2003-09-25,24.4,18.3,True,21.35,GHCN-Daily,70.43,0.0,5.430000000000007
2003-09-26,23.3,17.2,True,20.25,GHCN-Daily,68.45,0.0,3.450000000000003
2003-09-27,26.1,19.4,True,22.75,GHCN-Daily,72.95,0.0,7.950000000000003
2003-09-28,22.2,14.4,True,18.3,GHCN-Daily,64.94,0.060000000000002274,0.0
2003-09-29,21.1,12.8,True,16.950000000000003,GHCN-Daily,62.510000000000005,2.489999999999995,0.0
2003-09-30,18.3,11.1,True,14.7,GHCN-Daily,58.46,6.539999999999999,0.0
2003-10-01,18.3,12.2,True,15.25,GHCN-Daily,59.45,5.549999999999997,0.0
2003-10-02,16.7,7.2,True,11.95,GHCN-Daily,53.51,11.490000000000002,0.0
2003-10-03,13.9,4.4,True,9.15,GHCN-Daily,48.47,16.53,0.0
2003-10-04,17.8,10.6,True,14.2,GHCN-Daily,57.56,7.439999999999998,0.0
2003-10-05,16.7,8.3,True,12.5,GHCN-Daily,54.5,10.5,0.0
2003-10-06,16.7,5.6,True,11.149999999999999,GHCN-Daily,52.06999999999999,12.930000000000007,0.0
2003-10-07,17.2,5.0,True,11.1,GHCN-Daily,51.980000000000004,13.019999999999996,0.0
2003-10-08,21.1,12.2,True,16.65,GHCN-Daily,61.97,3.030000000000001,0.0
2003-10-09,25.6,13.3,True,19.450000000000003,GHCN-Daily,67.01,0.0,2.010000000000005
2003-10-10,19.4,13.9,True,16.65,GHCN-Daily,61.97,3.030000000000001,0.0
2003-10-11,22.8,12.2,True,17.5,GHCN-Daily,63.5,1.5,0.0
2003-10-12,20.0,13.3,True,16.65,GHCN-Daily,61.97,3.030000000000001,0.0
2003-10-13,22.2,12.8,True,17.5,GHCN-Daily,63.5,1.5,0.0
2003-10-14,20.6,10.0,True,15.3,GHCN-Daily,59.540000000000006,5.459999999999994,0.0
2003-10-15,18.3,11.1,True,14.7,GHCN-Daily,58.46,6.539999999999999,0.0
2003-10-16,19.4,10.0,True,14.7,GHCN-Daily,58.46,6.539999999999999,0.0
2003-10-17,13.9,7.8,True,10.85,GHCN-Daily,51.53,13.469999999999999,0.0
2003-10-18,14.4,6.7,True,10.55,GHCN-Daily,50.99,14.009999999999998,0.0
2003-10-19,15.0,5.0,True,10.0,GHCN-Daily,50.0,15.0,0.0
2003-10-20,14.4,3.3,True,8.85,GHCN-Daily,47.93,17.07,0.0
2003-10-21,22.2,13.9,True,18.05,GHCN-Daily,64.49000000000001,0.5099999999999909,0.0
2003-10-22,13.9,2.8,True,8.35,GHCN-Daily,47.03,17.97,0.0
2003-10-23,8.3,2.8,True,5.550000000000001,GHCN-Daily,41.99,23.009999999999998,0.0
2003-10-24,11.7,2.8,True,7.25,GHCN-Daily,45.05,19.950000000000003,0.0
2003-10-25,15.0,1.1,True,8.05,GHCN-Daily,46.49,18.509999999999998,0.0
2003-10-26,18.3,15.0,True,16.65,GHCN-Daily,61.97,3.030000000000001,0.0
2003-10-27,17.8,11.7,True,14.75,GHCN-Daily,58.55,6.450000000000003,0.0
2003-10-28,14.4,7.2,True,10.8,GHCN-Daily,51.44,13.560000000000002,0.0
2003-10-29,15.6,10.0,True,12.8,GHCN-Daily,55.040000000000006,9.959999999999994,0.0
2003-10-30,16.1,7.2,True,11.65,GHCN-Daily,52.97,12.030000000000001,0.0
2003-10-31,17.8,6.7,True,12.25,GHCN-Daily,54.05,10.950000000000003,0.0
2003-11-01,20.6,11.1,True,15.850000000000001,GHCN-Daily,60.53,4.469999999999999,0.0
2003-11-02,18.3,13.3,True,15.8,GHCN-Daily,60.44,4.560000000000002,0.0
2003-11-03,23.9,12.8,True,18.35,GHCN-Daily,65.03,0.0,0.030000000000001137
2003-11-04,15.6,11.1,True,13.35,GHCN-Daily,56.03,8.969999999999999,0.0
2003-11-05,16.1,11.7,True,13.9,GHCN-Daily,57.019999999999996,7.980000000000004,0.0
2003-11-06,15.6,10.6,True,13.1,GHCN-Daily,55.58,9.420000000000002,0.0
2003-11-07,13.9,9.4,True,11.65,GHCN-Daily,52.97,12.030000000000001,0.0
2003-11-08,11.1,1.1,True,6.1,GHCN-Daily,42.980000000000004,22.019999999999996,0.0
2003-11-09,6.7,-1.7,True,2.5,GHCN-Daily,36.5,28.5,0.0
2003-11-10,8.3,-1.7,True,3.3000000000000003,GHCN-Daily,37.94,27.060000000000002,0.0
2003-11-11,12.2,2.2,True,7.199999999999999,GHCN-Daily,44.96,20.04,0.0
2003-11-12,13.3,10.0,True,11.65,GHCN-Daily,52.97,12.030000000000001,0.0
2003-11-13,13.9,3.3,True,8.6,GHCN-Daily,47.480000000000004,17.519999999999996,0.0
2003-11-14,7.8,1.1,True,4.45,GHCN-Daily,40.01,24.990000000000002,0.0
2003-11-15,9.4,3.3,True,6.35,GHCN-Daily,43.43,21.57,0.0
2003-11-16,10.0,1.1,True,5.55,GHCN-Daily,41.99,23.009999999999998,0.0
2003-11-17,12.8,6.7,True,9.75,GHCN-Daily,49.55,15.450000000000003,0.0
2003-11-18,12.8,7.8,True,10.3,GHCN-Daily,50.540000000000006,14.459999999999994,0.0
2003-11-19,16.7,12.8,True,14.75,GHCN-Daily,58.55,6.450000000000003,0.0
2003-11-20,13.9,6.7,True,10.3,GHCN-Daily,50.540000000000006,14.459999999999994,0.0
2003-11-21,18.3,5.0,True,11.65,GHCN-Daily,52.97,12.030000000000001,0.0
2003-11-22,16.1,6.1,True,11.100000000000001,GHCN-Daily,51.980000000000004,13.019999999999996,0.0
2003-11-23,12.2,3.9,True,8.049999999999999,GHCN-Daily,46.489999999999995,18.510000000000005,0.0
2003-11-24,13.9,3.3,True,8.6,GHCN-Daily,47.480000000000004,17.519999999999996,0.0
2003-11-25,7.8,2.2,True,5.0,GHCN-Daily,41.0,24.0,0.0
2003-11-26,7.8,0.6,True,4.2,GHCN-Daily,39.56,25.439999999999998,0.0
2003-11-27,11.7,2.8,True,7.25,GHCN-Daily,45.05,19.950000000000003,0.0
2003-11-28,16.1,10.6,True,13.350000000000001,GHCN-Daily,56.03,8.969999999999999,0.0
2003-11-29,11.1,3.9,True,7.5,GHCN-Daily,45.5,19.5,0.0
2003-11-30,10.0,3.3,True,6.65,GHCN-Daily,43.97,21.03,0.0
2003-12-01,11.7,2.2,True,6.949999999999999,GHCN-Daily,44.51,20.490000000000002,0.0
2003-12-02,3.3,-5.6,True,-1.15,GHCN-Daily,29.93,35.07,0.0
2003-12-03,-0.6,-6.1,True,-3.3499999999999996,GHCN-Daily,25.97,39.03,0.0
2003-12-04,5.0,-3.3,True,0.8500000000000001,GHCN-Daily,33.53,31.47,0.0
2003-12-05,1.7,-2.2,True,-0.2500000000000001,GHCN-Daily,31.55,33.45,0.0
2003-12-06,0.0,-5.0,True,-2.5,GHCN-Daily,27.5,37.5,0.0
2003-12-07,-1.7,-5.0,True,-3.35,GHCN-Daily,25.97,39.03,0.0
2003-12-08,2.2,-5.6,True,-1.6999999999999997,GHCN-Daily,28.94,36.06,0.0
2003-12-09,2.2,-3.3,True,-0.5499999999999998,GHCN-Daily,31.01,33.989999999999995,0.0
2003-12-10,10.0,0.6,True,5.3,GHCN-Daily,41.54,23.46,0.0
2003-12-11,13.9,4.4,True,9.15,GHCN-Daily,48.47,16.53,0.0
2003-12-12,5.6,1.1,True,3.3499999999999996,GHCN-Daily,38.03,26.97,0.0
2003-12-13,1.7,-1.7,True,0.0,GHCN-Daily,32.0,33.0,0.0
2003-12-14,8.3,-2.2,True,3.0500000000000003,GHCN-Daily,37.49,27.509999999999998,0.0
2003-12-15,7.8,-0.6,True,3.6,GHCN-Daily,38.480000000000004,26.519999999999996,0.0
2003-12-16,7.8,-2.2,True,2.8,GHCN-Daily,37.04,27.96,0.0
2003-12-17,12.2,1.7,True,6.949999999999999,GHCN-Daily,44.51,20.490000000000002,0.0
2003-12-18,2.8,0.0,True,1.4,GHCN-Daily,34.52,30.479999999999997,0.0
2003-12-19,2.2,-1.1,True,0.55,GHCN-Daily,32.99,32.01,0.0
2003-12-20,4.4,-2.8,True,0.8000000000000003,GHCN-Daily,33.44,31.560000000000002,0.0
2003-12-21,3.9,-4.4,True,-0.2500000000000002,GHCN-Daily,31.55,33.45,0.0
2003-12-22,8.9,0.6,True,4.75,GHCN-Daily,40.55,24.450000000000003,0.0
2003-12-23,10.0,5.0,True,7.5,GHCN-Daily,45.5,19.5,0.0
2003-12-24,12.2,6.7,True,9.45,GHCN-Daily,49.01,15.990000000000002,0.0
2003-12-25,7.2,1.1,True,4.15,GHCN-Daily,39.47,25.53,0.0
2003-12-26,5.6,-0.6,True,2.5,GHCN-Daily,36.5,28.5,0.0
2003-12-27,11.1,2.2,True,6.65,GHCN-Daily,43.97,21.03,0.0
2003-12-28,8.9,-0.6,True,4.15,GHCN-Daily,39.47,25.53,0.0
2003-12-29,9.4,-0.6,True,4.4,GHCN-Daily,39.92,25.08,0.0
2003-12-30,12.2,2.8,True,7.5,GHCN-Daily,45.5,19.5,0.0
2003-12-31,7.2,2.2,True,4.7,GHCN-Daily,40.46,24.54,0.0
2004-01-01,7.8,0.6,True,4.2,GHCN-Daily,39.56,25.439999999999998,0.0
2004-01-02,8.9,0.6,True,4.75,GHCN-Daily,40.55,24.450000000000003,0.0
2004-01-03,10.0,4.4,True,7.2,GHCN-Daily,44.96,20.04,0.0
2004-01-04,11.1,3.3,True,7.199999999999999,GHCN-Daily,44.96,20.04,0.0
2004-01-05,4.4,2.8,True,3.6,GHCN-Daily,38.480000000000004,26.519999999999996,0.0
2004-01-06,3.9,-4.4,True,-0.2500000000000002,GHCN-Daily,31.55,33.45,0.0
2004-01-07,-3.3,-7.8,True,-5.55,GHCN-Daily,22.009999999999998,42.99,0.0
2004-01-08,0.0,-5.6,True,-2.8,GHCN-Daily,26.96,38.04,0.0
2004-01-09,-1.7,-14.4,True,-8.05,GHCN-Daily,17.509999999999998,47.49,0.0
2004-01-10,-8.9,-16.7,True,-12.8,GHCN-Daily,8.959999999999997,56.040000000000006,0.0
2004-01-11,-2.8,-14.4,True,-8.6,GHCN-Daily,16.52,48.480000000000004,0.0
2004-01-12,3.3,-3.9,True,-0.30000000000000004,GHCN-Daily,31.46,33.54,0.0
2004-01-13,7.2,-8.3,True,-0.5500000000000003,GHCN-Daily,31.009999999999998,33.99,0.0
2004-01-14,-8.3,-12.2,True,-10.25,GHCN-Daily,13.55,51.45,0.0
2004-01-15,-8.3,-16.7,True,-12.5,GHCN-Daily,9.5,55.5,0.0
2004-01-16,-3.9,-17.2,True,-10.549999999999999,GHCN-Daily,13.010000000000002,51.989999999999995,0.0
2004-01-17,1.7,-7.2,True,-2.75,GHCN-Daily,27.05,37.95,0.0
2004-01-18,1.7,-2.2,True,-0.2500000000000001,GHCN-Daily,31.55,33.45,0.0
2004-01-19,-2.2,-6.7,True,-4.45,GHCN-Daily,23.990000000000002,41.01,0.0
2004-01-20,-2.2,-7.8,True,-5.0,GHCN-Daily,23.0,42.0,0.0
2004-01-21,-2.2,-8.9,True,-5.550000000000001,GHCN-Daily,22.009999999999998,42.99,0.0
2004-01-22,3.3,-7.2,True,-1.9500000000000002,GHCN-Daily,28.49,36.510000000000005,0.0
2004-01-23,-6.7,-10.0,True,-8.35,GHCN-Daily,16.97,48.03,0.0
2004-01-24,-4.4,-12.2,True,-8.3,GHCN-Daily,17.06,47.94,0.0
2004-01-25,-7.2,-13.9,True,-10.55,GHCN-Daily,13.009999999999998,51.99,0.0
2004-01-26,-5.6,-9.4,True,-7.5,GHCN-Daily,18.5,46.5,0.0
2004-01-27,-3.9,-7.2,True,-5.55,GHCN-Daily,22.009999999999998,42.99,0.0
2004-01-28,-1.1,-7.2,True,-4.15,GHCN-Daily,24.53,40.47,0.0
2004-01-29,-2.8,-7.2,True,-5.0,GHCN-Daily,23.0,42.0,0.0
2004-01-30,-4.4,-9.4,True,-6.9,GHCN-Daily,19.58,45.42,0.0
2004-01-31,-2.8,-8.9,True,-5.85,GHCN-Daily,21.47,43.53,0.0
2004-02-01,1.7,-7.8,True,-3.05,GHCN-Daily,26.509999999999998,38.49,0.0
2004-02-02,1.7,-5.0,True,-1.65,GHCN-Daily,29.03,35.97,0.0
2004-02-03,4.4,-5.0,True,-0.2999999999999998,GHCN-Daily,31.46,33.54,0.0
2004-02-04,6.7,0.6,True,3.65,GHCN-Daily,38.57,26.43,0.0
2004-02-05,2.2,-4.4,True,-1.1,GHCN-Daily,30.02,34.980000000000004,0.0
2004-02-06,5.0,-1.7,True,1.65,GHCN-Daily,34.97,30.03,0.0
2004-02-07,6.1,-2.8,True,1.65,GHCN-Daily,34.97,30.03,0.0
2004-02-08,0.0,-6.7,True,-3.35,GHCN-Daily,25.97,39.03,0.0
2004-02-09,7.2,-5.6,True,0.8000000000000003,GHCN-Daily,33.44,31.560000000000002,0.0
2004-02-10,7.8,0.0,True,3.9,GHCN-Daily,39.019999999999996,25.980000000000004,0.0
2004-02-11,5.0,-1.1,True,1.95,GHCN-Daily,35.51,29.490000000000002,0.0
2004-02-12,3.3,-3.3,True,0.0,GHCN-Daily,32.0,33.0,0.0
2004-02-13,6.1,-1.1,True,2.5,GHCN-Daily,36.5,28.5,0.0
2004-02-14,6.1,0.6,True,3.3499999999999996,GHCN-Daily,38.03,26.97,0.0
2004-02-15,1.7,-7.8,True,-3.05,GHCN-Daily,26.509999999999998,38.49,0.0
2004-02-16,0.6,-10.0,True,-4.7,GHCN-Daily,23.54,41.46,0.0
2004-02-17,1.7,-6.7,True,-2.5,GHCN-Daily,27.5,37.5,0.0
2004-02-18,5.6,-1.7,True,1.9499999999999997,GHCN-Daily,35.51,29.490000000000002,0.0
2004-02-19,7.8,-1.7,True,3.05,GHCN-Daily,37.49,27.509999999999998,0.0
2004-02-20,4.4,-2.8,True,0.8000000000000003,GHCN-Daily,33.44,31.560000000000002,0.0
2004-02-21,11.7,1.7,True,6.699999999999999,GHCN-Daily,44.06,20.939999999999998,0.0
2004-02-22,7.2,1.1,True,4.15,GHCN-Daily,39.47,25.53,0.0
2004-02-23,8.3,-1.7,True,3.3000000000000003,GHCN-Daily,37.94,27.060000000000002,0.0
2004-02-24,2.8,-1.7,True,0.5499999999999999,GHCN-Daily,32.99,32.01,0.0
2004-02-25,5.6,-5.6,True,0.0,GHCN-Daily,32.0,33.0,0.0
2004-02-26,6.7,-3.3,True,1.7000000000000002,GHCN-Daily,35.06,29.939999999999998,0.0
2004-02-27,7.2,-2.8,True,2.2,GHCN-Daily,35.96,29.04,0.0
2004-02-28,14.4,-1.7,True,6.3500000000000005,GHCN-Daily,43.43,21.57,0.0
2004-02-29,16.1,0.6,True,8.350000000000001,GHCN-Daily,47.03,17.97,0.0
2004-03-01,14.4,2.2,True,8.3,GHCN-Daily,46.94,18.060000000000002,0.0
2004-03-02,17.2,5.0,True,11.1,GHCN-Daily,51.980000000000004,13.019999999999996,0.0
2004-03-03,15.6,7.8,True,11.7,GHCN-Daily,53.06,11.939999999999998,0.0
2004-03-04,8.9,5.6,True,7.25,GHCN-Daily,45.05,19.950000000000003,0.0
2004-03-05,7.8,6.1,True,6.949999999999999,GHCN-Daily,44.51,20.490000000000002,0.0
2004-03-06,17.2,7.2,True,12.2,GHCN-Daily,53.96,11.04,0.0
2004-03-07,10.6,4.4,True,7.5,GHCN-Daily,45.5,19.5,0.0
2004-03-08,4.4,0.6,True,2.5,GHCN-Daily,36.5,28.5,0.0
2004-03-09,6.7,1.1,True,3.9000000000000004,GHCN-Daily,39.02,25.979999999999997,0.0
2004-03-10,6.7,1.1,True,3.9000000000000004,GHCN-Daily,39.02,25.979999999999997,0.0
2004-03-11,12.8,1.7,True,7.25,GHCN-Daily,45.05,19.950000000000003,0.0
2004-03-12,7.8,1.7,True,4.75,GHCN-Daily,40.55,24.450000000000003,0.0
2004-03-13,7.2,-0.6,True,3.3000000000000003,GHCN-Daily,37.94,27.060000000000002,0.0
2004-03-14,5.0,-2.8,True,1.1,GHCN-Daily,33.98,31.020000000000003,0.0
2004-03-15,15.0,3.3,True,9.15,GHCN-Daily,48.47,16.53,0.0
2004-03-16,6.7,-0.6,True,3.0500000000000003,GHCN-Daily,37.49,27.509999999999998,0.0
2004-03-17,-0.6,-1.7,True,-1.15,GHCN-Daily,29.93,35.07,0.0
2004-03-18,3.3,-2.2,True,0.5499999999999998,GHCN-Daily,32.99,32.01,0.0
2004-03-19,5.0,0.6,True,2.8,GHCN-Daily,37.04,27.96,0.0
2004-03-20,7.2,-2.8,True,2.2,GHCN-Daily,35.96,29.04,0.0
2004-03-21,11.1,-1.1,True,5.0,GHCN-Daily,41.0,24.0,0.0
2004-03-22,2.2,-2.8,True,-0.2999999999999998,GHCN-Daily,31.46,33.54,0.0
2004-03-23,7.8,-5.6,True,1.1,GHCN-Daily,33.98,31.020000000000003,0.0
2004-03-24,11.7,0.6,True,6.1499999999999995,GHCN-Daily,43.07,21.93,0.0
2004-03-25,8.3,6.1,True,7.2,GHCN-Daily,44.96,20.04,0.0
2004-03-26,13.9,6.7,True,10.3,GHCN-Daily,50.540000000000006,14.459999999999994,0.0
2004-03-27,22.2,7.8,True,15.0,GHCN-Daily,59.0,6.0,0.0
2004-03-28,14.4,5.6,True,10.0,GHCN-Daily,50.0,15.0,0.0
2004-03-29,8.9,1.7,True,5.3,GHCN-Daily,41.54,23.46,0.0
2004-03-30,7.2,2.2,True,4.7,GHCN-Daily,40.46,24.54,0.0
2004-03-31,8.9,5.0,True,6.95,GHCN-Daily,44.51,20.490000000000002,0.0
2004-04-01,12.2,6.1,True,9.149999999999999,GHCN-Daily,48.47,16.53,0.0
2004-04-02,10.0,5.6,True,7.8,GHCN-Daily,46.04,18.96,0.0
2004-04-03,10.0,4.4,True,7.2,GHCN-Daily,44.96,20.04,0.0
2004-04-04,12.2,0.6,True,6.3999999999999995,GHCN-Daily,43.519999999999996,21.480000000000004,0.0
2004-04-05,7.8,-0.6,True,3.6,GHCN-Daily,38.480000000000004,26.519999999999996,0.0
2004-04-06,13.3,0.0,True,6.65,GHCN-Daily,43.97,21.03,0.0
2004-04-07,20.0,6.1,True,13.05,GHCN-Daily,55.49,9.509999999999998,0.0
2004-04-08,11.7,4.4,True,8.05,GHCN-Daily,46.49,18.509999999999998,0.0
2004-04-09,17.2,5.0,True,11.1,GHCN-Daily,51.980000000000004,13.019999999999996,0.0
2004-04-10,16.7,5.6,True,11.149999999999999,GHCN-Daily,52.06999999999999,12.930000000000007,0.0
2004-04-11,10.0,6.7,True,8.35,GHCN-Daily,47.03,17.97,0.0
2004-04-12,13.9,5.6,True,9.75,GHCN-Daily,49.55,15.450000000000003,0.0
2004-04-13,13.9,6.1,True,10.0,GHCN-Daily,50.0,15.0,0.0
2004-04-14,13.9,7.2,True,10.55,GHCN-Daily,50.99,14.009999999999998,0.0
2004-04-15,15.0,5.6,True,10.3,GHCN-Daily,50.540000000000006,14.459999999999994,0.0
2004-04-16,17.2,5.0,True,11.1,GHCN-Daily,51.980000000000004,13.019999999999996,0.0
2004-04-17,15.0,5.6,True,10.3,GHCN-Daily,50.540000000000006,14.459999999999994,0.0
2004-04-18,22.8,8.9,True,15.850000000000001,GHCN-Daily,60.53,4.469999999999999,0.0
2004-04-19,24.4,7.2,True,15.799999999999999,GHCN-Daily,60.44,4.560000000000002,0.0
2004-04-20,24.4,10.0,True,17.2,GHCN-Daily,62.96,2.039999999999999,0.0
2004-04-21,13.9,8.9,True,11.4,GHCN-Daily,52.519999999999996,12.480000000000004,0.0
2004-04-22,22.2,10.0,True,16.1,GHCN-Daily,60.980000000000004,4.019999999999996,0.0
2004-04-23,17.2,7.8,True,12.5,GHCN-Daily,54.5,10.5,0.0
2004-04-24,21.1,7.8,True,14.450000000000001,GHCN-Daily,58.010000000000005,6.989999999999995,0.0
2004-04-25,12.2,6.7,True,9.45,GHCN-Daily,49.01,15.990000000000002,0.0
2004-04-26,14.4,8.3,True,11.350000000000001,GHCN-Daily,52.43000000000001,12.569999999999993,0.0
2004-04-27,20.0,10.6,True,15.3,GHCN-Daily,59.540000000000006,5.459999999999994,0.0
2004-04-28,15.0,5.0,True,10.0,GHCN-Daily,50.0,15.0,0.0
2004-04-29,16.1,9.4,True,12.75,GHCN-Daily,54.95,10.049999999999997,0.0
2004-04-30,17.2,10.0,True,13.6,GHCN-Daily,56.480000000000004,8.519999999999996,0.0
2004-05-01,18.3,10.6,True,14.45,GHCN-Daily,58.01,6.990000000000002,0.0
2004-05-02,16.1,12.8,True,14.450000000000001,GHCN-Daily,58.010000000000005,6.989999999999995,0.0
2004-05-03,17.2,7.8,True,12.5,GHCN-Daily,54.5,10.5,0.0
2004-05-04,16.7,6.1,True,11.399999999999999,GHCN-Daily,52.519999999999996,12.480000000000004,0.0
2004-05-05,15.6,7.2,True,11.4,GHCN-Daily,52.519999999999996,12.480000000000004,0.0
2004-05-06,18.3,9.4,True,13.850000000000001,GHCN-Daily,56.93000000000001,8.069999999999993,0.0
2004-05-07,27.8,10.6,True,19.2,GHCN-Daily,66.56,0.0,1.5600000000000023
2004-05-08,16.7,9.4,True,13.05,GHCN-Daily,55.49,9.509999999999998,0.0
2004-05-09,18.3,9.4,True,13.850000000000001,GHCN-Daily,56.93000000000001,8.069999999999993,0.0
2004-05-10,19.4,11.7,True,15.549999999999999,GHCN-Daily,59.989999999999995,5.010000000000005,0.0
2004-05-11,25.0,14.4,True,19.7,GHCN-Daily,67.46000000000001,0.0,2.460000000000008
2004-05-12,27.8,16.1,True,21.950000000000003,GHCN-Daily,71.51,0.0,6.510000000000005
2004-05-13,27.8,13.3,True,20.55,GHCN-Daily,68.99000000000001,0.0,3.990000000000009
2004-05-14,18.3,12.2,True,15.25,GHCN-Daily,59.45,5.549999999999997,0.0
2004-05-15,25.6,15.0,True,20.3,GHCN-Daily,68.53999999999999,0.0,3.539999999999992
2004-05-16,25.6,17.8,True,21.700000000000003,GHCN-Daily,71.06,0.0,6.060000000000002
2004-05-17,20.0,13.9,True,16.95,GHCN-Daily,62.51,2.490000000000002,0.0
2004-05-18,22.8,15.0,True,18.9,GHCN-Daily,66.02,0.0,1.019999999999996
2004-05-19,22.8,14.4,True,18.6,GHCN-Daily,65.48,0.0,0.480000000000004
2004-05-20,20.6,13.9,True,17.25,GHCN-Daily,63.05,1.9500000000000028,0.0
2004-05-21,23.3,15.6,True,19.45,GHCN-Daily,67.00999999999999,0.0,2.009999999999991
2004-05-22,24.4,14.4,True,19.4,GHCN-Daily,66.92,0.0,1.9200000000000017
2004-05-23,26.7,14.4,True,20.55,GHCN-Daily,68.99000000000001,0.0,3.990000000000009
2004-05-24,22.8,16.1,True,19.450000000000003,GHCN-Daily,67.01,0.0,2.010000000000005
2004-05-25,20.6,12.8,True,16.700000000000003,GHCN-Daily,62.06,2.9399999999999977,0.0
2004-05-26,16.1,12.2,True,14.15,GHCN-Daily,57.47,7.530000000000001,0.0
2004-05-27,22.2,13.3,True,17.75,GHCN-Daily,63.95,1.0499999999999972,0.0
2004-05-28,25.0,15.6,True,20.3,GHCN-Daily,68.53999999999999,0.0,3.539999999999992
2004-05-29,20.0,12.8,True,16.4,GHCN-Daily,61.519999999999996,3.480000000000004,0.0
2004-05-30,21.7,11.7,True,16.7,GHCN-Daily,62.06,2.9399999999999977,0.0
2004-05-31,20.0,14.4,True,17.2,GHCN-Daily,62.96,2.039999999999999,0.0
2004-06-01,18.3,12.8,True,15.55,GHCN-Daily,59.99,5.009999999999998,0.0
2004-06-02,25.0,14.4,True,19.7,GHCN-Daily,67.46000000000001,0.0,2.460000000000008
2004-06-03,24.4,16.7,True,20.549999999999997,GHCN-Daily,68.99,0.0,3.989999999999995
2004-06-04,22.2,13.9,True,18.05,GHCN-Daily,64.49000000000001,0.5099999999999909,0.0
2004-06-05,20.0,15.0,True,17.5,GHCN-Daily,63.5,1.5,0.0
2004-06-06,15.6,12.8,True,14.2,GHCN-Daily,57.56,7.439999999999998,0.0
2004-06-07,22.2,15.0,True,18.6,GHCN-Daily,65.48,0.0,0.480000000000004
2004-06-08,28.9,17.8,True,23.35,GHCN-Daily,74.03,0.0,9.030000000000001
2004-06-09,32.8,19.4,True,26.099999999999998,GHCN-Daily,78.97999999999999,0.0,13.97999999999999
2004-06-10,28.3,17.2,True,22.75,GHCN-Daily,72.95,0.0,7.950000000000003
2004-06-11,21.1,15.0,True,18.05,GHCN-Daily,64.49000000000001,0.5099999999999909,0.0
2004-06-12,22.8,12.2,True,17.5,GHCN-Daily,63.5,1.5,0.0
2004-06-13,22.8,14.4,True,18.6,GHCN-Daily,65.48,0.0,0.480000000000004
2004-06-14,23.9,17.8,True,20.85,GHCN-Daily,69.53,0.0,4.530000000000001
2004-06-15,30.6,18.9,True,24.75,GHCN-Daily,76.55000000000001,0.0,11.550000000000011
2004-06-16,30.0,21.1,True,25.55,GHCN-Daily,77.99000000000001,0.0,12.990000000000009
2004-06-17,28.9,20.6,True,24.75,GHCN-Daily,76.55000000000001,0.0,11.550000000000011
2004-06-18,30.6,21.7,True,26.15,GHCN-Daily,79.07,0.0,14.069999999999993
2004-06-19,28.9,17.8,True,23.35,GHCN-Daily,74.03,0.0,9.030000000000001
2004-06-20,23.3,14.4,True,18.85,GHCN-Daily,65.93,0.0,0.9300000000000068
2004-06-21,25.6,15.6,True,20.6,GHCN-Daily,69.08000000000001,0.0,4.0800000000000125
2004-06-22,22.8,18.3,True,20.55,GHCN-Daily,68.99000000000001,0.0,3.990000000000009
2004-06-23,27.2,19.4,True,23.299999999999997,GHCN-Daily,73.94,0.0,8.939999999999998
2004-06-24,26.1,17.8,True,21.950000000000003,GHCN-Daily,71.51,0.0,6.510000000000005
2004-06-25,25.6,18.9,True,22.25,GHCN-Daily,72.05000000000001,0.0,7.050000000000011
2004-06-26,27.2,19.4,True,23.299999999999997,GHCN-Daily,73.94,0.0,8.939999999999998
2004-06-27,26.1,16.1,True,21.1,GHCN-Daily,69.98,0.0,4.980000000000004
2004-06-28,27.2,16.1,True,21.65,GHCN-Daily,70.97,0.0,5.969999999999999
2004-06-29,26.1,17.2,True,21.65,GHCN-Daily,70.97,0.0,5.969999999999999
2004-06-30,26.7,17.2,True,21.95,GHCN-Daily,71.50999999999999,0.0,6.509999999999991
2004-07-01,26.1,18.3,True,22.200000000000003,GHCN-Daily,71.96000000000001,0.0,6.960000000000008
2004-07-02,27.8,19.4,True,23.6,GHCN-Daily,74.48,0.0,9.480000000000004
2004-07-03,27.8,19.4,True,23.6,GHCN-Daily,74.48,0.0,9.480000000000004
2004-07-04,26.1,18.9,True,22.5,GHCN-Daily,72.5,0.0,7.5
2004-07-05,27.8,21.7,True,24.75,GHCN-Daily,76.55000000000001,0.0,11.550000000000011
2004-07-06,28.3,21.1,True,24.700000000000003,GHCN-Daily,76.46000000000001,0.0,11.460000000000008
2004-07-07,27.2,19.4,True,23.299999999999997,GHCN-Daily,73.94,0.0,8.939999999999998
2004-07-08,30.0,22.8,True,26.4,GHCN-Daily,79.52,0.0,14.519999999999996
2004-07-09,27.2,20.6,True,23.9,GHCN-Daily,75.02,0.0,10.019999999999996
2004-07-10,29.4,18.9,True,24.15,GHCN-Daily,75.47,0.0,10.469999999999999
2004-07-11,28.9,20.6,True,24.75,GHCN-Daily,76.55000000000001,0.0,11.550000000000011
2004-07-12,22.8,18.3,True,20.55,GHCN-Daily,68.99000000000001,0.0,3.990000000000009
2004-07-13,20.6,17.8,True,19.200000000000003,GHCN-Daily,66.56,0.0,1.5600000000000023
2004-07-14,23.9,18.9,True,21.4,GHCN-Daily,70.52,0.0,5.519999999999996
2004-07-15,27.8,19.4,True,23.6,GHCN-Daily,74.48,0.0,9.480000000000004
2004-07-16,27.2,19.4,True,23.299999999999997,GHCN-Daily,73.94,0.0,8.939999999999998
2004-07-17,29.4,20.0,True,24.7,GHCN-Daily,76.46000000000001,0.0,11.460000000000008
2004-07-18,25.6,21.7,True,23.65,GHCN-Daily,74.57,0.0,9.569999999999993
2004-07-19,27.2,21.1,True,24.15,GHCN-Daily,75.47,0.0,10.469999999999999
2004-07-20,29.4,21.1,True,25.25,GHCN-Daily,77.45,0.0,12.450000000000003
2004-07-21,30.0,21.1,True,25.55,GHCN-Daily,77.99000000000001,0.0,12.990000000000009
2004-07-22,28.9,21.7,True,25.299999999999997,GHCN-Daily,77.53999999999999,0.0,12.539999999999992
2004-07-23,26.7,22.2,True,24.45,GHCN-Daily,76.00999999999999,0.0,11.009999999999991
2004-07-24,23.3,19.4,True,21.35,GHCN-Daily,70.43,0.0,5.430000000000007
2004-07-25,25.0,19.4,True,22.2,GHCN-Daily,71.96000000000001,0.0,6.960000000000008
2004-07-26,26.7,17.2,True,21.95,GHCN-Daily,71.50999999999999,0.0,6.509999999999991
2004-07-27,23.3,19.4,True,21.35,GHCN-Daily,70.43,0.0,5.430000000000007
2004-07-28,23.9,20.6,True,22.25,GHCN-Daily,72.05000000000001,0.0,7.050000000000011
2004-07-29,28.3,20.0,True,24.15,GHCN-Daily,75.47,0.0,10.469999999999999
2004-07-30,27.8,20.6,True,24.200000000000003,GHCN-Daily,75.56,0.0,10.560000000000002
2004-07-31,28.3,23.3,True,25.8,GHCN-Daily,78.44,0.0,13.439999999999998
2004-08-01,26.1,23.3,True,24.700000000000003,GHCN-Daily,76.46000000000001,0.0,11.460000000000008
2004-08-02,28.3,22.8,True,25.55,GHCN-Daily,77.99000000000001,0.0,12.990000000000009
2004-08-03,27.8,22.8,True,25.3,GHCN-Daily,77.53999999999999,0.0,12.539999999999992
2004-08-04,30.6,22.2,True,26.4,GHCN-Daily,79.52,0.0,14.519999999999996
2004-08-05,25.6,18.9,True,22.25,GHCN-Daily,72.05000000000001,0.0,7.050000000000011
2004-08-06,23.3,16.7,True,20.0,GHCN-Daily,68.0,0.0,3.0
2004-08-07,22.8,15.0,True,18.9,GHCN-Daily,66.02,0.0,1.019999999999996
2004-08-08,26.7,15.0,True,20.85,GHCN-Daily,69.53,0.0,4.530000000000001
2004-08-09,27.2,18.3,True,22.75,GHCN-Daily,72.95,0.0,7.950000000000003
2004-08-10,27.2,19.4,True,23.299999999999997,GHCN-Daily,73.94,0.0,8.939999999999998
2004-08-11,27.2,20.6,True,23.9,GHCN-Daily,75.02,0.0,10.019999999999996
2004-08-12,26.7,21.7,True,24.2,GHCN-Daily,75.56,0.0,10.560000000000002
2004-08-13,26.1,22.2,True,24.15,GHCN-Daily,75.47,0.0,10.469999999999999
2004-08-14,25.0,19.4,True,22.2,GHCN-Daily,71.96000000000001,0.0,6.960000000000008
2004-08-15,23.3,20.0,True,21.65,GHCN-Daily,70.97,0.0,5.969999999999999
2004-08-16,22.8,20.0,True,21.4,GHCN-Daily,70.52,0.0,5.519999999999996
2004-08-17,24.4,17.2,True,20.799999999999997,GHCN-Daily,69.44,0.0,4.439999999999998
2004-08-18,25.6,18.9,True,22.25,GHCN-Daily,72.05000000000001,0.0,7.050000000000011
2004-08-19,28.9,22.2,True,25.549999999999997,GHCN-Daily,77.99,0.0,12.989999999999995
2004-08-20,29.4,22.8,True,26.1,GHCN-Daily,78.98,0.0,13.980000000000004
2004-08-21,27.2,18.3,True,22.75,GHCN-Daily,72.95,0.0,7.950000000000003
2004-08-22,24.4,15.0,True,19.7,GHCN-Daily,67.46000000000001,0.0,2.460000000000008
2004-08-23,26.1,16.7,True,21.4,GHCN-Daily,70.52,0.0,5.519999999999996
2004-08-24,26.1,18.9,True,22.5,GHCN-Daily,72.5,0.0,7.5
2004-08-25,23.9,17.2,True,20.549999999999997,GHCN-Daily,68.99,0.0,3.989999999999995
2004-08-26,23.9,15.6,True,19.75,GHCN-Daily,67.55000000000001,0.0,2.5500000000000114
2004-08-27,26.7,20.0,True,23.35,GHCN-Daily,74.03,0.0,9.030000000000001
2004-08-28,28.9,21.7,True,25.299999999999997,GHCN-Daily,77.53999999999999,0.0,12.539999999999992
2004-08-29,28.3,21.7,True,25.0,GHCN-Daily,77.0,0.0,12.0
2004-08-30,29.4,22.8,True,26.1,GHCN-Daily,78.98,0.0,13.980000000000004
2004-08-31,29.4,21.7,True,25.549999999999997,GHCN-Daily,77.99,0.0,12.989999999999995
2004-09-01,28.3,17.8,True,23.05,GHCN-Daily,73.49000000000001,0.0,8.490000000000009
2004-09-02,26.1,18.9,True,22.5,GHCN-Daily,72.5,0.0,7.5
2004-09-03,25.6,16.7,True,21.15,GHCN-Daily,70.07,0.0,5.069999999999993
2004-09-04,27.8,20.6,True,24.200000000000003,GHCN-Daily,75.56,0.0,10.560000000000002
2004-09-05,22.2,16.1,True,19.15,GHCN-Daily,66.47,0.0,1.4699999999999989
2004-09-06,23.3,13.9,True,18.6,GHCN-Daily,65.48,0.0,0.480000000000004
2004-09-07,26.1,19.4,True,22.75,GHCN-Daily,72.95,0.0,7.950000000000003
2004-09-08,24.4,20.0,True,22.2,GHCN-Daily,71.96000000000001,0.0,6.960000000000008
2004-09-09,27.2,21.1,True,24.15,GHCN-Daily,75.47,0.0,10.469999999999999
2004-09-10,27.8,19.4,True,23.6,GHCN-Daily,74.48,0.0,9.480000000000004
2004-09-11,23.9,16.7,True,20.299999999999997,GHCN-Daily,68.53999999999999,0.0,3.539999999999992
2004-09-12,25.0,15.0,True,20.0,GHCN-Daily,68.0,0.0,3.0
2004-09-13,28.3,18.3,True,23.3,GHCN-Daily,73.94,0.0,8.939999999999998
2004-09-14,22.2,17.8,True,20.0,GHCN-Daily,68.0,0.0,3.0
2004-09-15,22.8,15.6,True,19.2,GHCN-Daily,66.56,0.0,1.5600000000000023
2004-09-16,26.7,18.9,True,22.799999999999997,GHCN-Daily,73.03999999999999,0.0,8.039999999999992
2004-09-17,25.0,20.0,True,22.5,GHCN-Daily,72.5,0.0,7.5
2004-09-18,24.4,13.3,True,18.85,GHCN-Daily,65.93,0.0,0.9300000000000068
2004-09-19,18.9,11.1,True,15.0,GHCN-Daily,59.0,6.0,0.0
2004-09-20,22.2,10.6,True,16.4,GHCN-Daily,61.519999999999996,3.480000000000004,0.0
2004-09-21,28.3,14.4,True,21.35,GHCN-Daily,70.43,0.0,5.430000000000007
2004-09-22,29.4,14.4,True,21.9,GHCN-Daily,71.42,0.0,6.420000000000002
2004-09-23,28.3,18.3,True,23.3,GHCN-Daily,73.94,0.0,8.939999999999998
2004-09-24,22.8,16.1,True,19.450000000000003,GHCN-Daily,67.01,0.0,2.010000000000005
2004-09-25,23.3,15.6,True,19.45,GHCN-Daily,67.00999999999999,0.0,2.009999999999991
2004-09-26,26.7,18.3,True,22.5,GHCN-Daily,72.5,0.0,7.5
2004-09-27,23.9,16.7,True,20.299999999999997,GHCN-Daily,68.53999999999999,0.0,3.539999999999992
2004-09-28,23.3,18.3,True,20.8,GHCN-Daily,69.44,0.0,4.439999999999998
2004-09-29,19.4,16.1,True,17.75,GHCN-Daily,63.95,1.0499999999999972,0.0
2004-09-30,20.0,13.9,True,16.95,GHCN-Daily,62.51,2.490000000000002,0.0
2004-10-01,23.3,12.8,True,18.05,GHCN-Daily,64.49000000000001,0.5099999999999909,0.0
2004-10-02,20.6,12.8,True,16.700000000000003,GHCN-Daily,62.06,2.9399999999999977,0.0
2004-10-03,20.6,11.7,True,16.15,GHCN-Daily,61.06999999999999,3.930000000000007,0.0
2004-10-04,21.1,11.1,True,16.1,GHCN-Daily,60.980000000000004,4.019999999999996,0.0
2004-10-05,16.1,8.3,True,12.200000000000001,GHCN-Daily,53.96,11.04,0.0
2004-10-06,17.8,6.7,True,12.25,GHCN-Daily,54.05,10.950000000000003,0.0
2004-10-07,21.7,11.1,True,16.4,GHCN-Daily,61.519999999999996,3.480000000000004,0.0
2004-10-08,22.8,11.7,True,17.25,GHCN-Daily,63.05,1.9500000000000028,0.0
2004-10-09,20.6,14.4,True,17.5,GHCN-Daily,63.5,1.5,0.0
2004-10-10,20.6,11.1,True,15.850000000000001,GHCN-Daily,60.53,4.469999999999999,0.0
2004-10-11,16.7,8.9,True,12.8,GHCN-Daily,55.040000000000006,9.959999999999994,0.0
2004-10-12,19.4,8.3,True,13.85,GHCN-Daily,56.93,8.07,0.0
2004-10-13,18.9,7.8,True,13.35,GHCN-Daily,56.03,8.969999999999999,0.0
2004-10-14,17.2,10.6,True,13.899999999999999,GHCN-Daily,57.019999999999996,7.980000000000004,0.0
2004-10-15,18.3,12.8,True,15.55,GHCN-Daily,59.99,5.009999999999998,0.0
2004-10-16,17.2,8.9,True,13.05,GHCN-Daily,55.49,9.509999999999998,0.0
2004-10-17,13.3,8.3,True,10.8,GHCN-Daily,51.44,13.560000000000002,0.0
2004-10-18,15.0,7.8,True,11.4,GHCN-Daily,52.519999999999996,12.480000000000004,0.0
2004-10-19,11.7,9.4,True,10.55,GHCN-Daily,50.99,14.009999999999998,0.0
2004-10-20,13.9,10.0,True,11.95,GHCN-Daily,53.51,11.490000000000002,0.0
2004-10-21,13.3,9.4,True,11.350000000000001,GHCN-Daily,52.43000000000001,12.569999999999993,0.0
2004-10-22,15.0,9.4,True,12.2,GHCN-Daily,53.96,11.04,0.0
2004-10-23,13.3,7.2,True,10.25,GHCN-Daily,50.45,14.549999999999997,0.0
2004-10-24,12.2,9.4,True,10.8,GHCN-Daily,51.44,13.560000000000002,0.0
2004-10-25,13.9,8.3,True,11.100000000000001,GHCN-Daily,51.980000000000004,13.019999999999996,0.0
2004-10-26,16.7,11.1,True,13.899999999999999,GHCN-Daily,57.019999999999996,7.980000000000004,0.0
2004-10-27,16.7,10.0,True,13.35,GHCN-Daily,56.03,8.969999999999999,0.0
2004-10-28,14.4,7.2,True,10.8,GHCN-Daily,51.44,13.560000000000002,0.0
2004-10-29,14.4,8.3,True,11.350000000000001,GHCN-Daily,52.43000000000001,12.569999999999993,0.0
2004-10-30,15.6,13.3,True,14.45,GHCN-Daily,58.01,6.990000000000002,0.0
2004-10-31,23.3,14.4,True,18.85,GHCN-Daily,65.93,0.0,0.9300000000000068
2004-11-01,16.7,9.4,True,13.05,GHCN-Daily,55.49,9.509999999999998,0.0
2004-11-02,15.6,7.2,True,11.4,GHCN-Daily,52.519999999999996,12.480000000000004,0.0
2004-11-03,16.1,6.7,True,11.4,GHCN-Daily,52.519999999999996,12.480000000000004,0.0
2004-11-04,11.7,2.8,True,7.25,GHCN-Daily,45.05,19.950000000000003,0.0
2004-11-05,13.3,7.2,True,10.25,GHCN-Daily,50.45,14.549999999999997,0.0
2004-11-06,15.6,6.7,True,11.15,GHCN-Daily,52.07,12.93,0.0
2004-11-07,17.8,7.2,True,12.5,GHCN-Daily,54.5,10.5,0.0
2004-11-08,14.4,3.3,True,8.85,GHCN-Daily,47.93,17.07,0.0
2004-11-09,6.7,-0.6,True,3.0500000000000003,GHCN-Daily,37.49,27.509999999999998,0.0
2004-11-10,7.2,-2.2,True,2.5,GHCN-Daily,36.5,28.5,0.0
2004-11-11,13.9,6.7,True,10.3,GHCN-Daily,50.540000000000006,14.459999999999994,0.0
2004-11-12,8.9,3.3,True,6.1,GHCN-Daily,42.980000000000004,22.019999999999996,0.0
2004-11-13,7.2,1.1,True,4.15,GHCN-Daily,39.47,25.53,0.0
2004-11-14,10.0,-1.1,True,4.45,GHCN-Daily,40.01,24.990000000000002,0.0
2004-11-15,15.6,3.3,True,9.45,GHCN-Daily,49.01,15.990000000000002,0.0
2004-11-16,13.3,3.3,True,8.3,GHCN-Daily,46.94,18.060000000000002,0.0
2004-11-17,13.9,3.3,True,8.6,GHCN-Daily,47.480000000000004,17.519999999999996,0.0
2004-11-18,12.2,3.9,True,8.049999999999999,GHCN-Daily,46.489999999999995,18.510000000000005,0.0
2004-11-19,17.2,10.0,True,13.6,GHCN-Daily,56.480000000000004,8.519999999999996,0.0
2004-11-20,12.2,7.8,True,10.0,GHCN-Daily,50.0,15.0,0.0
2004-11-21,12.2,9.4,True,10.8,GHCN-Daily,51.44,13.560000000000002,0.0
2004-11-22,12.8,9.4,True,11.100000000000001,GHCN-Daily,51.980000000000004,13.019999999999996,0.0
2004-11-23,12.2,8.3,True,10.25,GHCN-Daily,50.45,14.549999999999997,0.0
2004-11-24,15.0,9.4,True,12.2,GHCN-Daily,53.96,11.04,0.0
2004-11-25,18.9,2.2,True,10.549999999999999,GHCN-Daily,50.989999999999995,14.010000000000005,0.0
2004-11-26,7.8,0.6,True,4.2,GHCN-Daily,39.56,25.439999999999998,0.0
2004-11-27,11.7,2.8,True,7.25,GHCN-Daily,45.05,19.950000000000003,0.0
2004-11-28,16.1,7.8,True,11.950000000000001,GHCN-Daily,53.510000000000005,11.489999999999995,0.0
2004-11-29,11.1,4.4,True,7.75,GHCN-Daily,45.95,19.049999999999997,0.0
2004-11-30,10.0,2.2,True,6.1,GHCN-Daily,42.980000000000004,22.019999999999996,0.0
2004-12-01,13.3,7.2,True,10.25,GHCN-Daily,50.45,14.549999999999997,0.0
2004-12-02,8.3,1.7,True,5.0,GHCN-Daily,41.0,24.0,0.0
2004-12-03,9.4,0.0,True,4.7,GHCN-Daily,40.46,24.54,0.0
2004-12-04,7.2,-1.1,True,3.05,GHCN-Daily,37.49,27.509999999999998,0.0
2004-12-05,12.8,2.2,True,7.5,GHCN-Daily,45.5,19.5,0.0
2004-12-06,6.1,0.0,True,3.05,GHCN-Daily,37.49,27.509999999999998,0.0
2004-12-07,12.2,3.9,True,8.049999999999999,GHCN-Daily,46.489999999999995,18.510000000000005,0.0
2004-12-08,16.1,7.2,True,11.65,GHCN-Daily,52.97,12.030000000000001,0.0
2004-12-09,8.9,2.8,True,5.85,GHCN-Daily,42.53,22.47,0.0
2004-12-10,9.4,7.8,True,8.6,GHCN-Daily,47.480000000000004,17.519999999999996,0.0
2004-12-11,10.6,5.6,True,8.1,GHCN-Daily,46.58,18.42,0.0
2004-12-12,7.8,5.6,True,6.699999999999999,GHCN-Daily,44.06,20.939999999999998,0.0
2004-12-13,8.3,2.2,True,5.25,GHCN-Daily,41.45,23.549999999999997,0.0
2004-12-14,3.3,-3.3,True,0.0,GHCN-Daily,32.0,33.0,0.0
2004-12-15,0.6,-5.6,True,-2.5,GHCN-Daily,27.5,37.5,0.0
2004-12-16,6.1,-3.3,True,1.4,GHCN-Daily,34.52,30.479999999999997,0.0
2004-12-17,8.9,-1.1,True,3.9000000000000004,GHCN-Daily,39.02,25.979999999999997,0.0
2004-12-18,7.8,-3.9,True,1.95,GHCN-Daily,35.51,29.490000000000002,0.0
2004-12-19,7.2,-6.1,True,0.5500000000000003,GHCN-Daily,32.99,32.01,0.0
2004-12-20,-6.1,-11.1,True,-8.6,GHCN-Daily,16.52,48.480000000000004,0.0
2004-12-21,2.2,-11.1,True,-4.449999999999999,GHCN-Daily,23.990000000000002,41.01,0.0
2004-12-22,10.0,-3.3,True,3.35,GHCN-Daily,38.03,26.97,0.0
2004-12-23,13.9,5.6,True,9.75,GHCN-Daily,49.55,15.450000000000003,0.0
2004-12-24,5.6,-1.7,True,1.9499999999999997,GHCN-Daily,35.51,29.490000000000002,0.0
2004-12-25,1.1,-4.4,True,-1.6500000000000001,GHCN-Daily,29.03,35.97,0.0
2004-12-26,0.6,-3.9,True,-1.65,GHCN-Daily,29.03,35.97,0.0
2004-12-27,-2.2,-7.8,True,-5.0,GHCN-Daily,23.0,42.0,0.0
2004-12-28,-0.6,-8.9,True,-4.75,GHCN-Daily,23.45,41.55,0.0
2004-12-29,6.7,-1.1,True,2.8,GHCN-Daily,37.04,27.96,0.0
2004-12-30,8.3,0.6,True,4.45,GHCN-Daily,40.01,24.990000000000002,0.0
2004-12-31,9.4,1.7,True,5.55,GHCN-Daily,41.99,23.009999999999998,0.0
2005-01-01,16.1,3.3,True,9.700000000000001,GHCN-Daily,49.46,15.54,0.0
2005-01-02,7.8,0.0,True,3.9,GHCN-Daily,39.019999999999996,25.980000000000004,0.0
2005-01-03,11.7,7.2,True,9.45,GHCN-Daily,49.01,15.990000000000002,0.0
2005-01-04,10.0,5.0,True,7.5,GHCN-Daily,45.5,19.5,0.0
2005-01-05,8.3,1.1,True,4.7,GHCN-Daily,40.46,24.54,0.0
2005-01-06,5.0,0.6,True,2.8,GHCN-Daily,37.04,27.96,0.0
2005-01-07,5.6,1.1,True,3.3499999999999996,GHCN-Daily,38.03,26.97,0.0
2005-01-08,5.0,1.7,True,3.35,GHCN-Daily,38.03,26.97,0.0
2005-01-09,3.9,0.0,True,1.95,GHCN-Daily,35.51,29.490000000000002,0.0
2005-01-10,8.9,3.3,True,6.1,GHCN-Daily,42.980000000000004,22.019999999999996,0.0
2005-01-11,4.4,1.7,True,3.0500000000000003,GHCN-Daily,37.49,27.509999999999998,0.0
2005-01-12,5.6,1.7,True,3.65,GHCN-Daily,38.57,26.43,0.0
2005-01-13,12.2,3.9,True,8.049999999999999,GHCN-Daily,46.489999999999995,18.510000000000005,0.0
2005-01-14,13.3,1.1,True,7.2,GHCN-Daily,44.96,20.04,0.0
2005-01-15,1.1,-3.3,True,-1.0999999999999999,GHCN-Daily,30.02,34.980000000000004,0.0
2005-01-16,-0.6,-2.2,True,-1.4000000000000001,GHCN-Daily,29.48,35.519999999999996,0.0
2005-01-17,-2.2,-7.8,True,-5.0,GHCN-Daily,23.0,42.0,0.0
2005-01-18,-7.2,-13.3,True,-10.25,GHCN-Daily,13.55,51.45,0.0
2005-01-19,-2.8,-12.8,True,-7.800000000000001,GHCN-Daily,17.96,47.04,0.0
2005-01-20,-0.6,-6.1,True,-3.3499999999999996,GHCN-Daily,25.97,39.03,0.0
2005-01-21,-6.1,-12.2,True,-9.149999999999999,GHCN-Daily,15.530000000000001,49.47,0.0
2005-01-22,-1.7,-14.4,True,-8.05,GHCN-Daily,17.509999999999998,47.49,0.0
2005-01-23,-3.9,-13.3,True,-8.6,GHCN-Daily,16.52,48.480000000000004,0.0
2005-01-24,-5.6,-14.4,True,-10.0,GHCN-Daily,14.0,51.0,0.0
2005-01-25,0.6,-7.8,True,-3.6,GHCN-Daily,25.52,39.480000000000004,0.0
2005-01-26,2.8,-7.8,True,-2.5,GHCN-Daily,27.5,37.5,0.0
2005-01-27,-7.8,-12.8,True,-10.3,GHCN-Daily,13.459999999999997,51.540000000000006,0.0
2005-01-28,-5.6,-14.4,True,-10.0,GHCN-Daily,14.0,51.0,0.0
2005-01-29,-1.1,-12.2,True,-6.6499999999999995,GHCN-Daily,20.03,44.97,0.0
2005-01-30,3.3,-4.4,True,-0.5500000000000003,GHCN-Daily,31.009999999999998,33.99,0.0
2005-01-31,2.2,-5.0,True,-1.4,GHCN-Daily,29.48,35.519999999999996,0.0
2005-02-01,2.2,-7.8,True,-2.8,GHCN-Daily,26.96,38.04,0.0
2005-02-02,5.0,-7.2,True,-1.1,GHCN-Daily,30.02,34.980000000000004,0.0
2005-02-03,5.0,-4.4,True,0.2999999999999998,GHCN-Daily,32.54,32.46,0.0
2005-02-04,6.1,0.6,True,3.3499999999999996,GHCN-Daily,38.03,26.97,0.0
2005-02-05,11.7,1.1,True,6.3999999999999995,GHCN-Daily,43.519999999999996,21.480000000000004,0.0
2005-02-06,11.1,1.1,True,6.1,GHCN-Daily,42.980000000000004,22.019999999999996,0.0
2005-02-07,9.4,-1.1,True,4.15,GHCN-Daily,39.47,25.53,0.0
2005-02-08,10.0,0.0,True,5.0,GHCN-Daily,41.0,24.0,0.0
2005-02-09,11.7,1.7,True,6.699999999999999,GHCN-Daily,44.06,20.939999999999998,0.0
2005-02-10,7.2,-0.6,True,3.3000000000000003,GHCN-Daily,37.94,27.060000000000002,0.0
2005-02-11,5.0,-1.1,True,1.95,GHCN-Daily,35.51,29.490000000000002,0.0
2005-02-12,6.7,-1.1,True,2.8,GHCN-Daily,37.04,27.96,0.0
2005-02-13,5.6,0.6,True,3.0999999999999996,GHCN-Daily,37.58,27.42,0.0
2005-02-14,8.9,-1.1,True,3.9000000000000004,GHCN-Daily,39.02,25.979999999999997,0.0
2005-02-15,12.8,3.3,True,8.05,GHCN-Daily,46.49,18.509999999999998,0.0
2005-02-16,10.0,1.7,True,5.85,GHCN-Daily,42.53,22.47,0.0
2005-02-17,4.4,-0.6,True,1.9000000000000001,GHCN-Daily,35.42,29.58,0.0
2005-02-18,0.6,-7.8,True,-3.6,GHCN-Daily,25.52,39.480000000000004,0.0
2005-02-19,0.0,-8.9,True,-4.45,GHCN-Daily,23.990000000000002,41.01,0.0
2005-02-20,3.3,-2.2,True,0.5499999999999998,GHCN-Daily,32.99,32.01,0.0
2005-02-21,2.8,-1.7,True,0.5499999999999999,GHCN-Daily,32.99,32.01,0.0
2005-02-22,6.1,0.0,True,3.05,GHCN-Daily,37.49,27.509999999999998,0.0
2005-02-23,5.0,-1.1,True,1.95,GHCN-Daily,35.51,29.490000000000002,0.0
2005-02-24,-0.6,-5.0,True,-2.8,GHCN-Daily,26.96,38.04,0.0
2005-02-25,0.6,-5.6,True,-2.5,GHCN-Daily,27.5,37.5,0.0
2005-02-26,3.9,-6.1,True,-1.0999999999999999,GHCN-Daily,30.02,34.980000000000004,0.0
2005-02-27,2.8,-5.0,True,-1.1,GHCN-Daily,30.02,34.980000000000004,0.0
2005-02-28,2.8,-1.7,True,0.5499999999999999,GHCN-Daily,32.99,32.01,0.0
2005-03-01,2.8,-1.7,True,0.5499999999999999,GHCN-Daily,32.99,32.01,0.0
2005-03-02,3.3,-2.2,True,0.5499999999999998,GHCN-Daily,32.99,32.01,0.0
2005-03-03,0.6,-5.0,True,-2.2,GHCN-Daily,28.04,36.96,0.0
2005-03-04,1.7,-4.4,True,-1.35,GHCN-Daily,29.57,35.43,0.0
2005-03-05,6.1,-3.3,True,1.4,GHCN-Daily,34.52,30.479999999999997,0.0
2005-03-06,9.4,-0.6,True,4.4,GHCN-Daily,39.92,25.08,0.0
2005-03-07,11.7,1.1,True,6.3999999999999995,GHCN-Daily,43.519999999999996,21.480000000000004,0.0
2005-03-08,8.3,-7.8,True,0.25000000000000044,GHCN-Daily,32.45,32.55,0.0
2005-03-09,-1.7,-8.9,True,-5.3,GHCN-Daily,22.46,42.54,0.0
2005-03-10,0.0,-6.1,True,-3.05,GHCN-Daily,26.509999999999998,38.49,0.0
2005-03-11,7.8,-1.7,True,3.05,GHCN-Daily,37.49,27.509999999999998,0.0
2005-03-12,6.7,-0.6,True,3.0500000000000003,GHCN-Daily,37.49,27.509999999999998,0.0
2005-03-13,8.3,0.6,True,4.45,GHCN-Daily,40.01,24.990000000000002,0.0
2005-03-14,6.1,-1.7,True,2.1999999999999997,GHCN-Daily,35.96,29.04,0.0
2005-03-15,8.3,-1.7,True,3.3000000000000003,GHCN-Daily,37.94,27.060000000000002,0.0
2005-03-16,8.3,0.0,True,4.15,GHCN-Daily,39.47,25.53,0.0
2005-03-17,6.1,-1.1,True,2.5,GHCN-Daily,36.5,28.5,0.0
2005-03-18,10.6,-0.6,True,5.0,GHCN-Daily,41.0,24.0,0.0
2005-03-19,8.9,0.6,True,4.75,GHCN-Daily,40.55,24.450000000000003,0.0
2005-03-20,5.6,1.7,True,3.65,GHCN-Daily,38.57,26.43,0.0
2005-03-21,7.2,2.2,True,4.7,GHCN-Daily,40.46,24.54,0.0
2005-03-22,11.1,1.1,True,6.1,GHCN-Daily,42.980000000000004,22.019999999999996,0.0
2005-03-23,5.6,1.1,True,3.3499999999999996,GHCN-Daily,38.03,26.97,0.0
2005-03-24,7.8,0.6,True,4.2,GHCN-Daily,39.56,25.439999999999998,0.0
2005-03-25,8.9,1.7,True,5.3,GHCN-Daily,41.54,23.46,0.0
2005-03-26,8.3,1.1,True,4.7,GHCN-Daily,40.46,24.54,0.0
2005-03-27,7.8,3.9,True,5.85,GHCN-Daily,42.53,22.47,0.0
2005-03-28,11.7,3.9,True,7.8,GHCN-Daily,46.04,18.96,0.0
2005-03-29,15.0,7.2,True,11.1,GHCN-Daily,51.980000000000004,13.019999999999996,0.0
2005-03-30,13.9,4.4,True,9.15,GHCN-Daily,48.47,16.53,0.0
2005-03-31,10.6,2.2,True,6.4,GHCN-Daily,43.52,21.479999999999997,0.0
2005-04-01,9.4,5.0,True,7.2,GHCN-Daily,44.96,20.04,0.0
2005-04-02,11.7,6.1,True,8.899999999999999,GHCN-Daily,48.019999999999996,16.980000000000004,0.0
2005-04-03,8.9,5.0,True,6.95,GHCN-Daily,44.51,20.490000000000002,0.0
2005-04-04,14.4,5.6,True,10.0,GHCN-Daily,50.0,15.0,0.0
2005-04-05,19.4,7.2,True,13.299999999999999,GHCN-Daily,55.94,9.060000000000002,0.0
2005-04-06,17.2,6.1,True,11.649999999999999,GHCN-Daily,52.97,12.030000000000001,0.0
2005-04-07,16.7,7.8,True,12.25,GHCN-Daily,54.05,10.950000000000003,0.0
2005-04-08,17.2,7.2,True,12.2,GHCN-Daily,53.96,11.04,0.0
2005-04-09,16.1,5.6,True,10.850000000000001,GHCN-Daily,51.53,13.469999999999999,0.0
2005-04-10,16.1,5.0,True,10.55,GHCN-Daily,50.99,14.009999999999998,0.0
2005-04-11,15.0,4.4,True,9.7,GHCN-Daily,49.46,15.54,0.0
2005-04-12,13.9,3.3,True,8.6,GHCN-Daily,47.480000000000004,17.519999999999996,0.0
2005-04-13,12.8,3.9,True,8.35,GHCN-Daily,47.03,17.97,0.0
2005-04-14,17.2,3.9,True,10.549999999999999,GHCN-Daily,50.989999999999995,14.010000000000005,0.0
2005-04-15,13.9,4.4,True,9.15,GHCN-Daily,48.47,16.53,0.0
2005-04-16,14.4,4.4,True,9.4,GHCN-Daily,48.92,16.08,0.0
2005-04-17,22.8,3.9,True,13.35,GHCN-Daily,56.03,8.969999999999999,0.0
2005-04-18,23.3,8.9,True,16.1,GHCN-Daily,60.980000000000004,4.019999999999996,0.0
2005-04-19,19.4,7.2,True,13.299999999999999,GHCN-Daily,55.94,9.060000000000002,0.0
2005-04-20,26.7,11.7,True,19.2,GHCN-Daily,66.56,0.0,1.5600000000000023
2005-04-21,22.8,7.8,True,15.3,GHCN-Daily,59.540000000000006,5.459999999999994,0.0
2005-04-22,13.3,6.7,True,10.0,GHCN-Daily,50.0,15.0,0.0
2005-04-23,13.3,9.4,True,11.350000000000001,GHCN-Daily,52.43000000000001,12.569999999999993,0.0
2005-04-24,13.9,7.8,True,10.85,GHCN-Daily,51.53,13.469999999999999,0.0
2005-04-25,13.3,5.0,True,9.15,GHCN-Daily,48.47,16.53,0.0
2005-04-26,16.1,7.8,True,11.950000000000001,GHCN-Daily,53.510000000000005,11.489999999999995,0.0
2005-04-27,19.4,10.6,True,15.0,GHCN-Daily,59.0,6.0,0.0
2005-04-28,19.4,9.4,True,14.399999999999999,GHCN-Daily,57.92,7.079999999999998,0.0
2005-04-29,14.4,8.9,True,11.65,GHCN-Daily,52.97,12.030000000000001,0.0
2005-04-30,13.3,10.6,True,11.95,GHCN-Daily,53.51,11.490000000000002,0.0
2005-05-01,18.3,10.0,True,14.15,GHCN-Daily,57.47,7.530000000000001,0.0
2005-05-02,16.1,6.1,True,11.100000000000001,GHCN-Daily,51.980000000000004,13.019999999999996,0.0
2005-05-03,14.4,6.1,True,10.25,GHCN-Daily,50.45,14.549999999999997,0.0
2005-05-04,16.7,5.6,True,11.149999999999999,GHCN-Daily,52.06999999999999,12.930000000000007,0.0
2005-05-05,15.0,6.1,True,10.55,GHCN-Daily,50.99,14.009999999999998,0.0
2005-05-06,13.9,7.2,True,10.55,GHCN-Daily,50.99,14.009999999999998,0.0
2005-05-07,16.7,7.8,True,12.25,GHCN-Daily,54.05,10.950000000000003,0.0
2005-05-08,17.8,8.3,True,13.05,GHCN-Daily,55.49,9.509999999999998,0.0
2005-05-09,18.9,9.4,True,14.149999999999999,GHCN-Daily,57.47,7.530000000000001,0.0
2005-05-10,16.7,8.9,True,12.8,GHCN-Daily,55.040000000000006,9.959999999999994,0.0
2005-05-11,15.6,8.9,True,12.25,GHCN-Daily,54.05,10.950000000000003,0.0
2005-05-12,20.6,8.9,True,14.75,GHCN-Daily,58.55,6.450000000000003,0.0
2005-05-13,13.9,7.2,True,10.55,GHCN-Daily,50.99,14.009999999999998,0.0
2005-05-14,18.3,11.1,True,14.7,GHCN-Daily,58.46,6.539999999999999,0.0
2005-05-15,23.9,13.9,True,18.9,GHCN-Daily,66.02,0.0,1.019999999999996
2005-05-16,17.2,12.2,True,14.7,GHCN-Daily,58.46,6.539999999999999,0.0
2005-05-17,19.4,11.7,True,15.549999999999999,GHCN-Daily,59.989999999999995,5.010000000000005,0.0
2005-05-18,20.6,11.1,True,15.850000000000001,GHCN-Daily,60.53,4.469999999999999,0.0
2005-05-19,20.6,10.0,True,15.3,GHCN-Daily,59.540000000000006,5.459999999999994,0.0
2005-05-20,12.8,8.3,True,10.55,GHCN-Daily,50.99,14.009999999999998,0.0
2005-05-21,21.1,8.3,True,14.700000000000001,GHCN-Daily,58.46,6.539999999999999,0.0
2005-05-22,17.2,11.1,True,14.149999999999999,GHCN-Daily,57.47,7.530000000000001,0.0
2005-05-23,17.8,9.4,True,13.600000000000001,GHCN-Daily,56.480000000000004,8.519999999999996,0.0
2005-05-24,16.1,8.9,True,12.5,GHCN-Daily,54.5,10.5,0.0
2005-05-25,12.2,8.9,True,10.55,GHCN-Daily,50.99,14.009999999999998,0.0
2005-05-26,16.1,11.1,True,13.600000000000001,GHCN-Daily,56.480000000000004,8.519999999999996,0.0
2005-05-27,21.1,13.9,True,17.5,GHCN-Daily,63.5,1.5,0.0
2005-05-28,23.9,12.8,True,18.35,GHCN-Daily,65.03,0.0,0.030000000000001137
2005-05-29,25.6,13.9,True,19.75,GHCN-Daily,67.55000000000001,0.0,2.5500000000000114
2005-05-30,24.4,14.4,True,19.4,GHCN-Daily,66.92,0.0,1.9200000000000017
2005-05-31,26.1,13.9,True,20.0,GHCN-Daily,68.0,0.0,3.0
2005-06-01,17.8,11.7,True,14.75,GHCN-Daily,58.55,6.450000000000003,0.0
2005-06-02,16.7,11.7,True,14.2,GHCN-Daily,57.56,7.439999999999998,0.0
2005-06-03,20.0,13.9,True,16.95,GHCN-Daily,62.51,2.490000000000002,0.0
2005-06-04,26.1,16.1,True,21.1,GHCN-Daily,69.98,0.0,4.980000000000004
2005-06-05,29.4,17.2,True,23.299999999999997,GHCN-Daily,73.94,0.0,8.939999999999998
2005-06-06,28.3,17.8,True,23.05,GHCN-Daily,73.49000000000001,0.0,8.490000000000009
2005-06-07,31.1,18.3,True,24.700000000000003,GHCN-Daily,76.46000000000001,0.0,11.460000000000008
2005-06-08,31.7,20.0,True,25.85,GHCN-Daily,78.53,0.0,13.530000000000001
2005-06-09,26.1,18.9,True,22.5,GHCN-Daily,72.5,0.0,7.5
2005-06-10,25.0,18.3,True,21.65,GHCN-Daily,70.97,0.0,5.969999999999999
2005-06-11,25.6,17.8,True,21.700000000000003,GHCN-Daily,71.06,0.0,6.060000000000002
2005-06-12,28.9,18.3,True,23.6,GHCN-Daily,74.48,0.0,9.480000000000004
2005-06-13,28.3,20.6,True,24.450000000000003,GHCN-Daily,76.01,0.0,11.010000000000005
2005-06-14,35.0,23.9,True,29.45,GHCN-Daily,85.00999999999999,0.0,20.00999999999999
2005-06-15,27.2,15.6,True,21.4,GHCN-Daily,70.52,0.0,5.519999999999996
2005-06-16,22.2,15.6,True,18.9,GHCN-Daily,66.02,0.0,1.019999999999996
2005-06-17,25.0,15.6,True,20.3,GHCN-Daily,68.53999999999999,0.0,3.539999999999992
2005-06-18,23.9,16.1,True,20.0,GHCN-Daily,68.0,0.0,3.0
2005-06-19,21.1,16.1,True,18.6,GHCN-Daily,65.48,0.0,0.480000000000004
2005-06-20,22.8,12.8,True,17.8,GHCN-Daily,64.03999999999999,0.960000000000008,0.0
2005-06-21,25.0,13.9,True,19.45,GHCN-Daily,67.00999999999999,0.0,2.009999999999991
2005-06-22,28.9,17.2,True,23.049999999999997,GHCN-Daily,73.49,0.0,8.489999999999995
2005-06-23,23.9,15.6,True,19.75,GHCN-Daily,67.55000000000001,0.0,2.5500000000000114
2005-06-24,25.6,16.7,True,21.15,GHCN-Daily,70.07,0.0,5.069999999999993
2005-06-25,30.0,18.9,True,24.45,GHCN-Daily,76.00999999999999,0.0,11.009999999999991
2005-06-26,29.4,20.0,True,24.7,GHCN-Daily,76.46000000000001,0.0,11.460000000000008
2005-06-27,25.6,20.0,True,22.8,GHCN-Daily,73.03999999999999,0.0,8.039999999999992
2005-06-28,27.8,21.1,True,24.450000000000003,GHCN-Daily,76.01,0.0,11.010000000000005
2005-06-29,26.7,20.0,True,23.35,GHCN-Daily,74.03,0.0,9.030000000000001
2005-06-30,26.1,19.4,True,22.75,GHCN-Daily,72.95,0.0,7.950000000000003
2005-07-01,26.7,20.0,True,23.35,GHCN-Daily,74.03,0.0,9.030000000000001
2005-07-02,28.3,20.6,True,24.450000000000003,GHCN-Daily,76.01,0.0,11.010000000000005
2005-07-03,25.6,17.2,True,21.4,GHCN-Daily,70.52,0.0,5.519999999999996
2005-07-04,25.6,16.7,True,21.15,GHCN-Daily,70.07,0.0,5.069999999999993
2005-07-05,26.1,20.0,True,23.05,GHCN-Daily,73.49000000000001,0.0,8.490000000000009
2005-07-06,26.7,21.1,True,23.9,GHCN-Daily,75.02,0.0,10.019999999999996
2005-07-07,22.8,18.3,True,20.55,GHCN-Daily,68.99000000000001,0.0,3.990000000000009
2005-07-08,18.9,16.1,True,17.5,GHCN-Daily,63.5,1.5,0.0
2005-07-09,28.9,16.1,True,22.5,GHCN-Daily,72.5,0.0,7.5
2005-07-10,33.3,20.6,True,26.95,GHCN-Daily,80.50999999999999,0.0,15.509999999999991
2005-07-11,33.3,19.4,True,26.349999999999998,GHCN-Daily,79.43,0.0,14.430000000000007
2005-07-12,28.9,19.4,True,24.15,GHCN-Daily,75.47,0.0,10.469999999999999
2005-07-13,24.4,19.4,True,21.9,GHCN-Daily,71.42,0.0,6.420000000000002
2005-07-14,26.7,21.1,True,23.9,GHCN-Daily,75.02,0.0,10.019999999999996
2005-07-15,27.2,21.7,True,24.45,GHCN-Daily,76.00999999999999,0.0,11.009999999999991
2005-07-16,27.2,22.2,True,24.7,GHCN-Daily,76.46000000000001,0.0,11.460000000000008
2005-07-17,26.7,22.2,True,24.45,GHCN-Daily,76.00999999999999,0.0,11.009999999999991
2005-07-18,30.0,23.3,True,26.65,GHCN-Daily,79.97,0.0,14.969999999999999
2005-07-19,32.2,24.4,True,28.3,GHCN-Daily,82.94,0.0,17.939999999999998
2005-07-20,32.8,25.0,True,28.9,GHCN-Daily,84.02,0.0,19.019999999999996
2005-07-21,31.7,22.8,True,27.25,GHCN-Daily,81.05000000000001,0.0,16.05000000000001
2005-07-22,32.8,23.3,True,28.049999999999997,GHCN-Daily,82.49,0.0,17.489999999999995
2005-07-23,29.4,22.2,True,25.799999999999997,GHCN-Daily,78.44,0.0,13.439999999999998
2005-07-24,30.0,19.4,True,24.7,GHCN-Daily,76.46000000000001,0.0,11.460000000000008
2005-07-25,28.3,21.1,True,24.700000000000003,GHCN-Daily,76.46000000000001,0.0,11.460000000000008
2005-07-26,31.7,20.6,True,26.15,GHCN-Daily,79.07,0.0,14.069999999999993
2005-07-27,30.6,22.8,True,26.700000000000003,GHCN-Daily,80.06,0.0,15.060000000000002
2005-07-28,26.1,20.0,True,23.05,GHCN-Daily,73.49000000000001,0.0,8.490000000000009
2005-07-29,27.8,20.0,True,23.9,GHCN-Daily,75.02,0.0,10.019999999999996
2005-07-30,28.3,20.6,True,24.450000000000003,GHCN-Daily,76.01,0.0,11.010000000000005
2005-07-31,27.2,19.4,True,23.299999999999997,GHCN-Daily,73.94,0.0,8.939999999999998
2005-08-01,27.8,18.9,True,23.35,GHCN-Daily,74.03,0.0,9.030000000000001
2005-08-02,35.6,22.2,True,28.9,GHCN-Daily,84.02,0.0,19.019999999999996
2005-08-03,33.9,22.2,True,28.049999999999997,GHCN-Daily,82.49,0.0,17.489999999999995
2005-08-04,32.2,23.3,True,27.75,GHCN-Daily,81.95,0.0,16.950000000000003
2005-08-05,35.6,23.9,True,29.75,GHCN-Daily,85.55000000000001,0.0,20.55000000000001
2005-08-06,30.6,22.2,True,26.4,GHCN-Daily,79.52,0.0,14.519999999999996
2005-08-07,29.4,21.7,True,25.549999999999997,GHCN-Daily,77.99,0.0,12.989999999999995
2005-08-08,28.3,22.8,True,25.55,GHCN-Daily,77.99000000000001,0.0,12.990000000000009
2005-08-09,27.8,21.7,True,24.75,GHCN-Daily,76.55000000000001,0.0,11.550000000000011
2005-08-10,30.0,22.2,True,26.1,GHCN-Daily,78.98,0.0,13.980000000000004
2005-08-11,33.9,22.8,True,28.35,GHCN-Daily,83.03,0.0,18.03
2005-08-12,32.2,23.9,True,28.05,GHCN-Daily,82.49000000000001,0.0,17.49000000000001
2005-08-13,33.3,25.0,True,29.15,GHCN-Daily,84.47,0.0,19.47
2005-08-14,32.2,22.8,True,27.5,GHCN-Daily,81.5,0.0,16.5
2005-08-15,25.0,21.1,True,23.05,GHCN-Daily,73.49000000000001,0.0,8.490000000000009
2005-08-16,25.6,19.4,True,22.5,GHCN-Daily,72.5,0.0,7.5
2005-08-17,32.2,20.0,True,26.1,GHCN-Daily,78.98,0.0,13.980000000000004
2005-08-18,27.2,19.4,True,23.299999999999997,GHCN-Daily,73.94,0.0,8.939999999999998
2005-08-19,26.1,20.6,True,23.35,GHCN-Daily,74.03,0.0,9.030000000000001
2005-08-20,28.3,22.2,True,25.25,GHCN-Daily,77.45,0.0,12.450000000000003
2005-08-21,32.8,23.3,True,28.049999999999997,GHCN-Daily,82.49,0.0,17.489999999999995
2005-08-22,31.7,21.7,True,26.7,GHCN-Daily,80.06,0.0,15.060000000000002
2005-08-23,28.9,18.3,True,23.6,GHCN-Daily,74.48,0.0,9.480000000000004
2005-08-24,27.2,19.4,True,23.299999999999997,GHCN-Daily,73.94,0.0,8.939999999999998
2005-08-25,27.8,17.8,True,22.8,GHCN-Daily,73.03999999999999,0.0,8.039999999999992
2005-08-26,28.3,19.4,True,23.85,GHCN-Daily,74.93,0.0,9.930000000000007
2005-08-27,27.8,18.9,True,23.35,GHCN-Daily,74.03,0.0,9.030000000000001
2005-08-28,29.4,22.2,True,25.799999999999997,GHCN-Daily,78.44,0.0,13.439999999999998
2005-08-29,28.9,22.2,True,25.549999999999997,GHCN-Daily,77.99,0.0,12.989999999999995
2005-08-30,29.4,23.9,True,26.65,GHCN-Daily,79.97,0.0,14.969999999999999
2005-08-31,29.4,22.2,True,25.799999999999997,GHCN-Daily,78.44,0.0,13.439999999999998
2005-09-01,31.1,21.1,True,26.1,GHCN-Daily,78.98,0.0,13.980000000000004
2005-09-02,31.1,18.3,True,24.700000000000003,GHCN-Daily,76.46000000000001,0.0,11.460000000000008
2005-09-03,28.9,20.0,True,24.45,GHCN-Daily,76.00999999999999,0.0,11.009999999999991
2005-09-04,28.3,17.8,True,23.05,GHCN-Daily,73.49000000000001,0.0,8.490000000000009
2005-09-05,26.7,17.8,True,22.25,GHCN-Daily,72.05000000000001,0.0,7.050000000000011
2005-09-06,27.2,15.6,True,21.4,GHCN-Daily,70.52,0.0,5.519999999999996
2005-09-07,25.6,15.0,True,20.3,GHCN-Daily,68.53999999999999,0.0,3.539999999999992
2005-09-08,27.8,17.2,True,22.5,GHCN-Daily,72.5,0.0,7.5
2005-09-09,27.8,17.2,True,22.5,GHCN-Daily,72.5,0.0,7.5
2005-09-10,25.6,16.1,True,20.85,GHCN-Daily,69.53,0.0,4.530000000000001
2005-09-11,25.6,15.0,True,20.3,GHCN-Daily,68.53999999999999,0.0,3.539999999999992
2005-09-12,32.2,18.3,True,25.25,GHCN-Daily,77.45,0.0,12.450000000000003
2005-09-13,31.1,20.0,True,25.55,GHCN-Daily,77.99000000000001,0.0,12.990000000000009
2005-09-14,26.7,19.4,True,23.049999999999997,GHCN-Daily,73.49,0.0,8.489999999999995
2005-09-15,26.7,22.2,True,24.45,GHCN-Daily,76.00999999999999,0.0,11.009999999999991
2005-09-16,28.9,22.8,True,25.85,GHCN-Daily,78.53,0.0,13.530000000000001
2005-09-17,27.8,21.7,True,24.75,GHCN-Daily,76.55000000000001,0.0,11.550000000000011
2005-09-18,29.4,18.9,True,24.15,GHCN-Daily,75.47,0.0,10.469999999999999
2005-09-19,28.3,18.3,True,23.3,GHCN-Daily,73.94,0.0,8.939999999999998
2005-09-20,27.8,20.6,True,24.200000000000003,GHCN-Daily,75.56,0.0,10.560000000000002
2005-09-21,27.2,18.9,True,23.049999999999997,GHCN-Daily,73.49,0.0,8.489999999999995
2005-09-22,27.8,17.2,True,22.5,GHCN-Daily,72.5,0.0,7.5
2005-09-23,31.1,20.6,True,25.85,GHCN-Daily,78.53,0.0,13.530000000000001
2005-09-24,22.8,13.3,True,18.05,GHCN-Daily,64.49000000000001,0.5099999999999909,0.0
2005-09-25,21.7,12.2,True,16.95,GHCN-Daily,62.51,2.490000000000002,0.0
2005-09-26,25.0,19.4,True,22.2,GHCN-Daily,71.96000000000001,0.0,6.960000000000008
2005-09-27,25.0,15.0,True,20.0,GHCN-Daily,68.0,0.0,3.0
2005-09-28,22.8,12.2,True,17.5,GHCN-Daily,63.5,1.5,0.0
2005-09-29,24.4,12.8,True,18.6,GHCN-Daily,65.48,0.0,0.480000000000004
2005-09-30,18.3,10.0,True,14.15,GHCN-Daily,57.47,7.530000000000001,0.0
2005-10-01,21.1,8.9,True,15.0,GHCN-Daily,59.0,6.0,0.0
2005-10-02,24.4,12.2,True,18.299999999999997,GHCN-Daily,64.94,0.060000000000002274,0.0
2005-10-03,23.9,12.2,True,18.049999999999997,GHCN-Daily,64.49,0.5100000000000051,0.0
2005-10-04,23.3,16.7,True,20.0,GHCN-Daily,68.0,0.0,3.0
2005-10-05,24.4,15.0,True,19.7,GHCN-Daily,67.46000000000001,0.0,2.460000000000008
2005-10-06,24.4,17.2,True,20.799999999999997,GHCN-Daily,69.44,0.0,4.439999999999998
2005-10-07,24.4,20.6,True,22.5,GHCN-Daily,72.5,0.0,7.5
2005-10-08,22.8,12.8,True,17.8,GHCN-Daily,64.03999999999999,0.960000000000008,0.0
2005-10-09,15.6,12.2,True,13.899999999999999,GHCN-Daily,57.019999999999996,7.980000000000004,0.0
2005-10-10,16.1,14.4,True,15.25,GHCN-Daily,59.45,5.549999999999997,0.0
2005-10-11,17.2,14.4,True,15.8,GHCN-Daily,60.44,4.560000000000002,0.0
2005-10-12,14.4,11.7,True,13.05,GHCN-Daily,55.49,9.509999999999998,0.0
2005-10-13,16.7,13.9,True,15.3,GHCN-Daily,59.540000000000006,5.459999999999994,0.0
2005-10-14,17.8,15.6,True,16.7,GHCN-Daily,62.06,2.9399999999999977,0.0
2005-10-15,23.3,14.4,True,18.85,GHCN-Daily,65.93,0.0,0.9300000000000068
2005-10-16,18.9,12.2,True,15.549999999999999,GHCN-Daily,59.989999999999995,5.010000000000005,0.0
2005-10-17,18.9,10.6,True,14.75,GHCN-Daily,58.55,6.450000000000003,0.0
2005-10-18,21.7,11.7,True,16.7,GHCN-Daily,62.06,2.9399999999999977,0.0
2005-10-19,18.9,11.1,True,15.0,GHCN-Daily,59.0,6.0,0.0
2005-10-20,16.7,10.0,True,13.35,GHCN-Daily,56.03,8.969999999999999,0.0
2005-10-21,12.2,11.1,True,11.649999999999999,GHCN-Daily,52.97,12.030000000000001,0.0
2005-10-22,12.2,9.4,True,10.8,GHCN-Daily,51.44,13.560000000000002,0.0
2005-10-23,13.9,6.7,True,10.3,GHCN-Daily,50.540000000000006,14.459999999999994,0.0
2005-10-24,11.7,3.3,True,7.5,GHCN-Daily,45.5,19.5,0.0
2005-10-25,10.6,4.4,True,7.5,GHCN-Daily,45.5,19.5,0.0
2005-10-26,12.2,3.9,True,8.049999999999999,GHCN-Daily,46.489999999999995,18.510000000000005,0.0
2005-10-27,10.0,4.4,True,7.2,GHCN-Daily,44.96,20.04,0.0
2005-10-28,10.6,4.4,True,7.5,GHCN-Daily,45.5,19.5,0.0
2005-10-29,8.9,5.0,True,6.95,GHCN-Daily,44.51,20.490000000000002,0.0
2005-10-30,20.6,7.2,True,13.9,GHCN-Daily,57.019999999999996,7.980000000000004,0.0
2005-10-31,19.4,6.1,True,12.75,GHCN-Daily,54.95,10.049999999999997,0.0
2005-11-01,17.2,8.3,True,12.75,GHCN-Daily,54.95,10.049999999999997,0.0
2005-11-02,15.0,7.8,True,11.4,GHCN-Daily,52.519999999999996,12.480000000000004,0.0
2005-11-03,18.9,5.6,True,12.25,GHCN-Daily,54.05,10.950000000000003,0.0
2005-11-04,17.2,8.3,True,12.75,GHCN-Daily,54.95,10.049999999999997,0.0
2005-11-05,20.0,10.0,True,15.0,GHCN-Daily,59.0,6.0,0.0
2005-11-06,18.3,8.3,True,13.3,GHCN-Daily,55.94,9.060000000000002,0.0
2005-11-07,17.2,11.1,True,14.149999999999999,GHCN-Daily,57.47,7.530000000000001,0.0
2005-11-08,17.8,8.9,True,13.350000000000001,GHCN-Daily,56.03,8.969999999999999,0.0
2005-11-09,15.6,5.0,True,10.3,GHCN-Daily,50.540000000000006,14.459999999999994,0.0
2005-11-10,16.7,5.6,True,11.149999999999999,GHCN-Daily,52.06999999999999,12.930000000000007,0.0
2005-11-11,9.4,5.0,True,7.2,GHCN-Daily,44.96,20.04,0.0
2005-11-12,12.8,3.3,True,8.05,GHCN-Daily,46.49,18.509999999999998,0.0
2005-11-13,16.1,7.2,True,11.65,GHCN-Daily,52.97,12.030000000000001,0.0
2005-11-14,20.0,8.9,True,14.45,GHCN-Daily,58.01,6.990000000000002,0.0
2005-11-15,16.1,8.3,True,12.200000000000001,GHCN-Daily,53.96,11.04,0.0
2005-11-16,18.9,8.3,True,13.6,GHCN-Daily,56.480000000000004,8.519999999999996,0.0
2005-11-17,8.9,2.2,True,5.550000000000001,GHCN-Daily,41.99,23.009999999999998,0.0
2005-11-18,5.6,0.6,True,3.0999999999999996,GHCN-Daily,37.58,27.42,0.0
2005-11-19,7.2,-1.7,True,2.75,GHCN-Daily,36.95,28.049999999999997,0.0
2005-11-20,13.3,3.3,True,8.3,GHCN-Daily,46.94,18.060000000000002,0.0
2005-11-21,10.6,4.4,True,7.5,GHCN-Daily,45.5,19.5,0.0
2005-11-22,9.4,1.7,True,5.55,GHCN-Daily,41.99,23.009999999999998,0.0
2005-11-23,2.8,-2.2,True,0.2999999999999998,GHCN-Daily,32.54,32.46,0.0
2005-11-24,10.6,-3.9,True,3.3499999999999996,GHCN-Daily,38.03,26.97,0.0
2005-11-25,1.1,-5.6,True,-2.25,GHCN-Daily,27.95,37.05,0.0
2005-11-26,5.0,-3.9,True,0.55,GHCN-Daily,32.99,32.01,0.0
2005-11-27,10.6,1.1,True,5.85,GHCN-Daily,42.53,22.47,0.0
2005-11-28,16.7,8.9,True,12.8,GHCN-Daily,55.040000000000006,9.959999999999994,0.0
2005-11-29,16.1,13.3,True,14.700000000000001,GHCN-Daily,58.46,6.539999999999999,0.0
2005-11-30,17.8,6.7,True,12.25,GHCN-Daily,54.05,10.950000000000003,0.0
2005-12-01,8.9,3.3,True,6.1,GHCN-Daily,42.980000000000004,22.019999999999996,0.0
2005-12-02,6.1,0.6,True,3.3499999999999996,GHCN-Daily,38.03,26.97,0.0
2005-12-03,2.8,-1.1,True,0.8499999999999999,GHCN-Daily,33.53,31.47,0.0
2005-12-04,1.7,-2.8,True,-0.5499999999999999,GHCN-Daily,31.01,33.989999999999995,0.0
2005-12-05,1.7,-0.6,True,0.55,GHCN-Daily,32.99,32.01,0.0
2005-12-06,2.2,-1.7,True,0.2500000000000001,GHCN-Daily,32.45,32.55,0.0
2005-12-07,0.0,-3.9,True,-1.95,GHCN-Daily,28.490000000000002,36.51,0.0
2005-12-08,0.0,-6.1,True,-3.05,GHCN-Daily,26.509999999999998,38.49,0.0
2005-12-09,3.3,-2.2,True,0.5499999999999998,GHCN-Daily,32.99,32.01,0.0
2005-12-10,3.3,-2.2,True,0.5499999999999998,GHCN-Daily,32.99,32.01,0.0
2005-12-11,4.4,-1.1,True,1.6500000000000001,GHCN-Daily,34.97,30.03,0.0
2005-12-12,3.3,-4.4,True,-0.5500000000000003,GHCN-Daily,31.009999999999998,33.99,0.0
2005-12-13,-3.3,-7.8,True,-5.55,GHCN-Daily,22.009999999999998,42.99,0.0
2005-12-14,-3.9,-9.4,True,-6.65,GHCN-Daily,20.03,44.97,0.0
2005-12-15,6.7,-8.9,True,-1.1,GHCN-Daily,30.02,34.980000000000004,0.0
2005-12-16,12.8,1.7,True,7.25,GHCN-Daily,45.05,19.950000000000003,0.0
2005-12-17,5.6,0.6,True,3.0999999999999996,GHCN-Daily,37.58,27.42,0.0
2005-12-18,3.9,-0.6,True,1.65,GHCN-Daily,34.97,30.03,0.0
2005-12-19,3.9,-3.3,True,0.30000000000000004,GHCN-Daily,32.54,32.46,0.0
2005-12-20,1.7,-6.1,True,-2.1999999999999997,GHCN-Daily,28.04,36.96,0.0
2005-12-21,0.6,-3.9,True,-1.65,GHCN-Daily,29.03,35.97,0.0
2005-12-22,2.8,-2.2,True,0.2999999999999998,GHCN-Daily,32.54,32.46,0.0
2005-12-23,8.9,0.6,True,4.75,GHCN-Daily,40.55,24.450000000000003,0.0
2005-12-24,12.8,0.0,True,6.4,GHCN-Daily,43.52,21.479999999999997,0.0
2005-12-25,11.7,-0.6,True,5.55,GHCN-Daily,41.99,23.009999999999998,0.0
2005-12-26,9.4,3.9,True,6.65,GHCN-Daily,43.97,21.03,0.0
2005-12-27,6.7,1.1,True,3.9000000000000004,GHCN-Daily,39.02,25.979999999999997,0.0
2005-12-28,9.4,-1.7,True,3.85,GHCN-Daily,38.93,26.07,0.0
2005-12-29,10.6,6.1,True,8.35,GHCN-Daily,47.03,17.97,0.0
2005-12-30,8.9,0.0,True,4.45,GHCN-Daily,40.01,24.990000000000002,0.0
2005-12-31,2.8,-1.1,True,0.8499999999999999,GHCN-Daily,33.53,31.47,0.0
2006-01-01,5.6,-1.1,True,2.25,GHCN-Daily,36.05,28.950000000000003,0.0
2006-01-02,7.2,1.1,True,4.15,GHCN-Daily,39.47,25.53,0.0
2006-01-03,5.6,1.1,True,3.3499999999999996,GHCN-Daily,38.03,26.97,0.0
2006-01-04,3.9,-2.2,True,0.8499999999999999,GHCN-Daily,33.53,31.47,0.0
2006-01-05,10.6,1.7,True,6.1499999999999995,GHCN-Daily,43.07,21.93,0.0
2006-01-06,5.0,-1.7,True,1.65,GHCN-Daily,34.97,30.03,0.0
2006-01-07,1.1,-4.4,True,-1.6500000000000001,GHCN-Daily,29.03,35.97,0.0
2006-01-08,7.2,0.6,True,3.9,GHCN-Daily,39.019999999999996,25.980000000000004,0.0
2006-01-09,14.4,5.0,True,9.7,GHCN-Daily,49.46,15.54,0.0
2006-01-10,9.4,2.8,True,6.1,GHCN-Daily,42.980000000000004,22.019999999999996,0.0
2006-01-11,11.7,1.7,True,6.699999999999999,GHCN-Daily,44.06,20.939999999999998,0.0
2006-01-12,12.2,4.4,True,8.3,GHCN-Daily,46.94,18.060000000000002,0.0
2006-01-13,11.1,3.3,True,7.199999999999999,GHCN-Daily,44.96,20.04,0.0
2006-01-14,12.8,0.6,True,6.7,GHCN-Daily,44.06,20.939999999999998,0.0
2006-01-15,0.6,-10.0,True,-4.7,GHCN-Daily,23.54,41.46,0.0
2006-01-16,-0.6,-10.0,True,-5.3,GHCN-Daily,22.46,42.54,0.0
2006-01-17,6.7,-6.1,True,0.30000000000000027,GHCN-Daily,32.54,32.46,0.0
2006-01-18,13.9,2.2,True,8.05,GHCN-Daily,46.49,18.509999999999998,0.0
2006-01-19,7.2,0.6,True,3.9,GHCN-Daily,39.019999999999996,25.980000000000004,0.0
2006-01-20,13.3,2.2,True,7.75,GHCN-Daily,45.95,19.049999999999997,0.0
2006-01-21,16.1,2.8,True,9.450000000000001,GHCN-Daily,49.010000000000005,15.989999999999995,0.0
2006-01-22,6.1,-1.7,True,2.1999999999999997,GHCN-Daily,35.96,29.04,0.0
2006-01-23,5.6,2.8,True,4.199999999999999,GHCN-Daily,39.56,25.439999999999998,0.0
2006-01-24,6.1,-0.6,True,2.75,GHCN-Daily,36.95,28.049999999999997,0.0
2006-01-25,7.2,0.6,True,3.9,GHCN-Daily,39.019999999999996,25.980000000000004,0.0
2006-01-26,2.8,-3.9,True,-0.55,GHCN-Daily,31.01,33.989999999999995,0.0
2006-01-27,5.0,-5.6,True,-0.2999999999999998,GHCN-Daily,31.46,33.54,0.0
2006-01-28,12.8,0.0,True,6.4,GHCN-Daily,43.52,21.479999999999997,0.0
2006-01-29,8.3,1.1,True,4.7,GHCN-Daily,40.46,24.54,0.0
2006-01-30,16.7,3.9,True,10.299999999999999,GHCN-Daily,50.54,14.46,0.0
2006-01-31,5.6,3.3,True,4.449999999999999,GHCN-Daily,40.01,24.990000000000002,0.0
2006-02-01,6.7,1.1,True,3.9000000000000004,GHCN-Daily,39.02,25.979999999999997,0.0
2006-02-02,8.9,0.0,True,4.45,GHCN-Daily,40.01,24.990000000000002,0.0
2006-02-03,16.1,6.1,True,11.100000000000001,GHCN-Daily,51.980000000000004,13.019999999999996,0.0
2006-02-04,12.2,3.3,True,7.75,GHCN-Daily,45.95,19.049999999999997,0.0
2006-02-05,12.2,2.8,True,7.5,GHCN-Daily,45.5,19.5,0.0
2006-02-06,4.4,1.1,True,2.75,GHCN-Daily,36.95,28.049999999999997,0.0
2006-02-07,6.7,-0.6,True,3.0500000000000003,GHCN-Daily,37.49,27.509999999999998,0.0
2006-02-08,3.3,-2.8,True,0.25,GHCN-Daily,32.45,32.55,0.0
2006-02-09,1.7,-5.0,True,-1.65,GHCN-Daily,29.03,35.97,0.0
2006-02-10,3.3,-3.9,True,-0.30000000000000004,GHCN-Daily,31.46,33.54,0.0
2006-02-11,3.9,-2.2,True,0.8499999999999999,GHCN-Daily,33.53,31.47,0.0
2006-02-12,-2.2,-5.0,True,-3.6,GHCN-Daily,25.52,39.480000000000004,0.0
2006-02-13,1.1,-6.7,True,-2.8,GHCN-Daily,26.96,38.04,0.0
2006-02-14,3.9,-2.2,True,0.8499999999999999,GHCN-Daily,33.53,31.47,0.0
2006-02-15,7.8,-2.2,True,2.8,GHCN-Daily,37.04,27.96,0.0
2006-02-16,11.1,0.0,True,5.55,GHCN-Daily,41.99,23.009999999999998,0.0
2006-02-17,13.9,0.0,True,6.95,GHCN-Daily,44.51,20.490000000000002,0.0
2006-02-18,1.7,-9.4,True,-3.85,GHCN-Daily,25.07,39.93,0.0
2006-02-19,-1.1,-9.4,True,-5.25,GHCN-Daily,22.549999999999997,42.45,0.0
2006-02-20,2.2,-5.0,True,-1.4,GHCN-Daily,29.48,35.519999999999996,0.0
2006-02-21,5.6,-2.8,True,1.4,GHCN-Daily,34.52,30.479999999999997,0.0
2006-02-22,6.1,-3.3,True,1.4,GHCN-Daily,34.52,30.479999999999997,0.0
2006-02-23,8.3,1.1,True,4.7,GHCN-Daily,40.46,24.54,0.0
2006-02-24,4.4,-2.2,True,1.1,GHCN-Daily,33.98,31.020000000000003,0.0
2006-02-25,9.4,-4.4,True,2.5,GHCN-Daily,36.5,28.5,0.0
2006-02-26,-1.1,-7.8,True,-4.45,GHCN-Daily,23.990000000000002,41.01,0.0
2006-02-27,0.0,-7.8,True,-3.9,GHCN-Daily,24.98,40.019999999999996,0.0
2006-02-28,1.1,-5.6,True,-2.25,GHCN-Daily,27.95,37.05,0.0
2006-03-01,5.6,-2.8,True,1.4,GHCN-Daily,34.52,30.479999999999997,0.0
2006-03-02,1.1,-4.4,True,-1.6500000000000001,GHCN-Daily,29.03,35.97,0.0
2006-03-03,0.6,-5.6,True,-2.5,GHCN-Daily,27.5,37.5,0.0
2006-03-04,3.9,-4.4,True,-0.2500000000000002,GHCN-Daily,31.55,33.45,0.0
2006-03-05,8.9,-0.6,True,4.15,GHCN-Daily,39.47,25.53,0.0
2006-03-06,6.1,-0.6,True,2.75,GHCN-Daily,36.95,28.049999999999997,0.0
2006-03-07,6.7,-1.7,True,2.5,GHCN-Daily,36.5,28.5,0.0
2006-03-08,6.7,-2.2,True,2.25,GHCN-Daily,36.05,28.950000000000003,0.0
2006-03-09,10.6,3.9,True,7.25,GHCN-Daily,45.05,19.950000000000003,0.0
2006-03-10,21.7,6.7,True,14.2,GHCN-Daily,57.56,7.439999999999998,0.0
2006-03-11,17.2,7.8,True,12.5,GHCN-Daily,54.5,10.5,0.0
2006-03-12,10.0,6.7,True,8.35,GHCN-Daily,47.03,17.97,0.0
2006-03-13,13.3,7.8,True,10.55,GHCN-Daily,50.99,14.009999999999998,0.0
2006-03-14,16.1,3.9,True,10.0,GHCN-Daily,50.0,15.0,0.0
2006-03-15,8.3,2.2,True,5.25,GHCN-Daily,41.45,23.549999999999997,0.0
2006-03-16,9.4,1.7,True,5.55,GHCN-Daily,41.99,23.009999999999998,0.0
2006-03-17,7.8,-0.6,True,3.6,GHCN-Daily,38.480000000000004,26.519999999999996,0.0
2006-03-18,6.1,-1.7,True,2.1999999999999997,GHCN-Daily,35.96,29.04,0.0
2006-03-19,6.1,-1.1,True,2.5,GHCN-Daily,36.5,28.5,0.0
2006-03-20,5.6,-2.8,True,1.4,GHCN-Daily,34.52,30.479999999999997,0.0
2006-03-21,5.6,-4.4,True,0.5999999999999996,GHCN-Daily,33.08,31.92,0.0
2006-03-22,8.3,0.0,True,4.15,GHCN-Daily,39.47,25.53,0.0
2006-03-23,11.7,1.1,True,6.3999999999999995,GHCN-Daily,43.519999999999996,21.480000000000004,0.0
2006-03-24,11.1,2.8,True,6.949999999999999,GHCN-Daily,44.51,20.490000000000002,0.0
2006-03-25,8.3,2.8,True,5.550000000000001,GHCN-Daily,41.99,23.009999999999998,0.0
2006-03-26,11.1,3.3,True,7.199999999999999,GHCN-Daily,44.96,20.04,0.0
2006-03-27,15.0,3.3,True,9.15,GHCN-Daily,48.47,16.53,0.0
2006-03-28,11.1,4.4,True,7.75,GHCN-Daily,45.95,19.049999999999997,0.0
2006-03-29,13.3,2.2,True,7.75,GHCN-Daily,45.95,19.049999999999997,0.0
2006-03-30,16.7,2.8,True,9.75,GHCN-Daily,49.55,15.450000000000003,0.0
2006-03-31,13.9,5.6,True,9.75,GHCN-Daily,49.55,15.450000000000003,0.0
2006-04-01,19.4,8.9,True,14.149999999999999,GHCN-Daily,57.47,7.530000000000001,0.0
2006-04-02,19.4,8.3,True,13.85,GHCN-Daily,56.93,8.07,0.0
2006-04-03,12.2,4.4,True,8.3,GHCN-Daily,46.94,18.060000000000002,0.0
2006-04-04,13.3,4.4,True,8.850000000000001,GHCN-Daily,47.93000000000001,17.069999999999993,0.0
2006-04-05,8.3,0.0,True,4.15,GHCN-Daily,39.47,25.53,0.0
2006-04-06,11.7,3.9,True,7.8,GHCN-Daily,46.04,18.96,0.0
2006-04-07,13.9,5.0,True,9.45,GHCN-Daily,49.01,15.990000000000002,0.0
2006-04-08,13.3,3.3,True,8.3,GHCN-Daily,46.94,18.060000000000002,0.0
2006-04-09,13.9,2.8,True,8.35,GHCN-Daily,47.03,17.97,0.0
2006-04-10,12.8,5.0,True,8.9,GHCN-Daily,48.019999999999996,16.980000000000004,0.0
2006-04-11,15.0,3.9,True,9.45,GHCN-Daily,49.01,15.990000000000002,0.0
2006-04-12,15.0,6.7,True,10.85,GHCN-Daily,51.53,13.469999999999999,0.0
2006-04-13,24.4,10.0,True,17.2,GHCN-Daily,62.96,2.039999999999999,0.0
2006-04-14,15.0,9.4,True,12.2,GHCN-Daily,53.96,11.04,0.0
2006-04-15,26.7,8.9,True,17.8,GHCN-Daily,64.03999999999999,0.960000000000008,0.0
2006-04-16,18.9,10.6,True,14.75,GHCN-Daily,58.55,6.450000000000003,0.0
2006-04-17,17.2,7.8,True,12.5,GHCN-Daily,54.5,10.5,0.0
2006-04-18,21.7,7.8,True,14.75,GHCN-Daily,58.55,6.450000000000003,0.0
2006-04-19,22.8,7.8,True,15.3,GHCN-Daily,59.540000000000006,5.459999999999994,0.0
2006-04-20,25.6,11.1,True,18.35,GHCN-Daily,65.03,0.0,0.030000000000001137
2006-04-21,13.9,7.8,True,10.85,GHCN-Daily,51.53,13.469999999999999,0.0
2006-04-22,8.9,6.7,True,7.800000000000001,GHCN-Daily,46.04,18.96,0.0
2006-04-23,16.1,8.3,True,12.200000000000001,GHCN-Daily,53.96,11.04,0.0
2006-04-24,13.9,7.8,True,10.85,GHCN-Daily,51.53,13.469999999999999,0.0
2006-04-25,18.9,8.3,True,13.6,GHCN-Daily,56.480000000000004,8.519999999999996,0.0
2006-04-26,11.1,5.0,True,8.05,GHCN-Daily,46.49,18.509999999999998,0.0
2006-04-27,20.6,6.7,True,13.65,GHCN-Daily,56.57,8.43,0.0
2006-04-28,16.7,7.2,True,11.95,GHCN-Daily,53.51,11.490000000000002,0.0
2006-04-29,17.8,5.6,True,11.7,GHCN-Daily,53.06,11.939999999999998,0.0
2006-04-30,21.1,5.6,True,13.350000000000001,GHCN-Daily,56.03,8.969999999999999,0.0
2006-05-01,21.1,8.3,True,14.700000000000001,GHCN-Daily,58.46,6.539999999999999,0.0
2006-05-02,20.0,9.4,True,14.7,GHCN-Daily,58.46,6.539999999999999,0.0
2006-05-03,20.6,10.6,True,15.600000000000001,GHCN-Daily,60.08,4.920000000000002,0.0
2006-05-04,23.3,12.8,True,18.05,GHCN-Daily,64.49000000000001,0.5099999999999909,0.0
2006-05-05,25.6,13.9,True,19.75,GHCN-Daily,67.55000000000001,0.0,2.5500000000000114
2006-05-06,21.1,10.0,True,15.55,GHCN-Daily,59.99,5.009999999999998,0.0
2006-05-07,16.7,7.2,True,11.95,GHCN-Daily,53.51,11.490000000000002,0.0
2006-05-08,17.8,10.6,True,14.2,GHCN-Daily,57.56,7.439999999999998,0.0
2006-05-09,16.7,11.7,True,14.2,GHCN-Daily,57.56,7.439999999999998,0.0
2006-05-10,18.3,11.1,True,14.7,GHCN-Daily,58.46,6.539999999999999,0.0
2006-05-11,16.1,11.1,True,13.600000000000001,GHCN-Daily,56.480000000000004,8.519999999999996,0.0
2006-05-12,18.9,13.3,True,16.1,GHCN-Daily,60.980000000000004,4.019999999999996,0.0
2006-05-13,21.7,11.1,True,16.4,GHCN-Daily,61.519999999999996,3.480000000000004,0.0
2006-05-14,16.1,10.0,True,13.05,GHCN-Daily,55.49,9.509999999999998,0.0
2006-05-15,18.3,10.6,True,14.45,GHCN-Daily,58.01,6.990000000000002,0.0
2006-05-16,18.3,11.7,True,15.0,GHCN-Daily,59.0,6.0,0.0
2006-05-17,20.0,11.7,True,15.85,GHCN-Daily,60.53,4.469999999999999,0.0
2006-05-18,20.6,12.8,True,16.700000000000003,GHCN-Daily,62.06,2.9399999999999977,0.0
2006-05-19,18.3,10.6,True,14.45,GHCN-Daily,58.01,6.990000000000002,0.0
2006-05-20,20.6,11.1,True,15.850000000000001,GHCN-Daily,60.53,4.469999999999999,0.0
2006-05-21,20.0,10.0,True,15.0,GHCN-Daily,59.0,6.0,0.0
2006-05-22,18.3,8.9,True,13.600000000000001,GHCN-Daily,56.480000000000004,8.519999999999996,0.0
2006-05-23,20.6,7.2,True,13.9,GHCN-Daily,57.019999999999996,7.980000000000004,0.0
2006-05-24,22.8,11.1,True,16.95,GHCN-Daily,62.51,2.490000000000002,0.0
2006-05-25,21.7,11.1,True,16.4,GHCN-Daily,61.519999999999996,3.480000000000004,0.0
2006-05-26,20.0,13.9,True,16.95,GHCN-Daily,62.51,2.490000000000002,0.0
2006-05-27,28.9,15.0,True,21.95,GHCN-Daily,71.50999999999999,0.0,6.509999999999991
2006-05-28,26.1,16.1,True,21.1,GHCN-Daily,69.98,0.0,4.980000000000004
2006-05-29,25.0,15.0,True,20.0,GHCN-Daily,68.0,0.0,3.0
2006-05-30,28.3,17.2,True,22.75,GHCN-Daily,72.95,0.0,7.950000000000003
2006-05-31,19.4,16.7,True,18.049999999999997,GHCN-Daily,64.49,0.5100000000000051,0.0
2006-06-01,25.0,16.7,True,20.85,GHCN-Daily,69.53,0.0,4.530000000000001
2006-06-02,25.6,18.9,True,22.25,GHCN-Daily,72.05000000000001,0.0,7.050000000000011
2006-06-03,20.0,13.9,True,16.95,GHCN-Daily,62.51,2.490000000000002,0.0
2006-06-04,20.6,13.3,True,16.950000000000003,GHCN-Daily,62.510000000000005,2.489999999999995,0.0
2006-06-05,20.6,15.0,True,17.8,GHCN-Daily,64.03999999999999,0.960000000000008,0.0
2006-06-06,22.2,13.9,True,18.05,GHCN-Daily,64.49000000000001,0.5099999999999909,0.0
2006-06-07,17.2,13.9,True,15.55,GHCN-Daily,59.99,5.009999999999998,0.0
2006-06-08,18.9,13.9,True,16.4,GHCN-Daily,61.519999999999996,3.480000000000004,0.0
2006-06-09,24.4,14.4,True,19.4,GHCN-Daily,66.92,0.0,1.9200000000000017
2006-06-10,20.6,13.9,True,17.25,GHCN-Daily,63.05,1.9500000000000028,0.0
2006-06-11,21.7,11.7,True,16.7,GHCN-Daily,62.06,2.9399999999999977,0.0
2006-06-12,20.6,13.9,True,17.25,GHCN-Daily,63.05,1.9500000000000028,0.0
2006-06-13,26.1,17.8,True,21.950000000000003,GHCN-Daily,71.51,0.0,6.510000000000005
2006-06-14,22.2,16.7,True,19.45,GHCN-Daily,67.00999999999999,0.0,2.009999999999991
2006-06-15,27.8,18.9,True,23.35,GHCN-Daily,74.03,0.0,9.030000000000001
2006-06-16,30.6,17.2,True,23.9,GHCN-Daily,75.02,0.0,10.019999999999996
2006-06-17,26.7,16.7,True,21.7,GHCN-Daily,71.06,0.0,6.060000000000002
2006-06-18,26.7,19.4,True,23.049999999999997,GHCN-Daily,73.49,0.0,8.489999999999995
2006-06-19,27.2,18.9,True,23.049999999999997,GHCN-Daily,73.49,0.0,8.489999999999995
2006-06-20,28.3,19.4,True,23.85,GHCN-Daily,74.93,0.0,9.930000000000007
2006-06-21,25.6,18.3,True,21.950000000000003,GHCN-Daily,71.51,0.0,6.510000000000005
2006-06-22,27.2,18.3,True,22.75,GHCN-Daily,72.95,0.0,7.950000000000003
2006-06-23,28.3,20.0,True,24.15,GHCN-Daily,75.47,0.0,10.469999999999999
2006-06-24,22.8,19.4,True,21.1,GHCN-Daily,69.98,0.0,4.980000000000004
2006-06-25,23.3,19.4,True,21.35,GHCN-Daily,70.43,0.0,5.430000000000007
2006-06-26,25.0,20.6,True,22.8,GHCN-Daily,73.03999999999999,0.0,8.039999999999992
2006-06-27,25.6,21.1,True,23.35,GHCN-Daily,74.03,0.0,9.030000000000001
2006-06-28,26.7,19.4,True,23.049999999999997,GHCN-Daily,73.49,0.0,8.489999999999995
2006-06-29,27.2,18.9,True,23.049999999999997,GHCN-Daily,73.49,0.0,8.489999999999995
2006-06-30,28.3,18.3,True,23.3,GHCN-Daily,73.94,0.0,8.939999999999998
2006-07-01,27.2,18.3,True,22.75,GHCN-Daily,72.95,0.0,7.950000000000003
2006-07-02,32.2,20.6,True,26.400000000000002,GHCN-Daily,79.52000000000001,0.0,14.52000000000001
2006-07-03,30.0,22.2,True,26.1,GHCN-Daily,78.98,0.0,13.980000000000004
2006-07-04,30.0,21.7,True,25.85,GHCN-Daily,78.53,0.0,13.530000000000001
2006-07-05,24.4,20.6,True,22.5,GHCN-Daily,72.5,0.0,7.5
2006-07-06,25.6,16.7,True,21.15,GHCN-Daily,70.07,0.0,5.069999999999993
2006-07-07,27.2,16.7,True,21.95,GHCN-Daily,71.50999999999999,0.0,6.509999999999991
2006-07-08,27.2,19.4,True,23.299999999999997,GHCN-Daily,73.94,0.0,8.939999999999998
2006-07-09,28.9,20.6,True,24.75,GHCN-Daily,76.55000000000001,0.0,11.550000000000011
2006-07-10,26.1,18.9,True,22.5,GHCN-Daily,72.5,0.0,7.5
2006-07-11,27.2,20.0,True,23.6,GHCN-Daily,74.48,0.0,9.480000000000004
2006-07-12,27.2,21.7,True,24.45,GHCN-Daily,76.00999999999999,0.0,11.009999999999991
2006-07-13,30.0,20.0,True,25.0,GHCN-Daily,77.0,0.0,12.0
2006-07-14,26.1,18.9,True,22.5,GHCN-Daily,72.5,0.0,7.5
2006-07-15,26.1,19.4,True,22.75,GHCN-Daily,72.95,0.0,7.950000000000003
2006-07-16,34.4,20.6,True,27.5,GHCN-Daily,81.5,0.0,16.5
2006-07-17,33.9,23.3,True,28.6,GHCN-Daily,83.48,0.0,18.480000000000004
2006-07-18,35.0,22.8,True,28.9,GHCN-Daily,84.02,0.0,19.019999999999996
2006-07-19,30.6,22.8,True,26.700000000000003,GHCN-Daily,80.06,0.0,15.060000000000002
2006-07-20,28.9,21.1,True,25.0,GHCN-Daily,77.0,0.0,12.0
2006-07-21,29.4,21.7,True,25.549999999999997,GHCN-Daily,77.99,0.0,12.989999999999995
2006-07-22,26.1,22.2,True,24.15,GHCN-Daily,75.47,0.0,10.469999999999999
2006-07-23,26.1,20.0,True,23.05,GHCN-Daily,73.49000000000001,0.0,8.490000000000009
2006-07-24,28.3,18.9,True,23.6,GHCN-Daily,74.48,0.0,9.480000000000004
2006-07-25,26.7,20.6,True,23.65,GHCN-Daily,74.57,0.0,9.569999999999993
2006-07-26,28.3,21.1,True,24.700000000000003,GHCN-Daily,76.46000000000001,0.0,11.460000000000008
2006-07-27,28.3,22.2,True,25.25,GHCN-Daily,77.45,0.0,12.450000000000003
2006-07-28,29.4,22.8,True,26.1,GHCN-Daily,78.98,0.0,13.980000000000004
2006-07-29,32.2,23.3,True,27.75,GHCN-Daily,81.95,0.0,16.950000000000003
2006-07-30,32.8,26.1,True,29.45,GHCN-Daily,85.00999999999999,0.0,20.00999999999999
2006-07-31,31.1,22.8,True,26.950000000000003,GHCN-Daily,80.51,0.0,15.510000000000005
2006-08-01,36.1,24.4,True,30.25,GHCN-Daily,86.45,0.0,21.450000000000003
2006-08-02,36.1,26.7,True,31.4,GHCN-Daily,88.52,0.0,23.519999999999996
2006-08-03,37.2,26.1,True,31.650000000000002,GHCN-Daily,88.97,0.0,23.97
2006-08-04,33.9,24.4,True,29.15,GHCN-Daily,84.47,0.0,19.47
2006-08-05,32.8,20.6,True,26.7,GHCN-Daily,80.06,0.0,15.060000000000002
2006-08-06,28.3,21.7,True,25.0,GHCN-Daily,77.0,0.0,12.0
2006-08-07,30.6,23.3,True,26.950000000000003,GHCN-Daily,80.51,0.0,15.510000000000005
2006-08-08,31.7,21.7,True,26.7,GHCN-Daily,80.06,0.0,15.060000000000002
2006-08-09,27.2,19.4,True,23.299999999999997,GHCN-Daily,73.94,0.0,8.939999999999998
2006-08-10,28.9,20.6,True,24.75,GHCN-Daily,76.55000000000001,0.0,11.550000000000011
2006-08-11,26.7,17.8,True,22.25,GHCN-Daily,72.05000000000001,0.0,7.050000000000011
2006-08-12,26.1,16.1,True,21.1,GHCN-Daily,69.98,0.0,4.980000000000004
2006-08-13,28.3,15.6,True,21.95,GHCN-Daily,71.50999999999999,0.0,6.509999999999991
2006-08-14,27.8,17.8,True,22.8,GHCN-Daily,73.03999999999999,0.0,8.039999999999992
2006-08-15,27.2,21.1,True,24.15,GHCN-Daily,75.47,0.0,10.469999999999999
2006-08-16,28.3,18.9,True,23.6,GHCN-Daily,74.48,0.0,9.480000000000004
2006-08-17,28.9,20.0,True,24.45,GHCN-Daily,76.00999999999999,0.0,11.009999999999991
2006-08-18,27.2,19.4,True,23.299999999999997,GHCN-Daily,73.94,0.0,8.939999999999998
2006-08-19,27.2,18.9,True,23.049999999999997,GHCN-Daily,73.49,0.0,8.489999999999995
2006-08-20,32.8,22.8,True,27.799999999999997,GHCN-Daily,82.03999999999999,0.0,17.039999999999992
2006-08-21,31.1,20.6,True,25.85,GHCN-Daily,78.53,0.0,13.530000000000001
2006-08-22,28.3,20.6,True,24.450000000000003,GHCN-Daily,76.01,0.0,11.010000000000005
2006-08-23,31.7,20.0,True,25.85,GHCN-Daily,78.53,0.0,13.530000000000001
2006-08-24,26.7,20.6,True,23.65,GHCN-Daily,74.57,0.0,9.569999999999993
2006-08-25,25.6,20.0,True,22.8,GHCN-Daily,73.03999999999999,0.0,8.039999999999992
2006-08-26,21.7,18.3,True,20.0,GHCN-Daily,68.0,0.0,3.0
2006-08-27,23.3,18.9,True,21.1,GHCN-Daily,69.98,0.0,4.980000000000004
2006-08-28,26.1,21.7,True,23.9,GHCN-Daily,75.02,0.0,10.019999999999996
2006-08-29,22.2,18.3,True,20.25,GHCN-Daily,68.45,0.0,3.450000000000003
2006-08-30,24.4,17.8,True,21.1,GHCN-Daily,69.98,0.0,4.980000000000004
2006-08-31,22.8,16.7,True,19.75,GHCN-Daily,67.55000000000001,0.0,2.5500000000000114
2006-09-01,21.1,15.6,True,18.35,GHCN-Daily,65.03,0.0,0.030000000000001137
2006-09-02,20.6,15.6,True,18.1,GHCN-Daily,64.58000000000001,0.4199999999999875,0.0
2006-09-03,25.6,17.8,True,21.700000000000003,GHCN-Daily,71.06,0.0,6.060000000000002
2006-09-04,26.1,16.7,True,21.4,GHCN-Daily,70.52,0.0,5.519999999999996
2006-09-05,21.7,16.7,True,19.2,GHCN-Daily,66.56,0.0,1.5600000000000023
2006-09-06,24.4,16.7,True,20.549999999999997,GHCN-Daily,68.99,0.0,3.989999999999995
2006-09-07,26.7,16.1,True,21.4,GHCN-Daily,70.52,0.0,5.519999999999996
2006-09-08,26.7,17.8,True,22.25,GHCN-Daily,72.05000000000001,0.0,7.050000000000011
2006-09-09,27.2,18.9,True,23.049999999999997,GHCN-Daily,73.49,0.0,8.489999999999995
2006-09-10,23.3,15.6,True,19.45,GHCN-Daily,67.00999999999999,0.0,2.009999999999991
2006-09-11,21.7,12.8,True,17.25,GHCN-Daily,63.05,1.9500000000000028,0.0
2006-09-12,21.1,10.6,True,15.850000000000001,GHCN-Daily,60.53,4.469999999999999,0.0
2006-09-13,21.7,13.3,True,17.5,GHCN-Daily,63.5,1.5,0.0
2006-09-14,20.6,18.3,True,19.450000000000003,GHCN-Daily,67.01,0.0,2.010000000000005
2006-09-15,20.0,18.9,True,19.45,GHCN-Daily,67.00999999999999,0.0,2.009999999999991
2006-09-16,26.1,17.8,True,21.950000000000003,GHCN-Daily,71.51,0.0,6.510000000000005
2006-09-17,27.2,17.8,True,22.5,GHCN-Daily,72.5,0.0,7.5
2006-09-18,25.6,17.2,True,21.4,GHCN-Daily,70.52,0.0,5.519999999999996
2006-09-19,25.0,19.4,True,22.2,GHCN-Daily,71.96000000000001,0.0,6.960000000000008
2006-09-20,22.2,14.4,True,18.3,GHCN-Daily,64.94,0.060000000000002274,0.0
2006-09-21,21.1,11.1,True,16.1,GHCN-Daily,60.980000000000004,4.019999999999996,0.0
2006-09-22,21.1,10.0,True,15.55,GHCN-Daily,59.99,5.009999999999998,0.0
2006-09-23,24.4,18.3,True,21.35,GHCN-Daily,70.43,0.0,5.430000000000007
2006-09-24,27.8,19.4,True,23.6,GHCN-Daily,74.48,0.0,9.480000000000004
2006-09-25,22.8,17.2,True,20.0,GHCN-Daily,68.0,0.0,3.0
2006-09-26,22.8,14.4,True,18.6,GHCN-Daily,65.48,0.0,0.480000000000004
2006-09-27,22.8,12.8,True,17.8,GHCN-Daily,64.03999999999999,0.960000000000008,0.0
2006-09-28,22.8,14.4,True,18.6,GHCN-Daily,65.48,0.0,0.480000000000004
2006-09-29,20.0,12.2,True,16.1,GHCN-Daily,60.980000000000004,4.019999999999996,0.0
2006-09-30,19.4,9.4,True,14.399999999999999,GHCN-Daily,57.92,7.079999999999998,0.0
2006-10-01,20.6,13.9,True,17.25,GHCN-Daily,63.05,1.9500000000000028,0.0
2006-10-02,21.7,12.8,True,17.25,GHCN-Daily,63.05,1.9500000000000028,0.0
2006-10-03,23.9,11.1,True,17.5,GHCN-Daily,63.5,1.5,0.0
2006-10-04,23.3,16.7,True,20.0,GHCN-Daily,68.0,0.0,3.0
2006-10-05,19.4,11.7,True,15.549999999999999,GHCN-Daily,59.989999999999995,5.010000000000005,0.0
2006-10-06,14.4,11.7,True,13.05,GHCN-Daily,55.49,9.509999999999998,0.0
2006-10-07,17.8,11.1,True,14.45,GHCN-Daily,58.01,6.990000000000002,0.0
2006-10-08,18.9,10.0,True,14.45,GHCN-Daily,58.01,6.990000000000002,0.0
2006-10-09,23.3,11.7,True,17.5,GHCN-Daily,63.5,1.5,0.0
2006-10-10,24.4,13.9,True,19.15,GHCN-Daily,66.47,0.0,1.4699999999999989
2006-10-11,17.8,15.0,True,16.4,GHCN-Daily,61.519999999999996,3.480000000000004,0.0
2006-10-12,21.1,10.0,True,15.55,GHCN-Daily,59.99,5.009999999999998,0.0
2006-10-13,12.8,5.0,True,8.9,GHCN-Daily,48.019999999999996,16.980000000000004,0.0
2006-10-14,15.6,6.7,True,11.15,GHCN-Daily,52.07,12.93,0.0
2006-10-15,15.0,5.6,True,10.3,GHCN-Daily,50.540000000000006,14.459999999999994,0.0
2006-10-16,15.6,3.9,True,9.75,GHCN-Daily,49.55,15.450000000000003,0.0
2006-10-17,17.2,12.8,True,15.0,GHCN-Daily,59.0,6.0,0.0
2006-10-18,23.9,16.7,True,20.299999999999997,GHCN-Daily,68.53999999999999,0.0,3.539999999999992
2006-10-19,19.4,12.8,True,16.1,GHCN-Daily,60.980000000000004,4.019999999999996,0.0
2006-10-20,18.9,8.3,True,13.6,GHCN-Daily,56.480000000000004,8.519999999999996,0.0
2006-10-21,15.0,7.2,True,11.1,GHCN-Daily,51.980000000000004,13.019999999999996,0.0
2006-10-22,16.1,5.0,True,10.55,GHCN-Daily,50.99,14.009999999999998,0.0
2006-10-23,13.9,7.2,True,10.55,GHCN-Daily,50.99,14.009999999999998,0.0
2006-10-24,11.7,5.6,True,8.649999999999999,GHCN-Daily,47.57,17.43,0.0
2006-10-25,13.3,6.1,True,9.7,GHCN-Daily,49.46,15.54,0.0
2006-10-26,11.1,3.9,True,7.5,GHCN-Daily,45.5,19.5,0.0
2006-10-27,10.6,1.1,True,5.85,GHCN-Daily,42.53,22.47,0.0
2006-10-28,18.3,7.8,True,13.05,GHCN-Daily,55.49,9.509999999999998,0.0
2006-10-29,12.8,7.2,True,10.0,GHCN-Daily,50.0,15.0,0.0
2006-10-30,16.1,6.7,True,11.4,GHCN-Daily,52.519999999999996,12.480000000000004,0.0
2006-10-31,17.2,7.8,True,12.5,GHCN-Daily,54.5,10.5,0.0
2006-11-01,20.6,12.8,True,16.700000000000003,GHCN-Daily,62.06,2.9399999999999977,0.0
2006-11-02,13.9,6.7,True,10.3,GHCN-Daily,50.540000000000006,14.459999999999994,0.0
2006-11-03,9.4,2.8,True,6.1,GHCN-Daily,42.980000000000004,22.019999999999996,0.0
2006-11-04,8.9,1.1,True,5.0,GHCN-Daily,41.0,24.0,0.0
2006-11-05,9.4,0.6,True,5.0,GHCN-Daily,41.0,24.0,0.0
2006-11-06,12.2,2.8,True,7.5,GHCN-Daily,45.5,19.5,0.0
2006-11-07,15.0,7.2,True,11.1,GHCN-Daily,51.980000000000004,13.019999999999996,0.0
2006-11-08,15.6,13.3,True,14.45,GHCN-Daily,58.01,6.990000000000002,0.0
2006-11-09,21.1,13.3,True,17.200000000000003,GHCN-Daily,62.96000000000001,2.039999999999992,0.0
2006-11-10,16.7,9.4,True,13.05,GHCN-Daily,55.49,9.509999999999998,0.0
2006-11-11,17.2,6.1,True,11.649999999999999,GHCN-Daily,52.97,12.030000000000001,0.0
2006-11-12,17.2,11.1,True,14.149999999999999,GHCN-Daily,57.47,7.530000000000001,0.0
2006-11-13,16.7,12.8,True,14.75,GHCN-Daily,58.55,6.450000000000003,0.0
2006-11-14,15.0,11.7,True,13.35,GHCN-Daily,56.03,8.969999999999999,0.0
2006-11-15,16.7,12.2,True,14.45,GHCN-Daily,58.01,6.990000000000002,0.0
2006-11-16,18.3,13.3,True,15.8,GHCN-Daily,60.44,4.560000000000002,0.0
2006-11-17,17.8,9.4,True,13.600000000000001,GHCN-Daily,56.480000000000004,8.519999999999996,0.0
2006-11-18,11.1,5.6,True,8.35,GHCN-Daily,47.03,17.97,0.0
2006-11-19,9.4,6.1,True,7.75,GHCN-Daily,45.95,19.049999999999997,0.0
2006-11-20,7.2,3.9,True,5.55,GHCN-Daily,41.99,23.009999999999998,0.0
2006-11-21,7.8,0.6,True,4.2,GHCN-Daily,39.56,25.439999999999998,0.0
2006-11-22,7.8,4.4,True,6.1,GHCN-Daily,42.980000000000004,22.019999999999996,0.0
2006-11-23,7.2,5.6,True,6.4,GHCN-Daily,43.52,21.479999999999997,0.0
2006-11-24,15.0,5.6,True,10.3,GHCN-Daily,50.540000000000006,14.459999999999994,0.0
2006-11-25,11.1,2.2,True,6.65,GHCN-Daily,43.97,21.03,0.0
2006-11-26,13.3,2.8,True,8.05,GHCN-Daily,46.49,18.509999999999998,0.0
2006-11-27,15.0,5.0,True,10.0,GHCN-Daily,50.0,15.0,0.0
2006-11-28,14.4,6.1,True,10.25,GHCN-Daily,50.45,14.549999999999997,0.0
2006-11-29,14.4,8.9,True,11.65,GHCN-Daily,52.97,12.030000000000001,0.0
2006-11-30,15.6,11.7,True,13.649999999999999,GHCN-Daily,56.56999999999999,8.430000000000007,0.0
2006-12-01,17.8,10.0,True,13.9,GHCN-Daily,57.019999999999996,7.980000000000004,0.0
2006-12-02,10.0,3.9,True,6.95,GHCN-Daily,44.51,20.490000000000002,0.0
2006-12-03,6.7,1.7,True,4.2,GHCN-Daily,39.56,25.439999999999998,0.0
2006-12-04,6.1,-0.6,True,2.75,GHCN-Daily,36.95,28.049999999999997,0.0
2006-12-05,3.3,-1.7,True,0.7999999999999999,GHCN-Daily,33.44,31.560000000000002,0.0
2006-12-06,9.4,-2.2,True,3.6,GHCN-Daily,38.480000000000004,26.519999999999996,0.0
2006-12-07,12.2,-2.8,True,4.699999999999999,GHCN-Daily,40.46,24.54,0.0
2006-12-08,-1.1,-7.2,True,-4.15,GHCN-Daily,24.53,40.47,0.0
2006-12-09,3.9,-4.4,True,-0.2500000000000002,GHCN-Daily,31.55,33.45,0.0
2006-12-10,11.7,1.7,True,6.699999999999999,GHCN-Daily,44.06,20.939999999999998,0.0
2006-12-11,14.4,3.3,True,8.85,GHCN-Daily,47.93,17.07,0.0
2006-12-12,9.4,4.4,True,6.9,GHCN-Daily,44.42,20.58,0.0
2006-12-13,12.2,8.9,True,10.55,GHCN-Daily,50.99,14.009999999999998,0.0
2006-12-14,9.4,6.1,True,7.75,GHCN-Daily,45.95,19.049999999999997,0.0
2006-12-15,10.6,6.1,True,8.35,GHCN-Daily,47.03,17.97,0.0
2006-12-16,11.1,2.8,True,6.949999999999999,GHCN-Daily,44.51,20.490000000000002,0.0
2006-12-17,11.7,1.7,True,6.699999999999999,GHCN-Daily,44.06,20.939999999999998,0.0
2006-12-18,15.6,6.7,True,11.15,GHCN-Daily,52.07,12.93,0.0
2006-12-19,8.3,2.2,True,5.25,GHCN-Daily,41.45,23.549999999999997,0.0
2006-12-20,6.7,-0.6,True,3.0500000000000003,GHCN-Daily,37.49,27.509999999999998,0.0
2006-12-21,11.1,3.3,True,7.199999999999999,GHCN-Daily,44.96,20.04,0.0
2006-12-22,10.6,1.1,True,5.85,GHCN-Daily,42.53,22.47,0.0
2006-12-23,15.0,7.8,True,11.4,GHCN-Daily,52.519999999999996,12.480000000000004,0.0
2006-12-24,12.2,5.6,True,8.899999999999999,GHCN-Daily,48.019999999999996,16.980000000000004,0.0
2006-12-25,8.3,1.7,True,5.0,GHCN-Daily,41.0,24.0,0.0
2006-12-26,12.8,6.7,True,9.75,GHCN-Daily,49.55,15.450000000000003,0.0
2006-12-27,6.7,3.3,True,5.0,GHCN-Daily,41.0,24.0,0.0
2006-12-28,9.4,1.7,True,5.55,GHCN-Daily,41.99,23.009999999999998,0.0
2006-12-29,9.4,1.7,True,5.55,GHCN-Daily,41.99,23.009999999999998,0.0
2006-12-30,10.0,0.0,True,5.0,GHCN-Daily,41.0,24.0,0.0
2006-12-31,7.2,0.0,True,3.6,GHCN-Daily,38.480000000000004,26.519999999999996,0.0
2007-01-01,12.8,7.2,True,10.0,GHCN-Daily,50.0,15.0,0.0
2007-01-02,11.1,2.2,True,6.65,GHCN-Daily,43.97,21.03,0.0
2007-01-03,10.6,0.0,True,5.3,GHCN-Daily,41.54,23.46,0.0
2007-01-04,11.7,2.8,True,7.25,GHCN-Daily,45.05,19.950000000000003,0.0
2007-01-05,13.3,7.8,True,10.55,GHCN-Daily,50.99,14.009999999999998,0.0
2007-01-06,21.7,10.6,True,16.15,GHCN-Daily,61.06999999999999,3.930000000000007,0.0
2007-01-07,13.3,6.7,True,10.0,GHCN-Daily,50.0,15.0,0.0
2007-01-08,12.8,3.3,True,8.05,GHCN-Daily,46.49,18.509999999999998,0.0
2007-01-09,7.2,1.1,True,4.15,GHCN-Daily,39.47,25.53,0.0
2007-01-10,2.2,-1.7,True,0.2500000000000001,GHCN-Daily,32.45,32.55,0.0
2007-01-11,3.9,-3.3,True,0.30000000000000004,GHCN-Daily,32.54,32.46,0.0
2007-01-12,10.0,3.9,True,6.95,GHCN-Daily,44.51,20.490000000000002,0.0
2007-01-13,13.3,5.0,True,9.15,GHCN-Daily,48.47,16.53,0.0
2007-01-14,8.3,6.1,True,7.2,GHCN-Daily,44.96,20.04,0.0
2007-01-15,11.1,5.0,True,8.05,GHCN-Daily,46.49,18.509999999999998,0.0
2007-01-16,13.3,-5.0,True,4.15,GHCN-Daily,39.47,25.53,0.0
2007-01-17,-1.1,-7.2,True,-4.15,GHCN-Daily,24.53,40.47,0.0
2007-01-18,2.8,-5.6,True,-1.4,GHCN-Daily,29.48,35.519999999999996,0.0
2007-01-19,6.7,0.0,True,3.35,GHCN-Daily,38.03,26.97,0.0
2007-01-20,1.1,-5.6,True,-2.25,GHCN-Daily,27.95,37.05,0.0
2007-01-21,-1.1,-7.2,True,-4.15,GHCN-Daily,24.53,40.47,0.0
2007-01-22,0.6,-3.9,True,-1.65,GHCN-Daily,29.03,35.97,0.0
2007-01-23,2.8,-1.7,True,0.5499999999999999,GHCN-Daily,32.99,32.01,0.0
2007-01-24,5.6,-1.1,True,2.25,GHCN-Daily,36.05,28.950000000000003,0.0
2007-01-25,2.2,-8.9,True,-3.35,GHCN-Daily,25.97,39.03,0.0
2007-01-26,-4.4,-12.8,True,-8.600000000000001,GHCN-Daily,16.519999999999996,48.480000000000004,0.0
2007-01-27,3.9,-6.1,True,-1.0999999999999999,GHCN-Daily,30.02,34.980000000000004,0.0
2007-01-28,5.6,-0.6,True,2.5,GHCN-Daily,36.5,28.5,0.0
2007-01-29,-0.6,-5.0,True,-2.8,GHCN-Daily,26.96,38.04,0.0
2007-01-30,2.2,-5.6,True,-1.6999999999999997,GHCN-Daily,28.94,36.06,0.0
2007-01-31,1.1,-3.3,True,-1.0999999999999999,GHCN-Daily,30.02,34.980000000000004,0.0
2007-02-01,2.2,-3.3,True,-0.5499999999999998,GHCN-Daily,31.01,33.989999999999995,0.0
2007-02-02,3.9,0.0,True,1.95,GHCN-Daily,35.51,29.490000000000002,0.0
2007-02-03,2.2,-4.4,True,-1.1,GHCN-Daily,30.02,34.980000000000004,0.0
2007-02-04,-0.6,-7.8,True,-4.2,GHCN-Daily,24.439999999999998,40.56,0.0
2007-02-05,-7.2,-12.8,True,-10.0,GHCN-Daily,14.0,51.0,0.0
2007-02-06,-3.9,-11.7,True,-7.8,GHCN-Daily,17.96,47.04,0.0
2007-02-07,-3.3,-10.6,True,-6.949999999999999,GHCN-Daily,19.490000000000002,45.51,0.0
2007-02-08,-1.1,-9.4,True,-5.25,GHCN-Daily,22.549999999999997,42.45,0.0
2007-02-09,0.6,-7.2,True,-3.3000000000000003,GHCN-Daily,26.06,38.94,0.0
2007-02-10,1.7,-5.0,True,-1.65,GHCN-Daily,29.03,35.97,0.0
2007-02-11,0.0,-7.2,True,-3.6,GHCN-Daily,25.52,39.480000000000004,0.0
2007-02-12,5.0,-5.6,True,-0.2999999999999998,GHCN-Daily,31.46,33.54,0.0
2007-02-13,0.6,-5.6,True,-2.5,GHCN-Daily,27.5,37.5,0.0
2007-02-14,0.0,-7.8,True,-3.9,GHCN-Daily,24.98,40.019999999999996,0.0
2007-02-15,-3.3,-8.9,True,-6.1,GHCN-Daily,21.02,43.980000000000004,0.0
2007-02-16,-1.1,-8.9,True,-5.0,GHCN-Daily,23.0,42.0,0.0
2007-02-17,1.1,-6.1,True,-2.5,GHCN-Daily,27.5,37.5,0.0
2007-02-18,0.6,-7.8,True,-3.6,GHCN-Daily,25.52,39.480000000000004,0.0
2007-02-19,-0.6,-10.0,True,-5.3,GHCN-Daily,22.46,42.54,0.0
2007-02-20,7.8,-2.2,True,2.8,GHCN-Daily,37.04,27.96,0.0
2007-02-21,10.0,1.7,True,5.85,GHCN-Daily,42.53,22.47,0.0
2007-02-22,7.2,-1.7,True,2.75,GHCN-Daily,36.95,28.049999999999997,0.0
2007-02-23,4.4,-5.6,True,-0.5999999999999996,GHCN-Daily,30.92,34.08,0.0
2007-02-24,6.7,-6.1,True,0.30000000000000027,GHCN-Daily,32.54,32.46,0.0
2007-02-25,2.2,-4.4,True,-1.1,GHCN-Daily,30.02,34.980000000000004,0.0
2007-02-26,1.7,-0.6,True,0.55,GHCN-Daily,32.99,32.01,0.0
2007-02-27,5.6,0.6,True,3.0999999999999996,GHCN-Daily,37.58,27.42,0.0
2007-02-28,8.3,1.1,True,4.7,GHCN-Daily,40.46,24.54,0.0
2007-03-01,6.1,-1.7,True,2.1999999999999997,GHCN-Daily,35.96,29.04,0.0
2007-03-02,15.0,4.4,True,9.7,GHCN-Daily,49.46,15.54,0.0
2007-03-03,12.8,0.0,True,6.4,GHCN-Daily,43.52,21.479999999999997,0.0
2007-03-04,5.6,1.1,True,3.3499999999999996,GHCN-Daily,38.03,26.97,0.0
2007-03-05,6.1,-5.6,True,0.25,GHCN-Daily,32.45,32.55,0.0
2007-03-06,-5.6,-10.6,True,-8.1,GHCN-Daily,17.42,47.58,0.0
2007-03-07,-5.0,-10.6,True,-7.8,GHCN-Daily,17.96,47.04,0.0
2007-03-08,2.8,-8.3,True,-2.7500000000000004,GHCN-Daily,27.049999999999997,37.95,0.0
2007-03-09,0.0,-10.0,True,-5.0,GHCN-Daily,23.0,42.0,0.0
2007-03-10,10.0,-3.3,True,3.35,GHCN-Daily,38.03,26.97,0.0
2007-03-11,11.7,3.3,True,7.5,GHCN-Daily,45.5,19.5,0.0
2007-03-12,9.4,-1.1,True,4.15,GHCN-Daily,39.47,25.53,0.0
2007-03-13,8.9,1.7,True,5.3,GHCN-Daily,41.54,23.46,0.0
2007-03-14,13.9,4.4,True,9.15,GHCN-Daily,48.47,16.53,0.0
2007-03-15,16.7,2.2,True,9.45,GHCN-Daily,49.01,15.990000000000002,0.0
2007-03-16,2.2,-2.8,True,-0.2999999999999998,GHCN-Daily,31.46,33.54,0.0
2007-03-17,2.8,-3.3,True,-0.25,GHCN-Daily,31.55,33.45,0.0
2007-03-18,3.9,-2.8,True,0.55,GHCN-Daily,32.99,32.01,0.0
2007-03-19,4.4,-1.7,True,1.35,GHCN-Daily,34.43,30.57,0.0
2007-03-20,11.1,0.6,True,5.85,GHCN-Daily,42.53,22.47,0.0
2007-03-21,4.4,-3.3,True,0.5500000000000003,GHCN-Daily,32.99,32.01,0.0
2007-03-22,12.2,4.4,True,8.3,GHCN-Daily,46.94,18.060000000000002,0.0
2007-03-23,16.1,7.8,True,11.950000000000001,GHCN-Daily,53.510000000000005,11.489999999999995,0.0
2007-03-24,11.7,5.0,True,8.35,GHCN-Daily,47.03,17.97,0.0
2007-03-25,11.7,2.8,True,7.25,GHCN-Daily,45.05,19.950000000000003,0.0
2007-03-26,8.9,2.2,True,5.550000000000001,GHCN-Daily,41.99,23.009999999999998,0.0
2007-03-27,25.6,7.2,True,16.400000000000002,GHCN-Daily,61.52,3.479999999999997,0.0
2007-03-28,17.8,7.8,True,12.8,GHCN-Daily,55.040000000000006,9.959999999999994,0.0
2007-03-29,13.9,3.9,True,8.9,GHCN-Daily,48.019999999999996,16.980000000000004,0.0
2007-03-30,18.3,3.9,True,11.1,GHCN-Daily,51.980000000000004,13.019999999999996,0.0
2007-03-31,11.7,4.4,True,8.05,GHCN-Daily,46.49,18.509999999999998,0.0
2007-04-01,9.4,5.6,True,7.5,GHCN-Daily,45.5,19.5,0.0
2007-04-02,10.6,6.1,True,8.35,GHCN-Daily,47.03,17.97,0.0
2007-04-03,11.7,5.0,True,8.35,GHCN-Daily,47.03,17.97,0.0
2007-04-04,6.7,4.4,True,5.550000000000001,GHCN-Daily,41.99,23.009999999999998,0.0
2007-04-05,8.3,1.7,True,5.0,GHCN-Daily,41.0,24.0,0.0
2007-04-06,6.1,0.6,True,3.3499999999999996,GHCN-Daily,38.03,26.97,0.0
2007-04-07,6.1,-0.6,True,2.75,GHCN-Daily,36.95,28.049999999999997,0.0
2007-04-08,6.1,-0.6,True,2.75,GHCN-Daily,36.95,28.049999999999997,0.0
2007-04-09,9.4,0.6,True,5.0,GHCN-Daily,41.0,24.0,0.0
2007-04-10,10.6,1.7,True,6.1499999999999995,GHCN-Daily,43.07,21.93,0.0
2007-04-11,8.9,0.0,True,4.45,GHCN-Daily,40.01,24.990000000000002,0.0
2007-04-12,6.7,4.4,True,5.550000000000001,GHCN-Daily,41.99,23.009999999999998,0.0
2007-04-13,11.1,5.6,True,8.35,GHCN-Daily,47.03,17.97,0.0
2007-04-14,13.3,3.9,True,8.6,GHCN-Daily,47.480000000000004,17.519999999999996,0.0
2007-04-15,12.2,5.0,True,8.6,GHCN-Daily,47.480000000000004,17.519999999999996,0.0
2007-04-16,12.8,4.4,True,8.600000000000001,GHCN-Daily,47.480000000000004,17.519999999999996,0.0
2007-04-17,11.1,5.6,True,8.35,GHCN-Daily,47.03,17.97,0.0
2007-04-18,10.6,6.1,True,8.35,GHCN-Daily,47.03,17.97,0.0
2007-04-19,15.0,7.2,True,11.1,GHCN-Daily,51.980000000000004,13.019999999999996,0.0
2007-04-20,21.1,5.6,True,13.350000000000001,GHCN-Daily,56.03,8.969999999999999,0.0
2007-04-21,25.6,4.4,True,15.0,GHCN-Daily,59.0,6.0,0.0
2007-04-22,22.2,10.0,True,16.1,GHCN-Daily,60.980000000000004,4.019999999999996,0.0
2007-04-23,20.6,8.9,True,14.75,GHCN-Daily,58.55,6.450000000000003,0.0
2007-04-24,25.0,13.3,True,19.15,GHCN-Daily,66.47,0.0,1.4699999999999989
2007-04-25,17.8,8.9,True,13.350000000000001,GHCN-Daily,56.03,8.969999999999999,0.0
2007-04-26,13.9,8.3,True,11.100000000000001,GHCN-Daily,51.980000000000004,13.019999999999996,0.0
2007-04-27,13.9,8.9,True,11.4,GHCN-Daily,52.519999999999996,12.480000000000004,0.0
2007-04-28,21.1,11.1,True,16.1,GHCN-Daily,60.980000000000004,4.019999999999996,0.0
2007-04-29,20.0,10.6,True,15.3,GHCN-Daily,59.540000000000006,5.459999999999994,0.0
2007-04-30,27.2,9.4,True,18.3,GHCN-Daily,64.94,0.060000000000002274,0.0
2007-05-01,18.3,9.4,True,13.850000000000001,GHCN-Daily,56.93000000000001,8.069999999999993,0.0
2007-05-02,19.4,9.4,True,14.399999999999999,GHCN-Daily,57.92,7.079999999999998,0.0
2007-05-03,18.3,8.3,True,13.3,GHCN-Daily,55.94,9.060000000000002,0.0
2007-05-04,20.6,8.3,True,14.450000000000001,GHCN-Daily,58.010000000000005,6.989999999999995,0.0
2007-05-05,18.9,8.3,True,13.6,GHCN-Daily,56.480000000000004,8.519999999999996,0.0
2007-05-06,16.1,7.2,True,11.65,GHCN-Daily,52.97,12.030000000000001,0.0
2007-05-07,15.6,5.0,True,10.3,GHCN-Daily,50.540000000000006,14.459999999999994,0.0
2007-05-08,16.7,7.2,True,11.95,GHCN-Daily,53.51,11.490000000000002,0.0
2007-05-09,23.3,11.1,True,17.2,GHCN-Daily,62.96,2.039999999999999,0.0
2007-05-10,22.2,13.9,True,18.05,GHCN-Daily,64.49000000000001,0.5099999999999909,0.0
2007-05-11,21.1,13.9,True,17.5,GHCN-Daily,63.5,1.5,0.0
2007-05-12,22.2,11.7,True,16.95,GHCN-Daily,62.51,2.490000000000002,0.0
2007-05-13,20.6,10.6,True,15.600000000000001,GHCN-Daily,60.08,4.920000000000002,0.0
2007-05-14,17.8,8.3,True,13.05,GHCN-Daily,55.49,9.509999999999998,0.0
2007-05-15,27.8,12.2,True,20.0,GHCN-Daily,68.0,0.0,3.0
2007-05-16,22.8,16.1,True,19.450000000000003,GHCN-Daily,67.01,0.0,2.010000000000005
2007-05-17,20.0,11.7,True,15.85,GHCN-Daily,60.53,4.469999999999999,0.0
2007-05-18,11.7,8.3,True,10.0,GHCN-Daily,50.0,15.0,0.0
2007-05-19,14.4,9.4,True,11.9,GHCN-Daily,53.42,11.579999999999998,0.0
2007-05-20,24.4,11.7,True,18.049999999999997,GHCN-Daily,64.49,0.5100000000000051,0.0
2007-05-21,21.7,12.2,True,16.95,GHCN-Daily,62.51,2.490000000000002,0.0
2007-05-22,19.4,10.0,True,14.7,GHCN-Daily,58.46,6.539999999999999,0.0
2007-05-23,20.0,12.2,True,16.1,GHCN-Daily,60.980000000000004,4.019999999999996,0.0
2007-05-24,25.6,12.8,True,19.200000000000003,GHCN-Daily,66.56,0.0,1.5600000000000023
2007-05-25,30.6,17.2,True,23.9,GHCN-Daily,75.02,0.0,10.019999999999996
2007-05-26,31.1,18.3,True,24.700000000000003,GHCN-Daily,76.46000000000001,0.0,11.460000000000008
2007-05-27,27.2,19.4,True,23.299999999999997,GHCN-Daily,73.94,0.0,8.939999999999998
2007-05-28,27.2,18.3,True,22.75,GHCN-Daily,72.95,0.0,7.950000000000003
2007-05-29,26.7,15.0,True,20.85,GHCN-Daily,69.53,0.0,4.530000000000001
2007-05-30,25.0,13.9,True,19.45,GHCN-Daily,67.00999999999999,0.0,2.009999999999991
2007-05-31,30.0,16.7,True,23.35,GHCN-Daily,74.03,0.0,9.030000000000001
2007-06-01,26.7,16.7,True,21.7,GHCN-Daily,71.06,0.0,6.060000000000002
2007-06-02,26.7,18.9,True,22.799999999999997,GHCN-Daily,73.03999999999999,0.0,8.039999999999992
2007-06-03,23.3,17.2,True,20.25,GHCN-Daily,68.45,0.0,3.450000000000003
2007-06-04,21.7,16.7,True,19.2,GHCN-Daily,66.56,0.0,1.5600000000000023
2007-06-05,27.8,17.2,True,22.5,GHCN-Daily,72.5,0.0,7.5
2007-06-06,22.8,14.4,True,18.6,GHCN-Daily,65.48,0.0,0.480000000000004
2007-06-07,20.6,12.2,True,16.4,GHCN-Daily,61.519999999999996,3.480000000000004,0.0
2007-06-08,24.4,16.7,True,20.549999999999997,GHCN-Daily,68.99,0.0,3.989999999999995
2007-06-09,27.2,17.8,True,22.5,GHCN-Daily,72.5,0.0,7.5
2007-06-10,22.8,16.1,True,19.450000000000003,GHCN-Daily,67.01,0.0,2.010000000000005
2007-06-11,29.4,16.7,True,23.049999999999997,GHCN-Daily,73.49,0.0,8.489999999999995
2007-06-12,29.4,17.2,True,23.299999999999997,GHCN-Daily,73.94,0.0,8.939999999999998
2007-06-13,19.4,13.3,True,16.35,GHCN-Daily,61.43000000000001,3.569999999999993,0.0
2007-06-14,18.3,13.3,True,15.8,GHCN-Daily,60.44,4.560000000000002,0.0
2007-06-15,21.7,15.0,True,18.35,GHCN-Daily,65.03,0.0,0.030000000000001137
2007-06-16,24.4,14.4,True,19.4,GHCN-Daily,66.92,0.0,1.9200000000000017
2007-06-17,32.2,17.8,True,25.0,GHCN-Daily,77.0,0.0,12.0
2007-06-18,27.8,18.9,True,23.35,GHCN-Daily,74.03,0.0,9.030000000000001
2007-06-19,25.0,18.3,True,21.65,GHCN-Daily,70.97,0.0,5.969999999999999
2007-06-20,27.8,20.6,True,24.200000000000003,GHCN-Daily,75.56,0.0,10.560000000000002
2007-06-21,27.8,16.7,True,22.25,GHCN-Daily,72.05000000000001,0.0,7.050000000000011
2007-06-22,25.6,17.8,True,21.700000000000003,GHCN-Daily,71.06,0.0,6.060000000000002
2007-06-23,25.6,15.0,True,20.3,GHCN-Daily,68.53999999999999,0.0,3.539999999999992
2007-06-24,25.0,14.4,True,19.7,GHCN-Daily,67.46000000000001,0.0,2.460000000000008
2007-06-25,26.7,17.8,True,22.25,GHCN-Daily,72.05000000000001,0.0,7.050000000000011
2007-06-26,29.4,20.0,True,24.7,GHCN-Daily,76.46000000000001,0.0,11.460000000000008
2007-06-27,30.0,21.7,True,25.85,GHCN-Daily,78.53,0.0,13.530000000000001
2007-06-28,31.7,21.1,True,26.4,GHCN-Daily,79.52,0.0,14.519999999999996
2007-06-29,25.0,18.9,True,21.95,GHCN-Daily,71.50999999999999,0.0,6.509999999999991
2007-06-30,26.7,17.8,True,22.25,GHCN-Daily,72.05000000000001,0.0,7.050000000000011
2007-07-01,24.4,16.1,True,20.25,GHCN-Daily,68.45,0.0,3.450000000000003
2007-07-02,24.4,14.4,True,19.4,GHCN-Daily,66.92,0.0,1.9200000000000017
2007-07-03,25.0,16.1,True,20.55,GHCN-Daily,68.99000000000001,0.0,3.990000000000009
2007-07-04,22.2,17.2,True,19.7,GHCN-Daily,67.46000000000001,0.0,2.460000000000008
2007-07-05,23.9,19.4,True,21.65,GHCN-Daily,70.97,0.0,5.969999999999999
2007-07-06,30.0,19.4,True,24.7,GHCN-Daily,76.46000000000001,0.0,11.460000000000008
2007-07-07,30.0,17.8,True,23.9,GHCN-Daily,75.02,0.0,10.019999999999996
2007-07-08,32.2,20.0,True,26.1,GHCN-Daily,78.98,0.0,13.980000000000004
2007-07-09,31.1,22.2,True,26.65,GHCN-Daily,79.97,0.0,14.969999999999999
2007-07-10,28.9,22.8,True,25.85,GHCN-Daily,78.53,0.0,13.530000000000001
2007-07-11,27.8,21.7,True,24.75,GHCN-Daily,76.55000000000001,0.0,11.550000000000011
2007-07-12,28.3,20.0,True,24.15,GHCN-Daily,75.47,0.0,10.469999999999999
2007-07-13,27.8,19.4,True,23.6,GHCN-Daily,74.48,0.0,9.480000000000004
2007-07-14,27.8,18.9,True,23.35,GHCN-Daily,74.03,0.0,9.030000000000001
2007-07-15,27.8,20.6,True,24.200000000000003,GHCN-Daily,75.56,0.0,10.560000000000002
2007-07-16,28.3,21.1,True,24.700000000000003,GHCN-Daily,76.46000000000001,0.0,11.460000000000008
2007-07-17,28.9,20.0,True,24.45,GHCN-Daily,76.00999999999999,0.0,11.009999999999991
2007-07-18,25.6,20.6,True,23.1,GHCN-Daily,73.58000000000001,0.0,8.580000000000013
2007-07-19,30.6,21.1,True,25.85,GHCN-Daily,78.53,0.0,13.530000000000001
2007-07-20,27.8,19.4,True,23.6,GHCN-Daily,74.48,0.0,9.480000000000004
2007-07-21,29.4,18.3,True,23.85,GHCN-Daily,74.93,0.0,9.930000000000007
2007-07-22,28.9,19.4,True,24.15,GHCN-Daily,75.47,0.0,10.469999999999999
2007-07-23,24.4,17.2,True,20.799999999999997,GHCN-Daily,69.44,0.0,4.439999999999998
2007-07-24,25.6,16.1,True,20.85,GHCN-Daily,69.53,0.0,4.530000000000001
2007-07-25,27.2,17.8,True,22.5,GHCN-Daily,72.5,0.0,7.5
2007-07-26,26.7,21.1,True,23.9,GHCN-Daily,75.02,0.0,10.019999999999996
2007-07-27,27.8,21.7,True,24.75,GHCN-Daily,76.55000000000001,0.0,11.550000000000011
2007-07-28,28.3,22.8,True,25.55,GHCN-Daily,77.99000000000001,0.0,12.990000000000009
2007-07-29,28.9,21.7,True,25.299999999999997,GHCN-Daily,77.53999999999999,0.0,12.539999999999992
2007-07-30,28.9,21.7,True,25.299999999999997,GHCN-Daily,77.53999999999999,0.0,12.539999999999992
2007-07-31,31.1,21.7,True,26.4,GHCN-Daily,79.52,0.0,14.519999999999996
2007-08-01,32.8,22.2,True,27.5,GHCN-Daily,81.5,0.0,16.5
2007-08-02,32.8,22.8,True,27.799999999999997,GHCN-Daily,82.03999999999999,0.0,17.039999999999992
2007-08-03,30.0,21.1,True,25.55,GHCN-Daily,77.99000000000001,0.0,12.990000000000009
2007-08-04,32.8,22.8,True,27.799999999999997,GHCN-Daily,82.03999999999999,0.0,17.039999999999992
2007-08-05,27.2,20.6,True,23.9,GHCN-Daily,75.02,0.0,10.019999999999996
2007-08-06,27.8,22.8,True,25.3,GHCN-Daily,77.53999999999999,0.0,12.539999999999992
2007-08-07,31.7,23.9,True,27.799999999999997,GHCN-Daily,82.03999999999999,0.0,17.039999999999992
2007-08-08,33.9,23.9,True,28.9,GHCN-Daily,84.02,0.0,19.019999999999996
2007-08-09,27.8,22.2,True,25.0,GHCN-Daily,77.0,0.0,12.0
2007-08-10,22.8,14.4,True,18.6,GHCN-Daily,65.48,0.0,0.480000000000004
2007-08-11,27.2,14.4,True,20.8,GHCN-Daily,69.44,0.0,4.439999999999998
2007-08-12,28.9,20.6,True,24.75,GHCN-Daily,76.55000000000001,0.0,11.550000000000011
2007-08-13,30.6,22.2,True,26.4,GHCN-Daily,79.52,0.0,14.519999999999996
2007-08-14,28.3,17.8,True,23.05,GHCN-Daily,73.49000000000001,0.0,8.490000000000009
2007-08-15,29.4,19.4,True,24.4,GHCN-Daily,75.92,0.0,10.920000000000002
2007-08-16,27.8,23.3,True,25.55,GHCN-Daily,77.99000000000001,0.0,12.990000000000009
2007-08-17,28.9,17.8,True,23.35,GHCN-Daily,74.03,0.0,9.030000000000001
2007-08-18,24.4,15.6,True,20.0,GHCN-Daily,68.0,0.0,3.0
2007-08-19,21.7,15.0,True,18.35,GHCN-Daily,65.03,0.0,0.030000000000001137
2007-08-20,23.3,15.0,True,19.15,GHCN-Daily,66.47,0.0,1.4699999999999989
2007-08-21,15.6,12.8,True,14.2,GHCN-Daily,57.56,7.439999999999998,0.0
2007-08-22,19.4,14.4,True,16.9,GHCN-Daily,62.42,2.5799999999999983,0.0
2007-08-23,23.9,16.1,True,20.0,GHCN-Daily,68.0,0.0,3.0
2007-08-24,25.6,17.8,True,21.700000000000003,GHCN-Daily,71.06,0.0,6.060000000000002
2007-08-25,27.8,21.1,True,24.450000000000003,GHCN-Daily,76.01,0.0,11.010000000000005
2007-08-26,28.3,22.2,True,25.25,GHCN-Daily,77.45,0.0,12.450000000000003
2007-08-27,27.8,20.0,True,23.9,GHCN-Daily,75.02,0.0,10.019999999999996
2007-08-28,27.2,18.9,True,23.049999999999997,GHCN-Daily,73.49,0.0,8.489999999999995
2007-08-29,27.2,18.3,True,22.75,GHCN-Daily,72.95,0.0,7.950000000000003
2007-08-30,27.2,18.9,True,23.049999999999997,GHCN-Daily,73.49,0.0,8.489999999999995
2007-08-31,28.3,20.0,True,24.15,GHCN-Daily,75.47,0.0,10.469999999999999
2007-09-01,26.7,16.7,True,21.7,GHCN-Daily,71.06,0.0,6.060000000000002
2007-09-02,24.4,14.4,True,19.4,GHCN-Daily,66.92,0.0,1.9200000000000017
2007-09-03,27.8,17.2,True,22.5,GHCN-Daily,72.5,0.0,7.5
2007-09-04,29.4,20.6,True,25.0,GHCN-Daily,77.0,0.0,12.0
2007-09-05,25.6,18.3,True,21.950000000000003,GHCN-Daily,71.51,0.0,6.510000000000005
2007-09-06,25.6,16.7,True,21.15,GHCN-Daily,70.07,0.0,5.069999999999993
2007-09-07,27.2,20.0,True,23.6,GHCN-Daily,74.48,0.0,9.480000000000004
2007-09-08,27.2,21.1,True,24.15,GHCN-Daily,75.47,0.0,10.469999999999999
2007-09-09,27.8,20.6,True,24.200000000000003,GHCN-Daily,75.56,0.0,10.560000000000002
2007-09-10,27.2,22.2,True,24.7,GHCN-Daily,76.46000000000001,0.0,11.460000000000008
2007-09-11,23.9,20.6,True,22.25,GHCN-Daily,72.05000000000001,0.0,7.050000000000011
2007-09-12,24.4,16.7,True,20.549999999999997,GHCN-Daily,68.99,0.0,3.989999999999995
2007-09-13,23.3,13.3,True,18.3,GHCN-Daily,64.94,0.060000000000002274,0.0
2007-09-14,23.3,15.0,True,19.15,GHCN-Daily,66.47,0.0,1.4699999999999989
2007-09-15,22.2,12.8,True,17.5,GHCN-Daily,63.5,1.5,0.0
2007-09-16,18.9,10.0,True,14.45,GHCN-Daily,58.01,6.990000000000002,0.0
2007-09-17,19.4,10.0,True,14.7,GHCN-Daily,58.46,6.539999999999999,0.0
2007-09-18,21.1,10.6,True,15.850000000000001,GHCN-Daily,60.53,4.469999999999999,0.0
2007-09-19,22.8,11.1,True,16.95,GHCN-Daily,62.51,2.490000000000002,0.0
2007-09-20,25.6,14.4,True,20.0,GHCN-Daily,68.0,0.0,3.0
2007-09-21,25.6,14.4,True,20.0,GHCN-Daily,68.0,0.0,3.0
2007-09-22,23.3,16.7,True,20.0,GHCN-Daily,68.0,0.0,3.0
2007-09-23,27.2,16.7,True,21.95,GHCN-Daily,71.50999999999999,0.0,6.509999999999991
2007-09-24,24.4,14.4,True,19.4,GHCN-Daily,66.92,0.0,1.9200000000000017
2007-09-25,26.7,16.1,True,21.4,GHCN-Daily,70.52,0.0,5.519999999999996
2007-09-26,26.7,18.9,True,22.799999999999997,GHCN-Daily,73.03999999999999,0.0,8.039999999999992
2007-09-27,25.6,20.0,True,22.8,GHCN-Daily,73.03999999999999,0.0,8.039999999999992
2007-09-28,26.1,16.7,True,21.4,GHCN-Daily,70.52,0.0,5.519999999999996
2007-09-29,24.4,14.4,True,19.4,GHCN-Daily,66.92,0.0,1.9200000000000017
2007-09-30,21.7,13.3,True,17.5,GHCN-Daily,63.5,1.5,0.0
2007-10-01,20.0,12.8,True,16.4,GHCN-Daily,61.519999999999996,3.480000000000004,0.0
2007-10-02,22.8,12.2,True,17.5,GHCN-Daily,63.5,1.5,0.0
2007-10-03,23.9,18.9,True,21.4,GHCN-Daily,70.52,0.0,5.519999999999996
2007-10-04,26.1,18.9,True,22.5,GHCN-Daily,72.5,0.0,7.5
2007-10-05,22.8,18.3,True,20.55,GHCN-Daily,68.99000000000001,0.0,3.990000000000009
2007-10-06,27.2,17.8,True,22.5,GHCN-Daily,72.5,0.0,7.5
2007-10-07,28.3,18.9,True,23.6,GHCN-Daily,74.48,0.0,9.480000000000004
2007-10-08,32.2,18.9,True,25.55,GHCN-Daily,77.99000000000001,0.0,12.990000000000009
2007-10-09,26.7,15.6,True,21.15,GHCN-Daily,70.07,0.0,5.069999999999993
2007-10-10,23.3,16.7,True,20.0,GHCN-Daily,68.0,0.0,3.0
2007-10-11,20.0,13.3,True,16.65,GHCN-Daily,61.97,3.030000000000001,0.0
2007-10-12,17.8,9.4,True,13.600000000000001,GHCN-Daily,56.480000000000004,8.519999999999996,0.0
2007-10-13,16.7,7.8,True,12.25,GHCN-Daily,54.05,10.950000000000003,0.0
2007-10-14,19.4,10.6,True,15.0,GHCN-Daily,59.0,6.0,0.0
2007-10-15,20.6,9.4,True,15.0,GHCN-Daily,59.0,6.0,0.0
2007-10-16,19.4,13.3,True,16.35,GHCN-Daily,61.43000000000001,3.569999999999993,0.0
2007-10-17,21.1,12.8,True,16.950000000000003,GHCN-Daily,62.510000000000005,2.489999999999995,0.0
2007-10-18,23.3,15.6,True,19.45,GHCN-Daily,67.00999999999999,0.0,2.009999999999991
2007-10-19,22.2,18.9,True,20.549999999999997,GHCN-Daily,68.99,0.0,3.989999999999995
2007-10-20,22.8,15.6,True,19.2,GHCN-Daily,66.56,0.0,1.5600000000000023
2007-10-21,23.3,12.2,True,17.75,GHCN-Daily,63.95,1.0499999999999972,0.0
2007-10-22,22.2,13.3,True,17.75,GHCN-Daily,63.95,1.0499999999999972,0.0
2007-10-23,23.3,17.8,True,20.55,GHCN-Daily,68.99000000000001,0.0,3.990000000000009
2007-10-24,20.0,11.1,True,15.55,GHCN-Daily,59.99,5.009999999999998,0.0
2007-10-25,12.8,11.1,True,11.95,GHCN-Daily,53.51,11.490000000000002,0.0
2007-10-26,16.1,11.7,True,13.9,GHCN-Daily,57.019999999999996,7.980000000000004,0.0
2007-10-27,20.0,13.9,True,16.95,GHCN-Daily,62.51,2.490000000000002,0.0
2007-10-28,14.4,6.1,True,10.25,GHCN-Daily,50.45,14.549999999999997,0.0
2007-10-29,12.2,3.9,True,8.049999999999999,GHCN-Daily,46.489999999999995,18.510000000000005,0.0
2007-10-30,16.7,6.7,True,11.7,GHCN-Daily,53.06,11.939999999999998,0.0
2007-10-31,17.8,7.8,True,12.8,GHCN-Daily,55.040000000000006,9.959999999999994,0.0
2007-11-01,19.4,8.9,True,14.149999999999999,GHCN-Daily,57.47,7.530000000000001,0.0
2007-11-02,12.8,5.0,True,8.9,GHCN-Daily,48.019999999999996,16.980000000000004,0.0
2007-11-03,11.1,7.8,True,9.45,GHCN-Daily,49.01,15.990000000000002,0.0
2007-11-04,13.9,7.8,True,10.85,GHCN-Daily,51.53,13.469999999999999,0.0
2007-11-05,13.9,6.1,True,10.0,GHCN-Daily,50.0,15.0,0.0
2007-11-06,13.9,6.7,True,10.3,GHCN-Daily,50.540000000000006,14.459999999999994,0.0
2007-11-07,10.6,3.9,True,7.25,GHCN-Daily,45.05,19.950000000000003,0.0
2007-11-08,7.8,1.1,True,4.45,GHCN-Daily,40.01,24.990000000000002,0.0
2007-11-09,7.8,3.3,True,5.55,GHCN-Daily,41.99,23.009999999999998,0.0
2007-11-10,8.9,2.8,True,5.85,GHCN-Daily,42.53,22.47,0.0
2007-11-11,8.3,0.0,True,4.15,GHCN-Daily,39.47,25.53,0.0
2007-11-12,10.6,0.6,True,5.6,GHCN-Daily,42.08,22.92,0.0
2007-11-13,16.1,5.0,True,10.55,GHCN-Daily,50.99,14.009999999999998,0.0
2007-11-14,13.9,2.2,True,8.05,GHCN-Daily,46.49,18.509999999999998,0.0
2007-11-15,15.0,6.7,True,10.85,GHCN-Daily,51.53,13.469999999999999,0.0
2007-11-16,8.9,3.3,True,6.1,GHCN-Daily,42.980000000000004,22.019999999999996,0.0
2007-11-17,8.3,2.2,True,5.25,GHCN-Daily,41.45,23.549999999999997,0.0
2007-11-18,6.7,4.4,True,5.550000000000001,GHCN-Daily,41.99,23.009999999999998,0.0
2007-11-19,7.8,3.3,True,5.55,GHCN-Daily,41.99,23.009999999999998,0.0
2007-11-20,9.4,3.3,True,6.35,GHCN-Daily,43.43,21.57,0.0
2007-11-21,13.3,4.4,True,8.850000000000001,GHCN-Daily,47.93000000000001,17.069999999999993,0.0
2007-11-22,16.1,4.4,True,10.25,GHCN-Daily,50.45,14.549999999999997,0.0
2007-11-23,5.6,-1.1,True,2.25,GHCN-Daily,36.05,28.950000000000003,0.0
2007-11-24,3.3,-3.9,True,-0.30000000000000004,GHCN-Daily,31.46,33.54,0.0
2007-11-25,8.3,0.6,True,4.45,GHCN-Daily,40.01,24.990000000000002,0.0
2007-11-26,13.3,5.0,True,9.15,GHCN-Daily,48.47,16.53,0.0
2007-11-27,17.2,6.7,True,11.95,GHCN-Daily,53.51,11.490000000000002,0.0
2007-11-28,7.8,2.2,True,5.0,GHCN-Daily,41.0,24.0,0.0
2007-11-29,9.4,4.4,True,6.9,GHCN-Daily,44.42,20.58,0.0
2007-11-30,6.1,2.2,True,4.15,GHCN-Daily,39.47,25.53,0.0
2007-12-01,3.9,-3.9,True,0.0,GHCN-Daily,32.0,33.0,0.0
2007-12-02,8.3,-6.7,True,0.8000000000000003,GHCN-Daily,33.44,31.560000000000002,0.0
2007-12-03,10.0,0.6,True,5.3,GHCN-Daily,41.54,23.46,0.0
2007-12-04,2.2,-1.7,True,0.2500000000000001,GHCN-Daily,32.45,32.55,0.0
2007-12-05,0.6,-2.2,True,-0.8,GHCN-Daily,30.56,34.44,0.0
2007-12-06,1.7,-6.1,True,-2.1999999999999997,GHCN-Daily,28.04,36.96,0.0
2007-12-07,1.7,-4.4,True,-1.35,GHCN-Daily,29.57,35.43,0.0
2007-12-08,7.8,1.1,True,4.45,GHCN-Daily,40.01,24.990000000000002,0.0
2007-12-09,4.4,1.1,True,2.75,GHCN-Daily,36.95,28.049999999999997,0.0
2007-12-10,5.0,2.8,True,3.9,GHCN-Daily,39.019999999999996,25.980000000000004,0.0
2007-12-11,7.2,1.1,True,4.15,GHCN-Daily,39.47,25.53,0.0
2007-12-12,12.2,1.1,True,6.6499999999999995,GHCN-Daily,43.97,21.03,0.0
2007-12-13,2.2,-1.1,True,0.55,GHCN-Daily,32.99,32.01,0.0
2007-12-14,6.7,-0.6,True,3.0500000000000003,GHCN-Daily,37.49,27.509999999999998,0.0
2007-12-15,2.2,-1.1,True,0.55,GHCN-Daily,32.99,32.01,0.0
2007-12-16,4.4,-0.6,True,1.9000000000000001,GHCN-Daily,35.42,29.58,0.0
2007-12-17,1.1,-3.3,True,-1.0999999999999999,GHCN-Daily,30.02,34.980000000000004,0.0
2007-12-18,2.8,-1.7,True,0.5499999999999999,GHCN-Daily,32.99,32.01,0.0
2007-12-19,7.2,-1.1,True,3.05,GHCN-Daily,37.49,27.509999999999998,0.0
2007-12-20,7.8,2.2,True,5.0,GHCN-Daily,41.0,24.0,0.0
2007-12-21,6.1,1.1,True,3.5999999999999996,GHCN-Daily,38.48,26.520000000000003,0.0
2007-12-22,6.7,1.7,True,4.2,GHCN-Daily,39.56,25.439999999999998,0.0
2007-12-23,12.8,5.0,True,8.9,GHCN-Daily,48.019999999999996,16.980000000000004,0.0
2007-12-24,10.6,2.2,True,6.4,GHCN-Daily,43.52,21.479999999999997,0.0
2007-12-25,7.2,0.6,True,3.9,GHCN-Daily,39.019999999999996,25.980000000000004,0.0
2007-12-26,3.3,-2.2,True,0.5499999999999998,GHCN-Daily,32.99,32.01,0.0
2007-12-27,5.6,2.8,True,4.199999999999999,GHCN-Daily,39.56,25.439999999999998,0.0
2007-12-28,10.0,1.7,True,5.85,GHCN-Daily,42.53,22.47,0.0
2007-12-29,11.1,5.6,True,8.35,GHCN-Daily,47.03,17.97,0.0
2007-12-30,5.6,1.7,True,3.65,GHCN-Daily,38.57,26.43,0.0
2007-12-31,7.2,0.0,True,3.6,GHCN-Daily,38.480000000000004,26.519999999999996,0.0
2008-01-01,8.9,-1.7,True,3.6,GHCN-Daily,38.480000000000004,26.519999999999996,0.0
2008-01-02,2.8,-8.3,True,-2.7500000000000004,GHCN-Daily,27.049999999999997,37.95,0.0
2008-01-03,-5.6,-10.0,True,-7.8,GHCN-Daily,17.96,47.04,0.0
2008-01-04,2.8,-10.0,True,-3.6,GHCN-Daily,25.52,39.480000000000004,0.0
2008-01-05,4.4,-3.3,True,0.5500000000000003,GHCN-Daily,32.99,32.01,0.0
2008-01-06,6.7,1.1,True,3.9000000000000004,GHCN-Daily,39.02,25.979999999999997,0.0
2008-01-07,11.7,2.8,True,7.25,GHCN-Daily,45.05,19.950000000000003,0.0
2008-01-08,12.2,5.0,True,8.6,GHCN-Daily,47.480000000000004,17.519999999999996,0.0
2008-01-09,18.3,6.7,True,12.5,GHCN-Daily,54.5,10.5,0.0
2008-01-10,10.0,3.9,True,6.95,GHCN-Daily,44.51,20.490000000000002,0.0
2008-01-11,11.7,5.0,True,8.35,GHCN-Daily,47.03,17.97,0.0
2008-01-12,10.0,3.9,True,6.95,GHCN-Daily,44.51,20.490000000000002,0.0
2008-01-13,8.3,-0.6,True,3.8500000000000005,GHCN-Daily,38.93,26.07,0.0
2008-01-14,4.4,0.6,True,2.5,GHCN-Daily,36.5,28.5,0.0
2008-01-15,5.0,0.6,True,2.8,GHCN-Daily,37.04,27.96,0.0
2008-01-16,4.4,-2.8,True,0.8000000000000003,GHCN-Daily,33.44,31.560000000000002,0.0
2008-01-17,4.4,-3.9,True,0.2500000000000002,GHCN-Daily,32.45,32.55,0.0
2008-01-18,9.4,2.8,True,6.1,GHCN-Daily,42.980000000000004,22.019999999999996,0.0
2008-01-19,2.8,0.0,True,1.4,GHCN-Daily,34.52,30.479999999999997,0.0
2008-01-20,1.7,-7.8,True,-3.05,GHCN-Daily,26.509999999999998,38.49,0.0
2008-01-21,-3.3,-9.4,True,-6.35,GHCN-Daily,20.57,44.43,0.0
2008-01-22,3.3,-6.1,True,-1.4,GHCN-Daily,29.48,35.519999999999996,0.0
2008-01-23,5.0,-1.1,True,1.95,GHCN-Daily,35.51,29.490000000000002,0.0
2008-01-24,1.1,-5.0,True,-1.95,GHCN-Daily,28.490000000000002,36.51,0.0
2008-01-25,1.1,-6.1,True,-2.5,GHCN-Daily,27.5,37.5,0.0
2008-01-26,0.0,-3.9,True,-1.95,GHCN-Daily,28.490000000000002,36.51,0.0
2008-01-27,4.4,-1.1,True,1.6500000000000001,GHCN-Daily,34.97,30.03,0.0
2008-01-28,6.1,-2.2,True,1.9499999999999997,GHCN-Daily,35.51,29.490000000000002,0.0
2008-01-29,5.6,-3.9,True,0.8499999999999999,GHCN-Daily,33.53,31.47,0.0
2008-01-30,8.3,0.6,True,4.45,GHCN-Daily,40.01,24.990000000000002,0.0
2008-01-31,3.9,-2.2,True,0.8499999999999999,GHCN-Daily,33.53,31.47,0.0
2008-02-01,12.2,-2.2,True,5.0,GHCN-Daily,41.0,24.0,0.0
2008-02-02,7.8,0.6,True,4.2,GHCN-Daily,39.56,25.439999999999998,0.0
2008-02-03,7.8,-2.2,True,2.8,GHCN-Daily,37.04,27.96,0.0
2008-02-04,5.6,0.6,True,3.0999999999999996,GHCN-Daily,37.58,27.42,0.0
2008-02-05,11.7,5.0,True,8.35,GHCN-Daily,47.03,17.97,0.0
2008-02-06,19.4,6.7,True,13.049999999999999,GHCN-Daily,55.489999999999995,9.510000000000005,0.0
2008-02-07,10.0,3.9,True,6.95,GHCN-Daily,44.51,20.490000000000002,0.0
2008-02-08,7.8,1.7,True,4.75,GHCN-Daily,40.55,24.450000000000003,0.0
2008-02-09,6.1,0.0,True,3.05,GHCN-Daily,37.49,27.509999999999998,0.0
2008-02-10,7.8,-9.4,True,-0.8000000000000003,GHCN-Daily,30.56,34.44,0.0
2008-02-11,-3.9,-11.7,True,-7.8,GHCN-Daily,17.96,47.04,0.0
2008-02-12,1.1,-8.3,True,-3.6000000000000005,GHCN-Daily,25.52,39.480000000000004,0.0
2008-02-13,11.1,1.1,True,6.1,GHCN-Daily,42.980000000000004,22.019999999999996,0.0
2008-02-14,5.6,-1.7,True,1.9499999999999997,GHCN-Daily,35.51,29.490000000000002,0.0
2008-02-15,8.9,-1.1,True,3.9000000000000004,GHCN-Daily,39.02,25.979999999999997,0.0
2008-02-16,1.7,-5.0,True,-1.65,GHCN-Daily,29.03,35.97,0.0
2008-02-17,8.9,-2.8,True,3.0500000000000003,GHCN-Daily,37.49,27.509999999999998,0.0
2008-02-18,12.8,4.4,True,8.600000000000001,GHCN-Daily,47.480000000000004,17.519999999999996,0.0
2008-02-19,6.7,-2.2,True,2.25,GHCN-Daily,36.05,28.950000000000003,0.0
2008-02-20,1.1,-4.4,True,-1.6500000000000001,GHCN-Daily,29.03,35.97,0.0
2008-02-21,1.1,-6.1,True,-2.5,GHCN-Daily,27.5,37.5,0.0
2008-02-22,1.1,-3.3,True,-1.0999999999999999,GHCN-Daily,30.02,34.980000000000004,0.0
2008-02-23,1.1,-1.7,True,-0.29999999999999993,GHCN-Daily,31.46,33.54,0.0
2008-02-24,2.2,-5.6,True,-1.6999999999999997,GHCN-Daily,28.94,36.06,0.0
2008-02-25,7.2,-2.2,True,2.5,GHCN-Daily,36.5,28.5,0.0
2008-02-26,8.3,0.0,True,4.15,GHCN-Daily,39.47,25.53,0.0
2008-02-27,6.7,-5.0,True,0.8500000000000001,GHCN-Daily,33.53,31.47,0.0
2008-02-28,-1.1,-7.8,True,-4.45,GHCN-Daily,23.990000000000002,41.01,0.0
2008-02-29,2.8,-8.3,True,-2.7500000000000004,GHCN-Daily,27.049999999999997,37.95,0.0
2008-03-01,8.3,0.6,True,4.45,GHCN-Daily,40.01,24.990000000000002,0.0
2008-03-02,6.7,-1.7,True,2.5,GHCN-Daily,36.5,28.5,0.0
2008-03-03,8.9,-1.7,True,3.6,GHCN-Daily,38.480000000000004,26.519999999999996,0.0
2008-03-04,11.7,6.7,True,9.2,GHCN-Daily,48.56,16.439999999999998,0.0
2008-03-05,12.8,3.9,True,8.35,GHCN-Daily,47.03,17.97,0.0
2008-03-06,6.7,0.6,True,3.65,GHCN-Daily,38.57,26.43,0.0
2008-03-07,10.6,0.0,True,5.3,GHCN-Daily,41.54,23.46,0.0
2008-03-08,13.3,2.8,True,8.05,GHCN-Daily,46.49,18.509999999999998,0.0
2008-03-09,6.1,-1.1,True,2.5,GHCN-Daily,36.5,28.5,0.0
2008-03-10,7.2,-2.2,True,2.5,GHCN-Daily,36.5,28.5,0.0
2008-03-11,7.2,0.6,True,3.9,GHCN-Daily,39.019999999999996,25.980000000000004,0.0
2008-03-12,10.6,1.1,True,5.85,GHCN-Daily,42.53,22.47,0.0
2008-03-13,5.6,-1.1,True,2.25,GHCN-Daily,36.05,28.950000000000003,0.0
2008-03-14,12.8,2.8,True,7.800000000000001,GHCN-Daily,46.04,18.96,0.0
2008-03-15,12.8,5.0,True,8.9,GHCN-Daily,48.019999999999996,16.980000000000004,0.0
2008-03-16,8.3,1.7,True,5.0,GHCN-Daily,41.0,24.0,0.0
2008-03-17,9.4,-1.1,True,4.15,GHCN-Daily,39.47,25.53,0.0
2008-03-18,5.6,1.1,True,3.3499999999999996,GHCN-Daily,38.03,26.97,0.0
2008-03-19,10.0,5.0,True,7.5,GHCN-Daily,45.5,19.5,0.0
2008-03-20,12.2,2.2,True,7.199999999999999,GHCN-Daily,44.96,20.04,0.0
2008-03-21,7.8,0.6,True,4.2,GHCN-Daily,39.56,25.439999999999998,0.0
2008-03-22,10.0,1.7,True,5.85,GHCN-Daily,42.53,22.47,0.0
2008-03-23,7.8,-1.1,True,3.3499999999999996,GHCN-Daily,38.03,26.97,0.0
2008-03-24,7.2,-0.6,True,3.3000000000000003,GHCN-Daily,37.94,27.060000000000002,0.0
2008-03-25,6.1,-1.1,True,2.5,GHCN-Daily,36.5,28.5,0.0
2008-03-26,17.2,5.6,True,11.399999999999999,GHCN-Daily,52.519999999999996,12.480000000000004,0.0
2008-03-27,9.4,3.9,True,6.65,GHCN-Daily,43.97,21.03,0.0
2008-03-28,11.1,3.9,True,7.5,GHCN-Daily,45.5,19.5,0.0
2008-03-29,8.9,0.0,True,4.45,GHCN-Daily,40.01,24.990000000000002,0.0
2008-03-30,5.6,-2.8,True,1.4,GHCN-Daily,34.52,30.479999999999997,0.0
2008-03-31,10.0,2.8,True,6.4,GHCN-Daily,43.52,21.479999999999997,0.0
2008-04-01,15.6,9.4,True,12.5,GHCN-Daily,54.5,10.5,0.0
2008-04-02,13.3,2.8,True,8.05,GHCN-Daily,46.49,18.509999999999998,0.0
2008-04-03,7.8,-1.7,True,3.05,GHCN-Daily,37.49,27.509999999999998,0.0
2008-04-04,12.2,5.6,True,8.899999999999999,GHCN-Daily,48.019999999999996,16.980000000000004,0.0
2008-04-05,15.6,8.9,True,12.25,GHCN-Daily,54.05,10.950000000000003,0.0
2008-04-06,10.0,5.6,True,7.8,GHCN-Daily,46.04,18.96,0.0
2008-04-07,10.0,4.4,True,7.2,GHCN-Daily,44.96,20.04,0.0
2008-04-08,11.7,5.0,True,8.35,GHCN-Daily,47.03,17.97,0.0
2008-04-09,10.6,3.3,True,6.949999999999999,GHCN-Daily,44.51,20.490000000000002,0.0
2008-04-10,22.2,8.3,True,15.25,GHCN-Daily,59.45,5.549999999999997,0.0
2008-04-11,14.4,8.3,True,11.350000000000001,GHCN-Daily,52.43000000000001,12.569999999999993,0.0
2008-04-12,18.9,9.4,True,14.149999999999999,GHCN-Daily,57.47,7.530000000000001,0.0
2008-04-13,13.9,6.1,True,10.0,GHCN-Daily,50.0,15.0,0.0
2008-04-14,12.8,3.3,True,8.05,GHCN-Daily,46.49,18.509999999999998,0.0
2008-04-15,15.0,3.9,True,9.45,GHCN-Daily,49.01,15.990000000000002,0.0
2008-04-16,16.1,4.4,True,10.25,GHCN-Daily,50.45,14.549999999999997,0.0
2008-04-17,17.8,3.9,True,10.85,GHCN-Daily,51.53,13.469999999999999,0.0
2008-04-18,20.0,6.7,True,13.35,GHCN-Daily,56.03,8.969999999999999,0.0
2008-04-19,20.6,9.4,True,15.0,GHCN-Daily,59.0,6.0,0.0
2008-04-20,17.2,10.0,True,13.6,GHCN-Daily,56.480000000000004,8.519999999999996,0.0
2008-04-21,18.3,9.4,True,13.850000000000001,GHCN-Daily,56.93000000000001,8.069999999999993,0.0
2008-04-22,20.0,8.9,True,14.45,GHCN-Daily,58.01,6.990000000000002,0.0
2008-04-23,20.6,10.0,True,15.3,GHCN-Daily,59.540000000000006,5.459999999999994,0.0
2008-04-24,26.1,12.8,True,19.450000000000003,GHCN-Daily,67.01,0.0,2.010000000000005
2008-04-25,18.3,9.4,True,13.850000000000001,GHCN-Daily,56.93000000000001,8.069999999999993,0.0
2008-04-26,15.0,9.4,True,12.2,GHCN-Daily,53.96,11.04,0.0
2008-04-27,11.1,8.9,True,10.0,GHCN-Daily,50.0,15.0,0.0
2008-04-28,14.4,8.3,True,11.350000000000001,GHCN-Daily,52.43000000000001,12.569999999999993,0.0
2008-04-29,15.0,7.8,True,11.4,GHCN-Daily,52.519999999999996,12.480000000000004,0.0
2008-04-30,13.9,5.6,True,9.75,GHCN-Daily,49.55,15.450000000000003,0.0
2008-05-01,13.3,3.3,True,8.3,GHCN-Daily,46.94,18.060000000000002,0.0
2008-05-02,16.1,10.0,True,13.05,GHCN-Daily,55.49,9.509999999999998,0.0
2008-05-03,14.4,9.4,True,11.9,GHCN-Daily,53.42,11.579999999999998,0.0
2008-05-04,21.7,10.0,True,15.85,GHCN-Daily,60.53,4.469999999999999,0.0
2008-05-05,20.0,10.0,True,15.0,GHCN-Daily,59.0,6.0,0.0
2008-05-06,25.0,8.3,True,16.65,GHCN-Daily,61.97,3.030000000000001,0.0
2008-05-07,21.1,11.7,True,16.4,GHCN-Daily,61.519999999999996,3.480000000000004,0.0
2008-05-08,23.3,15.6,True,19.45,GHCN-Daily,67.00999999999999,0.0,2.009999999999991
2008-05-09,18.9,9.4,True,14.149999999999999,GHCN-Daily,57.47,7.530000000000001,0.0
2008-05-10,18.3,9.4,True,13.850000000000001,GHCN-Daily,56.93000000000001,8.069999999999993,0.0
2008-05-11,14.4,8.3,True,11.350000000000001,GHCN-Daily,52.43000000000001,12.569999999999993,0.0
2008-05-12,11.7,7.8,True,9.75,GHCN-Daily,49.55,15.450000000000003,0.0
2008-05-13,21.7,10.0,True,15.85,GHCN-Daily,60.53,4.469999999999999,0.0
2008-05-14,22.2,10.0,True,16.1,GHCN-Daily,60.980000000000004,4.019999999999996,0.0
2008-05-15,20.6,11.7,True,16.15,GHCN-Daily,61.06999999999999,3.930000000000007,0.0
2008-05-16,16.1,10.0,True,13.05,GHCN-Daily,55.49,9.509999999999998,0.0
2008-05-17,22.8,8.9,True,15.850000000000001,GHCN-Daily,60.53,4.469999999999999,0.0
2008-05-18,18.3,12.8,True,15.55,GHCN-Daily,59.99,5.009999999999998,0.0
2008-05-19,16.1,10.0,True,13.05,GHCN-Daily,55.49,9.509999999999998,0.0
2008-05-20,12.8,8.9,True,10.850000000000001,GHCN-Daily,51.53,13.469999999999999,0.0
2008-05-21,18.9,8.3,True,13.6,GHCN-Daily,56.480000000000004,8.519999999999996,0.0
2008-05-22,17.2,9.4,True,13.3,GHCN-Daily,55.94,9.060000000000002,0.0
2008-05-23,21.7,10.0,True,15.85,GHCN-Daily,60.53,4.469999999999999,0.0
2008-05-24,22.8,12.8,True,17.8,GHCN-Daily,64.03999999999999,0.960000000000008,0.0
2008-05-25,23.9,12.2,True,18.049999999999997,GHCN-Daily,64.49,0.5100000000000051,0.0
2008-05-26,20.6,12.2,True,16.4,GHCN-Daily,61.519999999999996,3.480000000000004,0.0
2008-05-27,23.3,15.0,True,19.15,GHCN-Daily,66.47,0.0,1.4699999999999989
2008-05-28,20.6,12.2,True,16.4,GHCN-Daily,61.519999999999996,3.480000000000004,0.0
2008-05-29,24.4,10.6,True,17.5,GHCN-Daily,63.5,1.5,0.0
2008-05-30,25.0,12.8,True,18.9,GHCN-Daily,66.02,0.0,1.019999999999996
2008-05-31,20.0,15.6,True,17.8,GHCN-Daily,64.03999999999999,0.960000000000008,0.0
2008-06-01,28.3,18.3,True,23.3,GHCN-Daily,73.94,0.0,8.939999999999998
2008-06-02,28.3,15.6,True,21.95,GHCN-Daily,71.50999999999999,0.0,6.509999999999991
2008-06-03,26.7,15.6,True,21.15,GHCN-Daily,70.07,0.0,5.069999999999993
2008-06-04,23.3,14.4,True,18.85,GHCN-Daily,65.93,0.0,0.9300000000000068
2008-06-05,22.2,16.1,True,19.15,GHCN-Daily,66.47,0.0,1.4699999999999989
2008-06-06,20.0,14.4,True,17.2,GHCN-Daily,62.96,2.039999999999999,0.0
2008-06-07,30.0,16.1,True,23.05,GHCN-Daily,73.49000000000001,0.0,8.490000000000009
2008-06-08,33.9,21.7,True,27.799999999999997,GHCN-Daily,82.03999999999999,0.0,17.039999999999992
2008-06-09,35.0,20.6,True,27.8,GHCN-Daily,82.03999999999999,0.0,17.039999999999992
2008-06-10,33.3,22.8,True,28.049999999999997,GHCN-Daily,82.49,0.0,17.489999999999995
2008-06-11,30.6,22.2,True,26.4,GHCN-Daily,79.52,0.0,14.519999999999996
2008-06-12,30.0,18.9,True,24.45,GHCN-Daily,76.00999999999999,0.0,11.009999999999991
2008-06-13,26.1,17.2,True,21.65,GHCN-Daily,70.97,0.0,5.969999999999999
2008-06-14,28.9,19.4,True,24.15,GHCN-Daily,75.47,0.0,10.469999999999999
2008-06-15,28.3,17.2,True,22.75,GHCN-Daily,72.95,0.0,7.950000000000003
2008-06-16,23.9,17.2,True,20.549999999999997,GHCN-Daily,68.99,0.0,3.989999999999995
2008-06-17,26.1,15.6,True,20.85,GHCN-Daily,69.53,0.0,4.530000000000001
2008-06-18,24.4,15.0,True,19.7,GHCN-Daily,67.46000000000001,0.0,2.460000000000008
2008-06-19,23.3,15.0,True,19.15,GHCN-Daily,66.47,0.0,1.4699999999999989
2008-06-20,25.0,15.6,True,20.3,GHCN-Daily,68.53999999999999,0.0,3.539999999999992
2008-06-21,26.1,16.7,True,21.4,GHCN-Daily,70.52,0.0,5.519999999999996
2008-06-22,25.0,19.4,True,22.2,GHCN-Daily,71.96000000000001,0.0,6.960000000000008
2008-06-23,24.4,20.0,True,22.2,GHCN-Daily,71.96000000000001,0.0,6.960000000000008
2008-06-24,27.8,20.0,True,23.9,GHCN-Daily,75.02,0.0,10.019999999999996
2008-06-25,28.9,18.3,True,23.6,GHCN-Daily,74.48,0.0,9.480000000000004
2008-06-26,28.9,20.6,True,24.75,GHCN-Daily,76.55000000000001,0.0,11.550000000000011
2008-06-27,32.2,20.6,True,26.400000000000002,GHCN-Daily,79.52000000000001,0.0,14.52000000000001
2008-06-28,29.4,21.1,True,25.25,GHCN-Daily,77.45,0.0,12.450000000000003
2008-06-29,30.0,22.8,True,26.4,GHCN-Daily,79.52,0.0,14.519999999999996
2008-06-30,28.9,20.6,True,24.75,GHCN-Daily,76.55000000000001,0.0,11.550000000000011
2008-07-01,27.8,20.0,True,23.9,GHCN-Daily,75.02,0.0,10.019999999999996
2008-07-02,30.6,18.9,True,24.75,GHCN-Daily,76.55000000000001,0.0,11.550000000000011
2008-07-03,28.9,20.0,True,24.45,GHCN-Daily,76.00999999999999,0.0,11.009999999999991
2008-07-04,27.8,20.6,True,24.200000000000003,GHCN-Daily,75.56,0.0,10.560000000000002
2008-07-05,23.9,20.0,True,21.95,GHCN-Daily,71.50999999999999,0.0,6.509999999999991
2008-07-06,25.6,21.1,True,23.35,GHCN-Daily,74.03,0.0,9.030000000000001
2008-07-07,27.8,20.6,True,24.200000000000003,GHCN-Daily,75.56,0.0,10.560000000000002
2008-07-08,29.4,21.7,True,25.549999999999997,GHCN-Daily,77.99,0.0,12.989999999999995
2008-07-09,30.6,21.7,True,26.15,GHCN-Daily,79.07,0.0,14.069999999999993
2008-07-10,31.7,22.8,True,27.25,GHCN-Daily,81.05000000000001,0.0,16.05000000000001
2008-07-11,29.4,18.9,True,24.15,GHCN-Daily,75.47,0.0,10.469999999999999
2008-07-12,28.9,20.6,True,24.75,GHCN-Daily,76.55000000000001,0.0,11.550000000000011
2008-07-13,27.8,21.1,True,24.450000000000003,GHCN-Daily,76.01,0.0,11.010000000000005
2008-07-14,27.2,21.7,True,24.45,GHCN-Daily,76.00999999999999,0.0,11.009999999999991
2008-07-15,31.7,20.6,True,26.15,GHCN-Daily,79.07,0.0,14.069999999999993
2008-07-16,31.7,19.4,True,25.549999999999997,GHCN-Daily,77.99,0.0,12.989999999999995
2008-07-17,32.2,21.1,True,26.650000000000002,GHCN-Daily,79.97,0.0,14.969999999999999
2008-07-18,33.3,22.8,True,28.049999999999997,GHCN-Daily,82.49,0.0,17.489999999999995
2008-07-19,33.3,23.9,True,28.599999999999998,GHCN-Daily,83.47999999999999,0.0,18.47999999999999
2008-07-20,31.1,23.3,True,27.200000000000003,GHCN-Daily,80.96000000000001,0.0,15.960000000000008
2008-07-21,31.7,22.8,True,27.25,GHCN-Daily,81.05000000000001,0.0,16.05000000000001
2008-07-22,27.8,22.2,True,25.0,GHCN-Daily,77.0,0.0,12.0
2008-07-23,26.7,21.7,True,24.2,GHCN-Daily,75.56,0.0,10.560000000000002
2008-07-24,26.7,20.6,True,23.65,GHCN-Daily,74.57,0.0,9.569999999999993
2008-07-25,30.6,18.3,True,24.450000000000003,GHCN-Daily,76.01,0.0,11.010000000000005
2008-07-26,28.9,20.6,True,24.75,GHCN-Daily,76.55000000000001,0.0,11.550000000000011
2008-07-27,25.6,20.0,True,22.8,GHCN-Daily,73.03999999999999,0.0,8.039999999999992
2008-07-28,27.2,17.2,True,22.2,GHCN-Daily,71.96000000000001,0.0,6.960000000000008
2008-07-29,32.8,21.7,True,27.25,GHCN-Daily,81.05000000000001,0.0,16.05000000000001
2008-07-30,28.9,22.8,True,25.85,GHCN-Daily,78.53,0.0,13.530000000000001
2008-07-31,31.7,22.8,True,27.25,GHCN-Daily,81.05000000000001,0.0,16.05000000000001
2008-08-01,31.1,21.7,True,26.4,GHCN-Daily,79.52,0.0,14.519999999999996
2008-08-02,28.3,20.6,True,24.450000000000003,GHCN-Daily,76.01,0.0,11.010000000000005
2008-08-03,29.4,19.4,True,24.4,GHCN-Daily,75.92,0.0,10.920000000000002
2008-08-04,30.6,20.6,True,25.6,GHCN-Daily,78.08000000000001,0.0,13.080000000000013
2008-08-05,27.2,20.6,True,23.9,GHCN-Daily,75.02,0.0,10.019999999999996
2008-08-06,32.2,22.8,True,27.5,GHCN-Daily,81.5,0.0,16.5
2008-08-07,27.8,19.4,True,23.6,GHCN-Daily,74.48,0.0,9.480000000000004
2008-08-08,27.8,18.9,True,23.35,GHCN-Daily,74.03,0.0,9.030000000000001
2008-08-09,26.7,18.3,True,22.5,GHCN-Daily,72.5,0.0,7.5
2008-08-10,27.2,18.9,True,23.049999999999997,GHCN-Daily,73.49,0.0,8.489999999999995
2008-08-11,24.4,16.7,True,20.549999999999997,GHCN-Daily,68.99,0.0,3.989999999999995
2008-08-12,28.3,16.7,True,22.5,GHCN-Daily,72.5,0.0,7.5
2008-08-13,26.1,18.9,True,22.5,GHCN-Daily,72.5,0.0,7.5
2008-08-14,27.8,18.3,True,23.05,GHCN-Daily,73.49000000000001,0.0,8.490000000000009
2008-08-15,25.6,18.9,True,22.25,GHCN-Daily,72.05000000000001,0.0,7.050000000000011
2008-08-16,28.3,17.8,True,23.05,GHCN-Daily,73.49000000000001,0.0,8.490000000000009
2008-08-17,28.9,18.9,True,23.9,GHCN-Daily,75.02,0.0,10.019999999999996
2008-08-18,29.4,20.6,True,25.0,GHCN-Daily,77.0,0.0,12.0
2008-08-19,30.6,18.3,True,24.450000000000003,GHCN-Daily,76.01,0.0,11.010000000000005
2008-08-20,23.9,15.0,True,19.45,GHCN-Daily,67.00999999999999,0.0,2.009999999999991
2008-08-21,25.6,16.1,True,20.85,GHCN-Daily,69.53,0.0,4.530000000000001
2008-08-22,26.1,17.8,True,21.950000000000003,GHCN-Daily,71.51,0.0,6.510000000000005
2008-08-23,25.6,16.7,True,21.15,GHCN-Daily,70.07,0.0,5.069999999999993
2008-08-24,26.1,20.0,True,23.05,GHCN-Daily,73.49000000000001,0.0,8.490000000000009
2008-08-25,29.4,19.4,True,24.4,GHCN-Daily,75.92,0.0,10.920000000000002
2008-08-26,26.7,15.6,True,21.15,GHCN-Daily,70.07,0.0,5.069999999999993
2008-08-27,25.0,15.6,True,20.3,GHCN-Daily,68.53999999999999,0.0,3.539999999999992
2008-08-28,27.8,16.1,True,21.950000000000003,GHCN-Daily,71.51,0.0,6.510000000000005
2008-08-29,25.6,17.2,True,21.4,GHCN-Daily,70.52,0.0,5.519999999999996
2008-08-30,28.3,20.6,True,24.450000000000003,GHCN-Daily,76.01,0.0,11.010000000000005
2008-08-31,29.4,18.3,True,23.85,GHCN-Daily,74.93,0.0,9.930000000000007
2008-09-01,29.4,18.3,True,23.85,GHCN-Daily,74.93,0.0,9.930000000000007
2008-09-02,31.1,19.4,True,25.25,GHCN-Daily,77.45,0.0,12.450000000000003
2008-09-03,26.1,20.0,True,23.05,GHCN-Daily,73.49000000000001,0.0,8.490000000000009
2008-09-04,28.9,21.1,True,25.0,GHCN-Daily,77.0,0.0,12.0
2008-09-05,28.3,21.1,True,24.700000000000003,GHCN-Daily,76.46000000000001,0.0,11.460000000000008
2008-09-06,27.2,22.2,True,24.7,GHCN-Daily,76.46000000000001,0.0,11.460000000000008
2008-09-07,27.2,20.6,True,23.9,GHCN-Daily,75.02,0.0,10.019999999999996
2008-09-08,26.7,18.9,True,22.799999999999997,GHCN-Daily,73.03999999999999,0.0,8.039999999999992
2008-09-09,23.9,18.9,True,21.4,GHCN-Daily,70.52,0.0,5.519999999999996
2008-09-10,23.3,15.6,True,19.45,GHCN-Daily,67.00999999999999,0.0,2.009999999999991
2008-09-11,22.8,16.1,True,19.450000000000003,GHCN-Daily,67.01,0.0,2.010000000000005
2008-09-12,21.7,18.3,True,20.0,GHCN-Daily,68.0,0.0,3.0
2008-09-13,26.1,19.4,True,22.75,GHCN-Daily,72.95,0.0,7.950000000000003
2008-09-14,28.3,21.1,True,24.700000000000003,GHCN-Daily,76.46000000000001,0.0,11.460000000000008
2008-09-15,29.4,19.4,True,24.4,GHCN-Daily,75.92,0.0,10.920000000000002
2008-09-16,21.7,16.1,True,18.9,GHCN-Daily,66.02,0.0,1.019999999999996
2008-09-17,23.9,14.4,True,19.15,GHCN-Daily,66.47,0.0,1.4699999999999989
2008-09-18,24.4,15.0,True,19.7,GHCN-Daily,67.46000000000001,0.0,2.460000000000008
2008-09-19,20.0,11.7,True,15.85,GHCN-Daily,60.53,4.469999999999999,0.0
2008-09-20,20.6,11.1,True,15.850000000000001,GHCN-Daily,60.53,4.469999999999999,0.0
2008-09-21,25.0,12.8,True,18.9,GHCN-Daily,66.02,0.0,1.019999999999996
2008-09-22,23.3,13.9,True,18.6,GHCN-Daily,65.48,0.0,0.480000000000004
2008-09-23,21.7,12.8,True,17.25,GHCN-Daily,63.05,1.9500000000000028,0.0
2008-09-24,22.2,11.7,True,16.95,GHCN-Daily,62.51,2.490000000000002,0.0
2008-09-25,20.6,12.8,True,16.700000000000003,GHCN-Daily,62.06,2.9399999999999977,0.0
2008-09-26,21.1,15.6,True,18.35,GHCN-Daily,65.03,0.0,0.030000000000001137
2008-09-27,21.7,18.9,True,20.299999999999997,GHCN-Daily,68.53999999999999,0.0,3.539999999999992
2008-09-28,24.4,18.9,True,21.65,GHCN-Daily,70.97,0.0,5.969999999999999
2008-09-29,25.0,16.1,True,20.55,GHCN-Daily,68.99000000000001,0.0,3.990000000000009
2008-09-30,21.7,16.1,True,18.9,GHCN-Daily,66.02,0.0,1.019999999999996
2008-10-01,22.8,15.0,True,18.9,GHCN-Daily,66.02,0.0,1.019999999999996
2008-10-02,18.3,12.2,True,15.25,GHCN-Daily,59.45,5.549999999999997,0.0
2008-10-03,19.4,9.4,True,14.399999999999999,GHCN-Daily,57.92,7.079999999999998,0.0
2008-10-04,17.8,7.8,True,12.8,GHCN-Daily,55.040000000000006,9.959999999999994,0.0
2008-10-05,18.9,11.7,True,15.299999999999999,GHCN-Daily,59.54,5.460000000000001,0.0
2008-10-06,18.9,9.4,True,14.149999999999999,GHCN-Daily,57.47,7.530000000000001,0.0
2008-10-07,18.3,7.2,True,12.75,GHCN-Daily,54.95,10.049999999999997,0.0
2008-10-08,18.3,6.7,True,12.5,GHCN-Daily,54.5,10.5,0.0
2008-10-09,23.9,15.6,True,19.75,GHCN-Daily,67.55000000000001,0.0,2.5500000000000114
2008-10-10,24.4,12.8,True,18.6,GHCN-Daily,65.48,0.0,0.480000000000004
2008-10-11,22.8,11.7,True,17.25,GHCN-Daily,63.05,1.9500000000000028,0.0
2008-10-12,21.1,11.1,True,16.1,GHCN-Daily,60.980000000000004,4.019999999999996,0.0
2008-10-13,25.6,13.9,True,19.75,GHCN-Daily,67.55000000000001,0.0,2.5500000000000114
2008-10-14,20.0,13.3,True,16.65,GHCN-Daily,61.97,3.030000000000001,0.0
2008-10-15,22.8,15.0,True,18.9,GHCN-Daily,66.02,0.0,1.019999999999996
2008-10-16,26.1,13.3,True,19.700000000000003,GHCN-Daily,67.46000000000001,0.0,2.460000000000008
2008-10-17,16.1,10.6,True,13.350000000000001,GHCN-Daily,56.03,8.969999999999999,0.0
2008-10-18,15.0,7.2,True,11.1,GHCN-Daily,51.980000000000004,13.019999999999996,0.0
2008-10-19,13.9,6.7,True,10.3,GHCN-Daily,50.540000000000006,14.459999999999994,0.0
2008-10-20,16.7,3.9,True,10.299999999999999,GHCN-Daily,50.54,14.46,0.0
2008-10-21,17.8,7.2,True,12.5,GHCN-Daily,54.5,10.5,0.0
2008-10-22,12.8,5.6,True,9.2,GHCN-Daily,48.56,16.439999999999998,0.0
2008-10-23,12.2,3.9,True,8.049999999999999,GHCN-Daily,46.489999999999995,18.510000000000005,0.0
2008-10-24,13.3,1.7,True,7.5,GHCN-Daily,45.5,19.5,0.0
2008-10-25,18.9,11.1,True,15.0,GHCN-Daily,59.0,6.0,0.0
2008-10-26,17.2,10.0,True,13.6,GHCN-Daily,56.480000000000004,8.519999999999996,0.0
2008-10-27,18.9,8.3,True,13.6,GHCN-Daily,56.480000000000004,8.519999999999996,0.0
2008-10-28,11.1,4.4,True,7.75,GHCN-Daily,45.95,19.049999999999997,0.0
2008-10-29,8.3,3.9,True,6.1000000000000005,GHCN-Daily,42.980000000000004,22.019999999999996,0.0
2008-10-30,10.0,2.8,True,6.4,GHCN-Daily,43.52,21.479999999999997,0.0
2008-10-31,16.7,3.3,True,10.0,GHCN-Daily,50.0,15.0,0.0
2008-11-01,19.4,8.3,True,13.85,GHCN-Daily,56.93,8.07,0.0
2008-11-02,10.0,3.9,True,6.95,GHCN-Daily,44.51,20.490000000000002,0.0
2008-11-03,14.4,5.0,True,9.7,GHCN-Daily,49.46,15.54,0.0
2008-11-04,17.2,8.3,True,12.75,GHCN-Daily,54.95,10.049999999999997,0.0
2008-11-05,18.3,12.8,True,15.55,GHCN-Daily,59.99,5.009999999999998,0.0
2008-11-06,18.3,15.6,True,16.95,GHCN-Daily,62.51,2.490000000000002,0.0
2008-11-07,17.8,15.0,True,16.4,GHCN-Daily,61.519999999999996,3.480000000000004,0.0
2008-11-08,15.0,11.7,True,13.35,GHCN-Daily,56.03,8.969999999999999,0.0
2008-11-09,14.4,8.9,True,11.65,GHCN-Daily,52.97,12.030000000000001,0.0
2008-11-10,11.7,6.1,True,8.899999999999999,GHCN-Daily,48.019999999999996,16.980000000000004,0.0
2008-11-11,11.1,3.9,True,7.5,GHCN-Daily,45.5,19.5,0.0
2008-11-12,9.4,3.3,True,6.35,GHCN-Daily,43.43,21.57,0.0
2008-11-13,14.4,6.7,True,10.55,GHCN-Daily,50.99,14.009999999999998,0.0
2008-11-14,16.1,13.9,True,15.0,GHCN-Daily,59.0,6.0,0.0
2008-11-15,17.8,13.9,True,15.850000000000001,GHCN-Daily,60.53,4.469999999999999,0.0
2008-11-16,15.0,5.0,True,10.0,GHCN-Daily,50.0,15.0,0.0
2008-11-17,8.3,3.3,True,5.800000000000001,GHCN-Daily,42.44,22.560000000000002,0.0
2008-11-18,5.6,-1.1,True,2.25,GHCN-Daily,36.05,28.950000000000003,0.0
2008-11-19,2.8,-2.8,True,0.0,GHCN-Daily,32.0,33.0,0.0
2008-11-20,4.4,-1.1,True,1.6500000000000001,GHCN-Daily,34.97,30.03,0.0
2008-11-21,3.9,-3.3,True,0.30000000000000004,GHCN-Daily,32.54,32.46,0.0
2008-11-22,1.1,-4.4,True,-1.6500000000000001,GHCN-Daily,29.03,35.97,0.0
2008-11-23,3.3,-3.9,True,-0.30000000000000004,GHCN-Daily,31.46,33.54,0.0
2008-11-24,11.1,-1.1,True,5.0,GHCN-Daily,41.0,24.0,0.0
2008-11-25,9.4,2.2,True,5.800000000000001,GHCN-Daily,42.44,22.560000000000002,0.0
2008-11-26,8.9,2.8,True,5.85,GHCN-Daily,42.53,22.47,0.0
2008-11-27,7.2,0.0,True,3.6,GHCN-Daily,38.480000000000004,26.519999999999996,0.0
2008-11-28,10.6,1.1,True,5.85,GHCN-Daily,42.53,22.47,0.0
2008-11-29,8.9,1.1,True,5.0,GHCN-Daily,41.0,24.0,0.0
2008-11-30,7.8,0.6,True,4.2,GHCN-Daily,39.56,25.439999999999998,0.0
2008-12-01,12.8,6.1,True,9.45,GHCN-Daily,49.01,15.990000000000002,0.0
2008-12-02,7.8,2.8,True,5.3,GHCN-Daily,41.54,23.46,0.0
2008-12-03,5.6,0.6,True,3.0999999999999996,GHCN-Daily,37.58,27.42,0.0
2008-12-04,10.0,4.4,True,7.2,GHCN-Daily,44.96,20.04,0.0
2008-12-05,6.1,-1.1,True,2.5,GHCN-Daily,36.5,28.5,0.0
2008-12-06,2.8,-4.4,True,-0.8000000000000003,GHCN-Daily,30.56,34.44,0.0
2008-12-07,3.3,-6.1,True,-1.4,GHCN-Daily,29.48,35.519999999999996,0.0
2008-12-08,-1.1,-7.2,True,-4.15,GHCN-Daily,24.53,40.47,0.0
2008-12-09,11.7,-1.1,True,5.3,GHCN-Daily,41.54,23.46,0.0
2008-12-10,14.4,6.7,True,10.55,GHCN-Daily,50.99,14.009999999999998,0.0
2008-12-11,6.7,4.4,True,5.550000000000001,GHCN-Daily,41.99,23.009999999999998,0.0
2008-12-12,13.9,0.6,True,7.25,GHCN-Daily,45.05,19.950000000000003,0.0
2008-12-13,1.1,-3.3,True,-1.0999999999999999,GHCN-Daily,30.02,34.980000000000004,0.0
2008-12-14,8.9,-3.9,True,2.5,GHCN-Daily,36.5,28.5,0.0
2008-12-15,14.4,7.8,True,11.1,GHCN-Daily,51.980000000000004,13.019999999999996,0.0
2008-12-16,13.9,-0.6,True,6.65,GHCN-Daily,43.97,21.03,0.0
2008-12-17,6.7,0.6,True,3.65,GHCN-Daily,38.57,26.43,0.0
2008-12-18,7.2,-0.6,True,3.3000000000000003,GHCN-Daily,37.94,27.060000000000002,0.0
2008-12-19,5.0,0.0,True,2.5,GHCN-Daily,36.5,28.5,0.0
2008-12-20,0.0,-4.4,True,-2.2,GHCN-Daily,28.04,36.96,0.0
2008-12-21,5.6,-2.2,True,1.6999999999999997,GHCN-Daily,35.06,29.939999999999998,0.0
2008-12-22,-2.2,-10.0,True,-6.1,GHCN-Daily,21.02,43.980000000000004,0.0
2008-12-23,0.0,-6.7,True,-3.35,GHCN-Daily,25.97,39.03,0.0
2008-12-24,10.0,0.0,True,5.0,GHCN-Daily,41.0,24.0,0.0
2008-12-25,13.9,0.0,True,6.95,GHCN-Daily,44.51,20.490000000000002,0.0
2008-12-26,6.1,-2.2,True,1.9499999999999997,GHCN-Daily,35.51,29.490000000000002,0.0
2008-12-27,8.3,5.0,True,6.65,GHCN-Daily,43.97,21.03,0.0
2008-12-28,17.8,7.8,True,12.8,GHCN-Daily,55.040000000000006,9.959999999999994,0.0
2008-12-29,9.4,2.8,True,6.1,GHCN-Daily,42.980000000000004,22.019999999999996,0.0
2008-12-30,7.2,-0.6,True,3.3000000000000003,GHCN-Daily,37.94,27.060000000000002,0.0
2008-12-31,2.2,-7.2,True,-2.5,GHCN-Daily,27.5,37.5,0.0
2009-01-01,-2.2,-8.9,True,-5.550000000000001,GHCN-Daily,22.009999999999998,42.99,0.0
2009-01-02,2.8,-5.0,True,-1.1,GHCN-Daily,30.02,34.980000000000004,0.0
2009-01-03,5.0,-1.1,True,1.95,GHCN-Daily,35.51,29.490000000000002,0.0
2009-01-04,6.7,-3.3,True,1.7000000000000002,GHCN-Daily,35.06,29.939999999999998,0.0
2009-01-05,7.2,2.8,True,5.0,GHCN-Daily,41.0,24.0,0.0
2009-01-06,3.9,0.0,True,1.95,GHCN-Daily,35.51,29.490000000000002,0.0
2009-01-07,4.4,0.6,True,2.5,GHCN-Daily,36.5,28.5,0.0
2009-01-08,5.0,-1.1,True,1.95,GHCN-Daily,35.51,29.490000000000002,0.0
2009-01-09,2.2,-2.8,True,-0.2999999999999998,GHCN-Daily,31.46,33.54,0.0
2009-01-10,0.0,-4.4,True,-2.2,GHCN-Daily,28.04,36.96,0.0
2009-01-11,1.7,-3.9,True,-1.1,GHCN-Daily,30.02,34.980000000000004,0.0
2009-01-12,1.1,-6.1,True,-2.5,GHCN-Daily,27.5,37.5,0.0
2009-01-13,4.4,-3.9,True,0.2500000000000002,GHCN-Daily,32.45,32.55,0.0
2009-01-14,2.8,-7.8,True,-2.5,GHCN-Daily,27.5,37.5,0.0
2009-01-15,-4.4,-10.0,True,-7.2,GHCN-Daily,19.04,45.96,0.0
2009-01-16,-7.2,-11.7,True,-9.45,GHCN-Daily,14.990000000000002,50.01,0.0
2009-01-17,-5.0,-13.9,True,-9.45,GHCN-Daily,14.990000000000002,50.01,0.0
2009-01-18,0.6,-5.0,True,-2.2,GHCN-Daily,28.04,36.96,0.0
2009-01-19,0.0,-6.7,True,-3.35,GHCN-Daily,25.97,39.03,0.0
2009-01-20,-1.7,-6.1,True,-3.9,GHCN-Daily,24.98,40.019999999999996,0.0
2009-01-21,-2.8,-8.3,True,-5.550000000000001,GHCN-Daily,22.009999999999998,42.99,0.0
2009-01-22,2.8,-6.1,True,-1.65,GHCN-Daily,29.03,35.97,0.0
2009-01-23,5.6,-3.9,True,0.8499999999999999,GHCN-Daily,33.53,31.47,0.0
2009-01-24,6.7,-8.3,True,-0.8000000000000003,GHCN-Daily,30.56,34.44,0.0
2009-01-25,-1.7,-9.4,True,-5.55,GHCN-Daily,22.009999999999998,42.99,0.0
2009-01-26,-1.7,-6.7,True,-4.2,GHCN-Daily,24.439999999999998,40.56,0.0
2009-01-27,-0.6,-2.8,True,-1.7,GHCN-Daily,28.94,36.06,0.0
2009-01-28,5.6,-3.9,True,0.8499999999999999,GHCN-Daily,33.53,31.47,0.0
2009-01-29,2.8,-2.2,True,0.2999999999999998,GHCN-Daily,32.54,32.46,0.0
2009-01-30,2.2,-3.9,True,-0.8499999999999999,GHCN-Daily,30.47,34.53,0.0
2009-01-31,-1.1,-5.6,True,-3.3499999999999996,GHCN-Daily,25.97,39.03,0.0
2009-02-01,10.0,-2.2,True,3.9,GHCN-Daily,39.019999999999996,25.980000000000004,0.0
2009-02-02,11.7,0.0,True,5.85,GHCN-Daily,42.53,22.47,0.0
2009-02-03,2.8,-3.3,True,-0.25,GHCN-Daily,31.55,33.45,0.0
2009-02-04,-1.1,-8.3,True,-4.7,GHCN-Daily,23.54,41.46,0.0
2009-02-05,-4.4,-11.1,True,-7.75,GHCN-Daily,18.049999999999997,46.95,0.0
2009-02-06,-1.1,-8.9,True,-5.0,GHCN-Daily,23.0,42.0,0.0
2009-02-07,6.1,-7.2,True,-0.5500000000000003,GHCN-Daily,31.009999999999998,33.99,0.0
2009-02-08,16.1,2.8,True,9.450000000000001,GHCN-Daily,49.010000000000005,15.989999999999995,0.0
2009-02-09,8.3,0.0,True,4.15,GHCN-Daily,39.47,25.53,0.0
2009-02-10,9.4,-1.1,True,4.15,GHCN-Daily,39.47,25.53,0.0
2009-02-11,16.7,3.3,True,10.0,GHCN-Daily,50.0,15.0,0.0
2009-02-12,12.8,7.2,True,10.0,GHCN-Daily,50.0,15.0,0.0
2009-02-13,7.8,0.0,True,3.9,GHCN-Daily,39.019999999999996,25.980000000000004,0.0
2009-02-14,6.1,-2.2,True,1.9499999999999997,GHCN-Daily,35.51,29.490000000000002,0.0
2009-02-15,6.7,-1.7,True,2.5,GHCN-Daily,36.5,28.5,0.0
2009-02-16,5.0,-2.2,True,1.4,GHCN-Daily,34.52,30.479999999999997,0.0
2009-02-17,5.6,-3.3,True,1.15,GHCN-Daily,34.07,30.93,0.0
2009-02-18,6.1,-2.8,True,1.65,GHCN-Daily,34.97,30.03,0.0
2009-02-19,10.6,-2.2,True,4.199999999999999,GHCN-Daily,39.56,25.439999999999998,0.0
2009-02-20,1.7,-4.4,True,-1.35,GHCN-Daily,29.57,35.43,0.0
2009-02-21,5.0,-2.8,True,1.1,GHCN-Daily,33.98,31.020000000000003,0.0
2009-02-22,7.2,0.0,True,3.6,GHCN-Daily,38.480000000000004,26.519999999999996,0.0
2009-02-23,2.2,-3.9,True,-0.8499999999999999,GHCN-Daily,30.47,34.53,0.0
2009-02-24,3.3,-5.0,True,-0.8500000000000001,GHCN-Daily,30.47,34.53,0.0
2009-02-25,3.3,-4.4,True,-0.5500000000000003,GHCN-Daily,31.009999999999998,33.99,0.0
2009-02-26,8.3,-1.1,True,3.6000000000000005,GHCN-Daily,38.480000000000004,26.519999999999996,0.0
2009-02-27,11.7,1.1,True,6.3999999999999995,GHCN-Daily,43.519999999999996,21.480000000000004,0.0
2009-02-28,11.1,0.6,True,5.85,GHCN-Daily,42.53,22.47,0.0
2009-03-01,2.2,-1.7,True,0.2500000000000001,GHCN-Daily,32.45,32.55,0.0
2009-03-02,-1.1,-8.3,True,-4.7,GHCN-Daily,23.54,41.46,0.0
2009-03-03,-2.8,-10.6,True,-6.699999999999999,GHCN-Daily,19.94,45.06,0.0
2009-03-04,1.1,-8.3,True,-3.6000000000000005,GHCN-Daily,25.52,39.480000000000004,0.0
2009-03-05,3.3,-7.2,True,-1.9500000000000002,GHCN-Daily,28.49,36.510000000000005,0.0
2009-03-06,7.2,2.2,True,4.7,GHCN-Daily,40.46,24.54,0.0
2009-03-07,20.0,3.9,True,11.95,GHCN-Daily,53.51,11.490000000000002,0.0
2009-03-08,18.9,4.4,True,11.649999999999999,GHCN-Daily,52.97,12.030000000000001,0.0
2009-03-09,10.6,3.9,True,7.25,GHCN-Daily,45.05,19.950000000000003,0.0
2009-03-10,6.7,1.7,True,4.2,GHCN-Daily,39.56,25.439999999999998,0.0
2009-03-11,13.3,5.0,True,9.15,GHCN-Daily,48.47,16.53,0.0
2009-03-12,7.2,0.6,True,3.9,GHCN-Daily,39.019999999999996,25.980000000000004,0.0
2009-03-13,2.8,-2.8,True,0.0,GHCN-Daily,32.0,33.0,0.0
2009-03-14,8.3,-0.6,True,3.8500000000000005,GHCN-Daily,38.93,26.07,0.0
2009-03-15,8.9,4.4,True,6.65,GHCN-Daily,43.97,21.03,0.0
2009-03-16,10.6,1.1,True,5.85,GHCN-Daily,42.53,22.47,0.0
2009-03-17,9.4,1.7,True,5.55,GHCN-Daily,41.99,23.009999999999998,0.0
2009-03-18,12.2,1.1,True,6.6499999999999995,GHCN-Daily,43.97,21.03,0.0
2009-03-19,10.6,3.9,True,7.25,GHCN-Daily,45.05,19.950000000000003,0.0
2009-03-20,7.8,1.1,True,4.45,GHCN-Daily,40.01,24.990000000000002,0.0
2009-03-21,6.7,-1.7,True,2.5,GHCN-Daily,36.5,28.5,0.0
2009-03-22,14.4,0.0,True,7.2,GHCN-Daily,44.96,20.04,0.0
2009-03-23,7.2,-2.2,True,2.5,GHCN-Daily,36.5,28.5,0.0
2009-03-24,9.4,-2.2,True,3.6,GHCN-Daily,38.480000000000004,26.519999999999996,0.0
2009-03-25,8.9,-0.6,True,4.15,GHCN-Daily,39.47,25.53,0.0
2009-03-26,8.3,2.2,True,5.25,GHCN-Daily,41.45,23.549999999999997,0.0
2009-03-27,16.1,5.6,True,10.850000000000001,GHCN-Daily,51.53,13.469999999999999,0.0
2009-03-28,15.0,7.2,True,11.1,GHCN-Daily,51.980000000000004,13.019999999999996,0.0
2009-03-29,12.2,8.3,True,10.25,GHCN-Daily,50.45,14.549999999999997,0.0
2009-03-30,13.3,5.6,True,9.45,GHCN-Daily,49.01,15.990000000000002,0.0
2009-03-31,14.4,3.9,True,9.15,GHCN-Daily,48.47,16.53,0.0
2009-04-01,9.4,5.6,True,7.5,GHCN-Daily,45.5,19.5,0.0
2009-04-02,17.8,7.8,True,12.8,GHCN-Daily,55.040000000000006,9.959999999999994,0.0
2009-04-03,15.6,8.9,True,12.25,GHCN-Daily,54.05,10.950000000000003,0.0
2009-04-04,12.8,9.4,True,11.100000000000001,GHCN-Daily,51.980000000000004,13.019999999999996,0.0
2009-04-05,18.9,7.8,True,13.35,GHCN-Daily,56.03,8.969999999999999,0.0
2009-04-06,11.7,6.7,True,9.2,GHCN-Daily,48.56,16.439999999999998,0.0
2009-04-07,9.4,4.4,True,6.9,GHCN-Daily,44.42,20.58,0.0
2009-04-08,10.0,2.2,True,6.1,GHCN-Daily,42.980000000000004,22.019999999999996,0.0
2009-04-09,15.0,2.8,True,8.9,GHCN-Daily,48.019999999999996,16.980000000000004,0.0
2009-04-10,13.3,5.0,True,9.15,GHCN-Daily,48.47,16.53,0.0
2009-04-11,10.0,5.6,True,7.8,GHCN-Daily,46.04,18.96,0.0
2009-04-12,10.0,2.8,True,6.4,GHCN-Daily,43.52,21.479999999999997,0.0
2009-04-13,14.4,1.7,True,8.05,GHCN-Daily,46.49,18.509999999999998,0.0
2009-04-14,10.0,7.2,True,8.6,GHCN-Daily,47.480000000000004,17.519999999999996,0.0
2009-04-15,13.3,5.0,True,9.15,GHCN-Daily,48.47,16.53,0.0
2009-04-16,16.7,3.3,True,10.0,GHCN-Daily,50.0,15.0,0.0
2009-04-17,17.8,3.9,True,10.85,GHCN-Daily,51.53,13.469999999999999,0.0
2009-04-18,25.6,10.0,True,17.8,GHCN-Daily,64.03999999999999,0.960000000000008,0.0
2009-04-19,16.1,7.8,True,11.950000000000001,GHCN-Daily,53.510000000000005,11.489999999999995,0.0
2009-04-20,12.2,7.2,True,9.7,GHCN-Daily,49.46,15.54,0.0
2009-04-21,12.8,8.3,True,10.55,GHCN-Daily,50.99,14.009999999999998,0.0
2009-04-22,12.8,8.3,True,10.55,GHCN-Daily,50.99,14.009999999999998,0.0
2009-04-23,15.0,6.7,True,10.85,GHCN-Daily,51.53,13.469999999999999,0.0
2009-04-24,17.8,5.0,True,11.4,GHCN-Daily,52.519999999999996,12.480000000000004,0.0
2009-04-25,20.6,9.4,True,15.0,GHCN-Daily,59.0,6.0,0.0
2009-04-26,30.0,15.0,True,22.5,GHCN-Daily,72.5,0.0,7.5
2009-04-27,23.9,13.9,True,18.9,GHCN-Daily,66.02,0.0,1.019999999999996
2009-04-28,29.4,15.0,True,22.2,GHCN-Daily,71.96000000000001,0.0,6.960000000000008
2009-04-29,21.1,7.8,True,14.450000000000001,GHCN-Daily,58.010000000000005,6.989999999999995,0.0
2009-04-30,14.4,8.3,True,11.350000000000001,GHCN-Daily,52.43000000000001,12.569999999999993,0.0
2009-05-01,19.4,11.1,True,15.25,GHCN-Daily,59.45,5.549999999999997,0.0
2009-05-02,17.2,11.1,True,14.149999999999999,GHCN-Daily,57.47,7.530000000000001,0.0
2009-05-03,13.9,11.1,True,12.5,GHCN-Daily,54.5,10.5,0.0
2009-05-04,13.3,11.1,True,12.2,GHCN-Daily,53.96,11.04,0.0
2009-05-05,12.8,10.0,True,11.4,GHCN-Daily,52.519999999999996,12.480000000000004,0.0
2009-05-06,16.1,10.0,True,13.05,GHCN-Daily,55.49,9.509999999999998,0.0
2009-05-07,19.4,11.1,True,15.25,GHCN-Daily,59.45,5.549999999999997,0.0
2009-05-08,20.6,12.8,True,16.700000000000003,GHCN-Daily,62.06,2.9399999999999977,0.0
2009-05-09,23.9,13.9,True,18.9,GHCN-Daily,66.02,0.0,1.019999999999996
2009-05-10,22.2,12.8,True,17.5,GHCN-Daily,63.5,1.5,0.0
2009-05-11,16.7,10.6,True,13.649999999999999,GHCN-Daily,56.56999999999999,8.430000000000007,0.0
2009-05-12,21.1,9.4,True,15.25,GHCN-Daily,59.45,5.549999999999997,0.0
2009-05-13,17.2,8.3,True,12.75,GHCN-Daily,54.95,10.049999999999997,0.0
2009-05-14,17.8,12.8,True,15.3,GHCN-Daily,59.540000000000006,5.459999999999994,0.0
2009-05-15,21.7,13.3,True,17.5,GHCN-Daily,63.5,1.5,0.0
2009-05-16,18.3,13.3,True,15.8,GHCN-Daily,60.44,4.560000000000002,0.0
2009-05-17,17.2,11.7,True,14.45,GHCN-Daily,58.01,6.990000000000002,0.0
2009-05-18,15.6,10.0,True,12.8,GHCN-Daily,55.040000000000006,9.959999999999994,0.0
2009-05-19,18.3,6.7,True,12.5,GHCN-Daily,54.5,10.5,0.0
2009-05-20,22.8,10.0,True,16.4,GHCN-Daily,61.519999999999996,3.480000000000004,0.0
2009-05-21,22.2,11.7,True,16.95,GHCN-Daily,62.51,2.490000000000002,0.0
2009-05-22,25.0,13.9,True,19.45,GHCN-Daily,67.00999999999999,0.0,2.009999999999991
2009-05-23,22.8,13.9,True,18.35,GHCN-Daily,65.03,0.0,0.030000000000001137
2009-05-24,24.4,14.4,True,19.4,GHCN-Daily,66.92,0.0,1.9200000000000017
2009-05-25,26.7,16.7,True,21.7,GHCN-Daily,71.06,0.0,6.060000000000002
2009-05-26,18.9,11.1,True,15.0,GHCN-Daily,59.0,6.0,0.0
2009-05-27,20.0,11.7,True,15.85,GHCN-Daily,60.53,4.469999999999999,0.0
2009-05-28,16.1,12.8,True,14.450000000000001,GHCN-Daily,58.010000000000005,6.989999999999995,0.0
2009-05-29,20.6,12.2,True,16.4,GHCN-Daily,61.519999999999996,3.480000000000004,0.0
2009-05-30,25.0,16.1,True,20.55,GHCN-Daily,68.99000000000001,0.0,3.990000000000009
2009-05-31,26.7,13.3,True,20.0,GHCN-Daily,68.0,0.0,3.0
2009-06-01,18.3,10.0,True,14.15,GHCN-Daily,57.47,7.530000000000001,0.0
2009-06-02,27.2,15.6,True,21.4,GHCN-Daily,70.52,0.0,5.519999999999996
2009-06-03,22.8,13.3,True,18.05,GHCN-Daily,64.49000000000001,0.5099999999999909,0.0
2009-06-04,18.3,12.8,True,15.55,GHCN-Daily,59.99,5.009999999999998,0.0
2009-06-05,15.6,13.9,True,14.75,GHCN-Daily,58.55,6.450000000000003,0.0
2009-06-06,22.8,14.4,True,18.6,GHCN-Daily,65.48,0.0,0.480000000000004
2009-06-07,25.6,16.7,True,21.15,GHCN-Daily,70.07,0.0,5.069999999999993
2009-06-08,24.4,15.6,True,20.0,GHCN-Daily,68.0,0.0,3.0
2009-06-09,21.1,16.1,True,18.6,GHCN-Daily,65.48,0.0,0.480000000000004
2009-06-10,21.1,16.1,True,18.6,GHCN-Daily,65.48,0.0,0.480000000000004
2009-06-11,18.3,16.1,True,17.200000000000003,GHCN-Daily,62.96000000000001,2.039999999999992,0.0
2009-06-12,26.1,17.2,True,21.65,GHCN-Daily,70.97,0.0,5.969999999999999
2009-06-13,24.4,16.7,True,20.549999999999997,GHCN-Daily,68.99,0.0,3.989999999999995
2009-06-14,21.7,13.9,True,17.8,GHCN-Daily,64.03999999999999,0.960000000000008,0.0
2009-06-15,20.0,13.9,True,16.95,GHCN-Daily,62.51,2.490000000000002,0.0
2009-06-16,18.9,13.3,True,16.1,GHCN-Daily,60.980000000000004,4.019999999999996,0.0
2009-06-17,18.9,11.7,True,15.299999999999999,GHCN-Daily,59.54,5.460000000000001,0.0
2009-06-18,18.3,16.7,True,17.5,GHCN-Daily,63.5,1.5,0.0
2009-06-19,26.1,17.8,True,21.950000000000003,GHCN-Daily,71.51,0.0,6.510000000000005
2009-06-20,22.2,18.3,True,20.25,GHCN-Daily,68.45,0.0,3.450000000000003
2009-06-21,26.7,17.2,True,21.95,GHCN-Daily,71.50999999999999,0.0,6.509999999999991
2009-06-22,24.4,18.9,True,21.65,GHCN-Daily,70.97,0.0,5.969999999999999
2009-06-23,26.7,18.3,True,22.5,GHCN-Daily,72.5,0.0,7.5
2009-06-24,25.6,17.8,True,21.700000000000003,GHCN-Daily,71.06,0.0,6.060000000000002
2009-06-25,24.4,17.8,True,21.1,GHCN-Daily,69.98,0.0,4.980000000000004
2009-06-26,27.2,18.3,True,22.75,GHCN-Daily,72.95,0.0,7.950000000000003
2009-06-27,28.3,17.8,True,23.05,GHCN-Daily,73.49000000000001,0.0,8.490000000000009
2009-06-28,26.7,18.9,True,22.799999999999997,GHCN-Daily,73.03999999999999,0.0,8.039999999999992
2009-06-29,28.3,19.4,True,23.85,GHCN-Daily,74.93,0.0,9.930000000000007
2009-06-30,26.7,18.9,True,22.799999999999997,GHCN-Daily,73.03999999999999,0.0,8.039999999999992
2009-07-01,27.2,20.0,True,23.6,GHCN-Daily,74.48,0.0,9.480000000000004
2009-07-02,26.1,20.0,True,23.05,GHCN-Daily,73.49000000000001,0.0,8.490000000000009
2009-07-03,27.2,20.0,True,23.6,GHCN-Daily,74.48,0.0,9.480000000000004
2009-07-04,28.3,20.0,True,24.15,GHCN-Daily,75.47,0.0,10.469999999999999
2009-07-05,26.7,17.8,True,22.25,GHCN-Daily,72.05000000000001,0.0,7.050000000000011
2009-07-06,28.9,17.8,True,23.35,GHCN-Daily,74.03,0.0,9.030000000000001
2009-07-07,26.7,17.8,True,22.25,GHCN-Daily,72.05000000000001,0.0,7.050000000000011
2009-07-08,27.2,15.0,True,21.1,GHCN-Daily,69.98,0.0,4.980000000000004
2009-07-09,22.8,16.7,True,19.75,GHCN-Daily,67.55000000000001,0.0,2.5500000000000114
2009-07-10,24.4,14.4,True,19.4,GHCN-Daily,66.92,0.0,1.9200000000000017
2009-07-11,24.4,16.7,True,20.549999999999997,GHCN-Daily,68.99,0.0,3.989999999999995
2009-07-12,28.9,18.3,True,23.6,GHCN-Daily,74.48,0.0,9.480000000000004
2009-07-13,25.0,15.6,True,20.3,GHCN-Daily,68.53999999999999,0.0,3.539999999999992
2009-07-14,28.3,17.8,True,23.05,GHCN-Daily,73.49000000000001,0.0,8.490000000000009
2009-07-15,26.7,16.7,True,21.7,GHCN-Daily,71.06,0.0,6.060000000000002
2009-07-16,27.8,21.1,True,24.450000000000003,GHCN-Daily,76.01,0.0,11.010000000000005
2009-07-17,28.9,20.0,True,24.45,GHCN-Daily,76.00999999999999,0.0,11.009999999999991
2009-07-18,29.4,22.2,True,25.799999999999997,GHCN-Daily,78.44,0.0,13.439999999999998
2009-07-19,27.2,19.4,True,23.299999999999997,GHCN-Daily,73.94,0.0,8.939999999999998
2009-07-20,27.8,18.3,True,23.05,GHCN-Daily,73.49000000000001,0.0,8.490000000000009
2009-07-21,22.2,18.9,True,20.549999999999997,GHCN-Daily,68.99,0.0,3.989999999999995
2009-07-22,26.7,18.9,True,22.799999999999997,GHCN-Daily,73.03999999999999,0.0,8.039999999999992
2009-07-23,24.4,18.3,True,21.35,GHCN-Daily,70.43,0.0,5.430000000000007
2009-07-24,26.7,18.3,True,22.5,GHCN-Daily,72.5,0.0,7.5
2009-07-25,27.8,18.9,True,23.35,GHCN-Daily,74.03,0.0,9.030000000000001
2009-07-26,28.9,22.2,True,25.549999999999997,GHCN-Daily,77.99,0.0,12.989999999999995
2009-07-27,28.3,21.7,True,25.0,GHCN-Daily,77.0,0.0,12.0
2009-07-28,29.4,21.7,True,25.549999999999997,GHCN-Daily,77.99,0.0,12.989999999999995
2009-07-29,27.8,21.7,True,24.75,GHCN-Daily,76.55000000000001,0.0,11.550000000000011
2009-07-30,32.2,22.8,True,27.5,GHCN-Daily,81.5,0.0,16.5
2009-07-31,31.1,21.1,True,26.1,GHCN-Daily,78.98,0.0,13.980000000000004
2009-08-01,27.2,20.0,True,23.6,GHCN-Daily,74.48,0.0,9.480000000000004
2009-08-02,25.6,21.7,True,23.65,GHCN-Daily,74.57,0.0,9.569999999999993
2009-08-03,28.3,20.6,True,24.450000000000003,GHCN-Daily,76.01,0.0,11.010000000000005
2009-08-04,28.9,21.1,True,25.0,GHCN-Daily,77.0,0.0,12.0
2009-08-05,30.0,23.3,True,26.65,GHCN-Daily,79.97,0.0,14.969999999999999
2009-08-06,24.4,19.4,True,21.9,GHCN-Daily,71.42,0.0,6.420000000000002
2009-08-07,28.3,18.9,True,23.6,GHCN-Daily,74.48,0.0,9.480000000000004
2009-08-08,25.6,17.2,True,21.4,GHCN-Daily,70.52,0.0,5.519999999999996
2009-08-09,26.7,21.7,True,24.2,GHCN-Daily,75.56,0.0,10.560000000000002
2009-08-10,33.3,22.2,True,27.75,GHCN-Daily,81.95,0.0,16.950000000000003
2009-08-11,32.2,24.4,True,28.3,GHCN-Daily,82.94,0.0,17.939999999999998
2009-08-12,28.3,21.7,True,25.0,GHCN-Daily,77.0,0.0,12.0
2009-08-13,24.4,20.6,True,22.5,GHCN-Daily,72.5,0.0,7.5
2009-08-14,27.8,18.9,True,23.35,GHCN-Daily,74.03,0.0,9.030000000000001
2009-08-15,30.0,20.6,True,25.3,GHCN-Daily,77.53999999999999,0.0,12.539999999999992
2009-08-16,32.2,21.7,True,26.950000000000003,GHCN-Daily,80.51,0.0,15.510000000000005
2009-08-17,32.8,22.8,True,27.799999999999997,GHCN-Daily,82.03999999999999,0.0,17.039999999999992
2009-08-18,31.7,21.7,True,26.7,GHCN-Daily,80.06,0.0,15.060000000000002
2009-08-19,32.2,22.8,True,27.5,GHCN-Daily,81.5,0.0,16.5
2009-08-20,30.6,23.9,True,27.25,GHCN-Daily,81.05000000000001,0.0,16.05000000000001
2009-08-21,31.1,22.8,True,26.950000000000003,GHCN-Daily,80.51,0.0,15.510000000000005
2009-08-22,29.4,22.2,True,25.799999999999997,GHCN-Daily,78.44,0.0,13.439999999999998
2009-08-23,28.9,23.3,True,26.1,GHCN-Daily,78.98,0.0,13.980000000000004
2009-08-24,29.4,21.7,True,25.549999999999997,GHCN-Daily,77.99,0.0,12.989999999999995
2009-08-25,28.9,21.1,True,25.0,GHCN-Daily,77.0,0.0,12.0
2009-08-26,31.7,22.8,True,27.25,GHCN-Daily,81.05000000000001,0.0,16.05000000000001
2009-08-27,25.0,20.0,True,22.5,GHCN-Daily,72.5,0.0,7.5
2009-08-28,22.8,17.2,True,20.0,GHCN-Daily,68.0,0.0,3.0
2009-08-29,23.3,19.4,True,21.35,GHCN-Daily,70.43,0.0,5.430000000000007
2009-08-30,27.2,19.4,True,23.299999999999997,GHCN-Daily,73.94,0.0,8.939999999999998
2009-08-31,23.9,15.6,True,19.75,GHCN-Daily,67.55000000000001,0.0,2.5500000000000114
2009-09-01,23.9,13.9,True,18.9,GHCN-Daily,66.02,0.0,1.019999999999996
2009-09-02,23.9,13.9,True,18.9,GHCN-Daily,66.02,0.0,1.019999999999996
2009-09-03,26.1,14.4,True,20.25,GHCN-Daily,68.45,0.0,3.450000000000003
2009-09-04,29.4,15.6,True,22.5,GHCN-Daily,72.5,0.0,7.5
2009-09-05,30.0,20.6,True,25.3,GHCN-Daily,77.53999999999999,0.0,12.539999999999992
2009-09-06,24.4,17.8,True,21.1,GHCN-Daily,69.98,0.0,4.980000000000004
2009-09-07,23.3,15.0,True,19.15,GHCN-Daily,66.47,0.0,1.4699999999999989
2009-09-08,23.9,16.7,True,20.299999999999997,GHCN-Daily,68.53999999999999,0.0,3.539999999999992
2009-09-09,25.6,17.2,True,21.4,GHCN-Daily,70.52,0.0,5.519999999999996
2009-09-10,22.2,16.1,True,19.15,GHCN-Daily,66.47,0.0,1.4699999999999989
2009-09-11,19.4,15.0,True,17.2,GHCN-Daily,62.96,2.039999999999999,0.0
2009-09-12,20.6,17.8,True,19.200000000000003,GHCN-Daily,66.56,0.0,1.5600000000000023
2009-09-13,27.8,18.3,True,23.05,GHCN-Daily,73.49000000000001,0.0,8.490000000000009
2009-09-14,26.1,16.7,True,21.4,GHCN-Daily,70.52,0.0,5.519999999999996
2009-09-15,27.8,17.8,True,22.8,GHCN-Daily,73.03999999999999,0.0,8.039999999999992
2009-09-16,20.6,16.7,True,18.65,GHCN-Daily,65.57,0.0,0.5699999999999932
2009-09-17,19.4,12.2,True,15.799999999999999,GHCN-Daily,60.44,4.560000000000002,0.0
2009-09-18,24.4,12.2,True,18.299999999999997,GHCN-Daily,64.94,0.060000000000002274,0.0
2009-09-19,21.7,12.2,True,16.95,GHCN-Daily,62.51,2.490000000000002,0.0
2009-09-20,22.2,10.0,True,16.1,GHCN-Daily,60.980000000000004,4.019999999999996,0.0
2009-09-21,22.2,12.8,True,17.5,GHCN-Daily,63.5,1.5,0.0
2009-09-22,22.8,17.2,True,20.0,GHCN-Daily,68.0,0.0,3.0
2009-09-23,25.6,19.4,True,22.5,GHCN-Daily,72.5,0.0,7.5
2009-09-24,29.4,18.3,True,23.85,GHCN-Daily,74.93,0.0,9.930000000000007
2009-09-25,21.7,13.3,True,17.5,GHCN-Daily,63.5,1.5,0.0
2009-09-26,17.8,12.2,True,15.0,GHCN-Daily,59.0,6.0,0.0
2009-09-27,20.6,16.1,True,18.35,GHCN-Daily,65.03,0.0,0.030000000000001137
2009-09-28,22.2,15.6,True,18.9,GHCN-Daily,66.02,0.0,1.019999999999996
2009-09-29,21.1,13.9,True,17.5,GHCN-Daily,63.5,1.5,0.0
2009-09-30,16.7,10.0,True,13.35,GHCN-Daily,56.03,8.969999999999999,0.0
2009-10-01,15.0,9.4,True,12.2,GHCN-Daily,53.96,11.04,0.0
2009-10-02,18.9,6.1,True,12.5,GHCN-Daily,54.5,10.5,0.0
2009-10-03,20.6,16.7,True,18.65,GHCN-Daily,65.57,0.0,0.5699999999999932
2009-10-04,22.2,14.4,True,18.3,GHCN-Daily,64.94,0.060000000000002274,0.0
2009-10-05,20.0,12.2,True,16.1,GHCN-Daily,60.980000000000004,4.019999999999996,0.0
2009-10-06,19.4,10.6,True,15.0,GHCN-Daily,59.0,6.0,0.0
2009-10-07,22.8,14.4,True,18.6,GHCN-Daily,65.48,0.0,0.480000000000004
2009-10-08,19.4,12.2,True,15.799999999999999,GHCN-Daily,60.44,4.560000000000002,0.0
2009-10-09,22.2,14.4,True,18.3,GHCN-Daily,64.94,0.060000000000002274,0.0
2009-10-10,20.6,10.6,True,15.600000000000001,GHCN-Daily,60.08,4.920000000000002,0.0
2009-10-11,18.3,7.2,True,12.75,GHCN-Daily,54.95,10.049999999999997,0.0
2009-10-12,11.7,6.1,True,8.899999999999999,GHCN-Daily,48.019999999999996,16.980000000000004,0.0
2009-10-13,18.9,7.8,True,13.35,GHCN-Daily,56.03,8.969999999999999,0.0
2009-10-14,12.2,5.0,True,8.6,GHCN-Daily,47.480000000000004,17.519999999999996,0.0
2009-10-15,9.4,6.1,True,7.75,GHCN-Daily,45.95,19.049999999999997,0.0
2009-10-16,8.3,4.4,True,6.3500000000000005,GHCN-Daily,43.43,21.57,0.0
2009-10-17,11.7,7.2,True,9.45,GHCN-Daily,49.01,15.990000000000002,0.0
2009-10-18,9.4,5.0,True,7.2,GHCN-Daily,44.96,20.04,0.0
2009-10-19,14.4,3.9,True,9.15,GHCN-Daily,48.47,16.53,0.0
2009-10-20,18.9,6.1,True,12.5,GHCN-Daily,54.5,10.5,0.0
2009-10-21,20.0,8.9,True,14.45,GHCN-Daily,58.01,6.990000000000002,0.0
2009-10-22,21.7,10.6,True,16.15,GHCN-Daily,61.06999999999999,3.930000000000007,0.0
2009-10-23,15.6,11.1,True,13.35,GHCN-Daily,56.03,8.969999999999999,0.0
2009-10-24,18.9,13.3,True,16.1,GHCN-Daily,60.980000000000004,4.019999999999996,0.0
2009-10-25,17.8,10.6,True,14.2,GHCN-Daily,57.56,7.439999999999998,0.0
2009-10-26,15.6,7.2,True,11.4,GHCN-Daily,52.519999999999996,12.480000000000004,0.0
2009-10-27,13.9,7.2,True,10.55,GHCN-Daily,50.99,14.009999999999998,0.0
2009-10-28,15.0,10.6,True,12.8,GHCN-Daily,55.040000000000006,9.959999999999994,0.0
2009-10-29,15.0,9.4,True,12.2,GHCN-Daily,53.96,11.04,0.0
2009-10-30,15.0,8.3,True,11.65,GHCN-Daily,52.97,12.030000000000001,0.0
2009-10-31,21.1,14.4,True,17.75,GHCN-Daily,63.95,1.0499999999999972,0.0
2009-11-01,15.0,9.4,True,12.2,GHCN-Daily,53.96,11.04,0.0
2009-11-02,13.9,7.2,True,10.55,GHCN-Daily,50.99,14.009999999999998,0.0
2009-11-03,16.7,5.6,True,11.149999999999999,GHCN-Daily,52.06999999999999,12.930000000000007,0.0
2009-11-04,11.1,5.0,True,8.05,GHCN-Daily,46.49,18.509999999999998,0.0
2009-11-05,11.7,6.1,True,8.899999999999999,GHCN-Daily,48.019999999999996,16.980000000000004,0.0
2009-11-06,10.6,3.3,True,6.949999999999999,GHCN-Daily,44.51,20.490000000000002,0.0
2009-11-07,11.1,0.6,True,5.85,GHCN-Daily,42.53,22.47,0.0
2009-11-08,18.3,7.2,True,12.75,GHCN-Daily,54.95,10.049999999999997,0.0
2009-11-09,17.8,5.6,True,11.7,GHCN-Daily,53.06,11.939999999999998,0.0
2009-11-10,18.9,10.0,True,14.45,GHCN-Daily,58.01,6.990000000000002,0.0
2009-11-11,13.9,9.4,True,11.65,GHCN-Daily,52.97,12.030000000000001,0.0
2009-11-12,10.6,7.8,True,9.2,GHCN-Daily,48.56,16.439999999999998,0.0
2009-11-13,12.2,8.9,True,10.55,GHCN-Daily,50.99,14.009999999999998,0.0
2009-11-14,16.7,11.7,True,14.2,GHCN-Daily,57.56,7.439999999999998,0.0
2009-11-15,19.4,11.1,True,15.25,GHCN-Daily,59.45,5.549999999999997,0.0
2009-11-16,15.6,9.4,True,12.5,GHCN-Daily,54.5,10.5,0.0
2009-11-17,13.3,5.6,True,9.45,GHCN-Daily,49.01,15.990000000000002,0.0
2009-11-18,13.3,4.4,True,8.850000000000001,GHCN-Daily,47.93000000000001,17.069999999999993,0.0
2009-11-19,16.1,7.2,True,11.65,GHCN-Daily,52.97,12.030000000000001,0.0
2009-11-20,16.1,9.4,True,12.75,GHCN-Daily,54.95,10.049999999999997,0.0
2009-11-21,14.4,6.7,True,10.55,GHCN-Daily,50.99,14.009999999999998,0.0
2009-11-22,13.3,6.7,True,10.0,GHCN-Daily,50.0,15.0,0.0
2009-11-23,11.1,6.7,True,8.9,GHCN-Daily,48.019999999999996,16.980000000000004,0.0
2009-11-24,14.4,8.9,True,11.65,GHCN-Daily,52.97,12.030000000000001,0.0
2009-11-25,10.6,9.4,True,10.0,GHCN-Daily,50.0,15.0,0.0
2009-11-26,15.0,10.0,True,12.5,GHCN-Daily,54.5,10.5,0.0
2009-11-27,11.1,6.7,True,8.9,GHCN-Daily,48.019999999999996,16.980000000000004,0.0
2009-11-28,11.7,6.1,True,8.899999999999999,GHCN-Daily,48.019999999999996,16.980000000000004,0.0
2009-11-29,12.8,3.9,True,8.35,GHCN-Daily,47.03,17.97,0.0
2009-11-30,12.8,5.0,True,8.9,GHCN-Daily,48.019999999999996,16.980000000000004,0.0
2009-12-01,8.9,2.2,True,5.550000000000001,GHCN-Daily,41.99,23.009999999999998,0.0
2009-12-02,13.9,1.7,True,7.8,GHCN-Daily,46.04,18.96,0.0
2009-12-03,18.9,10.0,True,14.45,GHCN-Daily,58.01,6.990000000000002,0.0
2009-12-04,11.7,6.7,True,9.2,GHCN-Daily,48.56,16.439999999999998,0.0
2009-12-05,8.3,1.1,True,4.7,GHCN-Daily,40.46,24.54,0.0
2009-12-06,4.4,0.6,True,2.5,GHCN-Daily,36.5,28.5,0.0
2009-12-07,5.0,-0.6,True,2.2,GHCN-Daily,35.96,29.04,0.0
2009-12-08,7.8,1.7,True,4.75,GHCN-Daily,40.55,24.450000000000003,0.0
2009-12-09,13.9,2.2,True,8.05,GHCN-Daily,46.49,18.509999999999998,0.0
2009-12-10,8.9,-2.2,True,3.35,GHCN-Daily,38.03,26.97,0.0
2009-12-11,-0.6,-5.0,True,-2.8,GHCN-Daily,26.96,38.04,0.0
2009-12-12,3.3,-2.8,True,0.25,GHCN-Daily,32.45,32.55,0.0
2009-12-13,11.1,-1.7,True,4.7,GHCN-Daily,40.46,24.54,0.0
2009-12-14,8.3,3.9,True,6.1000000000000005,GHCN-Daily,42.980000000000004,22.019999999999996,0.0
2009-12-15,11.7,5.6,True,8.649999999999999,GHCN-Daily,47.57,17.43,0.0
2009-12-16,6.1,-2.2,True,1.9499999999999997,GHCN-Daily,35.51,29.490000000000002,0.0
2009-12-17,0.0,-6.1,True,-3.05,GHCN-Daily,26.509999999999998,38.49,0.0
2009-12-18,-0.6,-8.3,True,-4.45,GHCN-Daily,23.990000000000002,41.01,0.0
2009-12-19,-1.7,-5.6,True,-3.65,GHCN-Daily,25.43,39.57,0.0
2009-12-20,0.6,-5.6,True,-2.5,GHCN-Daily,27.5,37.5,0.0
2009-12-21,2.2,-2.2,True,0.0,GHCN-Daily,32.0,33.0,0.0
2009-12-22,2.2,-4.4,True,-1.1,GHCN-Daily,30.02,34.980000000000004,0.0
2009-12-23,-1.1,-6.7,True,-3.9000000000000004,GHCN-Daily,24.98,40.019999999999996,0.0
2009-12-24,3.3,-5.6,True,-1.15,GHCN-Daily,29.93,35.07,0.0
2009-12-25,4.4,1.1,True,2.75,GHCN-Daily,36.95,28.049999999999997,0.0
2009-12-26,11.1,2.8,True,6.949999999999999,GHCN-Daily,44.51,20.490000000000002,0.0
2009-12-27,12.2,1.7,True,6.949999999999999,GHCN-Daily,44.51,20.490000000000002,0.0
2009-12-28,6.7,-1.1,True,2.8,GHCN-Daily,37.04,27.96,0.0
2009-12-29,-0.6,-8.9,True,-4.75,GHCN-Daily,23.45,41.55,0.0
2009-12-30,0.0,-7.8,True,-3.9,GHCN-Daily,24.98,40.019999999999996,0.0
2009-12-31,1.7,-1.7,True,0.0,GHCN-Daily,32.0,33.0,0.0
2010-01-01,5.0,0.0,True,2.5,GHCN-Daily,36.5,28.5,0.0
2010-01-02,0.6,-8.3,True,-3.8500000000000005,GHCN-Daily,25.07,39.93,0.0
2010-01-03,-4.4,-7.8,True,-6.1,GHCN-Daily,21.02,43.980000000000004,0.0
2010-01-04,0.0,-6.7,True,-3.35,GHCN-Daily,25.97,39.03,0.0
2010-01-05,0.0,-6.1,True,-3.05,GHCN-Daily,26.509999999999998,38.49,0.0
2010-01-06,2.2,-3.3,True,-0.5499999999999998,GHCN-Daily,31.01,33.989999999999995,0.0
2010-01-07,4.4,-1.7,True,1.35,GHCN-Daily,34.43,30.57,0.0
2010-01-08,0.6,-5.0,True,-2.2,GHCN-Daily,28.04,36.96,0.0
2010-01-09,0.0,-7.2,True,-3.6,GHCN-Daily,25.52,39.480000000000004,0.0
2010-01-10,-1.1,-10.0,True,-5.55,GHCN-Daily,22.009999999999998,42.99,0.0
2010-01-11,0.0,-6.1,True,-3.05,GHCN-Daily,26.509999999999998,38.49,0.0
2010-01-12,2.8,-4.4,True,-0.8000000000000003,GHCN-Daily,30.56,34.44,0.0
2010-01-13,2.2,-4.4,True,-1.1,GHCN-Daily,30.02,34.980000000000004,0.0
2010-01-14,3.9,-3.9,True,0.0,GHCN-Daily,32.0,33.0,0.0
2010-01-15,10.0,-2.8,True,3.6,GHCN-Daily,38.480000000000004,26.519999999999996,0.0
2010-01-16,9.4,0.6,True,5.0,GHCN-Daily,41.0,24.0,0.0
2010-01-17,5.6,-0.6,True,2.5,GHCN-Daily,36.5,28.5,0.0
2010-01-18,10.0,2.2,True,6.1,GHCN-Daily,42.980000000000004,22.019999999999996,0.0
2010-01-19,7.8,0.6,True,4.2,GHCN-Daily,39.56,25.439999999999998,0.0
2010-01-20,6.7,0.6,True,3.65,GHCN-Daily,38.57,26.43,0.0
2010-01-21,6.1,-1.7,True,2.1999999999999997,GHCN-Daily,35.96,29.04,0.0
2010-01-22,7.2,0.0,True,3.6,GHCN-Daily,38.480000000000004,26.519999999999996,0.0
2010-01-23,5.6,-3.3,True,1.15,GHCN-Daily,34.07,30.93,0.0
2010-01-24,9.4,-2.8,True,3.3000000000000003,GHCN-Daily,37.94,27.060000000000002,0.0
2010-01-25,11.7,7.2,True,9.45,GHCN-Daily,49.01,15.990000000000002,0.0
2010-01-26,8.3,1.7,True,5.0,GHCN-Daily,41.0,24.0,0.0
2010-01-27,5.6,-1.1,True,2.25,GHCN-Daily,36.05,28.950000000000003,0.0
2010-01-28,6.1,-6.7,True,-0.30000000000000027,GHCN-Daily,31.46,33.54,0.0
2010-01-29,-3.9,-8.9,True,-6.4,GHCN-Daily,20.479999999999997,44.52,0.0
2010-01-30,-6.7,-10.0,True,-8.35,GHCN-Daily,16.97,48.03,0.0
2010-01-31,-1.1,-9.4,True,-5.25,GHCN-Daily,22.549999999999997,42.45,0.0
2010-02-01,2.8,-3.9,True,-0.55,GHCN-Daily,31.01,33.989999999999995,0.0
2010-02-02,0.6,-3.9,True,-1.65,GHCN-Daily,29.03,35.97,0.0
2010-02-03,4.4,-2.2,True,1.1,GHCN-Daily,33.98,31.020000000000003,0.0
2010-02-04,3.3,-1.7,True,0.7999999999999999,GHCN-Daily,33.44,31.560000000000002,0.0
2010-02-05,2.8,-1.7,True,0.5499999999999999,GHCN-Daily,32.99,32.01,0.0
2010-02-06,0.6,-6.1,True,-2.75,GHCN-Daily,27.05,37.95,0.0
2010-02-07,1.7,-8.9,True,-3.6,GHCN-Daily,25.52,39.480000000000004,0.0
2010-02-08,3.9,-5.0,True,-0.55,GHCN-Daily,31.01,33.989999999999995,0.0
2010-02-09,4.4,-2.2,True,1.1,GHCN-Daily,33.98,31.020000000000003,0.0
2010-02-10,0.6,-1.1,True,-0.25000000000000006,GHCN-Daily,31.55,33.45,0.0
2010-02-11,2.8,-2.2,True,0.2999999999999998,GHCN-Daily,32.54,32.46,0.0
2010-02-12,2.2,-3.9,True,-0.8499999999999999,GHCN-Daily,30.47,34.53,0.0
2010-02-13,0.0,-4.4,True,-2.2,GHCN-Daily,28.04,36.96,0.0
2010-02-14,3.9,-2.8,True,0.55,GHCN-Daily,32.99,32.01,0.0
2010-02-15,2.8,-2.8,True,0.0,GHCN-Daily,32.0,33.0,0.0
2010-02-16,1.1,-1.1,True,0.0,GHCN-Daily,32.0,33.0,0.0
2010-02-17,1.1,-3.3,True,-1.0999999999999999,GHCN-Daily,30.02,34.980000000000004,0.0
2010-02-18,4.4,-0.6,True,1.9000000000000001,GHCN-Daily,35.42,29.58,0.0
2010-02-19,6.1,1.7,True,3.9,GHCN-Daily,39.019999999999996,25.980000000000004,0.0
2010-02-20,7.2,1.7,True,4.45,GHCN-Daily,40.01,24.990000000000002,0.0
2010-02-21,8.3,0.6,True,4.45,GHCN-Daily,40.01,24.990000000000002,0.0
2010-02-22,6.7,-2.2,True,2.25,GHCN-Daily,36.05,28.950000000000003,0.0
2010-02-23,3.9,2.2,True,3.05,GHCN-Daily,37.49,27.509999999999998,0.0
2010-02-24,5.6,3.3,True,4.449999999999999,GHCN-Daily,40.01,24.990000000000002,0.0
2010-02-25,3.3,-2.2,True,0.5499999999999998,GHCN-Daily,32.99,32.01,0.0
2010-02-26,1.1,-3.9,True,-1.4,GHCN-Daily,29.48,35.519999999999996,0.0
2010-02-27,2.8,-1.7,True,0.5499999999999999,GHCN-Daily,32.99,32.01,0.0
2010-02-28,4.4,-1.1,True,1.6500000000000001,GHCN-Daily,34.97,30.03,0.0
2010-03-01,9.4,2.2,True,5.800000000000001,GHCN-Daily,42.44,22.560000000000002,0.0
2010-03-02,8.3,1.1,True,4.7,GHCN-Daily,40.46,24.54,0.0
2010-03-03,5.0,1.1,True,3.05,GHCN-Daily,37.49,27.509999999999998,0.0
2010-03-04,9.4,2.2,True,5.800000000000001,GHCN-Daily,42.44,22.560000000000002,0.0
2010-03-05,9.4,1.1,True,5.25,GHCN-Daily,41.45,23.549999999999997,0.0
2010-03-06,12.8,-0.6,True,6.1000000000000005,GHCN-Daily,42.980000000000004,22.019999999999996,0.0
2010-03-07,15.0,1.7,True,8.35,GHCN-Daily,47.03,17.97,0.0
2010-03-08,17.2,3.9,True,10.549999999999999,GHCN-Daily,50.989999999999995,14.010000000000005,0.0
2010-03-09,16.7,4.4,True,10.55,GHCN-Daily,50.99,14.009999999999998,0.0
2010-03-10,12.2,2.8,True,7.5,GHCN-Daily,45.5,19.5,0.0
2010-03-11,11.7,6.1,True,8.899999999999999,GHCN-Daily,48.019999999999996,16.980000000000004,0.0
2010-03-12,8.9,5.6,True,7.25,GHCN-Daily,45.05,19.950000000000003,0.0
2010-03-13,11.1,4.4,True,7.75,GHCN-Daily,45.95,19.049999999999997,0.0
2010-03-14,10.0,5.6,True,7.8,GHCN-Daily,46.04,18.96,0.0
2010-03-15,7.2,5.6,True,6.4,GHCN-Daily,43.52,21.479999999999997,0.0
2010-03-16,17.2,5.0,True,11.1,GHCN-Daily,51.980000000000004,13.019999999999996,0.0
2010-03-17,17.2,2.8,True,10.0,GHCN-Daily,50.0,15.0,0.0
2010-03-18,18.9,4.4,True,11.649999999999999,GHCN-Daily,52.97,12.030000000000001,0.0
2010-03-19,20.6,5.6,True,13.100000000000001,GHCN-Daily,55.58,9.420000000000002,0.0
2010-03-20,21.1,7.2,True,14.15,GHCN-Daily,57.47,7.530000000000001,0.0
2010-03-21,14.4,7.2,True,10.8,GHCN-Daily,51.44,13.560000000000002,0.0
2010-03-22,13.9,8.9,True,11.4,GHCN-Daily,52.519999999999996,12.480000000000004,0.0
2010-03-23,10.6,7.2,True,8.9,GHCN-Daily,48.019999999999996,16.980000000000004,0.0
2010-03-24,16.7,6.1,True,11.399999999999999,GHCN-Daily,52.519999999999996,12.480000000000004,0.0
2010-03-25,12.2,5.0,True,8.6,GHCN-Daily,47.480000000000004,17.519999999999996,0.0
2010-03-26,12.8,1.1,True,6.95,GHCN-Daily,44.51,20.490000000000002,0.0
2010-03-27,4.4,-1.7,True,1.35,GHCN-Daily,34.43,30.57,0.0
2010-03-28,8.9,1.7,True,5.3,GHCN-Daily,41.54,23.46,0.0
2010-03-29,11.1,8.3,True,9.7,GHCN-Daily,49.46,15.54,0.0
2010-03-30,11.1,6.1,True,8.6,GHCN-Daily,47.480000000000004,17.519999999999996,0.0
2010-03-31,15.0,6.7,True,10.85,GHCN-Daily,51.53,13.469999999999999,0.0
2010-04-01,17.2,7.2,True,12.2,GHCN-Daily,53.96,11.04,0.0
2010-04-02,16.1,5.6,True,10.850000000000001,GHCN-Daily,51.53,13.469999999999999,0.0
2010-04-03,10.6,6.7,True,8.65,GHCN-Daily,47.57,17.43,0.0
2010-04-04,22.8,8.3,True,15.55,GHCN-Daily,59.99,5.009999999999998,0.0
2010-04-05,20.0,11.1,True,15.55,GHCN-Daily,59.99,5.009999999999998,0.0
2010-04-06,22.8,10.6,True,16.7,GHCN-Daily,62.06,2.9399999999999977,0.0
2010-04-07,30.6,11.1,True,20.85,GHCN-Daily,69.53,0.0,4.530000000000001
2010-04-08,20.6,11.7,True,16.15,GHCN-Daily,61.06999999999999,3.930000000000007,0.0
2010-04-09,16.7,7.8,True,12.25,GHCN-Daily,54.05,10.950000000000003,0.0
2010-04-10,16.7,5.6,True,11.149999999999999,GHCN-Daily,52.06999999999999,12.930000000000007,0.0
2010-04-11,22.8,7.8,True,15.3,GHCN-Daily,59.540000000000006,5.459999999999994,0.0
2010-04-12,19.4,7.8,True,13.6,GHCN-Daily,56.480000000000004,8.519999999999996,0.0
2010-04-13,12.8,7.2,True,10.0,GHCN-Daily,50.0,15.0,0.0
2010-04-14,18.3,6.1,True,12.2,GHCN-Daily,53.96,11.04,0.0
2010-04-15,22.8,9.4,True,16.1,GHCN-Daily,60.980000000000004,4.019999999999996,0.0
2010-04-16,11.1,7.8,True,9.45,GHCN-Daily,49.01,15.990000000000002,0.0
2010-04-17,12.8,7.8,True,10.3,GHCN-Daily,50.540000000000006,14.459999999999994,0.0
2010-04-18,14.4,6.7,True,10.55,GHCN-Daily,50.99,14.009999999999998,0.0
2010-04-19,17.2,8.3,True,12.75,GHCN-Daily,54.95,10.049999999999997,0.0
2010-04-20,19.4,8.9,True,14.149999999999999,GHCN-Daily,57.47,7.530000000000001,0.0
2010-04-21,17.8,8.3,True,13.05,GHCN-Daily,55.49,9.509999999999998,0.0
2010-04-22,18.9,10.0,True,14.45,GHCN-Daily,58.01,6.990000000000002,0.0
2010-04-23,20.6,6.7,True,13.65,GHCN-Daily,56.57,8.43,0.0
2010-04-24,17.2,8.9,True,13.05,GHCN-Daily,55.49,9.509999999999998,0.0
2010-04-25,11.1,7.8,True,9.45,GHCN-Daily,49.01,15.990000000000002,0.0
2010-04-26,11.7,9.4,True,10.55,GHCN-Daily,50.99,14.009999999999998,0.0
2010-04-27,15.6,5.6,True,10.6,GHCN-Daily,51.08,13.920000000000002,0.0
2010-04-28,13.9,4.4,True,9.15,GHCN-Daily,48.47,16.53,0.0
2010-04-29,21.7,8.3,True,15.0,GHCN-Daily,59.0,6.0,0.0
2010-04-30,23.3,10.0,True,16.65,GHCN-Daily,61.97,3.030000000000001,0.0
2010-05-01,26.7,12.2,True,19.45,GHCN-Daily,67.00999999999999,0.0,2.009999999999991
2010-05-02,23.9,14.4,True,19.15,GHCN-Daily,66.47,0.0,1.4699999999999989
2010-05-03,26.7,16.1,True,21.4,GHCN-Daily,70.52,0.0,5.519999999999996
2010-05-04,27.2,14.4,True,20.8,GHCN-Daily,69.44,0.0,4.439999999999998
2010-05-05,23.9,12.2,True,18.049999999999997,GHCN-Daily,64.49,0.5100000000000051,0.0
2010-05-06,26.7,12.2,True,19.45,GHCN-Daily,67.00999999999999,0.0,2.009999999999991
2010-05-07,20.0,11.7,True,15.85,GHCN-Daily,60.53,4.469999999999999,0.0
2010-05-08,25.6,10.6,True,18.1,GHCN-Daily,64.58000000000001,0.4199999999999875,0.0
2010-05-09,13.3,7.2,True,10.25,GHCN-Daily,50.45,14.549999999999997,0.0
2010-05-10,16.7,5.6,True,11.149999999999999,GHCN-Daily,52.06999999999999,12.930000000000007,0.0
2010-05-11,13.9,6.1,True,10.0,GHCN-Daily,50.0,15.0,0.0
2010-05-12,9.4,7.2,True,8.3,GHCN-Daily,46.94,18.060000000000002,0.0
2010-05-13,17.2,6.1,True,11.649999999999999,GHCN-Daily,52.97,12.030000000000001,0.0
2010-05-14,25.0,11.1,True,18.05,GHCN-Daily,64.49000000000001,0.5099999999999909,0.0
2010-05-15,23.9,15.6,True,19.75,GHCN-Daily,67.55000000000001,0.0,2.5500000000000114
2010-05-16,23.3,12.8,True,18.05,GHCN-Daily,64.49000000000001,0.5099999999999909,0.0
2010-05-17,23.9,11.1,True,17.5,GHCN-Daily,63.5,1.5,0.0
2010-05-18,15.0,10.6,True,12.8,GHCN-Daily,55.040000000000006,9.959999999999994,0.0
2010-05-19,19.4,10.6,True,15.0,GHCN-Daily,59.0,6.0,0.0
2010-05-20,22.2,12.8,True,17.5,GHCN-Daily,63.5,1.5,0.0
2010-05-21,29.4,14.4,True,21.9,GHCN-Daily,71.42,0.0,6.420000000000002
2010-05-22,21.1,14.4,True,17.75,GHCN-Daily,63.95,1.0499999999999972,0.0
2010-05-23,22.8,17.2,True,20.0,GHCN-Daily,68.0,0.0,3.0
2010-05-24,22.8,15.6,True,19.2,GHCN-Daily,66.56,0.0,1.5600000000000023
2010-05-25,23.3,13.9,True,18.6,GHCN-Daily,65.48,0.0,0.480000000000004
2010-05-26,32.8,16.1,True,24.45,GHCN-Daily,76.00999999999999,0.0,11.009999999999991
2010-05-27,28.9,13.3,True,21.1,GHCN-Daily,69.98,0.0,4.980000000000004
2010-05-28,20.0,13.3,True,16.65,GHCN-Daily,61.97,3.030000000000001,0.0
2010-05-29,21.1,15.0,True,18.05,GHCN-Daily,64.49000000000001,0.5099999999999909,0.0
2010-05-30,31.1,18.3,True,24.700000000000003,GHCN-Daily,76.46000000000001,0.0,11.460000000000008
2010-05-31,28.9,18.9,True,23.9,GHCN-Daily,75.02,0.0,10.019999999999996
2010-06-01,30.6,18.3,True,24.450000000000003,GHCN-Daily,76.01,0.0,11.010000000000005
2010-06-02,27.2,17.8,True,22.5,GHCN-Daily,72.5,0.0,7.5
2010-06-03,31.1,17.8,True,24.450000000000003,GHCN-Daily,76.01,0.0,11.010000000000005
2010-06-04,31.1,21.1,True,26.1,GHCN-Daily,78.98,0.0,13.980000000000004
2010-06-05,32.2,21.1,True,26.650000000000002,GHCN-Daily,79.97,0.0,14.969999999999999
2010-06-06,31.7,16.7,True,24.2,GHCN-Daily,75.56,0.0,10.560000000000002
2010-06-07,26.1,14.4,True,20.25,GHCN-Daily,68.45,0.0,3.450000000000003
2010-06-08,24.4,15.0,True,19.7,GHCN-Daily,67.46000000000001,0.0,2.460000000000008
2010-06-09,20.0,11.7,True,15.85,GHCN-Daily,60.53,4.469999999999999,0.0
2010-06-10,23.9,14.4,True,19.15,GHCN-Daily,66.47,0.0,1.4699999999999989
2010-06-11,21.7,14.4,True,18.05,GHCN-Daily,64.49000000000001,0.5099999999999909,0.0
2010-06-12,23.3,16.1,True,19.700000000000003,GHCN-Daily,67.46000000000001,0.0,2.460000000000008
2010-06-13,26.7,18.9,True,22.799999999999997,GHCN-Daily,73.03999999999999,0.0,8.039999999999992
2010-06-14,23.3,18.3,True,20.8,GHCN-Daily,69.44,0.0,4.439999999999998
2010-06-15,26.1,16.7,True,21.4,GHCN-Daily,70.52,0.0,5.519999999999996
2010-06-16,23.3,15.6,True,19.45,GHCN-Daily,67.00999999999999,0.0,2.009999999999991
2010-06-17,25.6,18.9,True,22.25,GHCN-Daily,72.05000000000001,0.0,7.050000000000011
2010-06-18,28.3,16.7,True,22.5,GHCN-Daily,72.5,0.0,7.5
2010-06-19,25.0,16.1,True,20.55,GHCN-Daily,68.99000000000001,0.0,3.990000000000009
2010-06-20,32.8,20.0,True,26.4,GHCN-Daily,79.52,0.0,14.519999999999996
2010-06-21,32.8,23.3,True,28.049999999999997,GHCN-Daily,82.49,0.0,17.489999999999995
2010-06-22,28.9,21.7,True,25.299999999999997,GHCN-Daily,77.53999999999999,0.0,12.539999999999992
2010-06-23,34.4,21.7,True,28.049999999999997,GHCN-Daily,82.49,0.0,17.489999999999995
2010-06-24,36.1,24.4,True,30.25,GHCN-Daily,86.45,0.0,21.450000000000003
2010-06-25,29.4,21.7,True,25.549999999999997,GHCN-Daily,77.99,0.0,12.989999999999995
2010-06-26,32.8,20.6,True,26.7,GHCN-Daily,80.06,0.0,15.060000000000002
2010-06-27,30.6,22.2,True,26.4,GHCN-Daily,79.52,0.0,14.519999999999996
2010-06-28,36.7,24.4,True,30.55,GHCN-Daily,86.99000000000001,0.0,21.99000000000001
2010-06-29,33.9,21.7,True,27.799999999999997,GHCN-Daily,82.03999999999999,0.0,17.039999999999992
2010-06-30,27.2,17.8,True,22.5,GHCN-Daily,72.5,0.0,7.5
2010-07-01,27.2,17.8,True,22.5,GHCN-Daily,72.5,0.0,7.5
2010-07-02,28.3,16.7,True,22.5,GHCN-Daily,72.5,0.0,7.5
2010-07-03,30.6,18.9,True,24.75,GHCN-Daily,76.55000000000001,0.0,11.550000000000011
2010-07-04,38.3,20.6,True,29.45,GHCN-Daily,85.00999999999999,0.0,20.00999999999999
2010-07-05,36.1,21.7,True,28.9,GHCN-Daily,84.02,0.0,19.019999999999996
2010-07-06,38.3,23.9,True,31.099999999999998,GHCN-Daily,87.97999999999999,0.0,22.97999999999999
2010-07-07,37.8,25.0,True,31.4,GHCN-Daily,88.52,0.0,23.519999999999996
2010-07-08,30.6,24.4,True,27.5,GHCN-Daily,81.5,0.0,16.5
2010-07-09,30.6,23.3,True,26.950000000000003,GHCN-Daily,80.51,0.0,15.510000000000005
2010-07-10,28.3,23.3,True,25.8,GHCN-Daily,78.44,0.0,13.439999999999998
2010-07-11,32.2,22.8,True,27.5,GHCN-Daily,81.5,0.0,16.5
2010-07-12,32.2,21.7,True,26.950000000000003,GHCN-Daily,80.51,0.0,15.510000000000005
2010-07-13,28.3,23.3,True,25.8,GHCN-Daily,78.44,0.0,13.439999999999998
2010-07-14,27.8,23.3,True,25.55,GHCN-Daily,77.99000000000001,0.0,12.990000000000009
2010-07-15,30.0,22.8,True,26.4,GHCN-Daily,79.52,0.0,14.519999999999996
2010-07-16,30.6,23.3,True,26.950000000000003,GHCN-Daily,80.51,0.0,15.510000000000005
2010-07-17,33.9,26.1,True,30.0,GHCN-Daily,86.0,0.0,21.0
2010-07-18,35.0,25.0,True,30.0,GHCN-Daily,86.0,0.0,21.0
2010-07-19,31.1,23.3,True,27.200000000000003,GHCN-Daily,80.96000000000001,0.0,15.960000000000008
2010-07-20,31.7,23.9,True,27.799999999999997,GHCN-Daily,82.03999999999999,0.0,17.039999999999992
2010-07-21,32.2,24.4,True,28.3,GHCN-Daily,82.94,0.0,17.939999999999998
2010-07-22,32.8,23.9,True,28.349999999999998,GHCN-Daily,83.03,0.0,18.03
2010-07-23,28.9,23.3,True,26.1,GHCN-Daily,78.98,0.0,13.980000000000004
2010-07-24,36.1,26.7,True,31.4,GHCN-Daily,88.52,0.0,23.519999999999996
2010-07-25,33.9,23.3,True,28.6,GHCN-Daily,83.48,0.0,18.480000000000004
2010-07-26,31.7,20.0,True,25.85,GHCN-Daily,78.53,0.0,13.530000000000001
2010-07-27,32.2,21.7,True,26.950000000000003,GHCN-Daily,80.51,0.0,15.510000000000005
2010-07-28,30.0,21.7,True,25.85,GHCN-Daily,78.53,0.0,13.530000000000001
2010-07-29,30.6,23.3,True,26.950000000000003,GHCN-Daily,80.51,0.0,15.510000000000005
2010-07-30,26.7,20.0,True,23.35,GHCN-Daily,74.03,0.0,9.030000000000001
2010-07-31,27.2,17.8,True,22.5,GHCN-Daily,72.5,0.0,7.5
2010-08-01,26.7,20.6,True,23.65,GHCN-Daily,74.57,0.0,9.569999999999993
2010-08-02,27.2,20.0,True,23.6,GHCN-Daily,74.48,0.0,9.480000000000004
2010-08-03,28.3,21.7,True,25.0,GHCN-Daily,77.0,0.0,12.0
2010-08-04,29.4,22.8,True,26.1,GHCN-Daily,78.98,0.0,13.980000000000004
2010-08-05,35.6,23.3,True,29.450000000000003,GHCN-Daily,85.01,0.0,20.010000000000005
2010-08-06,32.8,20.6,True,26.7,GHCN-Daily,80.06,0.0,15.060000000000002
2010-08-07,28.3,17.8,True,23.05,GHCN-Daily,73.49000000000001,0.0,8.490000000000009
2010-08-08,30.0,21.1,True,25.55,GHCN-Daily,77.99000000000001,0.0,12.990000000000009
2010-08-09,30.6,22.2,True,26.4,GHCN-Daily,79.52,0.0,14.519999999999996
2010-08-10,31.7,23.9,True,27.799999999999997,GHCN-Daily,82.03999999999999,0.0,17.039999999999992
2010-08-11,33.9,23.9,True,28.9,GHCN-Daily,84.02,0.0,19.019999999999996
2010-08-12,24.4,21.1,True,22.75,GHCN-Daily,72.95,0.0,7.950000000000003
2010-08-13,26.7,20.0,True,23.35,GHCN-Daily,74.03,0.0,9.030000000000001
2010-08-14,25.6,16.7,True,21.15,GHCN-Daily,70.07,0.0,5.069999999999993
2010-08-15,26.1,20.6,True,23.35,GHCN-Daily,74.03,0.0,9.030000000000001
2010-08-16,28.9,21.7,True,25.299999999999997,GHCN-Daily,77.53999999999999,0.0,12.539999999999992
2010-08-17,32.2,22.8,True,27.5,GHCN-Daily,81.5,0.0,16.5
2010-08-18,27.2,21.7,True,24.45,GHCN-Daily,76.00999999999999,0.0,11.009999999999991
2010-08-19,30.0,19.4,True,24.7,GHCN-Daily,76.46000000000001,0.0,11.460000000000008
2010-08-20,33.3,22.2,True,27.75,GHCN-Daily,81.95,0.0,16.950000000000003
2010-08-21,28.3,19.4,True,23.85,GHCN-Daily,74.93,0.0,9.930000000000007
2010-08-22,26.1,20.6,True,23.35,GHCN-Daily,74.03,0.0,9.030000000000001
2010-08-23,21.7,18.3,True,20.0,GHCN-Daily,68.0,0.0,3.0
2010-08-24,21.1,17.8,True,19.450000000000003,GHCN-Daily,67.01,0.0,2.010000000000005
2010-08-25,21.1,17.8,True,19.450000000000003,GHCN-Daily,67.01,0.0,2.010000000000005
2010-08-26,28.9,19.4,True,24.15,GHCN-Daily,75.47,0.0,10.469999999999999
2010-08-27,26.7,16.1,True,21.4,GHCN-Daily,70.52,0.0,5.519999999999996
2010-08-28,28.3,16.1,True,22.200000000000003,GHCN-Daily,71.96000000000001,0.0,6.960000000000008
2010-08-29,33.9,17.2,True,25.549999999999997,GHCN-Daily,77.99,0.0,12.989999999999995
2010-08-30,33.3,20.0,True,26.65,GHCN-Daily,79.97,0.0,14.969999999999999
2010-08-31,36.1,22.2,True,29.15,GHCN-Daily,84.47,0.0,19.47
2010-09-01,33.3,22.8,True,28.049999999999997,GHCN-Daily,82.49,0.0,17.489999999999995
2010-09-02,30.0,22.8,True,26.4,GHCN-Daily,79.52,0.0,14.519999999999996
2010-09-03,29.4,22.8,True,26.1,GHCN-Daily,78.98,0.0,13.980000000000004
2010-09-04,27.8,18.3,True,23.05,GHCN-Daily,73.49000000000001,0.0,8.490000000000009
2010-09-05,25.6,16.7,True,21.15,GHCN-Daily,70.07,0.0,5.069999999999993
2010-09-06,25.0,15.0,True,20.0,GHCN-Daily,68.0,0.0,3.0
2010-09-07,27.8,18.9,True,23.35,GHCN-Daily,74.03,0.0,9.030000000000001
2010-09-08,33.3,18.9,True,26.099999999999998,GHCN-Daily,78.97999999999999,0.0,13.97999999999999
2010-09-09,23.3,17.2,True,20.25,GHCN-Daily,68.45,0.0,3.450000000000003
2010-09-10,24.4,16.1,True,20.25,GHCN-Daily,68.45,0.0,3.450000000000003
2010-09-11,26.1,14.4,True,20.25,GHCN-Daily,68.45,0.0,3.450000000000003
2010-09-12,20.0,13.3,True,16.65,GHCN-Daily,61.97,3.030000000000001,0.0
2010-09-13,24.4,12.8,True,18.6,GHCN-Daily,65.48,0.0,0.480000000000004
2010-09-14,26.1,15.6,True,20.85,GHCN-Daily,69.53,0.0,4.530000000000001
2010-09-15,22.8,13.3,True,18.05,GHCN-Daily,64.49000000000001,0.5099999999999909,0.0
2010-09-16,22.8,11.7,True,17.25,GHCN-Daily,63.05,1.9500000000000028,0.0
2010-09-17,23.9,16.1,True,20.0,GHCN-Daily,68.0,0.0,3.0
2010-09-18,22.8,16.1,True,19.450000000000003,GHCN-Daily,67.01,0.0,2.010000000000005
2010-09-19,25.0,15.6,True,20.3,GHCN-Daily,68.53999999999999,0.0,3.539999999999992
2010-09-20,23.3,15.0,True,19.15,GHCN-Daily,66.47,0.0,1.4699999999999989
2010-09-21,21.1,11.7,True,16.4,GHCN-Daily,61.519999999999996,3.480000000000004,0.0
2010-09-22,26.7,17.8,True,22.25,GHCN-Daily,72.05000000000001,0.0,7.050000000000011
2010-09-23,26.7,18.9,True,22.799999999999997,GHCN-Daily,73.03999999999999,0.0,8.039999999999992
2010-09-24,25.0,20.0,True,22.5,GHCN-Daily,72.5,0.0,7.5
2010-09-25,30.6,19.4,True,25.0,GHCN-Daily,77.0,0.0,12.0
2010-09-26,23.9,17.2,True,20.549999999999997,GHCN-Daily,68.99,0.0,3.989999999999995
2010-09-27,22.8,16.7,True,19.75,GHCN-Daily,67.55000000000001,0.0,2.5500000000000114
2010-09-28,23.3,20.6,True,21.950000000000003,GHCN-Daily,71.51,0.0,6.510000000000005
2010-09-29,25.6,17.2,True,21.4,GHCN-Daily,70.52,0.0,5.519999999999996
2010-09-30,25.0,21.1,True,23.05,GHCN-Daily,73.49000000000001,0.0,8.490000000000009
2010-10-01,23.9,14.4,True,19.15,GHCN-Daily,66.47,0.0,1.4699999999999989
2010-10-02,20.0,11.1,True,15.55,GHCN-Daily,59.99,5.009999999999998,0.0
2010-10-03,17.8,11.1,True,14.45,GHCN-Daily,58.01,6.990000000000002,0.0
2010-10-04,13.9,11.7,True,12.8,GHCN-Daily,55.040000000000006,9.959999999999994,0.0
2010-10-05,18.3,13.3,True,15.8,GHCN-Daily,60.44,4.560000000000002,0.0
2010-10-06,18.3,12.8,True,15.55,GHCN-Daily,59.99,5.009999999999998,0.0
2010-10-07,22.8,11.7,True,17.25,GHCN-Daily,63.05,1.9500000000000028,0.0
2010-10-08,22.8,12.2,True,17.5,GHCN-Daily,63.5,1.5,0.0
2010-10-09,23.3,11.1,True,17.2,GHCN-Daily,62.96,2.039999999999999,0.0
2010-10-10,20.6,6.7,True,13.65,GHCN-Daily,56.57,8.43,0.0
2010-10-11,23.9,12.8,True,18.35,GHCN-Daily,65.03,0.0,0.030000000000001137
2010-10-12,21.7,12.2,True,16.95,GHCN-Daily,62.51,2.490000000000002,0.0
2010-10-13,18.9,8.9,True,13.899999999999999,GHCN-Daily,57.019999999999996,7.980000000000004,0.0
2010-10-14,18.3,8.3,True,13.3,GHCN-Daily,55.94,9.060000000000002,0.0
2010-10-15,15.6,10.0,True,12.8,GHCN-Daily,55.040000000000006,9.959999999999994,0.0
2010-10-16,16.1,10.6,True,13.350000000000001,GHCN-Daily,56.03,8.969999999999999,0.0
2010-10-17,21.7,8.9,True,15.3,GHCN-Daily,59.540000000000006,5.459999999999994,0.0
2010-10-18,16.7,9.4,True,13.05,GHCN-Daily,55.49,9.509999999999998,0.0
2010-10-19,15.0,8.9,True,11.95,GHCN-Daily,53.51,11.490000000000002,0.0
2010-10-20,15.6,7.8,True,11.7,GHCN-Daily,53.06,11.939999999999998,0.0
2010-10-21,18.3,10.0,True,14.15,GHCN-Daily,57.47,7.530000000000001,0.0
2010-10-22,12.8,8.3,True,10.55,GHCN-Daily,50.99,14.009999999999998,0.0
2010-10-23,18.3,7.2,True,12.75,GHCN-Daily,54.95,10.049999999999997,0.0
2010-10-24,18.9,11.1,True,15.0,GHCN-Daily,59.0,6.0,0.0
2010-10-25,20.6,11.1,True,15.850000000000001,GHCN-Daily,60.53,4.469999999999999,0.0
2010-10-26,20.6,15.6,True,18.1,GHCN-Daily,64.58000000000001,0.4199999999999875,0.0
2010-10-27,19.4,17.2,True,18.299999999999997,GHCN-Daily,64.94,0.060000000000002274,0.0
2010-10-28,24.4,12.2,True,18.299999999999997,GHCN-Daily,64.94,0.060000000000002274,0.0
2010-10-29,15.0,8.9,True,11.95,GHCN-Daily,53.51,11.490000000000002,0.0
2010-10-30,14.4,6.1,True,10.25,GHCN-Daily,50.45,14.549999999999997,0.0
2010-10-31,16.7,5.6,True,11.149999999999999,GHCN-Daily,52.06999999999999,12.930000000000007,0.0
2010-11-01,10.0,2.8,True,6.4,GHCN-Daily,43.52,21.479999999999997,0.0
2010-11-02,11.1,2.2,True,6.65,GHCN-Daily,43.97,21.03,0.0
2010-11-03,11.7,2.2,True,6.949999999999999,GHCN-Daily,44.51,20.490000000000002,0.0
2010-11-04,10.6,7.8,True,9.2,GHCN-Daily,48.56,16.439999999999998,0.0
2010-11-05,12.8,7.2,True,10.0,GHCN-Daily,50.0,15.0,0.0
2010-11-06,11.7,4.4,True,8.05,GHCN-Daily,46.49,18.509999999999998,0.0
2010-11-07,11.1,3.3,True,7.199999999999999,GHCN-Daily,44.96,20.04,0.0
2010-11-08,7.8,5.0,True,6.4,GHCN-Daily,43.52,21.479999999999997,0.0
2010-11-09,12.8,5.0,True,8.9,GHCN-Daily,48.019999999999996,16.980000000000004,0.0
2010-11-10,14.4,7.8,True,11.1,GHCN-Daily,51.980000000000004,13.019999999999996,0.0
2010-11-11,13.9,5.0,True,9.45,GHCN-Daily,49.01,15.990000000000002,0.0
2010-11-12,18.3,4.4,True,11.350000000000001,GHCN-Daily,52.43000000000001,12.569999999999993,0.0
2010-11-13,18.9,6.1,True,12.5,GHCN-Daily,54.5,10.5,0.0
2010-11-14,16.1,2.8,True,9.450000000000001,GHCN-Daily,49.010000000000005,15.989999999999995,0.0
2010-11-15,15.6,8.3,True,11.95,GHCN-Daily,53.51,11.490000000000002,0.0
2010-11-16,15.0,10.6,True,12.8,GHCN-Daily,55.040000000000006,9.959999999999994,0.0
2010-11-17,16.7,10.6,True,13.649999999999999,GHCN-Daily,56.56999999999999,8.430000000000007,0.0
2010-11-18,13.3,7.2,True,10.25,GHCN-Daily,50.45,14.549999999999997,0.0
2010-11-19,10.0,3.3,True,6.65,GHCN-Daily,43.97,21.03,0.0
2010-11-20,13.3,3.9,True,8.6,GHCN-Daily,47.480000000000004,17.519999999999996,0.0
2010-11-21,9.4,2.2,True,5.800000000000001,GHCN-Daily,42.44,22.560000000000002,0.0
2010-11-22,15.6,7.2,True,11.4,GHCN-Daily,52.519999999999996,12.480000000000004,0.0
2010-11-23,15.6,10.0,True,12.8,GHCN-Daily,55.040000000000006,9.959999999999994,0.0
2010-11-24,10.6,5.0,True,7.8,GHCN-Daily,46.04,18.96,0.0
2010-11-25,10.0,3.3,True,6.65,GHCN-Daily,43.97,21.03,0.0
2010-11-26,12.2,4.4,True,8.3,GHCN-Daily,46.94,18.060000000000002,0.0
2010-11-27,6.7,1.7,True,4.2,GHCN-Daily,39.56,25.439999999999998,0.0
2010-11-28,8.3,1.1,True,4.7,GHCN-Daily,40.46,24.54,0.0
2010-11-29,8.9,-0.6,True,4.15,GHCN-Daily,39.47,25.53,0.0
2010-11-30,13.3,8.3,True,10.8,GHCN-Daily,51.44,13.560000000000002,0.0
2010-12-01,15.0,4.4,True,9.7,GHCN-Daily,49.46,15.54,0.0
2010-12-02,6.7,1.1,True,3.9000000000000004,GHCN-Daily,39.02,25.979999999999997,0.0
2010-12-03,5.6,1.1,True,3.3499999999999996,GHCN-Daily,38.03,26.97,0.0
2010-12-04,6.1,0.6,True,3.3499999999999996,GHCN-Daily,38.03,26.97,0.0
2010-12-05,2.8,-0.6,True,1.0999999999999999,GHCN-Daily,33.98,31.020000000000003,0.0
2010-12-06,2.2,-0.6,True,0.8,GHCN-Daily,33.44,31.560000000000002,0.0
2010-12-07,3.9,-0.6,True,1.65,GHCN-Daily,34.97,30.03,0.0
2010-12-08,2.2,-2.2,True,0.0,GHCN-Daily,32.0,33.0,0.0
2010-12-09,0.0,-5.6,True,-2.8,GHCN-Daily,26.96,38.04,0.0
2010-12-10,3.3,-7.2,True,-1.9500000000000002,GHCN-Daily,28.49,36.510000000000005,0.0
2010-12-11,6.7,-2.8,True,1.9500000000000002,GHCN-Daily,35.51,29.490000000000002,0.0
2010-12-12,13.3,5.6,True,9.45,GHCN-Daily,49.01,15.990000000000002,0.0
2010-12-13,10.0,-5.6,True,2.2,GHCN-Daily,35.96,29.04,0.0
2010-12-14,-3.9,-7.2,True,-5.55,GHCN-Daily,22.009999999999998,42.99,0.0
2010-12-15,-1.1,-6.7,True,-3.9000000000000004,GHCN-Daily,24.98,40.019999999999996,0.0
2010-12-16,-1.1,-4.4,True,-2.75,GHCN-Daily,27.05,37.95,0.0
2010-12-17,3.3,-5.6,True,-1.15,GHCN-Daily,29.93,35.07,0.0
2010-12-18,2.8,-3.9,True,-0.55,GHCN-Daily,31.01,33.989999999999995,0.0
2010-12-19,3.3,-2.2,True,0.5499999999999998,GHCN-Daily,32.99,32.01,0.0
2010-12-20,3.9,-3.3,True,0.30000000000000004,GHCN-Daily,32.54,32.46,0.0
2010-12-21,6.1,-1.7,True,2.1999999999999997,GHCN-Daily,35.96,29.04,0.0
2010-12-22,5.0,-1.7,True,1.65,GHCN-Daily,34.97,30.03,0.0
2010-12-23,2.8,-0.6,True,1.0999999999999999,GHCN-Daily,33.98,31.020000000000003,0.0
2010-12-24,5.6,-1.1,True,2.25,GHCN-Daily,36.05,28.950000000000003,0.0
2010-12-25,0.6,-3.3,True,-1.3499999999999999,GHCN-Daily,29.57,35.43,0.0
2010-12-26,-0.6,-5.6,True,-3.0999999999999996,GHCN-Daily,26.42,38.58,0.0
2010-12-27,-2.8,-6.1,True,-4.449999999999999,GHCN-Daily,23.990000000000002,41.01,0.0
2010-12-28,3.3,-5.0,True,-0.8500000000000001,GHCN-Daily,30.47,34.53,0.0
2010-12-29,3.3,-2.2,True,0.5499999999999998,GHCN-Daily,32.99,32.01,0.0
2010-12-30,3.9,-6.7,True,-1.4000000000000001,GHCN-Daily,29.48,35.519999999999996,0.0
2010-12-31,4.4,-1.1,True,1.6500000000000001,GHCN-Daily,34.97,30.03,0.0
2011-01-01,6.1,0.6,True,3.3499999999999996,GHCN-Daily,38.03,26.97,0.0
2011-01-02,9.4,2.2,True,5.800000000000001,GHCN-Daily,42.44,22.560000000000002,0.0
2011-01-03,2.2,-2.2,True,0.0,GHCN-Daily,32.0,33.0,0.0
2011-01-04,3.3,-2.2,True,0.5499999999999998,GHCN-Daily,32.99,32.01,0.0
2011-01-05,4.4,-2.2,True,1.1,GHCN-Daily,33.98,31.020000000000003,0.0
2011-01-06,1.1,-5.0,True,-1.95,GHCN-Daily,28.490000000000002,36.51,0.0
2011-01-07,2.2,-3.9,True,-0.8499999999999999,GHCN-Daily,30.47,34.53,0.0
2011-01-08,0.0,-6.7,True,-3.35,GHCN-Daily,25.97,39.03,0.0
2011-01-09,0.6,-2.8,True,-1.0999999999999999,GHCN-Daily,30.02,34.980000000000004,0.0
2011-01-10,2.2,-3.9,True,-0.8499999999999999,GHCN-Daily,30.47,34.53,0.0
2011-01-11,0.0,-5.0,True,-2.5,GHCN-Daily,27.5,37.5,0.0
2011-01-12,0.0,-4.4,True,-2.2,GHCN-Daily,28.04,36.96,0.0
2011-01-13,-0.6,-7.8,True,-4.2,GHCN-Daily,24.439999999999998,40.56,0.0
2011-01-14,-1.1,-9.4,True,-5.25,GHCN-Daily,22.549999999999997,42.45,0.0
2011-01-15,2.2,-6.1,True,-1.9499999999999997,GHCN-Daily,28.490000000000002,36.51,0.0
2011-01-16,2.2,-3.3,True,-0.5499999999999998,GHCN-Daily,31.01,33.989999999999995,0.0
2011-01-17,-2.8,-6.7,True,-4.75,GHCN-Daily,23.45,41.55,0.0
2011-01-18,7.2,-4.4,True,1.4,GHCN-Daily,34.52,30.479999999999997,0.0
2011-01-19,5.6,1.1,True,3.3499999999999996,GHCN-Daily,38.03,26.97,0.0
2011-01-20,2.2,-1.1,True,0.55,GHCN-Daily,32.99,32.01,0.0
2011-01-21,1.1,-7.2,True,-3.05,GHCN-Daily,26.509999999999998,38.49,0.0
2011-01-22,-3.9,-10.0,True,-6.95,GHCN-Daily,19.490000000000002,45.51,0.0
2011-01-23,-3.9,-11.1,True,-7.5,GHCN-Daily,18.5,46.5,0.0
2011-01-24,-3.9,-14.4,True,-9.15,GHCN-Daily,15.529999999999998,49.47,0.0
2011-01-25,1.7,-4.4,True,-1.35,GHCN-Daily,29.57,35.43,0.0
2011-01-26,1.1,-3.9,True,-1.4,GHCN-Daily,29.48,35.519999999999996,0.0
2011-01-27,2.8,-3.3,True,-0.25,GHCN-Daily,31.55,33.45,0.0
2011-01-28,1.7,-5.0,True,-1.65,GHCN-Daily,29.03,35.97,0.0
2011-01-29,1.1,-5.0,True,-1.95,GHCN-Daily,28.490000000000002,36.51,0.0
2011-01-30,3.9,-4.4,True,-0.2500000000000002,GHCN-Daily,31.55,33.45,0.0
2011-01-31,0.0,-6.7,True,-3.35,GHCN-Daily,25.97,39.03,0.0
2011-02-01,0.6,-3.9,True,-1.65,GHCN-Daily,29.03,35.97,0.0
2011-02-02,3.9,-2.8,True,0.55,GHCN-Daily,32.99,32.01,0.0
2011-02-03,1.1,-4.4,True,-1.6500000000000001,GHCN-Daily,29.03,35.97,0.0
2011-02-04,0.6,-6.7,True,-3.0500000000000003,GHCN-Daily,26.509999999999998,38.49,0.0
2011-02-05,6.1,-5.6,True,0.25,GHCN-Daily,32.45,32.55,0.0
2011-02-06,7.2,0.0,True,3.6,GHCN-Daily,38.480000000000004,26.519999999999996,0.0
2011-02-07,4.4,-1.7,True,1.35,GHCN-Daily,34.43,30.57,0.0
2011-02-08,4.4,-7.2,True,-1.4,GHCN-Daily,29.48,35.519999999999996,0.0
2011-02-09,-1.7,-8.9,True,-5.3,GHCN-Daily,22.46,42.54,0.0
2011-02-10,-1.7,-5.0,True,-3.35,GHCN-Daily,25.97,39.03,0.0
2011-02-11,2.2,-6.7,True,-2.25,GHCN-Daily,27.95,37.05,0.0
2011-02-12,5.0,-4.4,True,0.2999999999999998,GHCN-Daily,32.54,32.46,0.0
2011-02-13,5.6,-4.4,True,0.5999999999999996,GHCN-Daily,33.08,31.92,0.0
2011-02-14,15.0,2.2,True,8.6,GHCN-Daily,47.480000000000004,17.519999999999996,0.0
2011-02-15,3.3,-2.8,True,0.25,GHCN-Daily,32.45,32.55,0.0
2011-02-16,6.1,-5.0,True,0.5499999999999998,GHCN-Daily,32.99,32.01,0.0
2011-02-17,12.8,4.4,True,8.600000000000001,GHCN-Daily,47.480000000000004,17.519999999999996,0.0
2011-02-18,19.4,4.4,True,11.899999999999999,GHCN-Daily,53.42,11.579999999999998,0.0
2011-02-19,12.2,-5.0,True,3.5999999999999996,GHCN-Daily,38.48,26.520000000000003,0.0
2011-02-20,5.6,-5.6,True,0.0,GHCN-Daily,32.0,33.0,0.0
2011-02-21,3.3,-3.9,True,-0.30000000000000004,GHCN-Daily,31.46,33.54,0.0
2011-02-22,1.1,-8.3,True,-3.6000000000000005,GHCN-Daily,25.52,39.480000000000004,0.0
2011-02-23,6.1,-5.6,True,0.25,GHCN-Daily,32.45,32.55,0.0
2011-02-24,5.0,-5.0,True,0.0,GHCN-Daily,32.0,33.0,0.0
2011-02-25,12.2,0.6,True,6.3999999999999995,GHCN-Daily,43.519999999999996,21.480000000000004,0.0
2011-02-26,5.6,0.0,True,2.8,GHCN-Daily,37.04,27.96,0.0
2011-02-27,11.7,3.9,True,7.8,GHCN-Daily,46.04,18.96,0.0
2011-02-28,15.6,4.4,True,10.0,GHCN-Daily,50.0,15.0,0.0
2011-03-01,9.4,0.6,True,5.0,GHCN-Daily,41.0,24.0,0.0
2011-03-02,13.3,-3.3,True,5.0,GHCN-Daily,41.0,24.0,0.0
2011-03-03,0.6,-6.7,True,-3.0500000000000003,GHCN-Daily,26.509999999999998,38.49,0.0
2011-03-04,5.0,-4.4,True,0.2999999999999998,GHCN-Daily,32.54,32.46,0.0
2011-03-05,11.7,5.0,True,8.35,GHCN-Daily,47.03,17.97,0.0
2011-03-06,10.6,7.2,True,8.9,GHCN-Daily,48.019999999999996,16.980000000000004,0.0
2011-03-07,10.6,1.1,True,5.85,GHCN-Daily,42.53,22.47,0.0
2011-03-08,8.9,-1.7,True,3.6,GHCN-Daily,38.480000000000004,26.519999999999996,0.0
2011-03-09,6.7,-0.6,True,3.0500000000000003,GHCN-Daily,37.49,27.509999999999998,0.0
2011-03-10,9.4,3.3,True,6.35,GHCN-Daily,43.43,21.57,0.0
2011-03-11,12.8,5.0,True,8.9,GHCN-Daily,48.019999999999996,16.980000000000004,0.0
2011-03-12,12.8,3.3,True,8.05,GHCN-Daily,46.49,18.509999999999998,0.0
2011-03-13,11.7,3.9,True,7.8,GHCN-Daily,46.04,18.96,0.0
2011-03-14,7.8,2.2,True,5.0,GHCN-Daily,41.0,24.0,0.0
2011-03-15,7.2,-0.6,True,3.3000000000000003,GHCN-Daily,37.94,27.060000000000002,0.0
2011-03-16,14.4,4.4,True,9.4,GHCN-Daily,48.92,16.08,0.0
2011-03-17,16.7,7.2,True,11.95,GHCN-Daily,53.51,11.490000000000002,0.0
2011-03-18,26.1,7.2,True,16.650000000000002,GHCN-Daily,61.970000000000006,3.029999999999994,0.0
2011-03-19,16.1,3.9,True,10.0,GHCN-Daily,50.0,15.0,0.0
2011-03-20,8.3,1.1,True,4.7,GHCN-Daily,40.46,24.54,0.0
2011-03-21,8.3,2.8,True,5.550000000000001,GHCN-Daily,41.99,23.009999999999998,0.0
2011-03-22,11.7,5.0,True,8.35,GHCN-Daily,47.03,17.97,0.0
2011-03-23,6.1,0.6,True,3.3499999999999996,GHCN-Daily,38.03,26.97,0.0
2011-03-24,7.2,0.0,True,3.6,GHCN-Daily,38.480000000000004,26.519999999999996,0.0
2011-03-25,6.1,-1.7,True,2.1999999999999997,GHCN-Daily,35.96,29.04,0.0
2011-03-26,5.0,-2.8,True,1.1,GHCN-Daily,33.98,31.020000000000003,0.0
2011-03-27,7.8,-1.7,True,3.05,GHCN-Daily,37.49,27.509999999999998,0.0
2011-03-28,8.3,-2.8,True,2.7500000000000004,GHCN-Daily,36.95,28.049999999999997,0.0
2011-03-29,10.6,0.0,True,5.3,GHCN-Daily,41.54,23.46,0.0
2011-03-30,9.4,2.2,True,5.800000000000001,GHCN-Daily,42.44,22.560000000000002,0.0
2011-03-31,6.7,2.8,True,4.75,GHCN-Daily,40.55,24.450000000000003,0.0
2011-04-01,7.2,0.6,True,3.9,GHCN-Daily,39.019999999999996,25.980000000000004,0.0
2011-04-02,13.9,3.3,True,8.6,GHCN-Daily,47.480000000000004,17.519999999999996,0.0
2011-04-03,15.6,6.1,True,10.85,GHCN-Daily,51.53,13.469999999999999,0.0
2011-04-04,12.8,6.7,True,9.75,GHCN-Daily,49.55,15.450000000000003,0.0
2011-04-05,11.7,5.6,True,8.649999999999999,GHCN-Daily,47.57,17.43,0.0
2011-04-06,13.3,2.8,True,8.05,GHCN-Daily,46.49,18.509999999999998,0.0
2011-04-07,9.4,3.9,True,6.65,GHCN-Daily,43.97,21.03,0.0
2011-04-08,10.0,3.9,True,6.95,GHCN-Daily,44.51,20.490000000000002,0.0
2011-04-09,12.2,3.3,True,7.75,GHCN-Daily,45.95,19.049999999999997,0.0
2011-04-10,11.7,5.0,True,8.35,GHCN-Daily,47.03,17.97,0.0
2011-04-11,16.1,2.8,True,9.450000000000001,GHCN-Daily,49.010000000000005,15.989999999999995,0.0
2011-04-12,20.0,7.8,True,13.9,GHCN-Daily,57.019999999999996,7.980000000000004,0.0
2011-04-13,12.8,7.2,True,10.0,GHCN-Daily,50.0,15.0,0.0
2011-04-14,20.6,9.4,True,15.0,GHCN-Daily,59.0,6.0,0.0
2011-04-15,13.3,5.0,True,9.15,GHCN-Daily,48.47,16.53,0.0
2011-04-16,13.9,5.0,True,9.45,GHCN-Daily,49.01,15.990000000000002,0.0
2011-04-17,16.1,8.9,True,12.5,GHCN-Daily,54.5,10.5,0.0
2011-04-18,17.2,8.9,True,13.05,GHCN-Daily,55.49,9.509999999999998,0.0
2011-04-19,12.8,8.3,True,10.55,GHCN-Daily,50.99,14.009999999999998,0.0
2011-04-20,16.1,7.8,True,11.950000000000001,GHCN-Daily,53.510000000000005,11.489999999999995,0.0
2011-04-21,16.7,5.6,True,11.149999999999999,GHCN-Daily,52.06999999999999,12.930000000000007,0.0
2011-04-22,11.1,3.9,True,7.5,GHCN-Daily,45.5,19.5,0.0
2011-04-23,11.7,6.7,True,9.2,GHCN-Daily,48.56,16.439999999999998,0.0
2011-04-24,23.3,10.6,True,16.95,GHCN-Daily,62.51,2.490000000000002,0.0
2011-04-25,21.7,11.7,True,16.7,GHCN-Daily,62.06,2.9399999999999977,0.0
2011-04-26,20.6,11.7,True,16.15,GHCN-Daily,61.06999999999999,3.930000000000007,0.0
2011-04-27,17.8,12.2,True,15.0,GHCN-Daily,59.0,6.0,0.0
2011-04-28,17.8,12.8,True,15.3,GHCN-Daily,59.540000000000006,5.459999999999994,0.0
2011-04-29,21.7,11.1,True,16.4,GHCN-Daily,61.519999999999996,3.480000000000004,0.0
2011-04-30,18.9,10.0,True,14.45,GHCN-Daily,58.01,6.990000000000002,0.0
2011-05-01,17.8,9.4,True,13.600000000000001,GHCN-Daily,56.480000000000004,8.519999999999996,0.0
2011-05-02,15.0,9.4,True,12.2,GHCN-Daily,53.96,11.04,0.0
2011-05-03,18.9,11.7,True,15.299999999999999,GHCN-Daily,59.54,5.460000000000001,0.0
2011-05-04,17.8,8.9,True,13.350000000000001,GHCN-Daily,56.03,8.969999999999999,0.0
2011-05-05,18.9,8.3,True,13.6,GHCN-Daily,56.480000000000004,8.519999999999996,0.0
2011-05-06,19.4,8.3,True,13.85,GHCN-Daily,56.93,8.07,0.0
2011-05-07,21.1,9.4,True,15.25,GHCN-Daily,59.45,5.549999999999997,0.0
2011-05-08,23.3,11.1,True,17.2,GHCN-Daily,62.96,2.039999999999999,0.0
2011-05-09,21.7,12.2,True,16.95,GHCN-Daily,62.51,2.490000000000002,0.0
2011-05-10,23.3,11.7,True,17.5,GHCN-Daily,63.5,1.5,0.0
2011-05-11,21.7,11.1,True,16.4,GHCN-Daily,61.519999999999996,3.480000000000004,0.0
2011-05-12,20.0,10.6,True,15.3,GHCN-Daily,59.540000000000006,5.459999999999994,0.0
2011-05-13,17.2,10.0,True,13.6,GHCN-Daily,56.480000000000004,8.519999999999996,0.0
2011-05-14,17.8,12.8,True,15.3,GHCN-Daily,59.540000000000006,5.459999999999994,0.0
2011-05-15,19.4,15.0,True,17.2,GHCN-Daily,62.96,2.039999999999999,0.0
2011-05-16,16.7,13.9,True,15.3,GHCN-Daily,59.540000000000006,5.459999999999994,0.0
2011-05-17,18.3,11.7,True,15.0,GHCN-Daily,59.0,6.0,0.0
2011-05-18,22.2,15.6,True,18.9,GHCN-Daily,66.02,0.0,1.019999999999996
2011-05-19,22.8,15.0,True,18.9,GHCN-Daily,66.02,0.0,1.019999999999996
2011-05-20,18.3,13.3,True,15.8,GHCN-Daily,60.44,4.560000000000002,0.0
2011-05-21,22.2,12.2,True,17.2,GHCN-Daily,62.96,2.039999999999999,0.0
2011-05-22,13.9,12.2,True,13.05,GHCN-Daily,55.49,9.509999999999998,0.0
2011-05-23,17.2,12.8,True,15.0,GHCN-Daily,59.0,6.0,0.0
2011-05-24,27.8,16.1,True,21.950000000000003,GHCN-Daily,71.51,0.0,6.510000000000005
2011-05-25,26.1,17.2,True,21.65,GHCN-Daily,70.97,0.0,5.969999999999999
2011-05-26,22.2,16.1,True,19.15,GHCN-Daily,66.47,0.0,1.4699999999999989
2011-05-27,25.6,16.7,True,21.15,GHCN-Daily,70.07,0.0,5.069999999999993
2011-05-28,25.0,17.8,True,21.4,GHCN-Daily,70.52,0.0,5.519999999999996
2011-05-29,25.0,18.3,True,21.65,GHCN-Daily,70.97,0.0,5.969999999999999
2011-05-30,30.0,18.9,True,24.45,GHCN-Daily,76.00999999999999,0.0,11.009999999999991
2011-05-31,30.6,19.4,True,25.0,GHCN-Daily,77.0,0.0,12.0
2011-06-01,29.4,19.4,True,24.4,GHCN-Daily,75.92,0.0,10.920000000000002
2011-06-02,27.8,17.2,True,22.5,GHCN-Daily,72.5,0.0,7.5
2011-06-03,25.6,14.4,True,20.0,GHCN-Daily,68.0,0.0,3.0
2011-06-04,25.6,13.3,True,19.450000000000003,GHCN-Daily,67.01,0.0,2.010000000000005
2011-06-05,19.4,13.3,True,16.35,GHCN-Daily,61.43000000000001,3.569999999999993,0.0
2011-06-06,27.2,15.0,True,21.1,GHCN-Daily,69.98,0.0,4.980000000000004
2011-06-07,31.7,17.2,True,24.45,GHCN-Daily,76.00999999999999,0.0,11.009999999999991
2011-06-08,31.7,20.0,True,25.85,GHCN-Daily,78.53,0.0,13.530000000000001
2011-06-09,33.9,20.0,True,26.95,GHCN-Daily,80.50999999999999,0.0,15.509999999999991
2011-06-10,28.9,20.0,True,24.45,GHCN-Daily,76.00999999999999,0.0,11.009999999999991
2011-06-11,20.6,16.1,True,18.35,GHCN-Daily,65.03,0.0,0.030000000000001137
2011-06-12,21.7,14.4,True,18.05,GHCN-Daily,64.49000000000001,0.5099999999999909,0.0
2011-06-13,24.4,16.1,True,20.25,GHCN-Daily,68.45,0.0,3.450000000000003
2011-06-14,21.1,15.0,True,18.05,GHCN-Daily,64.49000000000001,0.5099999999999909,0.0
2011-06-15,28.9,13.3,True,21.1,GHCN-Daily,69.98,0.0,4.980000000000004
2011-06-16,28.9,16.7,True,22.799999999999997,GHCN-Daily,73.03999999999999,0.0,8.039999999999992
2011-06-17,26.1,18.3,True,22.200000000000003,GHCN-Daily,71.96000000000001,0.0,6.960000000000008
2011-06-18,28.9,17.8,True,23.35,GHCN-Daily,74.03,0.0,9.030000000000001
2011-06-19,28.3,19.4,True,23.85,GHCN-Daily,74.93,0.0,9.930000000000007
2011-06-20,25.0,18.3,True,21.65,GHCN-Daily,70.97,0.0,5.969999999999999
2011-06-21,26.7,20.0,True,23.35,GHCN-Daily,74.03,0.0,9.030000000000001
2011-06-22,26.1,20.0,True,23.05,GHCN-Daily,73.49000000000001,0.0,8.490000000000009
2011-06-23,22.8,19.4,True,21.1,GHCN-Daily,69.98,0.0,4.980000000000004
2011-06-24,21.7,18.3,True,20.0,GHCN-Daily,68.0,0.0,3.0
2011-06-25,26.1,18.9,True,22.5,GHCN-Daily,72.5,0.0,7.5
2011-06-26,28.3,20.0,True,24.15,GHCN-Daily,75.47,0.0,10.469999999999999
2011-06-27,27.8,18.9,True,23.35,GHCN-Daily,74.03,0.0,9.030000000000001
2011-06-28,28.3,22.2,True,25.25,GHCN-Daily,77.45,0.0,12.450000000000003
2011-06-29,30.6,22.2,True,26.4,GHCN-Daily,79.52,0.0,14.519999999999996
2011-06-30,29.4,19.4,True,24.4,GHCN-Daily,75.92,0.0,10.920000000000002
2011-07-01,29.4,17.2,True,23.299999999999997,GHCN-Daily,73.94,0.0,8.939999999999998
2011-07-02,30.0,19.4,True,24.7,GHCN-Daily,76.46000000000001,0.0,11.460000000000008
2011-07-03,25.6,21.1,True,23.35,GHCN-Daily,74.03,0.0,9.030000000000001
2011-07-04,30.0,20.6,True,25.3,GHCN-Daily,77.53999999999999,0.0,12.539999999999992
2011-07-05,32.8,21.1,True,26.95,GHCN-Daily,80.50999999999999,0.0,15.509999999999991
2011-07-06,30.0,21.7,True,25.85,GHCN-Daily,78.53,0.0,13.530000000000001
2011-07-07,33.3,22.8,True,28.049999999999997,GHCN-Daily,82.49,0.0,17.489999999999995
2011-07-08,27.8,21.1,True,24.450000000000003,GHCN-Daily,76.01,0.0,11.010000000000005
2011-07-09,32.8,21.1,True,26.95,GHCN-Daily,80.50999999999999,0.0,15.509999999999991
2011-07-10,27.8,20.0,True,23.9,GHCN-Daily,75.02,0.0,10.019999999999996
2011-07-11,31.1,22.2,True,26.65,GHCN-Daily,79.97,0.0,14.969999999999999
2011-07-12,36.7,25.0,True,30.85,GHCN-Daily,87.53,0.0,22.53
2011-07-13,31.7,21.1,True,26.4,GHCN-Daily,79.52,0.0,14.519999999999996
2011-07-14,29.4,18.9,True,24.15,GHCN-Daily,75.47,0.0,10.469999999999999
2011-07-15,30.0,20.0,True,25.0,GHCN-Daily,77.0,0.0,12.0
2011-07-16,31.7,20.6,True,26.15,GHCN-Daily,79.07,0.0,14.069999999999993
2011-07-17,30.6,21.1,True,25.85,GHCN-Daily,78.53,0.0,13.530000000000001
2011-07-18,34.4,22.2,True,28.299999999999997,GHCN-Daily,82.94,0.0,17.939999999999998
2011-07-19,33.9,23.9,True,28.9,GHCN-Daily,84.02,0.0,19.019999999999996
2011-07-20,29.4,22.8,True,26.1,GHCN-Daily,78.98,0.0,13.980000000000004
2011-07-21,31.1,22.8,True,26.950000000000003,GHCN-Daily,80.51,0.0,15.510000000000005
2011-07-22,39.4,24.4,True,31.9,GHCN-Daily,89.42,0.0,24.42
2011-07-23,38.9,26.1,True,32.5,GHCN-Daily,90.5,0.0,25.5
2011-07-24,33.9,24.4,True,29.15,GHCN-Daily,84.47,0.0,19.47
2011-07-25,27.2,21.1,True,24.15,GHCN-Daily,75.47,0.0,10.469999999999999
2011-07-26,31.1,21.1,True,26.1,GHCN-Daily,78.98,0.0,13.980000000000004
2011-07-27,30.6,20.6,True,25.6,GHCN-Daily,78.08000000000001,0.0,13.080000000000013
2011-07-28,30.0,20.6,True,25.3,GHCN-Daily,77.53999999999999,0.0,12.539999999999992
2011-07-29,28.3,21.7,True,25.0,GHCN-Daily,77.0,0.0,12.0
2011-07-30,33.9,23.9,True,28.9,GHCN-Daily,84.02,0.0,19.019999999999996
2011-07-31,31.7,21.7,True,26.7,GHCN-Daily,80.06,0.0,15.060000000000002
2011-08-01,31.1,22.2,True,26.65,GHCN-Daily,79.97,0.0,14.969999999999999
2011-08-02,33.3,23.3,True,28.299999999999997,GHCN-Daily,82.94,0.0,17.939999999999998
2011-08-03,28.9,20.0,True,24.45,GHCN-Daily,76.00999999999999,0.0,11.009999999999991
2011-08-04,27.2,20.6,True,23.9,GHCN-Daily,75.02,0.0,10.019999999999996
2011-08-05,27.8,20.6,True,24.200000000000003,GHCN-Daily,75.56,0.0,10.560000000000002
2011-08-06,27.8,22.2,True,25.0,GHCN-Daily,77.0,0.0,12.0
2011-08-07,30.6,23.3,True,26.950000000000003,GHCN-Daily,80.51,0.0,15.510000000000005
2011-08-08,33.3,23.3,True,28.299999999999997,GHCN-Daily,82.94,0.0,17.939999999999998
2011-08-09,28.3,22.8,True,25.55,GHCN-Daily,77.99000000000001,0.0,12.990000000000009
2011-08-10,31.1,21.7,True,26.4,GHCN-Daily,79.52,0.0,14.519999999999996
2011-08-11,28.9,21.1,True,25.0,GHCN-Daily,77.0,0.0,12.0
2011-08-12,29.4,18.3,True,23.85,GHCN-Daily,74.93,0.0,9.930000000000007
2011-08-13,28.9,19.4,True,24.15,GHCN-Daily,75.47,0.0,10.469999999999999
2011-08-14,23.9,20.0,True,21.95,GHCN-Daily,71.50999999999999,0.0,6.509999999999991
2011-08-15,26.7,21.1,True,23.9,GHCN-Daily,75.02,0.0,10.019999999999996
2011-08-16,26.7,18.9,True,22.799999999999997,GHCN-Daily,73.03999999999999,0.0,8.039999999999992
2011-08-17,28.3,19.4,True,23.85,GHCN-Daily,74.93,0.0,9.930000000000007
2011-08-18,26.7,20.6,True,23.65,GHCN-Daily,74.57,0.0,9.569999999999993
2011-08-19,27.8,19.4,True,23.6,GHCN-Daily,74.48,0.0,9.480000000000004
2011-08-20,27.8,18.9,True,23.35,GHCN-Daily,74.03,0.0,9.030000000000001
2011-08-21,28.3,21.7,True,25.0,GHCN-Daily,77.0,0.0,12.0
2011-08-22,27.2,20.0,True,23.6,GHCN-Daily,74.48,0.0,9.480000000000004
2011-08-23,26.7,16.7,True,21.7,GHCN-Daily,71.06,0.0,6.060000000000002
2011-08-24,26.1,17.8,True,21.950000000000003,GHCN-Daily,71.51,0.0,6.510000000000005
2011-08-25,26.7,21.7,True,24.2,GHCN-Daily,75.56,0.0,10.560000000000002
2011-08-26,28.3,21.1,True,24.700000000000003,GHCN-Daily,76.46000000000001,0.0,11.460000000000008
2011-08-27,25.6,23.3,True,24.450000000000003,GHCN-Daily,76.01,0.0,11.010000000000005
2011-08-28,24.4,18.3,True,21.35,GHCN-Daily,70.43,0.0,5.430000000000007
2011-08-29,25.6,16.1,True,20.85,GHCN-Daily,69.53,0.0,4.530000000000001
2011-08-30,27.8,16.7,True,22.25,GHCN-Daily,72.05000000000001,0.0,7.050000000000011
2011-08-31,27.8,17.8,True,22.8,GHCN-Daily,73.03999999999999,0.0,8.039999999999992
2011-09-01,26.7,19.4,True,23.049999999999997,GHCN-Daily,73.49,0.0,8.489999999999995
2011-09-02,23.9,16.7,True,20.299999999999997,GHCN-Daily,68.53999999999999,0.0,3.539999999999992
2011-09-03,25.6,18.3,True,21.950000000000003,GHCN-Daily,71.51,0.0,6.510000000000005
2011-09-04,26.7,21.1,True,23.9,GHCN-Daily,75.02,0.0,10.019999999999996
2011-09-05,26.1,21.7,True,23.9,GHCN-Daily,75.02,0.0,10.019999999999996
2011-09-06,22.8,16.7,True,19.75,GHCN-Daily,67.55000000000001,0.0,2.5500000000000114
2011-09-07,22.2,17.2,True,19.7,GHCN-Daily,67.46000000000001,0.0,2.460000000000008
2011-09-08,27.2,17.8,True,22.5,GHCN-Daily,72.5,0.0,7.5
2011-09-09,30.0,19.4,True,24.7,GHCN-Daily,76.46000000000001,0.0,11.460000000000008
2011-09-10,27.2,20.0,True,23.6,GHCN-Daily,74.48,0.0,9.480000000000004
2011-09-11,21.1,17.2,True,19.15,GHCN-Daily,66.47,0.0,1.4699999999999989
2011-09-12,25.6,18.9,True,22.25,GHCN-Daily,72.05000000000001,0.0,7.050000000000011
2011-09-13,26.7,18.9,True,22.799999999999997,GHCN-Daily,73.03999999999999,0.0,8.039999999999992
2011-09-14,27.8,20.0,True,23.9,GHCN-Daily,75.02,0.0,10.019999999999996
2011-09-15,26.7,12.2,True,19.45,GHCN-Daily,67.00999999999999,0.0,2.009999999999991
2011-09-16,20.0,10.0,True,15.0,GHCN-Daily,59.0,6.0,0.0
2011-09-17,18.9,11.7,True,15.299999999999999,GHCN-Daily,59.54,5.460000000000001,0.0
2011-09-18,20.6,11.7,True,16.15,GHCN-Daily,61.06999999999999,3.930000000000007,0.0
2011-09-19,19.4,11.1,True,15.25,GHCN-Daily,59.45,5.549999999999997,0.0
2011-09-20,20.0,16.7,True,18.35,GHCN-Daily,65.03,0.0,0.030000000000001137
2011-09-21,22.8,16.7,True,19.75,GHCN-Daily,67.55000000000001,0.0,2.5500000000000114
2011-09-22,26.1,20.6,True,23.35,GHCN-Daily,74.03,0.0,9.030000000000001
2011-09-23,21.7,20.6,True,21.15,GHCN-Daily,70.07,0.0,5.069999999999993
2011-09-24,24.4,20.6,True,22.5,GHCN-Daily,72.5,0.0,7.5
2011-09-25,28.3,20.6,True,24.450000000000003,GHCN-Daily,76.01,0.0,11.010000000000005
2011-09-26,25.6,19.4,True,22.5,GHCN-Daily,72.5,0.0,7.5
2011-09-27,25.0,20.0,True,22.5,GHCN-Daily,72.5,0.0,7.5
2011-09-28,23.9,20.6,True,22.25,GHCN-Daily,72.05000000000001,0.0,7.050000000000011
2011-09-29,23.9,17.2,True,20.549999999999997,GHCN-Daily,68.99,0.0,3.989999999999995
2011-09-30,24.4,15.0,True,19.7,GHCN-Daily,67.46000000000001,0.0,2.460000000000008
2011-10-01,21.1,11.1,True,16.1,GHCN-Daily,60.980000000000004,4.019999999999996,0.0
2011-10-02,18.3,10.6,True,14.45,GHCN-Daily,58.01,6.990000000000002,0.0
2011-10-03,14.4,8.9,True,11.65,GHCN-Daily,52.97,12.030000000000001,0.0
2011-10-04,18.3,9.4,True,13.850000000000001,GHCN-Daily,56.93000000000001,8.069999999999993,0.0
2011-10-05,23.3,11.1,True,17.2,GHCN-Daily,62.96,2.039999999999999,0.0
2011-10-06,20.6,8.3,True,14.450000000000001,GHCN-Daily,58.010000000000005,6.989999999999995,0.0
2011-10-07,18.9,8.9,True,13.899999999999999,GHCN-Daily,57.019999999999996,7.980000000000004,0.0
2011-10-08,24.4,12.2,True,18.299999999999997,GHCN-Daily,64.94,0.060000000000002274,0.0
2011-10-09,30.6,13.9,True,22.25,GHCN-Daily,72.05000000000001,0.0,7.050000000000011
2011-10-10,28.9,15.6,True,22.25,GHCN-Daily,72.05000000000001,0.0,7.050000000000011
2011-10-11,24.4,16.7,True,20.549999999999997,GHCN-Daily,68.99,0.0,3.989999999999995
2011-10-12,17.8,15.6,True,16.7,GHCN-Daily,62.06,2.9399999999999977,0.0
2011-10-13,20.0,16.1,True,18.05,GHCN-Daily,64.49000000000001,0.5099999999999909,0.0
2011-10-14,21.7,15.0,True,18.35,GHCN-Daily,65.03,0.0,0.030000000000001137
2011-10-15,20.6,13.3,True,16.950000000000003,GHCN-Daily,62.510000000000005,2.489999999999995,0.0
2011-10-16,20.0,13.3,True,16.65,GHCN-Daily,61.97,3.030000000000001,0.0
2011-10-17,20.0,13.9,True,16.95,GHCN-Daily,62.51,2.490000000000002,0.0
2011-10-18,20.6,12.2,True,16.4,GHCN-Daily,61.519999999999996,3.480000000000004,0.0
2011-10-19,20.6,15.0,True,17.8,GHCN-Daily,64.03999999999999,0.960000000000008,0.0
2011-10-20,20.6,12.8,True,16.700000000000003,GHCN-Daily,62.06,2.9399999999999977,0.0
2011-10-21,15.0,10.6,True,12.8,GHCN-Daily,55.040000000000006,9.959999999999994,0.0
2011-10-22,16.7,8.9,True,12.8,GHCN-Daily,55.040000000000006,9.959999999999994,0.0
2011-10-23,15.6,10.6,True,13.1,GHCN-Daily,55.58,9.420000000000002,0.0
2011-10-24,16.7,8.3,True,12.5,GHCN-Daily,54.5,10.5,0.0
2011-10-25,17.8,10.6,True,14.2,GHCN-Daily,57.56,7.439999999999998,0.0
2011-10-26,16.7,8.3,True,12.5,GHCN-Daily,54.5,10.5,0.0
2011-10-27,14.4,3.3,True,8.85,GHCN-Daily,47.93,17.07,0.0
2011-10-28,10.6,2.8,True,6.699999999999999,GHCN-Daily,44.06,20.939999999999998,0.0
2011-10-29,7.2,0.6,True,3.9,GHCN-Daily,39.019999999999996,25.980000000000004,0.0
2011-10-30,8.9,1.1,True,5.0,GHCN-Daily,41.0,24.0,0.0
2011-10-31,12.2,0.0,True,6.1,GHCN-Daily,42.980000000000004,22.019999999999996,0.0
2011-11-01,13.3,5.6,True,9.45,GHCN-Daily,49.01,15.990000000000002,0.0
2011-11-02,13.3,3.3,True,8.3,GHCN-Daily,46.94,18.060000000000002,0.0
2011-11-03,15.0,6.7,True,10.85,GHCN-Daily,51.53,13.469999999999999,0.0
2011-11-04,12.2,5.0,True,8.6,GHCN-Daily,47.480000000000004,17.519999999999996,0.0
2011-11-05,10.6,1.7,True,6.1499999999999995,GHCN-Daily,43.07,21.93,0.0
2011-11-06,12.8,0.6,True,6.7,GHCN-Daily,44.06,20.939999999999998,0.0
2011-11-07,15.6,5.6,True,10.6,GHCN-Daily,51.08,13.920000000000002,0.0
2011-11-08,20.6,8.3,True,14.450000000000001,GHCN-Daily,58.010000000000005,6.989999999999995,0.0
2011-11-09,17.2,6.1,True,11.649999999999999,GHCN-Daily,52.97,12.030000000000001,0.0
2011-11-10,19.4,10.0,True,14.7,GHCN-Daily,58.46,6.539999999999999,0.0
2011-11-11,10.6,5.6,True,8.1,GHCN-Daily,46.58,18.42,0.0
2011-11-12,14.4,4.4,True,9.4,GHCN-Daily,48.92,16.08,0.0
2011-11-13,15.6,6.1,True,10.85,GHCN-Daily,51.53,13.469999999999999,0.0
2011-11-14,18.3,10.6,True,14.45,GHCN-Daily,58.01,6.990000000000002,0.0
2011-11-15,18.3,12.2,True,15.25,GHCN-Daily,59.45,5.549999999999997,0.0
2011-11-16,13.9,12.2,True,13.05,GHCN-Daily,55.49,9.509999999999998,0.0
2011-11-17,12.8,4.4,True,8.600000000000001,GHCN-Daily,47.480000000000004,17.519999999999996,0.0
2011-11-18,8.3,2.2,True,5.25,GHCN-Daily,41.45,23.549999999999997,0.0
2011-11-19,11.1,3.3,True,7.199999999999999,GHCN-Daily,44.96,20.04,0.0
2011-11-20,17.2,8.9,True,13.05,GHCN-Daily,55.49,9.509999999999998,0.0
2011-11-21,13.3,8.3,True,10.8,GHCN-Daily,51.44,13.560000000000002,0.0
2011-11-22,10.6,8.3,True,9.45,GHCN-Daily,49.01,15.990000000000002,0.0
2011-11-23,15.0,4.4,True,9.7,GHCN-Daily,49.46,15.54,0.0
2011-11-24,11.7,2.8,True,7.25,GHCN-Daily,45.05,19.950000000000003,0.0
2011-11-25,16.7,5.0,True,10.85,GHCN-Daily,51.53,13.469999999999999,0.0
2011-11-26,17.8,6.1,True,11.95,GHCN-Daily,53.51,11.490000000000002,0.0
2011-11-27,15.6,2.8,True,9.2,GHCN-Daily,48.56,16.439999999999998,0.0
2011-11-28,18.3,11.1,True,14.7,GHCN-Daily,58.46,6.539999999999999,0.0
2011-11-29,17.2,11.1,True,14.149999999999999,GHCN-Daily,57.47,7.530000000000001,0.0
2011-11-30,11.7,6.7,True,9.2,GHCN-Daily,48.56,16.439999999999998,0.0
2011-12-01,10.6,3.3,True,6.949999999999999,GHCN-Daily,44.51,20.490000000000002,0.0
2011-12-02,11.7,1.1,True,6.3999999999999995,GHCN-Daily,43.519999999999996,21.480000000000004,0.0
2011-12-03,8.9,1.1,True,5.0,GHCN-Daily,41.0,24.0,0.0
2011-12-04,12.2,1.7,True,6.949999999999999,GHCN-Daily,44.51,20.490000000000002,0.0
2011-12-05,12.2,7.8,True,10.0,GHCN-Daily,50.0,15.0,0.0
2011-12-06,13.9,11.7,True,12.8,GHCN-Daily,55.040000000000006,9.959999999999994,0.0
2011-12-07,13.9,6.1,True,10.0,GHCN-Daily,50.0,15.0,0.0
2011-12-08,7.8,2.2,True,5.0,GHCN-Daily,41.0,24.0,0.0
2011-12-09,11.1,0.6,True,5.85,GHCN-Daily,42.53,22.47,0.0
2011-12-10,9.4,0.0,True,4.7,GHCN-Daily,40.46,24.54,0.0
2011-12-11,4.4,-2.2,True,1.1,GHCN-Daily,33.98,31.020000000000003,0.0
2011-12-12,6.7,-1.1,True,2.8,GHCN-Daily,37.04,27.96,0.0
2011-12-13,8.9,-1.7,True,3.6,GHCN-Daily,38.480000000000004,26.519999999999996,0.0
2011-12-14,11.1,1.1,True,6.1,GHCN-Daily,42.980000000000004,22.019999999999996,0.0
2011-12-15,13.9,8.3,True,11.100000000000001,GHCN-Daily,51.980000000000004,13.019999999999996,0.0
2011-12-16,14.4,5.0,True,9.7,GHCN-Daily,49.46,15.54,0.0
2011-12-17,7.2,-1.1,True,3.05,GHCN-Daily,37.49,27.509999999999998,0.0
2011-12-18,-0.6,-5.0,True,-2.8,GHCN-Daily,26.96,38.04,0.0
2011-12-19,8.9,-6.1,True,1.4000000000000004,GHCN-Daily,34.52,30.479999999999997,0.0
2011-12-20,8.9,4.4,True,6.65,GHCN-Daily,43.97,21.03,0.0
2011-12-21,15.0,4.4,True,9.7,GHCN-Daily,49.46,15.54,0.0
2011-12-22,15.6,8.9,True,12.25,GHCN-Daily,54.05,10.950000000000003,0.0
2011-12-23,10.6,2.2,True,6.4,GHCN-Daily,43.52,21.479999999999997,0.0
2011-12-24,2.8,-2.8,True,0.0,GHCN-Daily,32.0,33.0,0.0
2011-12-25,8.9,-3.3,True,2.8000000000000003,GHCN-Daily,37.04,27.96,0.0
2011-12-26,8.9,0.6,True,4.75,GHCN-Daily,40.55,24.450000000000003,0.0
2011-12-27,13.9,0.0,True,6.95,GHCN-Daily,44.51,20.490000000000002,0.0
2011-12-28,10.0,0.0,True,5.0,GHCN-Daily,41.0,24.0,0.0
2011-12-29,3.3,-3.9,True,-0.30000000000000004,GHCN-Daily,31.46,33.54,0.0
2011-12-30,10.0,2.2,True,6.1,GHCN-Daily,42.980000000000004,22.019999999999996,0.0
2011-12-31,13.3,7.8,True,10.55,GHCN-Daily,50.99,14.009999999999998,0.0
2012-01-01,10.0,3.3,True,6.65,GHCN-Daily,43.97,21.03,0.0
2012-01-02,10.0,0.6,True,5.3,GHCN-Daily,41.54,23.46,0.0
2012-01-03,0.6,-8.9,True,-4.15,GHCN-Daily,24.53,40.47,0.0
2012-01-04,-1.7,-10.6,True,-6.1499999999999995,GHCN-Daily,20.93,44.07,0.0
2012-01-05,5.6,-3.3,True,1.15,GHCN-Daily,34.07,30.93,0.0
2012-01-06,12.2,0.0,True,6.1,GHCN-Daily,42.980000000000004,22.019999999999996,0.0
2012-01-07,16.1,2.2,True,9.15,GHCN-Daily,48.47,16.53,0.0
2012-01-08,8.9,0.6,True,4.75,GHCN-Daily,40.55,24.450000000000003,0.0
2012-01-09,3.9,-1.7,True,1.1,GHCN-Daily,33.98,31.020000000000003,0.0
2012-01-10,8.9,-1.1,True,3.9000000000000004,GHCN-Daily,39.02,25.979999999999997,0.0
2012-01-11,8.3,-0.6,True,3.8500000000000005,GHCN-Daily,38.93,26.07,0.0
2012-01-12,9.4,5.6,True,7.5,GHCN-Daily,45.5,19.5,0.0
2012-01-13,10.0,-1.7,True,4.15,GHCN-Daily,39.47,25.53,0.0
2012-01-14,1.1,-2.8,True,-0.8499999999999999,GHCN-Daily,30.47,34.53,0.0
2012-01-15,-2.2,-8.9,True,-5.550000000000001,GHCN-Daily,22.009999999999998,42.99,0.0
2012-01-16,3.9,-10.0,True,-3.05,GHCN-Daily,26.509999999999998,38.49,0.0
2012-01-17,10.0,2.8,True,6.4,GHCN-Daily,43.52,21.479999999999997,0.0
2012-01-18,11.7,-4.4,True,3.6499999999999995,GHCN-Daily,38.57,26.43,0.0
2012-01-19,3.3,-7.8,True,-2.25,GHCN-Daily,27.95,37.05,0.0
2012-01-20,2.8,-2.8,True,0.0,GHCN-Daily,32.0,33.0,0.0
2012-01-21,-1.7,-5.0,True,-3.35,GHCN-Daily,25.97,39.03,0.0
2012-01-22,1.1,-7.8,True,-3.3499999999999996,GHCN-Daily,25.97,39.03,0.0
2012-01-23,10.6,0.6,True,5.6,GHCN-Daily,42.08,22.92,0.0
2012-01-24,12.2,4.4,True,8.3,GHCN-Daily,46.94,18.060000000000002,0.0
2012-01-25,7.8,2.8,True,5.3,GHCN-Daily,41.54,23.46,0.0
2012-01-26,6.7,1.1,True,3.9000000000000004,GHCN-Daily,39.02,25.979999999999997,0.0
2012-01-27,14.4,6.7,True,10.55,GHCN-Daily,50.99,14.009999999999998,0.0
2012-01-28,7.8,2.8,True,5.3,GHCN-Daily,41.54,23.46,0.0
2012-01-29,6.7,0.6,True,3.65,GHCN-Daily,38.57,26.43,0.0
2012-01-30,5.0,1.1,True,3.05,GHCN-Daily,37.49,27.509999999999998,0.0
2012-01-31,13.9,2.8,True,8.35,GHCN-Daily,47.03,17.97,0.0
2012-02-01,17.8,5.6,True,11.7,GHCN-Daily,53.06,11.939999999999998,0.0
2012-02-02,10.6,2.2,True,6.4,GHCN-Daily,43.52,21.479999999999997,0.0
2012-02-03,7.2,-1.1,True,3.05,GHCN-Daily,37.49,27.509999999999998,0.0
2012-02-04,8.3,1.7,True,5.0,GHCN-Daily,41.0,24.0,0.0
2012-02-05,5.0,0.6,True,2.8,GHCN-Daily,37.04,27.96,0.0
2012-02-06,10.6,-1.7,True,4.45,GHCN-Daily,40.01,24.990000000000002,0.0
2012-02-07,10.6,1.1,True,5.85,GHCN-Daily,42.53,22.47,0.0
2012-02-08,3.9,-0.6,True,1.65,GHCN-Daily,34.97,30.03,0.0
2012-02-09,8.3,-0.6,True,3.8500000000000005,GHCN-Daily,38.93,26.07,0.0
2012-02-10,7.2,-1.1,True,3.05,GHCN-Daily,37.49,27.509999999999998,0.0
2012-02-11,3.3,0.6,True,1.95,GHCN-Daily,35.51,29.490000000000002,0.0
2012-02-12,1.7,-6.1,True,-2.1999999999999997,GHCN-Daily,28.04,36.96,0.0
2012-02-13,6.7,-1.7,True,2.5,GHCN-Daily,36.5,28.5,0.0
2012-02-14,7.2,1.7,True,4.45,GHCN-Daily,40.01,24.990000000000002,0.0
2012-02-15,7.8,2.8,True,5.3,GHCN-Daily,41.54,23.46,0.0
2012-02-16,6.7,-0.6,True,3.0500000000000003,GHCN-Daily,37.49,27.509999999999998,0.0
2012-02-17,11.7,2.8,True,7.25,GHCN-Daily,45.05,19.950000000000003,0.0
2012-02-18,7.8,2.2,True,5.0,GHCN-Daily,41.0,24.0,0.0
2012-02-19,7.8,0.6,True,4.2,GHCN-Daily,39.56,25.439999999999998,0.0
2012-02-20,8.9,-0.6,True,4.15,GHCN-Daily,39.47,25.53,0.0
2012-02-21,8.3,-3.3,True,2.5000000000000004,GHCN-Daily,36.5,28.5,0.0
2012-02-22,13.9,2.2,True,8.05,GHCN-Daily,46.49,18.509999999999998,0.0
2012-02-23,16.1,5.6,True,10.850000000000001,GHCN-Daily,51.53,13.469999999999999,0.0
2012-02-24,7.8,3.3,True,5.55,GHCN-Daily,41.99,23.009999999999998,0.0
2012-02-25,8.3,1.7,True,5.0,GHCN-Daily,41.0,24.0,0.0
2012-02-26,7.2,-1.1,True,3.05,GHCN-Daily,37.49,27.509999999999998,0.0
2012-02-27,10.6,-0.6,True,5.0,GHCN-Daily,41.0,24.0,0.0
2012-02-28,10.6,3.3,True,6.949999999999999,GHCN-Daily,44.51,20.490000000000002,0.0
2012-02-29,7.2,1.1,True,4.15,GHCN-Daily,39.47,25.53,0.0
2012-03-01,5.6,2.2,True,3.9,GHCN-Daily,39.019999999999996,25.980000000000004,0.0
2012-03-02,6.1,0.6,True,3.3499999999999996,GHCN-Daily,38.03,26.97,0.0
2012-03-03,13.3,6.1,True,9.7,GHCN-Daily,49.46,15.54,0.0
2012-03-04,8.3,2.2,True,5.25,GHCN-Daily,41.45,23.549999999999997,0.0
2012-03-05,7.8,-1.7,True,3.05,GHCN-Daily,37.49,27.509999999999998,0.0
2012-03-06,5.0,-3.3,True,0.8500000000000001,GHCN-Daily,33.53,31.47,0.0
2012-03-07,11.7,2.8,True,7.25,GHCN-Daily,45.05,19.950000000000003,0.0
2012-03-08,15.0,7.8,True,11.4,GHCN-Daily,52.519999999999996,12.480000000000004,0.0
2012-03-09,11.7,2.8,True,7.25,GHCN-Daily,45.05,19.950000000000003,0.0
2012-03-10,6.1,-1.7,True,2.1999999999999997,GHCN-Daily,35.96,29.04,0.0
2012-03-11,13.9,2.2,True,8.05,GHCN-Daily,46.49,18.509999999999998,0.0
2012-03-12,16.7,4.4,True,10.55,GHCN-Daily,50.99,14.009999999999998,0.0
2012-03-13,16.1,9.4,True,12.75,GHCN-Daily,54.95,10.049999999999997,0.0
2012-03-14,22.2,8.3,True,15.25,GHCN-Daily,59.45,5.549999999999997,0.0
2012-03-15,8.3,6.1,True,7.2,GHCN-Daily,44.96,20.04,0.0
2012-03-16,9.4,6.1,True,7.75,GHCN-Daily,45.95,19.049999999999997,0.0
2012-03-17,15.0,4.4,True,9.7,GHCN-Daily,49.46,15.54,0.0
2012-03-18,12.8,7.2,True,10.0,GHCN-Daily,50.0,15.0,0.0
2012-03-19,17.8,7.2,True,12.5,GHCN-Daily,54.5,10.5,0.0
2012-03-20,20.6,10.6,True,15.600000000000001,GHCN-Daily,60.08,4.920000000000002,0.0
2012-03-21,18.3,11.7,True,15.0,GHCN-Daily,59.0,6.0,0.0
2012-03-22,18.9,11.7,True,15.299999999999999,GHCN-Daily,59.54,5.460000000000001,0.0
2012-03-23,25.0,11.7,True,18.35,GHCN-Daily,65.03,0.0,0.030000000000001137
2012-03-24,16.1,8.9,True,12.5,GHCN-Daily,54.5,10.5,0.0
2012-03-25,10.6,7.2,True,8.9,GHCN-Daily,48.019999999999996,16.980000000000004,0.0
2012-03-26,13.9,1.7,True,7.8,GHCN-Daily,46.04,18.96,0.0
2012-03-27,11.7,-0.6,True,5.55,GHCN-Daily,41.99,23.009999999999998,0.0
2012-03-28,17.8,5.6,True,11.7,GHCN-Daily,53.06,11.939999999999998,0.0
2012-03-29,17.2,6.7,True,11.95,GHCN-Daily,53.51,11.490000000000002,0.0
2012-03-30,12.2,3.9,True,8.049999999999999,GHCN-Daily,46.489999999999995,18.510000000000005,0.0
2012-03-31,6.7,3.9,True,5.3,GHCN-Daily,41.54,23.46,0.0
2012-04-01,11.1,5.6,True,8.35,GHCN-Daily,47.03,17.97,0.0
2012-04-02,14.4,4.4,True,9.4,GHCN-Daily,48.92,16.08,0.0
2012-04-03,18.9,4.4,True,11.649999999999999,GHCN-Daily,52.97,12.030000000000001,0.0
2012-04-04,21.1,8.3,True,14.700000000000001,GHCN-Daily,58.46,6.539999999999999,0.0
2012-04-05,15.0,5.6,True,10.3,GHCN-Daily,50.540000000000006,14.459999999999994,0.0
2012-04-06,15.0,2.8,True,8.9,GHCN-Daily,48.019999999999996,16.980000000000004,0.0
2012-04-07,16.7,4.4,True,10.55,GHCN-Daily,50.99,14.009999999999998,0.0
2012-04-08,20.0,7.8,True,13.9,GHCN-Daily,57.019999999999996,7.980000000000004,0.0
2012-04-09,18.3,10.0,True,14.15,GHCN-Daily,57.47,7.530000000000001,0.0
2012-04-10,16.7,6.1,True,11.399999999999999,GHCN-Daily,52.519999999999996,12.480000000000004,0.0
2012-04-11,12.2,6.1,True,9.149999999999999,GHCN-Daily,48.47,16.53,0.0
2012-04-12,16.7,6.7,True,11.7,GHCN-Daily,53.06,11.939999999999998,0.0
2012-04-13,16.7,6.7,True,11.7,GHCN-Daily,53.06,11.939999999999998,0.0
2012-04-14,18.9,7.2,True,13.049999999999999,GHCN-Daily,55.489999999999995,9.510000000000005,0.0
2012-04-15,24.4,12.8,True,18.6,GHCN-Daily,65.48,0.0,0.480000000000004
2012-04-16,25.0,12.2,True,18.6,GHCN-Daily,65.48,0.0,0.480000000000004
2012-04-17,27.2,13.9,True,20.55,GHCN-Daily,68.99000000000001,0.0,3.990000000000009
2012-04-18,17.2,10.0,True,13.6,GHCN-Daily,56.480000000000004,8.519999999999996,0.0
2012-04-19,17.2,9.4,True,13.3,GHCN-Daily,55.94,9.060000000000002,0.0
2012-04-20,18.9,9.4,True,14.149999999999999,GHCN-Daily,57.47,7.530000000000001,0.0
2012-04-21,18.9,12.2,True,15.549999999999999,GHCN-Daily,59.989999999999995,5.010000000000005,0.0
2012-04-22,13.9,9.4,True,11.65,GHCN-Daily,52.97,12.030000000000001,0.0
2012-04-23,14.4,6.1,True,10.25,GHCN-Daily,50.45,14.549999999999997,0.0
2012-04-24,17.2,5.6,True,11.399999999999999,GHCN-Daily,52.519999999999996,12.480000000000004,0.0
2012-04-25,15.0,4.4,True,9.7,GHCN-Daily,49.46,15.54,0.0
2012-04-26,15.6,5.0,True,10.3,GHCN-Daily,50.540000000000006,14.459999999999994,0.0
2012-04-27,13.9,5.6,True,9.75,GHCN-Daily,49.55,15.450000000000003,0.0
2012-04-28,14.4,4.4,True,9.4,GHCN-Daily,48.92,16.08,0.0
2012-04-29,18.3,6.7,True,12.5,GHCN-Daily,54.5,10.5,0.0
2012-04-30,13.9,6.1,True,10.0,GHCN-Daily,50.0,15.0,0.0
2012-05-01,21.1,11.1,True,16.1,GHCN-Daily,60.980000000000004,4.019999999999996,0.0
2012-05-02,12.2,10.6,True,11.399999999999999,GHCN-Daily,52.519999999999996,12.480000000000004,0.0
2012-05-03,13.9,10.6,True,12.25,GHCN-Daily,54.05,10.950000000000003,0.0
2012-05-04,20.6,11.7,True,16.15,GHCN-Daily,61.06999999999999,3.930000000000007,0.0
2012-05-05,15.0,12.8,True,13.9,GHCN-Daily,57.019999999999996,7.980000000000004,0.0
2012-05-06,16.7,10.0,True,13.35,GHCN-Daily,56.03,8.969999999999999,0.0
2012-05-07,15.6,10.0,True,12.8,GHCN-Daily,55.040000000000006,9.959999999999994,0.0
2012-05-08,17.8,12.8,True,15.3,GHCN-Daily,59.540000000000006,5.459999999999994,0.0
2012-05-09,17.2,14.4,True,15.8,GHCN-Daily,60.44,4.560000000000002,0.0
2012-05-10,19.4,10.6,True,15.0,GHCN-Daily,59.0,6.0,0.0
2012-05-11,21.7,10.0,True,15.85,GHCN-Daily,60.53,4.469999999999999,0.0
2012-05-12,23.9,10.0,True,16.95,GHCN-Daily,62.51,2.490000000000002,0.0
2012-05-13,23.9,14.4,True,19.15,GHCN-Daily,66.47,0.0,1.4699999999999989
2012-05-14,21.1,16.1,True,18.6,GHCN-Daily,65.48,0.0,0.480000000000004
2012-05-15,17.2,15.6,True,16.4,GHCN-Daily,61.519999999999996,3.480000000000004,0.0
2012-05-16,22.2,15.0,True,18.6,GHCN-Daily,65.48,0.0,0.480000000000004
2012-05-17,22.8,12.8,True,17.8,GHCN-Daily,64.03999999999999,0.960000000000008,0.0
2012-05-18,20.6,10.6,True,15.600000000000001,GHCN-Daily,60.08,4.920000000000002,0.0
2012-05-19,25.6,11.1,True,18.35,GHCN-Daily,65.03,0.0,0.030000000000001137
2012-05-20,25.6,12.8,True,19.200000000000003,GHCN-Daily,66.56,0.0,1.5600000000000023
2012-05-21,17.8,15.6,True,16.7,GHCN-Daily,62.06,2.9399999999999977,0.0
2012-05-22,20.6,16.1,True,18.35,GHCN-Daily,65.03,0.0,0.030000000000001137
2012-05-23,23.3,15.0,True,19.15,GHCN-Daily,66.47,0.0,1.4699999999999989
2012-05-24,20.0,16.7,True,18.35,GHCN-Daily,65.03,0.0,0.030000000000001137
2012-05-25,23.3,17.2,True,20.25,GHCN-Daily,68.45,0.0,3.450000000000003
2012-05-26,27.2,17.2,True,22.2,GHCN-Daily,71.96000000000001,0.0,6.960000000000008
2012-05-27,25.6,18.3,True,21.950000000000003,GHCN-Daily,71.51,0.0,6.510000000000005
2012-05-28,29.4,20.0,True,24.7,GHCN-Daily,76.46000000000001,0.0,11.460000000000008
2012-05-29,28.9,21.7,True,25.299999999999997,GHCN-Daily,77.53999999999999,0.0,12.539999999999992
2012-05-30,25.0,18.9,True,21.95,GHCN-Daily,71.50999999999999,0.0,6.509999999999991
2012-05-31,27.8,18.3,True,23.05,GHCN-Daily,73.49000000000001,0.0,8.490000000000009
2012-06-01,22.2,16.7,True,19.45,GHCN-Daily,67.00999999999999,0.0,2.009999999999991
2012-06-02,24.4,16.7,True,20.549999999999997,GHCN-Daily,68.99,0.0,3.989999999999995
2012-06-03,25.6,14.4,True,20.0,GHCN-Daily,68.0,0.0,3.0
2012-06-04,18.3,12.2,True,15.25,GHCN-Daily,59.45,5.549999999999997,0.0
2012-06-05,19.4,10.6,True,15.0,GHCN-Daily,59.0,6.0,0.0
2012-06-06,21.7,11.7,True,16.7,GHCN-Daily,62.06,2.9399999999999977,0.0
2012-06-07,24.4,15.0,True,19.7,GHCN-Daily,67.46000000000001,0.0,2.460000000000008
2012-06-08,25.6,15.0,True,20.3,GHCN-Daily,68.53999999999999,0.0,3.539999999999992
2012-06-09,26.7,17.2,True,21.95,GHCN-Daily,71.50999999999999,0.0,6.509999999999991
2012-06-10,26.7,18.3,True,22.5,GHCN-Daily,72.5,0.0,7.5
2012-06-11,23.9,17.8,True,20.85,GHCN-Daily,69.53,0.0,4.530000000000001
2012-06-12,22.8,17.8,True,20.3,GHCN-Daily,68.53999999999999,0.0,3.539999999999992
2012-06-13,20.6,18.3,True,19.450000000000003,GHCN-Daily,67.01,0.0,2.010000000000005
2012-06-14,22.8,16.7,True,19.75,GHCN-Daily,67.55000000000001,0.0,2.5500000000000114
2012-06-15,26.7,15.0,True,20.85,GHCN-Daily,69.53,0.0,4.530000000000001
2012-06-16,26.1,15.0,True,20.55,GHCN-Daily,68.99000000000001,0.0,3.990000000000009
2012-06-17,21.1,13.9,True,17.5,GHCN-Daily,63.5,1.5,0.0
2012-06-18,20.0,12.8,True,16.4,GHCN-Daily,61.519999999999996,3.480000000000004,0.0
2012-06-19,23.3,16.7,True,20.0,GHCN-Daily,68.0,0.0,3.0
2012-06-20,34.4,20.6,True,27.5,GHCN-Daily,81.5,0.0,16.5
2012-06-21,36.1,26.1,True,31.1,GHCN-Daily,87.98,0.0,22.980000000000004
2012-06-22,34.4,22.2,True,28.299999999999997,GHCN-Daily,82.94,0.0,17.939999999999998
2012-06-23,30.6,20.6,True,25.6,GHCN-Daily,78.08000000000001,0.0,13.080000000000013
2012-06-24,27.8,18.3,True,23.05,GHCN-Daily,73.49000000000001,0.0,8.490000000000009
2012-06-25,23.9,16.7,True,20.299999999999997,GHCN-Daily,68.53999999999999,0.0,3.539999999999992
2012-06-26,24.4,13.9,True,19.15,GHCN-Daily,66.47,0.0,1.4699999999999989
2012-06-27,28.9,18.3,True,23.6,GHCN-Daily,74.48,0.0,9.480000000000004
2012-06-28,30.0,20.0,True,25.0,GHCN-Daily,77.0,0.0,12.0
2012-06-29,33.3,21.7,True,27.5,GHCN-Daily,81.5,0.0,16.5
2012-06-30,33.9,23.9,True,28.9,GHCN-Daily,84.02,0.0,19.019999999999996
2012-07-01,32.8,21.1,True,26.95,GHCN-Daily,80.50999999999999,0.0,15.509999999999991
2012-07-02,31.7,22.2,True,26.95,GHCN-Daily,80.50999999999999,0.0,15.509999999999991
2012-07-03,31.1,21.1,True,26.1,GHCN-Daily,78.98,0.0,13.980000000000004
2012-07-04,31.7,22.2,True,26.95,GHCN-Daily,80.50999999999999,0.0,15.509999999999991
2012-07-05,35.0,25.0,True,30.0,GHCN-Daily,86.0,0.0,21.0
2012-07-06,30.0,22.2,True,26.1,GHCN-Daily,78.98,0.0,13.980000000000004
2012-07-07,37.2,23.9,True,30.55,GHCN-Daily,86.99000000000001,0.0,21.99000000000001
2012-07-08,31.7,23.9,True,27.799999999999997,GHCN-Daily,82.03999999999999,0.0,17.039999999999992
2012-07-09,28.9,21.7,True,25.299999999999997,GHCN-Daily,77.53999999999999,0.0,12.539999999999992
2012-07-10,28.3,21.1,True,24.700000000000003,GHCN-Daily,76.46000000000001,0.0,11.460000000000008
2012-07-11,28.3,21.1,True,24.700000000000003,GHCN-Daily,76.46000000000001,0.0,11.460000000000008
2012-07-12,28.9,20.0,True,24.45,GHCN-Daily,76.00999999999999,0.0,11.009999999999991
2012-07-13,29.4,21.7,True,25.549999999999997,GHCN-Daily,77.99,0.0,12.989999999999995
2012-07-14,30.6,23.9,True,27.25,GHCN-Daily,81.05000000000001,0.0,16.05000000000001
2012-07-15,30.6,22.8,True,26.700000000000003,GHCN-Daily,80.06,0.0,15.060000000000002
2012-07-16,33.9,22.2,True,28.049999999999997,GHCN-Daily,82.49,0.0,17.489999999999995
2012-07-17,32.8,24.4,True,28.599999999999998,GHCN-Daily,83.47999999999999,0.0,18.47999999999999
2012-07-18,35.6,23.3,True,29.450000000000003,GHCN-Daily,85.01,0.0,20.010000000000005
2012-07-19,25.0,22.2,True,23.6,GHCN-Daily,74.48,0.0,9.480000000000004
2012-07-20,22.2,16.7,True,19.45,GHCN-Daily,67.00999999999999,0.0,2.009999999999991
2012-07-21,24.4,16.7,True,20.549999999999997,GHCN-Daily,68.99,0.0,3.989999999999995
2012-07-22,26.7,18.3,True,22.5,GHCN-Daily,72.5,0.0,7.5
2012-07-23,28.9,20.6,True,24.75,GHCN-Daily,76.55000000000001,0.0,11.550000000000011
2012-07-24,35.0,23.3,True,29.15,GHCN-Daily,84.47,0.0,19.47
2012-07-25,30.6,19.4,True,25.0,GHCN-Daily,77.0,0.0,12.0
2012-07-26,31.1,22.2,True,26.65,GHCN-Daily,79.97,0.0,14.969999999999999
2012-07-27,32.2,22.8,True,27.5,GHCN-Daily,81.5,0.0,16.5
2012-07-28,27.2,20.6,True,23.9,GHCN-Daily,75.02,0.0,10.019999999999996
2012-07-29,26.1,20.6,True,23.35,GHCN-Daily,74.03,0.0,9.030000000000001
2012-07-30,26.1,19.4,True,22.75,GHCN-Daily,72.95,0.0,7.950000000000003
2012-07-31,26.1,21.1,True,23.6,GHCN-Daily,74.48,0.0,9.480000000000004
2012-08-01,27.8,22.2,True,25.0,GHCN-Daily,77.0,0.0,12.0
2012-08-02,30.0,21.7,True,25.85,GHCN-Daily,78.53,0.0,13.530000000000001
2012-08-03,30.6,23.3,True,26.950000000000003,GHCN-Daily,80.51,0.0,15.510000000000005
2012-08-04,31.1,23.3,True,27.200000000000003,GHCN-Daily,80.96000000000001,0.0,15.960000000000008
2012-08-05,30.6,22.8,True,26.700000000000003,GHCN-Daily,80.06,0.0,15.060000000000002
2012-08-06,32.2,22.8,True,27.5,GHCN-Daily,81.5,0.0,16.5
2012-08-07,27.2,20.0,True,23.6,GHCN-Daily,74.48,0.0,9.480000000000004
2012-08-08,30.0,21.7,True,25.85,GHCN-Daily,78.53,0.0,13.530000000000001
2012-08-09,30.0,22.8,True,26.4,GHCN-Daily,79.52,0.0,14.519999999999996
2012-08-10,27.8,21.1,True,24.450000000000003,GHCN-Daily,76.01,0.0,11.010000000000005
2012-08-11,29.4,23.9,True,26.65,GHCN-Daily,79.97,0.0,14.969999999999999
2012-08-12,29.4,23.3,True,26.35,GHCN-Daily,79.43,0.0,14.430000000000007
2012-08-13,30.6,21.7,True,26.15,GHCN-Daily,79.07,0.0,14.069999999999993
2012-08-14,27.2,21.1,True,24.15,GHCN-Daily,75.47,0.0,10.469999999999999
2012-08-15,28.3,20.6,True,24.450000000000003,GHCN-Daily,76.01,0.0,11.010000000000005
2012-08-16,31.1,20.6,True,25.85,GHCN-Daily,78.53,0.0,13.530000000000001
2012-08-17,29.4,20.6,True,25.0,GHCN-Daily,77.0,0.0,12.0
2012-08-18,27.2,17.8,True,22.5,GHCN-Daily,72.5,0.0,7.5
2012-08-19,25.0,17.2,True,21.1,GHCN-Daily,69.98,0.0,4.980000000000004
2012-08-20,25.0,18.9,True,21.95,GHCN-Daily,71.50999999999999,0.0,6.509999999999991
2012-08-21,27.2,20.6,True,23.9,GHCN-Daily,75.02,0.0,10.019999999999996
2012-08-22,27.8,19.4,True,23.6,GHCN-Daily,74.48,0.0,9.480000000000004
2012-08-23,27.8,20.0,True,23.9,GHCN-Daily,75.02,0.0,10.019999999999996
2012-08-24,29.4,20.0,True,24.7,GHCN-Daily,76.46000000000001,0.0,11.460000000000008
2012-08-25,28.9,21.1,True,25.0,GHCN-Daily,77.0,0.0,12.0
2012-08-26,27.2,19.4,True,23.299999999999997,GHCN-Daily,73.94,0.0,8.939999999999998
2012-08-27,27.8,20.6,True,24.200000000000003,GHCN-Daily,75.56,0.0,10.560000000000002
2012-08-28,31.7,23.3,True,27.5,GHCN-Daily,81.5,0.0,16.5
2012-08-29,26.1,19.4,True,22.75,GHCN-Daily,72.95,0.0,7.950000000000003
2012-08-30,28.9,16.7,True,22.799999999999997,GHCN-Daily,73.03999999999999,0.0,8.039999999999992
2012-08-31,32.2,18.3,True,25.25,GHCN-Daily,77.45,0.0,12.450000000000003
2012-09-01,33.3,22.8,True,28.049999999999997,GHCN-Daily,82.49,0.0,17.489999999999995
2012-09-02,27.2,21.7,True,24.45,GHCN-Daily,76.00999999999999,0.0,11.009999999999991
2012-09-03,24.4,21.1,True,22.75,GHCN-Daily,72.95,0.0,7.950000000000003
2012-09-04,26.7,21.7,True,24.2,GHCN-Daily,75.56,0.0,10.560000000000002
2012-09-05,28.9,22.2,True,25.549999999999997,GHCN-Daily,77.99,0.0,12.989999999999995
2012-09-06,26.7,20.6,True,23.65,GHCN-Daily,74.57,0.0,9.569999999999993
2012-09-07,28.3,21.1,True,24.700000000000003,GHCN-Daily,76.46000000000001,0.0,11.460000000000008
2012-09-08,28.3,18.9,True,23.6,GHCN-Daily,74.48,0.0,9.480000000000004
2012-09-09,24.4,18.3,True,21.35,GHCN-Daily,70.43,0.0,5.430000000000007
2012-09-10,23.9,15.0,True,19.45,GHCN-Daily,67.00999999999999,0.0,2.009999999999991
2012-09-11,24.4,12.2,True,18.299999999999997,GHCN-Daily,64.94,0.060000000000002274,0.0
2012-09-12,25.0,15.6,True,20.3,GHCN-Daily,68.53999999999999,0.0,3.539999999999992
2012-09-13,24.4,16.7,True,20.549999999999997,GHCN-Daily,68.99,0.0,3.989999999999995
2012-09-14,25.0,17.2,True,21.1,GHCN-Daily,69.98,0.0,4.980000000000004
2012-09-15,23.9,16.1,True,20.0,GHCN-Daily,68.0,0.0,3.0
2012-09-16,23.9,14.4,True,19.15,GHCN-Daily,66.47,0.0,1.4699999999999989
2012-09-17,24.4,13.3,True,18.85,GHCN-Daily,65.93,0.0,0.9300000000000068
2012-09-18,25.6,20.0,True,22.8,GHCN-Daily,73.03999999999999,0.0,8.039999999999992
2012-09-19,22.2,13.9,True,18.05,GHCN-Daily,64.49000000000001,0.5099999999999909,0.0
2012-09-20,21.7,12.2,True,16.95,GHCN-Daily,62.51,2.490000000000002,0.0
2012-09-21,22.2,13.9,True,18.05,GHCN-Daily,64.49000000000001,0.5099999999999909,0.0
2012-09-22,24.4,13.3,True,18.85,GHCN-Daily,65.93,0.0,0.9300000000000068
2012-09-23,21.1,13.3,True,17.200000000000003,GHCN-Daily,62.96000000000001,2.039999999999992,0.0
2012-09-24,20.6,11.1,True,15.850000000000001,GHCN-Daily,60.53,4.469999999999999,0.0
2012-09-25,22.8,13.3,True,18.05,GHCN-Daily,64.49000000000001,0.5099999999999909,0.0
2012-09-26,23.9,18.3,True,21.1,GHCN-Daily,69.98,0.0,4.980000000000004
2012-09-27,25.0,18.9,True,21.95,GHCN-Daily,71.50999999999999,0.0,6.509999999999991
2012-09-28,23.3,16.7,True,20.0,GHCN-Daily,68.0,0.0,3.0
2012-09-29,18.9,15.0,True,16.95,GHCN-Daily,62.51,2.490000000000002,0.0
2012-09-30,21.1,13.9,True,17.5,GHCN-Daily,63.5,1.5,0.0
2012-10-01,22.2,12.2,True,17.2,GHCN-Daily,62.96,2.039999999999999,0.0
2012-10-02,21.7,17.2,True,19.45,GHCN-Daily,67.00999999999999,0.0,2.009999999999991
2012-10-03,23.3,18.3,True,20.8,GHCN-Daily,69.44,0.0,4.439999999999998
2012-10-04,23.9,19.4,True,21.65,GHCN-Daily,70.97,0.0,5.969999999999999
2012-10-05,25.0,16.1,True,20.55,GHCN-Daily,68.99000000000001,0.0,3.990000000000009
2012-10-06,24.4,12.2,True,18.299999999999997,GHCN-Daily,64.94,0.060000000000002274,0.0
2012-10-07,13.3,8.3,True,10.8,GHCN-Daily,51.44,13.560000000000002,0.0
2012-10-08,13.3,7.2,True,10.25,GHCN-Daily,50.45,14.549999999999997,0.0
2012-10-09,15.0,11.1,True,13.05,GHCN-Daily,55.49,9.509999999999998,0.0
2012-10-10,20.0,12.2,True,16.1,GHCN-Daily,60.980000000000004,4.019999999999996,0.0
2012-10-11,15.6,8.9,True,12.25,GHCN-Daily,54.05,10.950000000000003,0.0
2012-10-12,15.6,6.1,True,10.85,GHCN-Daily,51.53,13.469999999999999,0.0
2012-10-13,12.8,2.8,True,7.800000000000001,GHCN-Daily,46.04,18.96,0.0
2012-10-14,22.2,12.8,True,17.5,GHCN-Daily,63.5,1.5,0.0
2012-10-15,20.6,16.1,True,18.35,GHCN-Daily,65.03,0.0,0.030000000000001137
2012-10-16,16.1,8.9,True,12.5,GHCN-Daily,54.5,10.5,0.0
2012-10-17,15.6,5.6,True,10.6,GHCN-Daily,51.08,13.920000000000002,0.0
2012-10-18,18.9,7.2,True,13.049999999999999,GHCN-Daily,55.489999999999995,9.510000000000005,0.0
2012-10-19,19.4,16.7,True,18.049999999999997,GHCN-Daily,64.49,0.5100000000000051,0.0
2012-10-20,21.1,12.8,True,16.950000000000003,GHCN-Daily,62.510000000000005,2.489999999999995,0.0
2012-10-21,20.0,10.6,True,15.3,GHCN-Daily,59.540000000000006,5.459999999999994,0.0
2012-10-22,20.6,10.6,True,15.600000000000001,GHCN-Daily,60.08,4.920000000000002,0.0
2012-10-23,18.9,11.1,True,15.0,GHCN-Daily,59.0,6.0,0.0
2012-10-24,16.7,13.9,True,15.3,GHCN-Daily,59.540000000000006,5.459999999999994,0.0
2012-10-25,16.7,12.2,True,14.45,GHCN-Daily,58.01,6.990000000000002,0.0
2012-10-26,21.7,13.9,True,17.8,GHCN-Daily,64.03999999999999,0.960000000000008,0.0
2012-10-27,19.4,15.0,True,17.2,GHCN-Daily,62.96,2.039999999999999,0.0
2012-10-28,15.6,11.7,True,13.649999999999999,GHCN-Daily,56.56999999999999,8.430000000000007,0.0
2012-10-29,18.9,11.1,True,15.0,GHCN-Daily,59.0,6.0,0.0
2012-10-30,15.0,8.9,True,11.95,GHCN-Daily,53.51,11.490000000000002,0.0
2012-10-31,11.1,7.8,True,9.45,GHCN-Daily,49.01,15.990000000000002,0.0
2012-11-01,11.1,7.2,True,9.15,GHCN-Daily,48.47,16.53,0.0
2012-11-02,12.2,6.1,True,9.149999999999999,GHCN-Daily,48.47,16.53,0.0
2012-11-03,11.1,5.0,True,8.05,GHCN-Daily,46.49,18.509999999999998,0.0
2012-11-04,11.7,3.9,True,7.8,GHCN-Daily,46.04,18.96,0.0
2012-11-05,8.3,2.2,True,5.25,GHCN-Daily,41.45,23.549999999999997,0.0
2012-11-06,7.2,-0.6,True,3.3000000000000003,GHCN-Daily,37.94,27.060000000000002,0.0
2012-11-07,5.0,0.0,True,2.5,GHCN-Daily,36.5,28.5,0.0
2012-11-08,7.2,0.0,True,3.6,GHCN-Daily,38.480000000000004,26.519999999999996,0.0
2012-11-09,11.7,1.7,True,6.699999999999999,GHCN-Daily,44.06,20.939999999999998,0.0
2012-11-10,12.2,5.6,True,8.899999999999999,GHCN-Daily,48.019999999999996,16.980000000000004,0.0
2012-11-11,15.6,5.0,True,10.3,GHCN-Daily,50.540000000000006,14.459999999999994,0.0
2012-11-12,17.2,7.8,True,12.5,GHCN-Daily,54.5,10.5,0.0
2012-11-13,14.4,4.4,True,9.4,GHCN-Daily,48.92,16.08,0.0
2012-11-14,9.4,2.8,True,6.1,GHCN-Daily,42.980000000000004,22.019999999999996,0.0
2012-11-15,7.2,2.2,True,4.7,GHCN-Daily,40.46,24.54,0.0
2012-11-16,8.9,2.2,True,5.550000000000001,GHCN-Daily,41.99,23.009999999999998,0.0
2012-11-17,11.7,2.2,True,6.949999999999999,GHCN-Daily,44.51,20.490000000000002,0.0
2012-11-18,10.6,2.8,True,6.699999999999999,GHCN-Daily,44.06,20.939999999999998,0.0
2012-11-19,8.9,3.3,True,6.1,GHCN-Daily,42.980000000000004,22.019999999999996,0.0
2012-11-20,11.7,2.8,True,7.25,GHCN-Daily,45.05,19.950000000000003,0.0
2012-11-21,12.2,3.3,True,7.75,GHCN-Daily,45.95,19.049999999999997,0.0
2012-11-22,12.8,3.3,True,8.05,GHCN-Daily,46.49,18.509999999999998,0.0
2012-11-23,11.7,1.1,True,6.3999999999999995,GHCN-Daily,43.519999999999996,21.480000000000004,0.0
2012-11-24,9.4,2.2,True,5.800000000000001,GHCN-Daily,42.44,22.560000000000002,0.0
2012-11-25,6.1,1.1,True,3.5999999999999996,GHCN-Daily,38.48,26.520000000000003,0.0
2012-11-26,9.4,1.7,True,5.55,GHCN-Daily,41.99,23.009999999999998,0.0
2012-11-27,5.6,2.2,True,3.9,GHCN-Daily,39.019999999999996,25.980000000000004,0.0
2012-11-28,6.7,1.1,True,3.9000000000000004,GHCN-Daily,39.02,25.979999999999997,0.0
2012-11-29,6.7,1.1,True,3.9000000000000004,GHCN-Daily,39.02,25.979999999999997,0.0
2012-11-30,8.3,0.6,True,4.45,GHCN-Daily,40.01,24.990000000000002,0.0
2012-12-01,7.2,3.9,True,5.55,GHCN-Daily,41.99,23.009999999999998,0.0
2012-12-02,10.0,5.0,True,7.5,GHCN-Daily,45.5,19.5,0.0
2012-12-03,16.7,6.1,True,11.399999999999999,GHCN-Daily,52.519999999999996,12.480000000000004,0.0
2012-12-04,14.4,6.1,True,10.25,GHCN-Daily,50.45,14.549999999999997,0.0
2012-12-05,13.3,1.7,True,7.5,GHCN-Daily,45.5,19.5,0.0
2012-12-06,5.0,-1.1,True,1.95,GHCN-Daily,35.51,29.490000000000002,0.0
2012-12-07,8.3,-1.7,True,3.3000000000000003,GHCN-Daily,37.94,27.060000000000002,0.0
2012-12-08,10.0,7.8,True,8.9,GHCN-Daily,48.019999999999996,16.980000000000004,0.0
2012-12-09,8.9,5.6,True,7.25,GHCN-Daily,45.05,19.950000000000003,0.0
2012-12-10,13.3,7.8,True,10.55,GHCN-Daily,50.99,14.009999999999998,0.0
2012-12-11,12.8,5.0,True,8.9,GHCN-Daily,48.019999999999996,16.980000000000004,0.0
2012-12-12,7.2,1.7,True,4.45,GHCN-Daily,40.01,24.990000000000002,0.0
2012-12-13,8.3,0.6,True,4.45,GHCN-Daily,40.01,24.990000000000002,0.0
2012-12-14,9.4,0.0,True,4.7,GHCN-Daily,40.46,24.54,0.0
2012-12-15,9.4,1.1,True,5.25,GHCN-Daily,41.45,23.549999999999997,0.0
2012-12-16,9.4,5.0,True,7.2,GHCN-Daily,44.96,20.04,0.0
2012-12-17,8.3,5.6,True,6.95,GHCN-Daily,44.51,20.490000000000002,0.0
2012-12-18,13.3,7.2,True,10.25,GHCN-Daily,50.45,14.549999999999997,0.0
2012-12-19,9.4,3.9,True,6.65,GHCN-Daily,43.97,21.03,0.0
2012-12-20,9.4,0.0,True,4.7,GHCN-Daily,40.46,24.54,0.0
2012-12-21,13.3,2.8,True,8.05,GHCN-Daily,46.49,18.509999999999998,0.0
2012-12-22,4.4,2.2,True,3.3000000000000003,GHCN-Daily,37.94,27.060000000000002,0.0
2012-12-23,6.7,1.7,True,4.2,GHCN-Daily,39.56,25.439999999999998,0.0
2012-12-24,5.0,0.0,True,2.5,GHCN-Daily,36.5,28.5,0.0
2012-12-25,6.7,-0.6,True,3.0500000000000003,GHCN-Daily,37.49,27.509999999999998,0.0
2012-12-26,6.1,-2.2,True,1.9499999999999997,GHCN-Daily,35.51,29.490000000000002,0.0
2012-12-27,7.8,-0.6,True,3.6,GHCN-Daily,38.480000000000004,26.519999999999996,0.0
2012-12-28,4.4,-1.1,True,1.6500000000000001,GHCN-Daily,34.97,30.03,0.0
2012-12-29,2.8,-2.2,True,0.2999999999999998,GHCN-Daily,32.54,32.46,0.0
2012-12-30,2.8,-1.7,True,0.5499999999999999,GHCN-Daily,32.99,32.01,0.0
2012-12-31,3.9,-2.2,True,0.8499999999999999,GHCN-Daily,33.53,31.47,0.0
2013-01-01,5.0,-2.8,True,1.1,GHCN-Daily,33.98,31.020000000000003,0.0
2013-01-02,1.7,-5.0,True,-1.65,GHCN-Daily,29.03,35.97,0.0
2013-01-03,0.6,-3.9,True,-1.65,GHCN-Daily,29.03,35.97,0.0
2013-01-04,3.9,-1.1,True,1.4,GHCN-Daily,34.52,30.479999999999997,0.0
2013-01-05,7.2,0.0,True,3.6,GHCN-Daily,38.480000000000004,26.519999999999996,0.0
2013-01-06,7.2,0.6,True,3.9,GHCN-Daily,39.019999999999996,25.980000000000004,0.0
2013-01-07,8.3,-1.1,True,3.6000000000000005,GHCN-Daily,38.480000000000004,26.519999999999996,0.0
2013-01-08,9.4,-1.1,True,4.15,GHCN-Daily,39.47,25.53,0.0
2013-01-09,8.9,0.6,True,4.75,GHCN-Daily,40.55,24.450000000000003,0.0
2013-01-10,10.0,2.8,True,6.4,GHCN-Daily,43.52,21.479999999999997,0.0
2013-01-11,8.3,0.6,True,4.45,GHCN-Daily,40.01,24.990000000000002,0.0
2013-01-12,9.4,6.1,True,7.75,GHCN-Daily,45.95,19.049999999999997,0.0
2013-01-13,8.3,5.6,True,6.95,GHCN-Daily,44.51,20.490000000000002,0.0
2013-01-14,14.4,3.9,True,9.15,GHCN-Daily,48.47,16.53,0.0
2013-01-15,3.9,1.7,True,2.8,GHCN-Daily,37.04,27.96,0.0
2013-01-16,3.3,0.6,True,1.95,GHCN-Daily,35.51,29.490000000000002,0.0
2013-01-17,7.8,2.2,True,5.0,GHCN-Daily,41.0,24.0,0.0
2013-01-18,2.2,-3.9,True,-0.8499999999999999,GHCN-Daily,30.47,34.53,0.0
2013-01-19,11.1,-0.6,True,5.25,GHCN-Daily,41.45,23.549999999999997,0.0
2013-01-20,13.3,-0.6,True,6.3500000000000005,GHCN-Daily,43.43,21.57,0.0
2013-01-21,0.6,-3.3,True,-1.3499999999999999,GHCN-Daily,29.57,35.43,0.0
2013-01-22,-2.2,-10.0,True,-6.1,GHCN-Daily,21.02,43.980000000000004,0.0
2013-01-23,-6.1,-11.1,True,-8.6,GHCN-Daily,16.52,48.480000000000004,0.0
2013-01-24,-3.3,-10.6,True,-6.949999999999999,GHCN-Daily,19.490000000000002,45.51,0.0
2013-01-25,-4.4,-10.0,True,-7.2,GHCN-Daily,19.04,45.96,0.0
2013-01-26,-2.8,-10.0,True,-6.4,GHCN-Daily,20.479999999999997,44.52,0.0
2013-01-27,1.7,-7.8,True,-3.05,GHCN-Daily,26.509999999999998,38.49,0.0
2013-01-28,1.7,-4.4,True,-1.35,GHCN-Daily,29.57,35.43,0.0
2013-01-29,8.9,1.1,True,5.0,GHCN-Daily,41.0,24.0,0.0
2013-01-30,11.1,5.0,True,8.05,GHCN-Daily,46.49,18.509999999999998,0.0
2013-01-31,13.3,-1.1,True,6.1000000000000005,GHCN-Daily,42.980000000000004,22.019999999999996,0.0
2013-02-01,0.6,-4.4,True,-1.9000000000000001,GHCN-Daily,28.58,36.42,0.0
2013-02-02,-0.6,-6.7,True,-3.65,GHCN-Daily,25.43,39.57,0.0
2013-02-03,0.0,-5.6,True,-2.8,GHCN-Daily,26.96,38.04,0.0
2013-02-04,0.0,-4.4,True,-2.2,GHCN-Daily,28.04,36.96,0.0
2013-02-05,0.0,-2.2,True,-1.1,GHCN-Daily,30.02,34.980000000000004,0.0
2013-02-06,5.0,-1.7,True,1.65,GHCN-Daily,34.97,30.03,0.0
2013-02-07,0.6,-5.0,True,-2.2,GHCN-Daily,28.04,36.96,0.0
2013-02-08,2.2,-2.8,True,-0.2999999999999998,GHCN-Daily,31.46,33.54,0.0
2013-02-09,0.0,-6.1,True,-3.05,GHCN-Daily,26.509999999999998,38.49,0.0
2013-02-10,1.1,-8.3,True,-3.6000000000000005,GHCN-Daily,25.52,39.480000000000004,0.0
2013-02-11,7.2,1.1,True,4.15,GHCN-Daily,39.47,25.53,0.0
2013-02-12,8.3,2.8,True,5.550000000000001,GHCN-Daily,41.99,23.009999999999998,0.0
2013-02-13,6.1,-2.2,True,1.9499999999999997,GHCN-Daily,35.51,29.490000000000002,0.0
2013-02-14,7.2,0.0,True,3.6,GHCN-Daily,38.480000000000004,26.519999999999996,0.0
2013-02-15,9.4,0.0,True,4.7,GHCN-Daily,40.46,24.54,0.0
2013-02-16,7.2,-0.6,True,3.3000000000000003,GHCN-Daily,37.94,27.060000000000002,0.0
2013-02-17,1.1,-7.8,True,-3.3499999999999996,GHCN-Daily,25.97,39.03,0.0
2013-02-18,2.2,-7.8,True,-2.8,GHCN-Daily,26.96,38.04,0.0
2013-02-19,7.2,-0.6,True,3.3000000000000003,GHCN-Daily,37.94,27.060000000000002,0.0
2013-02-20,3.9,-3.3,True,0.30000000000000004,GHCN-Daily,32.54,32.46,0.0
2013-02-21,2.8,-4.4,True,-0.8000000000000003,GHCN-Daily,30.56,34.44,0.0
2013-02-22,3.3,-3.3,True,0.0,GHCN-Daily,32.0,33.0,0.0
2013-02-23,6.7,2.2,True,4.45,GHCN-Daily,40.01,24.990000000000002,0.0
2013-02-24,9.4,1.1,True,5.25,GHCN-Daily,41.45,23.549999999999997,0.0
2013-02-25,7.8,-0.6,True,3.6,GHCN-Daily,38.480000000000004,26.519999999999996,0.0
2013-02-26,6.7,-0.6,True,3.0500000000000003,GHCN-Daily,37.49,27.509999999999998,0.0
2013-02-27,9.4,3.3,True,6.35,GHCN-Daily,43.43,21.57,0.0
2013-02-28,10.6,4.4,True,7.5,GHCN-Daily,45.5,19.5,0.0
2013-03-01,8.3,2.2,True,5.25,GHCN-Daily,41.45,23.549999999999997,0.0
2013-03-02,5.0,0.0,True,2.5,GHCN-Daily,36.5,28.5,0.0
2013-03-03,5.6,-1.7,True,1.9499999999999997,GHCN-Daily,35.51,29.490000000000002,0.0
2013-03-04,6.7,-2.8,True,1.9500000000000002,GHCN-Daily,35.51,29.490000000000002,0.0
2013-03-05,8.9,-0.6,True,4.15,GHCN-Daily,39.47,25.53,0.0
2013-03-06,7.2,1.7,True,4.45,GHCN-Daily,40.01,24.990000000000002,0.0
2013-03-07,3.9,0.6,True,2.25,GHCN-Daily,36.05,28.950000000000003,0.0
2013-03-08,4.4,-0.6,True,1.9000000000000001,GHCN-Daily,35.42,29.58,0.0
2013-03-09,12.8,1.1,True,6.95,GHCN-Daily,44.51,20.490000000000002,0.0
2013-03-10,6.1,-0.6,True,2.75,GHCN-Daily,36.95,28.049999999999997,0.0
2013-03-11,11.1,3.9,True,7.5,GHCN-Daily,45.5,19.5,0.0
2013-03-12,11.7,6.1,True,8.899999999999999,GHCN-Daily,48.019999999999996,16.980000000000004,0.0
2013-03-13,11.7,3.3,True,7.5,GHCN-Daily,45.5,19.5,0.0
2013-03-14,5.6,-1.1,True,2.25,GHCN-Daily,36.05,28.950000000000003,0.0
2013-03-15,8.9,-1.1,True,3.9000000000000004,GHCN-Daily,39.02,25.979999999999997,0.0
2013-03-16,5.0,0.6,True,2.8,GHCN-Daily,37.04,27.96,0.0
2013-03-17,3.9,-1.1,True,1.4,GHCN-Daily,34.52,30.479999999999997,0.0
2013-03-18,2.2,-3.3,True,-0.5499999999999998,GHCN-Daily,31.01,33.989999999999995,0.0
2013-03-19,7.2,1.7,True,4.45,GHCN-Daily,40.01,24.990000000000002,0.0
2013-03-20,8.3,0.0,True,4.15,GHCN-Daily,39.47,25.53,0.0
2013-03-21,3.9,-0.6,True,1.65,GHCN-Daily,34.97,30.03,0.0
2013-03-22,6.7,-1.7,True,2.5,GHCN-Daily,36.5,28.5,0.0
2013-03-23,8.9,0.0,True,4.45,GHCN-Daily,40.01,24.990000000000002,0.0
2013-03-24,8.3,0.0,True,4.15,GHCN-Daily,39.47,25.53,0.0
2013-03-25,4.4,1.1,True,2.75,GHCN-Daily,36.95,28.049999999999997,0.0
2013-03-26,11.7,2.2,True,6.949999999999999,GHCN-Daily,44.51,20.490000000000002,0.0
2013-03-27,12.2,1.7,True,6.949999999999999,GHCN-Daily,44.51,20.490000000000002,0.0
2013-03-28,11.7,2.8,True,7.25,GHCN-Daily,45.05,19.950000000000003,0.0
2013-03-29,13.3,5.0,True,9.15,GHCN-Daily,48.47,16.53,0.0
2013-03-30,14.4,3.9,True,9.15,GHCN-Daily,48.47,16.53,0.0
2013-03-31,11.1,1.7,True,6.3999999999999995,GHCN-Daily,43.519999999999996,21.480000000000004,0.0
2013-04-01,17.2,2.8,True,10.0,GHCN-Daily,50.0,15.0,0.0
2013-04-02,7.2,0.6,True,3.9,GHCN-Daily,39.019999999999996,25.980000000000004,0.0
2013-04-03,8.9,0.6,True,4.75,GHCN-Daily,40.55,24.450000000000003,0.0
2013-04-04,7.2,0.0,True,3.6,GHCN-Daily,38.480000000000004,26.519999999999996,0.0
2013-04-05,17.8,4.4,True,11.100000000000001,GHCN-Daily,51.980000000000004,13.019999999999996,0.0
2013-04-06,9.4,2.2,True,5.800000000000001,GHCN-Daily,42.44,22.560000000000002,0.0
2013-04-07,11.1,2.8,True,6.949999999999999,GHCN-Daily,44.51,20.490000000000002,0.0
2013-04-08,20.0,5.6,True,12.8,GHCN-Daily,55.040000000000006,9.959999999999994,0.0
2013-04-09,28.3,8.3,True,18.3,GHCN-Daily,64.94,0.060000000000002274,0.0
2013-04-10,21.7,11.7,True,16.7,GHCN-Daily,62.06,2.9399999999999977,0.0
2013-04-11,15.6,8.3,True,11.95,GHCN-Daily,53.51,11.490000000000002,0.0
2013-04-12,8.9,5.0,True,6.95,GHCN-Daily,44.51,20.490000000000002,0.0
2013-04-13,14.4,3.9,True,9.15,GHCN-Daily,48.47,16.53,0.0
2013-04-14,15.0,7.2,True,11.1,GHCN-Daily,51.980000000000004,13.019999999999996,0.0
2013-04-15,11.7,6.1,True,8.899999999999999,GHCN-Daily,48.019999999999996,16.980000000000004,0.0
2013-04-16,14.4,7.2,True,10.8,GHCN-Daily,51.44,13.560000000000002,0.0
2013-04-17,21.1,8.3,True,14.700000000000001,GHCN-Daily,58.46,6.539999999999999,0.0
2013-04-18,13.9,7.2,True,10.55,GHCN-Daily,50.99,14.009999999999998,0.0
2013-04-19,18.3,10.0,True,14.15,GHCN-Daily,57.47,7.530000000000001,0.0
2013-04-20,15.0,7.2,True,11.1,GHCN-Daily,51.980000000000004,13.019999999999996,0.0
2013-04-21,12.2,2.8,True,7.5,GHCN-Daily,45.5,19.5,0.0
2013-04-22,11.7,2.8,True,7.25,GHCN-Daily,45.05,19.950000000000003,0.0
2013-04-23,11.1,5.6,True,8.35,GHCN-Daily,47.03,17.97,0.0
2013-04-24,14.4,5.6,True,10.0,GHCN-Daily,50.0,15.0,0.0
2013-04-25,17.8,7.8,True,12.8,GHCN-Daily,55.040000000000006,9.959999999999994,0.0
2013-04-26,18.3,6.1,True,12.2,GHCN-Daily,53.96,11.04,0.0
2013-04-27,18.9,7.8,True,13.35,GHCN-Daily,56.03,8.969999999999999,0.0
2013-04-28,17.2,7.2,True,12.2,GHCN-Daily,53.96,11.04,0.0
2013-04-29,12.8,10.0,True,11.4,GHCN-Daily,52.519999999999996,12.480000000000004,0.0
2013-04-30,17.2,7.8,True,12.5,GHCN-Daily,54.5,10.5,0.0
2013-05-01,18.3,6.1,True,12.2,GHCN-Daily,53.96,11.04,0.0
2013-05-02,17.2,6.7,True,11.95,GHCN-Daily,53.51,11.490000000000002,0.0
2013-05-03,16.1,8.3,True,12.200000000000001,GHCN-Daily,53.96,11.04,0.0
2013-05-04,17.8,7.2,True,12.5,GHCN-Daily,54.5,10.5,0.0
2013-05-05,13.9,6.7,True,10.3,GHCN-Daily,50.540000000000006,14.459999999999994,0.0
2013-05-06,16.7,7.2,True,11.95,GHCN-Daily,53.51,11.490000000000002,0.0
2013-05-07,22.2,8.9,True,15.55,GHCN-Daily,59.99,5.009999999999998,0.0
2013-05-08,17.8,12.8,True,15.3,GHCN-Daily,59.540000000000006,5.459999999999994,0.0
2013-05-09,21.1,12.8,True,16.950000000000003,GHCN-Daily,62.510000000000005,2.489999999999995,0.0
2013-05-10,24.4,12.2,True,18.299999999999997,GHCN-Daily,64.94,0.060000000000002274,0.0
2013-05-11,18.3,15.0,True,16.65,GHCN-Daily,61.97,3.030000000000001,0.0
2013-05-12,21.1,10.6,True,15.850000000000001,GHCN-Daily,60.53,4.469999999999999,0.0
2013-05-13,14.4,7.8,True,11.1,GHCN-Daily,51.980000000000004,13.019999999999996,0.0
2013-05-14,15.6,6.1,True,10.85,GHCN-Daily,51.53,13.469999999999999,0.0
2013-05-15,16.7,8.9,True,12.8,GHCN-Daily,55.040000000000006,9.959999999999994,0.0
2013-05-16,23.3,13.3,True,18.3,GHCN-Daily,64.94,0.060000000000002274,0.0
2013-05-17,22.8,12.8,True,17.8,GHCN-Daily,64.03999999999999,0.960000000000008,0.0
2013-05-18,17.2,12.2,True,14.7,GHCN-Daily,58.46,6.539999999999999,0.0
2013-05-19,14.4,12.8,True,13.600000000000001,GHCN-Daily,56.480000000000004,8.519999999999996,0.0
2013-05-20,22.2,13.9,True,18.05,GHCN-Daily,64.49000000000001,0.5099999999999909,0.0
2013-05-21,25.0,15.6,True,20.3,GHCN-Daily,68.53999999999999,0.0,3.539999999999992
2013-05-22,22.2,14.4,True,18.3,GHCN-Daily,64.94,0.060000000000002274,0.0
2013-05-23,21.7,16.1,True,18.9,GHCN-Daily,66.02,0.0,1.019999999999996
2013-05-24,20.6,7.8,True,14.200000000000001,GHCN-Daily,57.56,7.439999999999998,0.0
2013-05-25,13.9,7.2,True,10.55,GHCN-Daily,50.99,14.009999999999998,0.0
2013-05-26,20.0,8.9,True,14.45,GHCN-Daily,58.01,6.990000000000002,0.0
2013-05-27,21.1,8.9,True,15.0,GHCN-Daily,59.0,6.0,0.0
2013-05-28,20.0,11.7,True,15.85,GHCN-Daily,60.53,4.469999999999999,0.0
2013-05-29,23.9,13.3,True,18.6,GHCN-Daily,65.48,0.0,0.480000000000004
2013-05-30,30.0,17.2,True,23.6,GHCN-Daily,74.48,0.0,9.480000000000004
2013-05-31,28.9,18.3,True,23.6,GHCN-Daily,74.48,0.0,9.480000000000004
2013-06-01,26.1,17.8,True,21.950000000000003,GHCN-Daily,71.51,0.0,6.510000000000005
2013-06-02,23.3,17.2,True,20.25,GHCN-Daily,68.45,0.0,3.450000000000003
2013-06-03,24.4,16.7,True,20.549999999999997,GHCN-Daily,68.99,0.0,3.989999999999995
2013-06-04,24.4,15.0,True,19.7,GHCN-Daily,67.46000000000001,0.0,2.460000000000008
2013-06-05,21.7,13.9,True,17.8,GHCN-Daily,64.03999999999999,0.960000000000008,0.0
2013-06-06,21.7,14.4,True,18.05,GHCN-Daily,64.49000000000001,0.5099999999999909,0.0
2013-06-07,17.8,15.6,True,16.7,GHCN-Daily,62.06,2.9399999999999977,0.0
2013-06-08,24.4,13.9,True,19.15,GHCN-Daily,66.47,0.0,1.4699999999999989
2013-06-09,25.6,17.8,True,21.700000000000003,GHCN-Daily,71.06,0.0,6.060000000000002
2013-06-10,20.6,17.2,True,18.9,GHCN-Daily,66.02,0.0,1.019999999999996
2013-06-11,27.2,18.3,True,22.75,GHCN-Daily,72.95,0.0,7.950000000000003
2013-06-12,25.6,16.1,True,20.85,GHCN-Daily,69.53,0.0,4.530000000000001
2013-06-13,18.9,13.3,True,16.1,GHCN-Daily,60.980000000000004,4.019999999999996,0.0
2013-06-14,22.2,12.2,True,17.2,GHCN-Daily,62.96,2.039999999999999,0.0
2013-06-15,27.8,16.7,True,22.25,GHCN-Daily,72.05000000000001,0.0,7.050000000000011
2013-06-16,26.7,16.7,True,21.7,GHCN-Daily,71.06,0.0,6.060000000000002
2013-06-17,27.8,19.4,True,23.6,GHCN-Daily,74.48,0.0,9.480000000000004
2013-06-18,25.6,18.3,True,21.950000000000003,GHCN-Daily,71.51,0.0,6.510000000000005
2013-06-19,25.0,15.6,True,20.3,GHCN-Daily,68.53999999999999,0.0,3.539999999999992
2013-06-20,23.3,15.0,True,19.15,GHCN-Daily,66.47,0.0,1.4699999999999989
2013-06-21,24.4,15.0,True,19.7,GHCN-Daily,67.46000000000001,0.0,2.460000000000008
2013-06-22,25.0,16.1,True,20.55,GHCN-Daily,68.99000000000001,0.0,3.990000000000009
2013-06-23,26.7,18.3,True,22.5,GHCN-Daily,72.5,0.0,7.5
2013-06-24,32.2,21.1,True,26.650000000000002,GHCN-Daily,79.97,0.0,14.969999999999999
2013-06-25,32.8,21.1,True,26.95,GHCN-Daily,80.50999999999999,0.0,15.509999999999991
2013-06-26,29.4,21.7,True,25.549999999999997,GHCN-Daily,77.99,0.0,12.989999999999995
2013-06-27,28.9,21.7,True,25.299999999999997,GHCN-Daily,77.53999999999999,0.0,12.539999999999992
2013-06-28,27.8,21.7,True,24.75,GHCN-Daily,76.55000000000001,0.0,11.550000000000011
2013-06-29,26.7,20.6,True,23.65,GHCN-Daily,74.57,0.0,9.569999999999993
2013-06-30,27.2,20.6,True,23.9,GHCN-Daily,75.02,0.0,10.019999999999996
2013-07-01,25.6,21.7,True,23.65,GHCN-Daily,74.57,0.0,9.569999999999993
2013-07-02,26.1,21.7,True,23.9,GHCN-Daily,75.02,0.0,10.019999999999996
2013-07-03,27.2,21.1,True,24.15,GHCN-Daily,75.47,0.0,10.469999999999999
2013-07-04,28.9,22.2,True,25.549999999999997,GHCN-Daily,77.99,0.0,12.989999999999995
2013-07-05,30.6,22.8,True,26.700000000000003,GHCN-Daily,80.06,0.0,15.060000000000002
2013-07-06,33.9,23.9,True,28.9,GHCN-Daily,84.02,0.0,19.019999999999996
2013-07-07,31.1,25.6,True,28.35,GHCN-Daily,83.03,0.0,18.03
2013-07-08,30.6,23.3,True,26.950000000000003,GHCN-Daily,80.51,0.0,15.510000000000005
2013-07-09,30.6,22.8,True,26.700000000000003,GHCN-Daily,80.06,0.0,15.060000000000002
2013-07-10,29.4,22.2,True,25.799999999999997,GHCN-Daily,78.44,0.0,13.439999999999998
2013-07-11,31.1,22.8,True,26.950000000000003,GHCN-Daily,80.51,0.0,15.510000000000005
2013-07-12,26.1,21.1,True,23.6,GHCN-Daily,74.48,0.0,9.480000000000004
2013-07-13,29.4,21.7,True,25.549999999999997,GHCN-Daily,77.99,0.0,12.989999999999995
2013-07-14,31.7,22.8,True,27.25,GHCN-Daily,81.05000000000001,0.0,16.05000000000001
2013-07-15,36.1,25.0,True,30.55,GHCN-Daily,86.99000000000001,0.0,21.99000000000001
2013-07-16,35.6,25.6,True,30.6,GHCN-Daily,87.08000000000001,0.0,22.080000000000013
2013-07-17,35.0,26.1,True,30.55,GHCN-Daily,86.99000000000001,0.0,21.99000000000001
2013-07-18,37.8,25.0,True,31.4,GHCN-Daily,88.52,0.0,23.519999999999996
2013-07-19,35.0,26.7,True,30.85,GHCN-Daily,87.53,0.0,22.53
2013-07-20,35.6,25.0,True,30.3,GHCN-Daily,86.53999999999999,0.0,21.539999999999992
2013-07-21,31.1,23.9,True,27.5,GHCN-Daily,81.5,0.0,16.5
2013-07-22,30.0,23.3,True,26.65,GHCN-Daily,79.97,0.0,14.969999999999999
2013-07-23,30.6,22.8,True,26.700000000000003,GHCN-Daily,80.06,0.0,15.060000000000002
2013-07-24,31.1,21.1,True,26.1,GHCN-Daily,78.98,0.0,13.980000000000004
2013-07-25,21.1,17.2,True,19.15,GHCN-Daily,66.47,0.0,1.4699999999999989
2013-07-26,28.9,17.8,True,23.35,GHCN-Daily,74.03,0.0,9.030000000000001
2013-07-27,27.2,20.0,True,23.6,GHCN-Daily,74.48,0.0,9.480000000000004
2013-07-28,25.6,20.0,True,22.8,GHCN-Daily,73.03999999999999,0.0,8.039999999999992
2013-07-29,28.9,21.7,True,25.299999999999997,GHCN-Daily,77.53999999999999,0.0,12.539999999999992
2013-07-30,29.4,19.4,True,24.4,GHCN-Daily,75.92,0.0,10.920000000000002
2013-07-31,27.8,20.0,True,23.9,GHCN-Daily,75.02,0.0,10.019999999999996
2013-08-01,25.0,20.0,True,22.5,GHCN-Daily,72.5,0.0,7.5
2013-08-02,29.4,20.0,True,24.7,GHCN-Daily,76.46000000000001,0.0,11.460000000000008
2013-08-03,25.6,21.1,True,23.35,GHCN-Daily,74.03,0.0,9.030000000000001
2013-08-04,28.3,19.4,True,23.85,GHCN-Daily,74.93,0.0,9.930000000000007
2013-08-05,26.7,17.8,True,22.25,GHCN-Daily,72.05000000000001,0.0,7.050000000000011
2013-08-06,26.7,17.8,True,22.25,GHCN-Daily,72.05000000000001,0.0,7.050000000000011
2013-08-07,26.7,21.1,True,23.9,GHCN-Daily,75.02,0.0,10.019999999999996
2013-08-08,27.2,21.1,True,24.15,GHCN-Daily,75.47,0.0,10.469999999999999
2013-08-09,27.8,23.3,True,25.55,GHCN-Daily,77.99000000000001,0.0,12.990000000000009
2013-08-10,29.4,21.7,True,25.549999999999997,GHCN-Daily,77.99,0.0,12.989999999999995
2013-08-11,27.2,18.9,True,23.049999999999997,GHCN-Daily,73.49,0.0,8.489999999999995
2013-08-12,26.7,20.6,True,23.65,GHCN-Daily,74.57,0.0,9.569999999999993
2013-08-13,24.4,20.6,True,22.5,GHCN-Daily,72.5,0.0,7.5
2013-08-14,25.0,16.1,True,20.55,GHCN-Daily,68.99000000000001,0.0,3.990000000000009
2013-08-15,25.0,15.6,True,20.3,GHCN-Daily,68.53999999999999,0.0,3.539999999999992
2013-08-16,26.1,17.2,True,21.65,GHCN-Daily,70.97,0.0,5.969999999999999
2013-08-17,27.2,16.7,True,21.95,GHCN-Daily,71.50999999999999,0.0,6.509999999999991
2013-08-18,25.6,18.9,True,22.25,GHCN-Daily,72.05000000000001,0.0,7.050000000000011
2013-08-19,25.6,18.3,True,21.950000000000003,GHCN-Daily,71.51,0.0,6.510000000000005
2013-08-20,29.4,20.0,True,24.7,GHCN-Daily,76.46000000000001,0.0,11.460000000000008
2013-08-21,31.1,20.6,True,25.85,GHCN-Daily,78.53,0.0,13.530000000000001
2013-08-22,26.7,22.2,True,24.45,GHCN-Daily,76.00999999999999,0.0,11.009999999999991
2013-08-23,28.9,20.6,True,24.75,GHCN-Daily,76.55000000000001,0.0,11.550000000000011
2013-08-24,26.1,17.8,True,21.950000000000003,GHCN-Daily,71.51,0.0,6.510000000000005
2013-08-25,27.2,17.2,True,22.2,GHCN-Daily,71.96000000000001,0.0,6.960000000000008
2013-08-26,28.9,20.0,True,24.45,GHCN-Daily,76.00999999999999,0.0,11.009999999999991
2013-08-27,31.1,22.2,True,26.65,GHCN-Daily,79.97,0.0,14.969999999999999
2013-08-28,29.4,20.6,True,25.0,GHCN-Daily,77.0,0.0,12.0
2013-08-29,27.8,21.1,True,24.450000000000003,GHCN-Daily,76.01,0.0,11.010000000000005
2013-08-30,28.3,20.6,True,24.450000000000003,GHCN-Daily,76.01,0.0,11.010000000000005
2013-08-31,28.3,22.2,True,25.25,GHCN-Daily,77.45,0.0,12.450000000000003
2013-09-01,28.9,22.8,True,25.85,GHCN-Daily,78.53,0.0,13.530000000000001
2013-09-02,27.8,22.2,True,25.0,GHCN-Daily,77.0,0.0,12.0
2013-09-03,29.4,20.6,True,25.0,GHCN-Daily,77.0,0.0,12.0
2013-09-04,27.8,18.9,True,23.35,GHCN-Daily,74.03,0.0,9.030000000000001
2013-09-05,27.8,17.8,True,22.8,GHCN-Daily,73.03999999999999,0.0,8.039999999999992
2013-09-06,22.2,13.3,True,17.75,GHCN-Daily,63.95,1.0499999999999972,0.0
2013-09-07,25.6,14.4,True,20.0,GHCN-Daily,68.0,0.0,3.0
2013-09-08,30.6,16.7,True,23.65,GHCN-Daily,74.57,0.0,9.569999999999993
2013-09-09,22.2,12.2,True,17.2,GHCN-Daily,62.96,2.039999999999999,0.0
2013-09-10,27.2,21.1,True,24.15,GHCN-Daily,75.47,0.0,10.469999999999999
2013-09-11,31.1,22.2,True,26.65,GHCN-Daily,79.97,0.0,14.969999999999999
2013-09-12,27.8,21.1,True,24.450000000000003,GHCN-Daily,76.01,0.0,11.010000000000005
2013-09-13,26.7,15.0,True,20.85,GHCN-Daily,69.53,0.0,4.530000000000001
2013-09-14,21.1,12.8,True,16.950000000000003,GHCN-Daily,62.510000000000005,2.489999999999995,0.0
2013-09-15,22.2,10.6,True,16.4,GHCN-Daily,61.519999999999996,3.480000000000004,0.0
2013-09-16,23.9,13.9,True,18.9,GHCN-Daily,66.02,0.0,1.019999999999996
2013-09-17,18.9,9.4,True,14.149999999999999,GHCN-Daily,57.47,7.530000000000001,0.0
2013-09-18,21.1,10.0,True,15.55,GHCN-Daily,59.99,5.009999999999998,0.0
2013-09-19,23.9,12.2,True,18.049999999999997,GHCN-Daily,64.49,0.5100000000000051,0.0
2013-09-20,24.4,13.3,True,18.85,GHCN-Daily,65.93,0.0,0.9300000000000068
2013-09-21,23.9,13.9,True,18.9,GHCN-Daily,66.02,0.0,1.019999999999996
2013-09-22,22.2,12.8,True,17.5,GHCN-Daily,63.5,1.5,0.0
2013-09-23,20.0,10.0,True,15.0,GHCN-Daily,59.0,6.0,0.0
2013-09-24,23.9,8.9,True,16.4,GHCN-Daily,61.519999999999996,3.480000000000004,0.0
2013-09-25,22.2,10.6,True,16.4,GHCN-Daily,61.519999999999996,3.480000000000004,0.0
2013-09-26,21.1,12.2,True,16.65,GHCN-Daily,61.97,3.030000000000001,0.0
2013-09-27,20.6,11.1,True,15.850000000000001,GHCN-Daily,60.53,4.469999999999999,0.0
2013-09-28,23.3,13.3,True,18.3,GHCN-Daily,64.94,0.060000000000002274,0.0
2013-09-29,22.2,12.2,True,17.2,GHCN-Daily,62.96,2.039999999999999,0.0
2013-09-30,22.2,11.1,True,16.65,GHCN-Daily,61.97,3.030000000000001,0.0
2013-10-01,27.2,14.4,True,20.8,GHCN-Daily,69.44,0.0,4.439999999999998
2013-10-02,29.4,15.6,True,22.5,GHCN-Daily,72.5,0.0,7.5
2013-10-03,25.0,15.6,True,20.3,GHCN-Daily,68.53999999999999,0.0,3.539999999999992
2013-10-04,26.7,16.7,True,21.7,GHCN-Daily,71.06,0.0,6.060000000000002
2013-10-05,24.4,17.8,True,21.1,GHCN-Daily,69.98,0.0,4.980000000000004
2013-10-06,20.6,18.3,True,19.450000000000003,GHCN-Daily,67.01,0.0,2.010000000000005
2013-10-07,25.6,16.1,True,20.85,GHCN-Daily,69.53,0.0,4.530000000000001
2013-10-08,20.0,12.8,True,16.4,GHCN-Daily,61.519999999999996,3.480000000000004,0.0
2013-10-09,18.3,11.7,True,15.0,GHCN-Daily,59.0,6.0,0.0
2013-10-10,18.9,13.3,True,16.1,GHCN-Daily,60.980000000000004,4.019999999999996,0.0
2013-10-11,20.6,15.6,True,18.1,GHCN-Daily,64.58000000000001,0.4199999999999875,0.0
2013-10-12,23.9,15.0,True,19.45,GHCN-Daily,67.00999999999999,0.0,2.009999999999991
2013-10-13,20.0,10.6,True,15.3,GHCN-Daily,59.540000000000006,5.459999999999994,0.0
2013-10-14,18.9,9.4,True,14.149999999999999,GHCN-Daily,57.47,7.530000000000001,0.0
2013-10-15,21.1,10.0,True,15.55,GHCN-Daily,59.99,5.009999999999998,0.0
2013-10-16,19.4,12.2,True,15.799999999999999,GHCN-Daily,60.44,4.560000000000002,0.0
2013-10-17,22.2,16.1,True,19.15,GHCN-Daily,66.47,0.0,1.4699999999999989
2013-10-18,21.1,13.3,True,17.200000000000003,GHCN-Daily,62.96000000000001,2.039999999999992,0.0
2013-10-19,18.3,10.0,True,14.15,GHCN-Daily,57.47,7.530000000000001,0.0
2013-10-20,17.8,10.0,True,13.9,GHCN-Daily,57.019999999999996,7.980000000000004,0.0
2013-10-21,18.9,9.4,True,14.149999999999999,GHCN-Daily,57.47,7.530000000000001,0.0
2013-10-22,20.0,10.6,True,15.3,GHCN-Daily,59.540000000000006,5.459999999999994,0.0
2013-10-23,12.8,7.2,True,10.0,GHCN-Daily,50.0,15.0,0.0
2013-10-24,13.3,5.0,True,9.15,GHCN-Daily,48.47,16.53,0.0
2013-10-25,13.3,3.9,True,8.6,GHCN-Daily,47.480000000000004,17.519999999999996,0.0
2013-10-26,13.3,4.4,True,8.850000000000001,GHCN-Daily,47.93000000000001,17.069999999999993,0.0
2013-10-27,14.4,8.3,True,11.350000000000001,GHCN-Daily,52.43000000000001,12.569999999999993,0.0
2013-10-28,15.6,4.4,True,10.0,GHCN-Daily,50.0,15.0,0.0
2013-10-29,13.9,6.7,True,10.3,GHCN-Daily,50.540000000000006,14.459999999999994,0.0
2013-10-30,16.1,6.7,True,11.4,GHCN-Daily,52.519999999999996,12.480000000000004,0.0
2013-10-31,19.4,11.7,True,15.549999999999999,GHCN-Daily,59.989999999999995,5.010000000000005,0.0
2013-11-01,20.6,14.4,True,17.5,GHCN-Daily,63.5,1.5,0.0
2013-11-02,19.4,11.7,True,15.549999999999999,GHCN-Daily,59.989999999999995,5.010000000000005,0.0
2013-11-03,13.3,3.3,True,8.3,GHCN-Daily,46.94,18.060000000000002,0.0
2013-11-04,8.9,1.1,True,5.0,GHCN-Daily,41.0,24.0,0.0
2013-11-05,13.3,3.3,True,8.3,GHCN-Daily,46.94,18.060000000000002,0.0
2013-11-06,16.1,6.1,True,11.100000000000001,GHCN-Daily,51.980000000000004,13.019999999999996,0.0
2013-11-07,17.8,6.7,True,12.25,GHCN-Daily,54.05,10.950000000000003,0.0
2013-11-08,11.1,5.0,True,8.05,GHCN-Daily,46.49,18.509999999999998,0.0
2013-11-09,10.0,3.9,True,6.95,GHCN-Daily,44.51,20.490000000000002,0.0
2013-11-10,16.7,6.7,True,11.7,GHCN-Daily,53.06,11.939999999999998,0.0
2013-11-11,12.2,6.1,True,9.149999999999999,GHCN-Daily,48.47,16.53,0.0
2013-11-12,11.1,0.0,True,5.55,GHCN-Daily,41.99,23.009999999999998,0.0
2013-11-13,5.0,-1.6,True,1.7,GHCN-Daily,35.06,29.939999999999998,0.0
2013-11-14,11.7,1.1,True,6.3999999999999995,GHCN-Daily,43.519999999999996,21.480000000000004,0.0
2013-11-15,11.7,2.2,True,6.949999999999999,GHCN-Daily,44.51,20.490000000000002,0.0
2013-11-16,13.3,6.1,True,9.7,GHCN-Daily,49.46,15.54,0.0
2013-11-17,16.7,7.8,True,12.25,GHCN-Daily,54.05,10.950000000000003,0.0
2013-11-18,19.4,11.1,True,15.25,GHCN-Daily,59.45,5.549999999999997,0.0
2013-11-19,11.1,2.2,True,6.65,GHCN-Daily,43.97,21.03,0.0
2013-11-20,7.8,-0.5,True,3.65,GHCN-Daily,38.57,26.43,0.0
2013-11-21,11.1,-0.5,True,5.3,GHCN-Daily,41.54,23.46,0.0
2013-11-22,13.9,9.4,True,11.65,GHCN-Daily,52.97,12.030000000000001,0.0
2013-11-23,12.8,0.0,True,6.4,GHCN-Daily,43.52,21.479999999999997,0.0
2013-11-24,0.0,-4.3,True,-2.15,GHCN-Daily,28.13,36.870000000000005,0.0
2013-11-25,2.2,-4.9,True,-1.35,GHCN-Daily,29.57,35.43,0.0
2013-11-26,11.7,1.1,True,6.3999999999999995,GHCN-Daily,43.519999999999996,21.480000000000004,0.0
2013-11-27,16.1,2.2,True,9.15,GHCN-Daily,48.47,16.53,0.0
2013-11-28,2.8,-1.0,True,0.8999999999999999,GHCN-Daily,33.62,31.380000000000003,0.0
2013-11-29,5.0,-1.0,True,2.0,GHCN-Daily,35.6,29.4,0.0
2013-11-30,6.7,-3.8,True,1.4500000000000002,GHCN-Daily,34.61,30.39,0.0
2013-12-01,9.4,2.8,True,6.1,GHCN-Daily,42.980000000000004,22.019999999999996,0.0
2013-12-02,10.6,3.3,True,6.949999999999999,GHCN-Daily,44.51,20.490000000000002,0.0
2013-12-03,12.2,3.3,True,7.75,GHCN-Daily,45.95,19.049999999999997,0.0
2013-12-04,10.6,1.7,True,6.1499999999999995,GHCN-Daily,43.07,21.93,0.0
2013-12-05,13.3,8.3,True,10.8,GHCN-Daily,51.44,13.560000000000002,0.0
2013-12-06,13.3,2.8,True,8.05,GHCN-Daily,46.49,18.509999999999998,0.0
2013-12-07,6.1,0.0,True,3.05,GHCN-Daily,37.49,27.509999999999998,0.0
2013-12-08,1.1,-2.1,True,-0.5,GHCN-Daily,31.1,33.9,0.0
2013-12-09,5.6,0.0,True,2.8,GHCN-Daily,37.04,27.96,0.0
2013-12-10,3.3,-1.0,True,1.15,GHCN-Daily,34.07,30.93,0.0
2013-12-11,0.0,-2.7,True,-1.35,GHCN-Daily,29.57,35.43,0.0
2013-12-12,-1.0,-4.9,True,-2.95,GHCN-Daily,26.689999999999998,38.31,0.0
2013-12-13,2.2,-4.3,True,-1.0499999999999998,GHCN-Daily,30.11,34.89,0.0
2013-12-14,6.1,-3.8,True,1.15,GHCN-Daily,34.07,30.93,0.0
2013-12-15,8.3,0.6,True,4.45,GHCN-Daily,40.01,24.990000000000002,0.0
2013-12-16,1.7,-3.8,True,-1.0499999999999998,GHCN-Daily,30.11,34.89,0.0
2013-12-17,1.1,-3.8,True,-1.3499999999999999,GHCN-Daily,29.57,35.43,0.0
2013-12-18,3.3,-3.8,True,-0.25,GHCN-Daily,31.55,33.45,0.0
2013-12-19,7.2,-1.6,True,2.8,GHCN-Daily,37.04,27.96,0.0
2013-12-20,10.6,2.2,True,6.4,GHCN-Daily,43.52,21.479999999999997,0.0
2013-12-21,12.8,5.6,True,9.2,GHCN-Daily,48.56,16.439999999999998,0.0
2013-12-22,17.8,10.0,True,13.9,GHCN-Daily,57.019999999999996,7.980000000000004,0.0
2013-12-23,13.9,6.1,True,10.0,GHCN-Daily,50.0,15.0,0.0
2013-12-24,6.1,-2.7,True,1.6999999999999997,GHCN-Daily,35.06,29.939999999999998,0.0
2013-12-25,0.0,-6.6,True,-3.3,GHCN-Daily,26.060000000000002,38.94,0.0
2013-12-26,3.3,-2.1,True,0.5999999999999999,GHCN-Daily,33.08,31.92,0.0
2013-12-27,5.6,-0.5,True,2.55,GHCN-Daily,36.59,28.409999999999997,0.0
2013-12-28,11.7,-0.5,True,5.6,GHCN-Daily,42.08,22.92,0.0
2013-12-29,9.4,3.3,True,6.35,GHCN-Daily,43.43,21.57,0.0
2013-12-30,8.3,-4.3,True,2.0000000000000004,GHCN-Daily,35.6,29.4,0.0
2013-12-31,1.1,-6.0,True,-2.45,GHCN-Daily,27.59,37.41,0.0
2014-01-01,1.1,-4.3,True,-1.5999999999999999,GHCN-Daily,29.12,35.879999999999995,0.0
2014-01-02,0.6,-7.1,True,-3.25,GHCN-Daily,26.15,38.85,0.0
2014-01-03,-7.1,-12.7,True,-9.899999999999999,GHCN-Daily,14.180000000000003,50.81999999999999,0.0
2014-01-04,-0.5,-16.0,True,-8.25,GHCN-Daily,17.15,47.85,0.0
2014-01-05,9.4,-4.9,True,2.25,GHCN-Daily,36.05,28.950000000000003,0.0
2014-01-06,11.7,-6.6,True,2.55,GHCN-Daily,36.59,28.409999999999997,0.0
2014-01-07,-6.6,-14.3,True,-10.45,GHCN-Daily,13.190000000000001,51.81,0.0
2014-01-08,-4.3,-12.1,True,-8.2,GHCN-Daily,17.240000000000002,47.76,0.0
2014-01-09,1.1,-5.5,True,-2.2,GHCN-Daily,28.04,36.96,0.0
2014-01-10,3.3,-4.3,True,-0.5,GHCN-Daily,31.1,33.9,0.0
2014-01-11,12.2,3.3,True,7.75,GHCN-Daily,45.95,19.049999999999997,0.0
2014-01-12,11.1,0.6,True,5.85,GHCN-Daily,42.53,22.47,0.0
2014-01-13,10.0,-1.0,True,4.5,GHCN-Daily,40.1,24.9,0.0
2014-01-14,8.9,6.1,True,7.5,GHCN-Daily,45.5,19.5,0.0
2014-01-15,6.7,0.0,True,3.35,GHCN-Daily,38.03,26.97,0.0
2014-01-16,5.6,1.7,True,3.65,GHCN-Daily,38.57,26.43,0.0
2014-01-17,7.2,-2.1,True,2.55,GHCN-Daily,36.59,28.409999999999997,0.0
2014-01-18,5.6,-2.1,True,1.7499999999999998,GHCN-Daily,35.15,29.85,0.0
2014-01-19,3.3,-3.2,True,0.04999999999999982,GHCN-Daily,32.089999999999996,32.910000000000004,0.0
2014-01-20,8.9,0.6,True,4.75,GHCN-Daily,40.55,24.450000000000003,0.0
2014-01-21,0.6,-10.5,True,-4.95,GHCN-Daily,23.09,41.91,0.0
2014-01-22,-7.7,-13.8,True,-10.75,GHCN-Daily,12.649999999999999,52.35,0.0
2014-01-23,-6.0,-13.2,True,-9.6,GHCN-Daily,14.719999999999999,50.28,0.0
2014-01-24,-6.6,-11.6,True,-9.1,GHCN-Daily,15.620000000000001,49.379999999999995,0.0
2014-01-25,-1.0,-6.6,True,-3.8,GHCN-Daily,25.16,39.84,0.0
2014-01-26,2.2,-7.7,True,-2.75,GHCN-Daily,27.05,37.95,0.0
2014-01-27,7.2,-5.5,True,0.8500000000000001,GHCN-Daily,33.53,31.47,0.0
2014-01-28,-5.5,-9.9,True,-7.7,GHCN-Daily,18.14,46.86,0.0
2014-01-29,-4.3,-8.8,True,-6.550000000000001,GHCN-Daily,20.21,44.79,0.0
2014-01-30,-2.1,-9.9,True,-6.0,GHCN-Daily,21.2,43.8,0.0
2014-01-31,6.1,-3.8,True,1.15,GHCN-Daily,34.07,30.93,0.0
2014-02-01,6.1,-1.0,True,2.55,GHCN-Daily,36.59,28.409999999999997,0.0
2014-02-02,11.1,-1.0,True,5.05,GHCN-Daily,41.09,23.909999999999997,0.0
2014-02-03,6.7,-2.1,True,2.3,GHCN-Daily,36.14,28.86,0.0
2014-02-04,1.7,-5.5,True,-1.9,GHCN-Daily,28.58,36.42,0.0
2014-02-05,1.7,-1.0,True,0.35,GHCN-Daily,32.63,32.37,0.0
2014-02-06,0.0,-4.3,True,-2.15,GHCN-Daily,28.13,36.870000000000005,0.0
2014-02-07,0.0,-3.8,True,-1.9,GHCN-Daily,28.58,36.42,0.0
2014-02-08,-1.6,-6.0,True,-3.8,GHCN-Daily,25.16,39.84,0.0
2014-02-09,-1.0,-6.6,True,-3.8,GHCN-Daily,25.16,39.84,0.0
2014-02-10,-1.6,-6.0,True,-3.8,GHCN-Daily,25.16,39.84,0.0
2014-02-11,-3.8,-8.8,True,-6.300000000000001,GHCN-Daily,20.659999999999997,44.34,0.0
2014-02-12,-2.7,-11.0,True,-6.85,GHCN-Daily,19.67,45.33,0.0
2014-02-13,2.2,-3.2,True,-0.5,GHCN-Daily,31.1,33.9,0.0
2014-02-14,5.0,0.0,True,2.5,GHCN-Daily,36.5,28.5,0.0
2014-02-15,2.8,-2.1,True,0.34999999999999987,GHCN-Daily,32.63,32.37,0.0
2014-02-16,-1.0,-5.5,True,-3.25,GHCN-Daily,26.15,38.85,0.0
2014-02-17,0.0,-7.1,True,-3.55,GHCN-Daily,25.61,39.39,0.0
2014-02-18,4.4,-3.2,True,0.6000000000000001,GHCN-Daily,33.08,31.92,0.0
2014-02-19,6.7,-2.7,True,2.0,GHCN-Daily,35.6,29.4,0.0
2014-02-20,6.7,0.6,True,3.65,GHCN-Daily,38.57,26.43,0.0
2014-02-21,8.3,1.7,True,5.0,GHCN-Daily,41.0,24.0,0.0
2014-02-22,11.7,1.1,True,6.3999999999999995,GHCN-Daily,43.519999999999996,21.480000000000004,0.0
2014-02-23,12.8,1.7,True,7.25,GHCN-Daily,45.05,19.950000000000003,0.0
2014-02-24,7.2,-2.1,True,2.55,GHCN-Daily,36.59,28.409999999999997,0.0
2014-02-25,1.7,-3.2,True,-0.7500000000000001,GHCN-Daily,30.65,34.35,0.0
2014-02-26,0.6,-6.6,True,-3.0,GHCN-Daily,26.6,38.4,0.0
2014-02-27,1.7,-9.3,True,-3.8000000000000003,GHCN-Daily,25.16,39.84,0.0
2014-02-28,-3.2,-11.6,True,-7.4,GHCN-Daily,18.68,46.32,0.0
2014-03-01,2.2,-8.2,True,-2.9999999999999996,GHCN-Daily,26.6,38.4,0.0
2014-03-02,6.1,-1.0,True,2.55,GHCN-Daily,36.59,28.409999999999997,0.0
2014-03-03,1.7,-7.7,True,-3.0,GHCN-Daily,26.6,38.4,0.0
2014-03-04,-1.6,-10.5,True,-6.05,GHCN-Daily,21.11,43.89,0.0
2014-03-05,4.4,-3.8,True,0.30000000000000027,GHCN-Daily,32.54,32.46,0.0
2014-03-06,-0.5,-8.2,True,-4.35,GHCN-Daily,24.17,40.83,0.0
2014-03-07,2.2,-2.7,True,-0.25,GHCN-Daily,31.55,33.45,0.0
2014-03-08,15.6,0.0,True,7.8,GHCN-Daily,46.04,18.96,0.0
2014-03-09,8.3,2.2,True,5.25,GHCN-Daily,41.45,23.549999999999997,0.0
2014-03-10,10.6,1.7,True,6.1499999999999995,GHCN-Daily,43.07,21.93,0.0
2014-03-11,18.3,3.3,True,10.8,GHCN-Daily,51.44,13.560000000000002,0.0
2014-03-12,13.9,1.1,True,7.5,GHCN-Daily,45.5,19.5,0.0
2014-03-13,1.1,-7.1,True,-3.0,GHCN-Daily,26.6,38.4,0.0
2014-03-14,5.6,-5.5,True,0.04999999999999982,GHCN-Daily,32.089999999999996,32.910000000000004,0.0
2014-03-15,16.1,4.4,True,10.25,GHCN-Daily,50.45,14.549999999999997,0.0
2014-03-16,6.1,-0.5,True,2.8,GHCN-Daily,37.04,27.96,0.0
2014-03-17,1.1,-3.8,True,-1.3499999999999999,GHCN-Daily,29.57,35.43,0.0
2014-03-18,6.1,-3.8,True,1.15,GHCN-Daily,34.07,30.93,0.0
2014-03-19,7.8,-2.1,True,2.8499999999999996,GHCN-Daily,37.13,27.869999999999997,0.0
2014-03-20,13.3,5.6,True,9.45,GHCN-Daily,49.01,15.990000000000002,0.0
2014-03-21,12.2,1.1,True,6.6499999999999995,GHCN-Daily,43.97,21.03,0.0
2014-03-22,18.3,1.7,True,10.0,GHCN-Daily,50.0,15.0,0.0
2014-03-23,7.8,-2.1,True,2.8499999999999996,GHCN-Daily,37.13,27.869999999999997,0.0
2014-03-24,2.2,-5.5,True,-1.65,GHCN-Daily,29.03,35.97,0.0
2014-03-25,3.9,-4.9,True,-0.5000000000000002,GHCN-Daily,31.099999999999998,33.900000000000006,0.0
2014-03-26,3.9,-3.8,True,0.050000000000000044,GHCN-Daily,32.09,32.91,0.0
2014-03-27,3.9,-4.9,True,-0.5000000000000002,GHCN-Daily,31.099999999999998,33.900000000000006,0.0
2014-03-28,10.6,2.2,True,6.4,GHCN-Daily,43.52,21.479999999999997,0.0
2014-03-29,11.1,5.0,True,8.05,GHCN-Daily,46.49,18.509999999999998,0.0
2014-03-30,12.8,4.4,True,8.600000000000001,GHCN-Daily,47.480000000000004,17.519999999999996,0.0
2014-03-31,13.3,1.1,True,7.2,GHCN-Daily,44.96,20.04,0.0
2014-04-01,13.9,2.8,True,8.35,GHCN-Daily,47.03,17.97,0.0
2014-04-02,8.9,3.3,True,6.1,GHCN-Daily,42.980000000000004,22.019999999999996,0.0
2014-04-03,17.2,3.9,True,10.549999999999999,GHCN-Daily,50.989999999999995,14.010000000000005,0.0
2014-04-04,7.2,5.0,True,6.1,GHCN-Daily,42.980000000000004,22.019999999999996,0.0
2014-04-05,13.9,5.0,True,9.45,GHCN-Daily,49.01,15.990000000000002,0.0
2014-04-06,13.9,2.8,True,8.35,GHCN-Daily,47.03,17.97,0.0
2014-04-07,10.6,2.8,True,6.699999999999999,GHCN-Daily,44.06,20.939999999999998,0.0
2014-04-08,18.9,8.3,True,13.6,GHCN-Daily,56.480000000000004,8.519999999999996,0.0
2014-04-09,17.8,6.1,True,11.95,GHCN-Daily,53.51,11.490000000000002,0.0
2014-04-10,11.7,3.3,True,7.5,GHCN-Daily,45.5,19.5,0.0
2014-04-11,20.6,8.3,True,14.450000000000001,GHCN-Daily,58.010000000000005,6.989999999999995,0.0
2014-04-12,20.0,9.4,True,14.7,GHCN-Daily,58.46,6.539999999999999,0.0
2014-04-13,18.3,8.3,True,13.3,GHCN-Daily,55.94,9.060000000000002,0.0
2014-04-14,18.9,10.6,True,14.75,GHCN-Daily,58.55,6.450000000000003,0.0
2014-04-15,13.3,1.1,True,7.2,GHCN-Daily,44.96,20.04,0.0
2014-04-16,9.4,0.0,True,4.7,GHCN-Daily,40.46,24.54,0.0
2014-04-17,8.3,1.7,True,5.0,GHCN-Daily,41.0,24.0,0.0
2014-04-18,7.8,2.2,True,5.0,GHCN-Daily,41.0,24.0,0.0
2014-04-19,20.0,4.4,True,12.2,GHCN-Daily,53.96,11.04,0.0
2014-04-20,12.2,5.6,True,8.899999999999999,GHCN-Daily,48.019999999999996,16.980000000000004,0.0
2014-04-21,14.4,2.8,True,8.6,GHCN-Daily,47.480000000000004,17.519999999999996,0.0
2014-04-22,16.7,7.2,True,11.95,GHCN-Daily,53.51,11.490000000000002,0.0
2014-04-23,17.2,7.2,True,12.2,GHCN-Daily,53.96,11.04,0.0
2014-04-24,17.8,6.1,True,11.95,GHCN-Daily,53.51,11.490000000000002,0.0
2014-04-25,15.0,6.1,True,10.55,GHCN-Daily,50.99,14.009999999999998,0.0
2014-04-26,19.4,7.8,True,13.6,GHCN-Daily,56.480000000000004,8.519999999999996,0.0
2014-04-27,16.1,7.8,True,11.950000000000001,GHCN-Daily,53.510000000000005,11.489999999999995,0.0
2014-04-28,18.9,7.2,True,13.049999999999999,GHCN-Daily,55.489999999999995,9.510000000000005,0.0
2014-04-29,10.6,6.7,True,8.65,GHCN-Daily,47.57,17.43,0.0
2014-04-30,13.3,5.6,True,9.45,GHCN-Daily,49.01,15.990000000000002,0.0
2014-05-01,21.7,11.7,True,16.7,GHCN-Daily,62.06,2.9399999999999977,0.0
2014-05-02,20.6,11.1,True,15.850000000000001,GHCN-Daily,60.53,4.469999999999999,0.0
2014-05-03,18.9,9.4,True,14.149999999999999,GHCN-Daily,57.47,7.530000000000001,0.0
2014-05-04,18.9,11.7,True,15.299999999999999,GHCN-Daily,59.54,5.460000000000001,0.0
2014-05-05,20.6,10.0,True,15.3,GHCN-Daily,59.540000000000006,5.459999999999994,0.0
2014-05-06,20.6,10.0,True,15.3,GHCN-Daily,59.540000000000006,5.459999999999994,0.0
2014-05-07,17.8,10.0,True,13.9,GHCN-Daily,57.019999999999996,7.980000000000004,0.0
2014-05-08,14.4,10.6,True,12.5,GHCN-Daily,54.5,10.5,0.0
2014-05-09,17.2,13.3,True,15.25,GHCN-Daily,59.45,5.549999999999997,0.0
2014-05-10,25.0,12.2,True,18.6,GHCN-Daily,65.48,0.0,0.480000000000004
2014-05-11,26.1,16.1,True,21.1,GHCN-Daily,69.98,0.0,4.980000000000004
2014-05-12,24.4,13.3,True,18.85,GHCN-Daily,65.93,0.0,0.9300000000000068
2014-05-13,21.1,10.6,True,15.850000000000001,GHCN-Daily,60.53,4.469999999999999,0.0
2014-05-14,17.8,10.0,True,13.9,GHCN-Daily,57.019999999999996,7.980000000000004,0.0
2014-05-15,21.7,15.6,True,18.65,GHCN-Daily,65.57,0.0,0.5699999999999932
2014-05-16,18.9,15.6,True,17.25,GHCN-Daily,63.05,1.9500000000000028,0.0
2014-05-17,21.1,12.8,True,16.950000000000003,GHCN-Daily,62.510000000000005,2.489999999999995,0.0
2014-05-18,20.6,11.1,True,15.850000000000001,GHCN-Daily,60.53,4.469999999999999,0.0
2014-05-19,23.3,10.0,True,16.65,GHCN-Daily,61.97,3.030000000000001,0.0
2014-05-20,26.1,12.8,True,19.450000000000003,GHCN-Daily,67.01,0.0,2.010000000000005
2014-05-21,23.9,15.6,True,19.75,GHCN-Daily,67.55000000000001,0.0,2.5500000000000114
2014-05-22,16.7,14.4,True,15.55,GHCN-Daily,59.99,5.009999999999998,0.0
2014-05-23,20.6,13.9,True,17.25,GHCN-Daily,63.05,1.9500000000000028,0.0
2014-05-24,21.1,13.9,True,17.5,GHCN-Daily,63.5,1.5,0.0
2014-05-25,25.6,13.3,True,19.450000000000003,GHCN-Daily,67.01,0.0,2.010000000000005
2014-05-26,29.4,15.6,True,22.5,GHCN-Daily,72.5,0.0,7.5
2014-05-27,28.9,17.8,True,23.35,GHCN-Daily,74.03,0.0,9.030000000000001
2014-05-28,19.4,11.7,True,15.549999999999999,GHCN-Daily,59.989999999999995,5.010000000000005,0.0
2014-05-29,16.7,11.1,True,13.899999999999999,GHCN-Daily,57.019999999999996,7.980000000000004,0.0
2014-05-30,21.1,11.7,True,16.4,GHCN-Daily,61.519999999999996,3.480000000000004,0.0
2014-05-31,22.2,12.8,True,17.5,GHCN-Daily,63.5,1.5,0.0
2014-06-01,23.9,12.2,True,18.049999999999997,GHCN-Daily,64.49,0.5100000000000051,0.0
2014-06-02,23.3,13.9,True,18.6,GHCN-Daily,65.48,0.0,0.480000000000004
2014-06-03,26.7,16.7,True,21.7,GHCN-Daily,71.06,0.0,6.060000000000002
2014-06-04,27.8,17.2,True,22.5,GHCN-Daily,72.5,0.0,7.5
2014-06-05,25.0,16.7,True,20.85,GHCN-Daily,69.53,0.0,4.530000000000001
2014-06-06,26.1,17.2,True,21.65,GHCN-Daily,70.97,0.0,5.969999999999999
2014-06-07,26.7,16.1,True,21.4,GHCN-Daily,70.52,0.0,5.519999999999996
2014-06-08,29.4,16.1,True,22.75,GHCN-Daily,72.95,0.0,7.950000000000003
2014-06-09,20.0,17.2,True,18.6,GHCN-Daily,65.48,0.0,0.480000000000004
2014-06-10,25.6,19.4,True,22.5,GHCN-Daily,72.5,0.0,7.5
2014-06-11,21.1,16.1,True,18.6,GHCN-Daily,65.48,0.0,0.480000000000004
2014-06-12,24.4,16.1,True,20.25,GHCN-Daily,68.45,0.0,3.450000000000003
2014-06-13,27.2,19.4,True,23.299999999999997,GHCN-Daily,73.94,0.0,8.939999999999998
2014-06-14,26.1,16.7,True,21.4,GHCN-Daily,70.52,0.0,5.519999999999996
2014-06-15,27.8,15.6,True,21.7,GHCN-Daily,71.06,0.0,6.060000000000002
2014-06-16,25.0,17.8,True,21.4,GHCN-Daily,70.52,0.0,5.519999999999996
2014-06-17,27.8,20.0,True,23.9,GHCN-Daily,75.02,0.0,10.019999999999996
2014-06-18,32.8,23.3,True,28.049999999999997,GHCN-Daily,82.49,0.0,17.489999999999995
2014-06-19,24.4,20.6,True,22.5,GHCN-Daily,72.5,0.0,7.5
2014-06-20,28.3,18.3,True,23.3,GHCN-Daily,73.94,0.0,8.939999999999998
2014-06-21,23.9,16.7,True,20.299999999999997,GHCN-Daily,68.53999999999999,0.0,3.539999999999992
2014-06-22,25.0,16.1,True,20.55,GHCN-Daily,68.99000000000001,0.0,3.990000000000009
2014-06-23,27.2,16.7,True,21.95,GHCN-Daily,71.50999999999999,0.0,6.509999999999991
2014-06-24,26.1,18.3,True,22.200000000000003,GHCN-Daily,71.96000000000001,0.0,6.960000000000008
2014-06-25,28.3,20.0,True,24.15,GHCN-Daily,75.47,0.0,10.469999999999999
2014-06-26,31.7,21.1,True,26.4,GHCN-Daily,79.52,0.0,14.519999999999996
2014-06-27,26.1,18.3,True,22.200000000000003,GHCN-Daily,71.96000000000001,0.0,6.960000000000008
2014-06-28,30.0,18.9,True,24.45,GHCN-Daily,76.00999999999999,0.0,11.009999999999991
2014-06-29,26.1,18.3,True,22.200000000000003,GHCN-Daily,71.96000000000001,0.0,6.960000000000008
2014-06-30,26.7,19.4,True,23.049999999999997,GHCN-Daily,73.49,0.0,8.489999999999995
2014-07-01,28.9,21.7,True,25.299999999999997,GHCN-Daily,77.53999999999999,0.0,12.539999999999992
2014-07-02,29.4,21.7,True,25.549999999999997,GHCN-Daily,77.99,0.0,12.989999999999995
2014-07-03,29.4,21.7,True,25.549999999999997,GHCN-Daily,77.99,0.0,12.989999999999995
2014-07-04,24.4,18.9,True,21.65,GHCN-Daily,70.97,0.0,5.969999999999999
2014-07-05,28.9,18.3,True,23.6,GHCN-Daily,74.48,0.0,9.480000000000004
2014-07-06,28.3,18.9,True,23.6,GHCN-Daily,74.48,0.0,9.480000000000004
2014-07-07,28.3,21.1,True,24.700000000000003,GHCN-Daily,76.46000000000001,0.0,11.460000000000008
2014-07-08,31.1,22.2,True,26.65,GHCN-Daily,79.97,0.0,14.969999999999999
2014-07-09,28.9,21.7,True,25.299999999999997,GHCN-Daily,77.53999999999999,0.0,12.539999999999992
2014-07-10,29.4,21.7,True,25.549999999999997,GHCN-Daily,77.99,0.0,12.989999999999995
2014-07-11,29.4,19.4,True,24.4,GHCN-Daily,75.92,0.0,10.920000000000002
2014-07-12,27.8,18.9,True,23.35,GHCN-Daily,74.03,0.0,9.030000000000001
2014-07-13,26.7,20.6,True,23.65,GHCN-Daily,74.57,0.0,9.569999999999993
2014-07-14,28.3,21.1,True,24.700000000000003,GHCN-Daily,76.46000000000001,0.0,11.460000000000008
2014-07-15,27.8,20.6,True,24.200000000000003,GHCN-Daily,75.56,0.0,10.560000000000002
2014-07-16,28.3,21.1,True,24.700000000000003,GHCN-Daily,76.46000000000001,0.0,11.460000000000008
2014-07-17,27.8,19.4,True,23.6,GHCN-Daily,74.48,0.0,9.480000000000004
2014-07-18,28.9,18.3,True,23.6,GHCN-Daily,74.48,0.0,9.480000000000004
2014-07-19,26.1,20.0,True,23.05,GHCN-Daily,73.49000000000001,0.0,8.490000000000009
2014-07-20,25.6,20.0,True,22.8,GHCN-Daily,73.03999999999999,0.0,8.039999999999992
2014-07-21,28.3,18.3,True,23.3,GHCN-Daily,73.94,0.0,8.939999999999998
2014-07-22,28.9,20.0,True,24.45,GHCN-Daily,76.00999999999999,0.0,11.009999999999991
2014-07-23,28.3,21.7,True,25.0,GHCN-Daily,77.0,0.0,12.0
2014-07-24,28.3,22.2,True,25.25,GHCN-Daily,77.45,0.0,12.450000000000003
2014-07-25,28.3,19.4,True,23.85,GHCN-Daily,74.93,0.0,9.930000000000007
2014-07-26,27.2,20.6,True,23.9,GHCN-Daily,75.02,0.0,10.019999999999996
2014-07-27,28.9,21.7,True,25.299999999999997,GHCN-Daily,77.53999999999999,0.0,12.539999999999992
2014-07-28,28.9,20.6,True,24.75,GHCN-Daily,76.55000000000001,0.0,11.550000000000011
2014-07-29,26.1,17.8,True,21.950000000000003,GHCN-Daily,71.51,0.0,6.510000000000005
2014-07-30,26.7,17.8,True,22.25,GHCN-Daily,72.05000000000001,0.0,7.050000000000011
2014-07-31,27.8,18.3,True,23.05,GHCN-Daily,73.49000000000001,0.0,8.490000000000009
2014-08-01,27.8,21.7,True,24.75,GHCN-Daily,76.55000000000001,0.0,11.550000000000011
2014-08-02,24.4,18.3,True,21.35,GHCN-Daily,70.43,0.0,5.430000000000007
2014-08-03,25.6,18.9,True,22.25,GHCN-Daily,72.05000000000001,0.0,7.050000000000011
2014-08-04,27.2,21.1,True,24.15,GHCN-Daily,75.47,0.0,10.469999999999999
2014-08-05,29.4,21.1,True,25.25,GHCN-Daily,77.45,0.0,12.450000000000003
2014-08-06,29.4,21.7,True,25.549999999999997,GHCN-Daily,77.99,0.0,12.989999999999995
2014-08-07,30.0,19.4,True,24.7,GHCN-Daily,76.46000000000001,0.0,11.460000000000008
2014-08-08,28.9,18.3,True,23.6,GHCN-Daily,74.48,0.0,9.480000000000004
2014-08-09,30.0,18.9,True,24.45,GHCN-Daily,76.00999999999999,0.0,11.009999999999991
2014-08-10,30.6,20.0,True,25.3,GHCN-Daily,77.53999999999999,0.0,12.539999999999992
2014-08-11,28.9,19.4,True,24.15,GHCN-Daily,75.47,0.0,10.469999999999999
2014-08-12,26.7,22.2,True,24.45,GHCN-Daily,76.00999999999999,0.0,11.009999999999991
2014-08-13,29.4,20.0,True,24.7,GHCN-Daily,76.46000000000001,0.0,11.460000000000008
2014-08-14,26.7,18.3,True,22.5,GHCN-Daily,72.5,0.0,7.5
2014-08-15,24.4,16.7,True,20.549999999999997,GHCN-Daily,68.99,0.0,3.989999999999995
2014-08-16,25.0,17.2,True,21.1,GHCN-Daily,69.98,0.0,4.980000000000004
2014-08-17,29.4,18.9,True,24.15,GHCN-Daily,75.47,0.0,10.469999999999999
2014-08-18,27.8,17.2,True,22.5,GHCN-Daily,72.5,0.0,7.5
2014-08-19,26.7,17.8,True,22.25,GHCN-Daily,72.05000000000001,0.0,7.050000000000011
2014-08-20,26.7,18.9,True,22.799999999999997,GHCN-Daily,73.03999999999999,0.0,8.039999999999992
2014-08-21,26.1,19.4,True,22.75,GHCN-Daily,72.95,0.0,7.950000000000003
2014-08-22,25.6,19.4,True,22.5,GHCN-Daily,72.5,0.0,7.5
2014-08-23,23.3,18.9,True,21.1,GHCN-Daily,69.98,0.0,4.980000000000004
2014-08-24,27.2,16.7,True,21.95,GHCN-Daily,71.50999999999999,0.0,6.509999999999991
2014-08-25,30.6,17.2,True,23.9,GHCN-Daily,75.02,0.0,10.019999999999996
2014-08-26,27.8,19.4,True,23.6,GHCN-Daily,74.48,0.0,9.480000000000004
2014-08-27,30.0,19.4,True,24.7,GHCN-Daily,76.46000000000001,0.0,11.460000000000008
2014-08-28,28.9,20.0,True,24.45,GHCN-Daily,76.00999999999999,0.0,11.009999999999991
2014-08-29,25.6,17.2,True,21.4,GHCN-Daily,70.52,0.0,5.519999999999996
2014-08-30,25.6,17.2,True,21.4,GHCN-Daily,70.52,0.0,5.519999999999996
2014-08-31,29.4,22.8,True,26.1,GHCN-Daily,78.98,0.0,13.980000000000004
2014-09-01,30.0,23.3,True,26.65,GHCN-Daily,79.97,0.0,14.969999999999999
2014-09-02,33.3,23.3,True,28.299999999999997,GHCN-Daily,82.94,0.0,17.939999999999998
2014-09-03,31.1,22.2,True,26.65,GHCN-Daily,79.97,0.0,14.969999999999999
2014-09-04,29.4,20.0,True,24.7,GHCN-Daily,76.46000000000001,0.0,11.460000000000008
2014-09-05,29.4,21.7,True,25.549999999999997,GHCN-Daily,77.99,0.0,12.989999999999995
2014-09-06,30.0,20.0,True,25.0,GHCN-Daily,77.0,0.0,12.0
2014-09-07,27.8,18.9,True,23.35,GHCN-Daily,74.03,0.0,9.030000000000001
2014-09-08,25.6,18.3,True,21.950000000000003,GHCN-Daily,71.51,0.0,6.510000000000005
2014-09-09,23.9,17.8,True,20.85,GHCN-Daily,69.53,0.0,4.530000000000001
2014-09-10,25.6,17.2,True,21.4,GHCN-Daily,70.52,0.0,5.519999999999996
2014-09-11,29.4,20.6,True,25.0,GHCN-Daily,77.0,0.0,12.0
2014-09-12,26.1,17.2,True,21.65,GHCN-Daily,70.97,0.0,5.969999999999999
2014-09-13,21.1,15.6,True,18.35,GHCN-Daily,65.03,0.0,0.030000000000001137
2014-09-14,22.2,12.2,True,17.2,GHCN-Daily,62.96,2.039999999999999,0.0
2014-09-15,21.7,12.8,True,17.25,GHCN-Daily,63.05,1.9500000000000028,0.0
2014-09-16,19.4,15.6,True,17.5,GHCN-Daily,63.5,1.5,0.0
2014-09-17,22.8,12.8,True,17.8,GHCN-Daily,64.03999999999999,0.960000000000008,0.0
2014-09-18,25.6,13.9,True,19.75,GHCN-Daily,67.55000000000001,0.0,2.5500000000000114
2014-09-19,19.4,13.3,True,16.35,GHCN-Daily,61.43000000000001,3.569999999999993,0.0
2014-09-20,23.9,12.2,True,18.049999999999997,GHCN-Daily,64.49,0.5100000000000051,0.0
2014-09-21,25.0,19.4,True,22.2,GHCN-Daily,71.96000000000001,0.0,6.960000000000008
2014-09-22,22.8,12.8,True,17.8,GHCN-Daily,64.03999999999999,0.960000000000008,0.0
2014-09-23,20.6,10.6,True,15.600000000000001,GHCN-Daily,60.08,4.920000000000002,0.0
2014-09-24,22.2,13.3,True,17.75,GHCN-Daily,63.95,1.0499999999999972,0.0
2014-09-25,17.8,15.6,True,16.7,GHCN-Daily,62.06,2.9399999999999977,0.0
2014-09-26,26.1,15.0,True,20.55,GHCN-Daily,68.99000000000001,0.0,3.990000000000009
2014-09-27,28.9,16.7,True,22.799999999999997,GHCN-Daily,73.03999999999999,0.0,8.039999999999992
2014-09-28,25.6,16.7,True,21.15,GHCN-Daily,70.07,0.0,5.069999999999993
2014-09-29,25.6,17.8,True,21.700000000000003,GHCN-Daily,71.06,0.0,6.060000000000002
2014-09-30,21.1,16.7,True,18.9,GHCN-Daily,66.02,0.0,1.019999999999996
2014-10-01,19.4,16.7,True,18.049999999999997,GHCN-Daily,64.49,0.5100000000000051,0.0
2014-10-02,20.0,16.1,True,18.05,GHCN-Daily,64.49000000000001,0.5099999999999909,0.0
2014-10-03,20.0,12.8,True,16.4,GHCN-Daily,61.519999999999996,3.480000000000004,0.0
2014-10-04,22.2,11.1,True,16.65,GHCN-Daily,61.97,3.030000000000001,0.0
2014-10-05,16.1,8.3,True,12.200000000000001,GHCN-Daily,53.96,11.04,0.0
2014-10-06,21.1,7.2,True,14.15,GHCN-Daily,57.47,7.530000000000001,0.0
2014-10-07,23.3,18.3,True,20.8,GHCN-Daily,69.44,0.0,4.439999999999998
2014-10-08,23.9,16.7,True,20.299999999999997,GHCN-Daily,68.53999999999999,0.0,3.539999999999992
2014-10-09,20.6,13.3,True,16.950000000000003,GHCN-Daily,62.510000000000005,2.489999999999995,0.0
2014-10-10,17.8,11.1,True,14.45,GHCN-Daily,58.01,6.990000000000002,0.0
2014-10-11,15.0,10.0,True,12.5,GHCN-Daily,54.5,10.5,0.0
2014-10-12,18.3,7.8,True,13.05,GHCN-Daily,55.49,9.509999999999998,0.0
2014-10-13,18.9,7.8,True,13.35,GHCN-Daily,56.03,8.969999999999999,0.0
2014-10-14,23.9,17.8,True,20.85,GHCN-Daily,69.53,0.0,4.530000000000001
2014-10-15,24.4,20.0,True,22.2,GHCN-Daily,71.96000000000001,0.0,6.960000000000008
2014-10-16,21.7,15.6,True,18.65,GHCN-Daily,65.57,0.0,0.5699999999999932
2014-10-17,22.2,15.6,True,18.9,GHCN-Daily,66.02,0.0,1.019999999999996
2014-10-18,22.2,13.9,True,18.05,GHCN-Daily,64.49000000000001,0.5099999999999909,0.0
2014-10-19,14.4,6.7,True,10.55,GHCN-Daily,50.99,14.009999999999998,0.0
2014-10-20,16.1,5.6,True,10.850000000000001,GHCN-Daily,51.53,13.469999999999999,0.0
2014-10-21,19.4,11.7,True,15.549999999999999,GHCN-Daily,59.989999999999995,5.010000000000005,0.0
2014-10-22,14.4,11.1,True,12.75,GHCN-Daily,54.95,10.049999999999997,0.0
2014-10-23,12.2,10.6,True,11.399999999999999,GHCN-Daily,52.519999999999996,12.480000000000004,0.0
2014-10-24,17.2,10.6,True,13.899999999999999,GHCN-Daily,57.019999999999996,7.980000000000004,0.0
2014-10-25,20.0,10.0,True,15.0,GHCN-Daily,59.0,6.0,0.0
2014-10-26,18.3,12.2,True,15.25,GHCN-Daily,59.45,5.549999999999997,0.0
2014-10-27,17.8,10.0,True,13.9,GHCN-Daily,57.019999999999996,7.980000000000004,0.0
2014-10-28,21.1,8.9,True,15.0,GHCN-Daily,59.0,6.0,0.0
2014-10-29,23.3,11.1,True,17.2,GHCN-Daily,62.96,2.039999999999999,0.0
2014-10-30,16.1,7.8,True,11.950000000000001,GHCN-Daily,53.510000000000005,11.489999999999995,0.0
2014-10-31,12.8,7.8,True,10.3,GHCN-Daily,50.540000000000006,14.459999999999994,0.0
2014-11-01,9.4,6.1,True,7.75,GHCN-Daily,45.95,19.049999999999997,0.0
2014-11-02,10.0,5.0,True,7.5,GHCN-Daily,45.5,19.5,0.0
2014-11-03,16.1,4.4,True,10.25,GHCN-Daily,50.45,14.549999999999997,0.0
2014-11-04,19.4,10.0,True,14.7,GHCN-Daily,58.46,6.539999999999999,0.0
2014-11-05,18.3,11.1,True,14.7,GHCN-Daily,58.46,6.539999999999999,0.0
2014-11-06,12.2,9.4,True,10.8,GHCN-Daily,51.44,13.560000000000002,0.0
2014-11-07,12.2,5.0,True,8.6,GHCN-Daily,47.480000000000004,17.519999999999996,0.0
2014-11-08,8.9,2.2,True,5.550000000000001,GHCN-Daily,41.99,23.009999999999998,0.0
2014-11-09,13.9,6.7,True,10.3,GHCN-Daily,50.540000000000006,14.459999999999994,0.0
2014-11-10,15.0,3.3,True,9.15,GHCN-Daily,48.47,16.53,0.0
2014-11-11,17.8,5.6,True,11.7,GHCN-Daily,53.06,11.939999999999998,0.0
2014-11-12,18.9,7.2,True,13.049999999999999,GHCN-Daily,55.489999999999995,9.510000000000005,0.0
2014-11-13,9.4,3.3,True,6.35,GHCN-Daily,43.43,21.57,0.0
2014-11-14,6.7,2.8,True,4.75,GHCN-Daily,40.55,24.450000000000003,0.0
2014-11-15,6.1,-1.0,True,2.55,GHCN-Daily,36.59,28.409999999999997,0.0
2014-11-16,7.2,-0.5,True,3.35,GHCN-Daily,38.03,26.97,0.0
2014-11-17,12.8,4.4,True,8.600000000000001,GHCN-Daily,47.480000000000004,17.519999999999996,0.0
2014-11-18,7.8,-3.8,True,2.0,GHCN-Daily,35.6,29.4,0.0
2014-11-19,2.8,-4.9,True,-1.0500000000000003,GHCN-Daily,30.11,34.89,0.0
2014-11-20,8.9,0.0,True,4.45,GHCN-Daily,40.01,24.990000000000002,0.0
2014-11-21,3.3,-2.1,True,0.5999999999999999,GHCN-Daily,33.08,31.92,0.0
2014-11-22,6.7,-3.2,True,1.75,GHCN-Daily,35.15,29.85,0.0
2014-11-23,12.8,6.1,True,9.45,GHCN-Daily,49.01,15.990000000000002,0.0
2014-11-24,17.8,12.8,True,15.3,GHCN-Daily,59.540000000000006,5.459999999999994,0.0
2014-11-25,16.7,8.9,True,12.8,GHCN-Daily,55.040000000000006,9.959999999999994,0.0
2014-11-26,11.1,2.2,True,6.65,GHCN-Daily,43.97,21.03,0.0
2014-11-27,3.9,2.2,True,3.05,GHCN-Daily,37.49,27.509999999999998,0.0
2014-11-28,5.0,-2.1,True,1.45,GHCN-Daily,34.61,30.39,0.0
2014-11-29,7.8,-3.2,True,2.3,GHCN-Daily,36.14,28.86,0.0
2014-11-30,11.7,7.2,True,9.45,GHCN-Daily,49.01,15.990000000000002,0.0
2014-12-01,16.7,5.6,True,11.149999999999999,GHCN-Daily,52.06999999999999,12.930000000000007,0.0
2014-12-02,8.3,2.2,True,5.25,GHCN-Daily,41.45,23.549999999999997,0.0
2014-12-03,8.9,5.6,True,7.25,GHCN-Daily,45.05,19.950000000000003,0.0
2014-12-04,8.3,2.2,True,5.25,GHCN-Daily,41.45,23.549999999999997,0.0
2014-12-05,10.0,1.7,True,5.85,GHCN-Daily,42.53,22.47,0.0
2014-12-06,11.1,5.0,True,8.05,GHCN-Daily,46.49,18.509999999999998,0.0
2014-12-07,6.7,-0.5,True,3.1,GHCN-Daily,37.58,27.42,0.0
2014-12-08,2.8,-3.2,True,-0.20000000000000018,GHCN-Daily,31.64,33.36,0.0
2014-12-09,8.9,2.8,True,5.85,GHCN-Daily,42.53,22.47,0.0
2014-12-10,5.6,1.1,True,3.3499999999999996,GHCN-Daily,38.03,26.97,0.0
2014-12-11,4.4,0.0,True,2.2,GHCN-Daily,35.96,29.04,0.0
2014-12-12,5.0,0.6,True,2.8,GHCN-Daily,37.04,27.96,0.0
2014-12-13,8.3,1.1,True,4.7,GHCN-Daily,40.46,24.54,0.0
2014-12-14,8.3,2.8,True,5.550000000000001,GHCN-Daily,41.99,23.009999999999998,0.0
2014-12-15,8.9,1.1,True,5.0,GHCN-Daily,41.0,24.0,0.0
2014-12-16,10.0,0.6,True,5.3,GHCN-Daily,41.54,23.46,0.0
2014-12-17,12.8,6.1,True,9.45,GHCN-Daily,49.01,15.990000000000002,0.0
2014-12-18,6.7,3.3,True,5.0,GHCN-Daily,41.0,24.0,0.0
2014-12-19,4.4,0.0,True,2.2,GHCN-Daily,35.96,29.04,0.0
2014-12-20,1.1,-0.5,True,0.30000000000000004,GHCN-Daily,32.54,32.46,0.0
2014-12-21,3.3,0.6,True,1.95,GHCN-Daily,35.51,29.490000000000002,0.0
2014-12-22,8.9,2.8,True,5.85,GHCN-Daily,42.53,22.47,0.0
2014-12-23,10.0,8.3,True,9.15,GHCN-Daily,48.47,16.53,0.0
2014-12-24,13.9,8.3,True,11.100000000000001,GHCN-Daily,51.980000000000004,13.019999999999996,0.0
2014-12-25,13.9,5.6,True,9.75,GHCN-Daily,49.55,15.450000000000003,0.0
2014-12-26,10.6,3.3,True,6.949999999999999,GHCN-Daily,44.51,20.490000000000002,0.0
2014-12-27,12.2,2.8,True,7.5,GHCN-Daily,45.5,19.5,0.0
2014-12-28,12.2,5.6,True,8.899999999999999,GHCN-Daily,48.019999999999996,16.980000000000004,0.0
2014-12-29,7.8,1.7,True,4.75,GHCN-Daily,40.55,24.450000000000003,0.0
2014-12-30,2.2,-2.1,True,0.050000000000000044,GHCN-Daily,32.09,32.91,0.0
2014-12-31,1.1,-2.1,True,-0.5,GHCN-Daily,31.1,33.9,0.0
2015-01-01,4.4,-2.1,True,1.1500000000000001,GHCN-Daily,34.07,30.93,0.0
2015-01-02,7.2,1.7,True,4.45,GHCN-Daily,40.01,24.990000000000002,0.0
2015-01-03,8.3,-1.0,True,3.6500000000000004,GHCN-Daily,38.57,26.43,0.0
2015-01-04,12.8,6.1,True,9.45,GHCN-Daily,49.01,15.990000000000002,0.0
2015-01-05,10.6,-4.9,True,2.8499999999999996,GHCN-Daily,37.13,27.869999999999997,0.0
2015-01-06,-4.9,-7.1,True,-6.0,GHCN-Daily,21.2,43.8,0.0
2015-01-07,-3.8,-12.1,True,-7.949999999999999,GHCN-Daily,17.69,47.31,0.0
2015-01-08,-5.5,-13.2,True,-9.35,GHCN-Daily,15.170000000000002,49.83,0.0
2015-01-09,1.1,-6.0,True,-2.45,GHCN-Daily,27.59,37.41,0.0
2015-01-10,-4.3,-7.7,True,-6.0,GHCN-Daily,21.2,43.8,0.0
2015-01-11,3.3,-6.6,True,-1.65,GHCN-Daily,29.03,35.97,0.0
2015-01-12,4.4,1.1,True,2.75,GHCN-Daily,36.95,28.049999999999997,0.0
2015-01-13,2.8,-7.1,True,-2.15,GHCN-Daily,28.13,36.870000000000005,0.0
2015-01-14,0.6,-7.1,True,-3.25,GHCN-Daily,26.15,38.85,0.0
2015-01-15,1.7,-2.7,True,-0.5000000000000001,GHCN-Daily,31.1,33.9,0.0
2015-01-16,7.2,-6.6,True,0.30000000000000027,GHCN-Daily,32.54,32.46,0.0
2015-01-17,0.0,-7.7,True,-3.85,GHCN-Daily,25.07,39.93,0.0
2015-01-18,8.3,-2.7,True,2.8000000000000003,GHCN-Daily,37.04,27.96,0.0
2015-01-19,7.2,1.7,True,4.45,GHCN-Daily,40.01,24.990000000000002,0.0
2015-01-20,5.0,0.0,True,2.5,GHCN-Daily,36.5,28.5,0.0
2015-01-21,3.3,-3.2,True,0.04999999999999982,GHCN-Daily,32.089999999999996,32.910000000000004,0.0
2015-01-22,5.0,-0.5,True,2.25,GHCN-Daily,36.05,28.950000000000003,0.0
2015-01-23,3.9,-2.1,True,0.8999999999999999,GHCN-Daily,33.62,31.380000000000003,0.0
2015-01-24,4.4,0.6,True,2.5,GHCN-Daily,36.5,28.5,0.0
2015-01-25,7.2,0.0,True,3.6,GHCN-Daily,38.480000000000004,26.519999999999996,0.0
2015-01-26,0.0,-4.3,True,-2.15,GHCN-Daily,28.13,36.870000000000005,0.0
2015-01-27,-2.7,-6.6,True,-4.65,GHCN-Daily,23.63,41.370000000000005,0.0
2015-01-28,0.6,-8.2,True,-3.8,GHCN-Daily,25.16,39.84,0.0
2015-01-29,2.8,-8.2,True,-2.6999999999999997,GHCN-Daily,27.14,37.86,0.0
2015-01-30,3.3,-7.1,True,-1.9,GHCN-Daily,28.58,36.42,0.0
2015-01-31,-2.7,-9.9,True,-6.300000000000001,GHCN-Daily,20.659999999999997,44.34,0.0
2015-02-01,2.2,-6.0,True,-1.9,GHCN-Daily,28.58,36.42,0.0
2015-02-02,1.7,-9.3,True,-3.8000000000000003,GHCN-Daily,25.16,39.84,0.0
2015-02-03,-3.2,-9.9,True,-6.550000000000001,GHCN-Daily,20.21,44.79,0.0
2015-02-04,3.9,-5.5,True,-0.8,GHCN-Daily,30.56,34.44,0.0
2015-02-05,3.9,-9.3,True,-2.7,GHCN-Daily,27.14,37.86,0.0
2015-02-06,-2.7,-10.5,True,-6.6,GHCN-Daily,20.12,44.879999999999995,0.0
2015-02-07,2.8,-3.8,True,-0.5,GHCN-Daily,31.1,33.9,0.0
2015-02-08,5.6,-1.6,True,1.9999999999999998,GHCN-Daily,35.6,29.4,0.0
2015-02-09,-1.6,-3.2,True,-2.4000000000000004,GHCN-Daily,27.68,37.32,0.0
2015-02-10,4.4,-3.2,True,0.6000000000000001,GHCN-Daily,33.08,31.92,0.0
2015-02-11,1.7,-4.9,True,-1.6,GHCN-Daily,29.12,35.879999999999995,0.0
2015-02-12,4.4,-7.7,True,-1.65,GHCN-Daily,29.03,35.97,0.0
2015-02-13,-4.9,-12.7,True,-8.8,GHCN-Daily,16.159999999999997,48.84,0.0
2015-02-14,1.7,-8.8,True,-3.5500000000000003,GHCN-Daily,25.61,39.39,0.0
2015-02-15,-2.7,-14.9,True,-8.8,GHCN-Daily,16.159999999999997,48.84,0.0
2015-02-16,-4.9,-14.9,True,-9.9,GHCN-Daily,14.18,50.82,0.0
2015-02-17,-2.7,-8.8,True,-5.75,GHCN-Daily,21.65,43.35,0.0
2015-02-18,-0.5,-9.3,True,-4.9,GHCN-Daily,23.18,41.82,0.0
2015-02-19,-2.7,-12.7,True,-7.699999999999999,GHCN-Daily,18.14,46.86,0.0
2015-02-20,-6.0,-16.0,True,-11.0,GHCN-Daily,12.2,52.8,0.0
2015-02-21,0.6,-11.6,True,-5.5,GHCN-Daily,22.1,42.9,0.0
2015-02-22,6.1,0.0,True,3.05,GHCN-Daily,37.49,27.509999999999998,0.0
2015-02-23,3.3,-12.7,True,-4.699999999999999,GHCN-Daily,23.54,41.46,0.0
2015-02-24,-2.1,-13.8,True,-7.95,GHCN-Daily,17.689999999999998,47.31,0.0
2015-02-25,2.8,-7.1,True,-2.15,GHCN-Daily,28.13,36.870000000000005,0.0
2015-02-26,0.0,-4.9,True,-2.45,GHCN-Daily,27.59,37.41,0.0
2015-02-27,0.0,-6.6,True,-3.3,GHCN-Daily,26.060000000000002,38.94,0.0
2015-02-28,-0.5,-9.3,True,-4.9,GHCN-Daily,23.18,41.82,0.0
2015-03-01,0.6,-6.6,True,-3.0,GHCN-Daily,26.6,38.4,0.0
2015-03-02,3.9,-2.1,True,0.8999999999999999,GHCN-Daily,33.62,31.380000000000003,0.0
2015-03-03,2.2,-7.1,True,-2.4499999999999997,GHCN-Daily,27.59,37.41,0.0
2015-03-04,5.0,0.6,True,2.8,GHCN-Daily,37.04,27.96,0.0
2015-03-05,5.0,-6.0,True,-0.5,GHCN-Daily,31.1,33.9,0.0
2015-03-06,-3.8,-10.5,True,-7.15,GHCN-Daily,19.13,45.870000000000005,0.0
2015-03-07,2.8,-8.8,True,-3.0000000000000004,GHCN-Daily,26.599999999999998,38.400000000000006,0.0
2015-03-08,8.9,-1.0,True,3.95,GHCN-Daily,39.11,25.89,0.0
2015-03-09,12.2,0.0,True,6.1,GHCN-Daily,42.980000000000004,22.019999999999996,0.0
2015-03-10,10.0,1.1,True,5.55,GHCN-Daily,41.99,23.009999999999998,0.0
2015-03-11,16.7,4.4,True,10.55,GHCN-Daily,50.99,14.009999999999998,0.0
2015-03-12,10.0,2.2,True,6.1,GHCN-Daily,42.980000000000004,22.019999999999996,0.0
2015-03-13,5.0,-1.0,True,2.0,GHCN-Daily,35.6,29.4,0.0
2015-03-14,9.4,3.9,True,6.65,GHCN-Daily,43.97,21.03,0.0
2015-03-15,7.8,2.8,True,5.3,GHCN-Daily,41.54,23.46,0.0
2015-03-16,10.0,2.2,True,6.1,GHCN-Daily,42.980000000000004,22.019999999999996,0.0
2015-03-17,15.6,1.1,True,8.35,GHCN-Daily,47.03,17.97,0.0
2015-03-18,5.0,-1.0,True,2.0,GHCN-Daily,35.6,29.4,0.0
2015-03-19,6.7,-1.0,True,2.85,GHCN-Daily,37.13,27.869999999999997,0.0
2015-03-20,4.4,-0.5,True,1.9500000000000002,GHCN-Daily,35.51,29.490000000000002,0.0
2015-03-21,8.9,-1.0,True,3.95,GHCN-Daily,39.11,25.89,0.0
2015-03-22,7.2,-2.1,True,2.55,GHCN-Daily,36.59,28.409999999999997,0.0
2015-03-23,5.0,-4.3,True,0.3500000000000001,GHCN-Daily,32.63,32.37,0.0
2015-03-24,6.1,-3.2,True,1.4499999999999997,GHCN-Daily,34.61,30.39,0.0
2015-03-25,7.8,-1.0,True,3.4,GHCN-Daily,38.12,26.880000000000003,0.0
2015-03-26,12.2,5.0,True,8.6,GHCN-Daily,47.480000000000004,17.519999999999996,0.0
2015-03-27,8.3,5.0,True,6.65,GHCN-Daily,43.97,21.03,0.0
2015-03-28,5.6,-2.1,True,1.7499999999999998,GHCN-Daily,35.15,29.85,0.0
2015-03-29,7.8,-2.7,True,2.55,GHCN-Daily,36.59,28.409999999999997,0.0
2015-03-30,14.4,2.2,True,8.3,GHCN-Daily,46.94,18.060000000000002,0.0
2015-03-31,8.9,2.8,True,5.85,GHCN-Daily,42.53,22.47,0.0
2015-04-01,11.7,1.1,True,6.3999999999999995,GHCN-Daily,43.519999999999996,21.480000000000004,0.0
2015-04-02,13.9,0.6,True,7.25,GHCN-Daily,45.05,19.950000000000003,0.0
2015-04-03,15.0,7.8,True,11.4,GHCN-Daily,52.519999999999996,12.480000000000004,0.0
2015-04-04,13.3,6.7,True,10.0,GHCN-Daily,50.0,15.0,0.0
2015-04-05,18.3,3.3,True,10.8,GHCN-Daily,51.44,13.560000000000002,0.0
2015-04-06,15.6,3.9,True,9.75,GHCN-Daily,49.55,15.450000000000003,0.0
2015-04-07,13.9,6.7,True,10.3,GHCN-Daily,50.540000000000006,14.459999999999994,0.0
2015-04-08,9.4,2.2,True,5.800000000000001,GHCN-Daily,42.44,22.560000000000002,0.0
2015-04-09,6.7,3.3,True,5.0,GHCN-Daily,41.0,24.0,0.0
2015-04-10,14.4,4.4,True,9.4,GHCN-Daily,48.92,16.08,0.0
2015-04-11,16.1,7.2,True,11.65,GHCN-Daily,52.97,12.030000000000001,0.0
2015-04-12,16.1,6.1,True,11.100000000000001,GHCN-Daily,51.980000000000004,13.019999999999996,0.0
2015-04-13,16.7,6.1,True,11.399999999999999,GHCN-Daily,52.519999999999996,12.480000000000004,0.0
2015-04-14,18.9,10.0,True,14.45,GHCN-Daily,58.01,6.990000000000002,0.0
2015-04-15,22.2,10.0,True,16.1,GHCN-Daily,60.980000000000004,4.019999999999996,0.0
2015-04-16,15.6,8.9,True,12.25,GHCN-Daily,54.05,10.950000000000003,0.0
2015-04-17,20.6,11.1,True,15.850000000000001,GHCN-Daily,60.53,4.469999999999999,0.0
2015-04-18,22.8,10.6,True,16.7,GHCN-Daily,62.06,2.9399999999999977,0.0
2015-04-19,16.7,8.3,True,12.5,GHCN-Daily,54.5,10.5,0.0
2015-04-20,14.4,8.3,True,11.350000000000001,GHCN-Daily,52.43000000000001,12.569999999999993,0.0
2015-04-21,19.4,10.0,True,14.7,GHCN-Daily,58.46,6.539999999999999,0.0
2015-04-22,17.2,7.8,True,12.5,GHCN-Daily,54.5,10.5,0.0
2015-04-23,12.2,5.6,True,8.899999999999999,GHCN-Daily,48.019999999999996,16.980000000000004,0.0
2015-04-24,11.1,3.9,True,7.5,GHCN-Daily,45.5,19.5,0.0
2015-04-25,15.0,3.9,True,9.45,GHCN-Daily,49.01,15.990000000000002,0.0
2015-04-26,15.0,6.1,True,10.55,GHCN-Daily,50.99,14.009999999999998,0.0
2015-04-27,17.2,9.4,True,13.3,GHCN-Daily,55.94,9.060000000000002,0.0
2015-04-28,21.7,10.6,True,16.15,GHCN-Daily,61.06999999999999,3.930000000000007,0.0
2015-04-29,25.0,10.0,True,17.5,GHCN-Daily,63.5,1.5,0.0
2015-04-30,17.2,8.9,True,13.05,GHCN-Daily,55.49,9.509999999999998,0.0
2015-05-01,13.3,8.3,True,10.8,GHCN-Daily,51.44,13.560000000000002,0.0
2015-05-02,16.1,6.1,True,11.100000000000001,GHCN-Daily,51.980000000000004,13.019999999999996,0.0
2015-05-03,19.4,7.8,True,13.6,GHCN-Daily,56.480000000000004,8.519999999999996,0.0
2015-05-04,23.3,10.0,True,16.65,GHCN-Daily,61.97,3.030000000000001,0.0
2015-05-05,27.8,12.8,True,20.3,GHCN-Daily,68.53999999999999,0.0,3.539999999999992
2015-05-06,21.1,12.2,True,16.65,GHCN-Daily,61.97,3.030000000000001,0.0
2015-05-07,22.2,10.6,True,16.4,GHCN-Daily,61.519999999999996,3.480000000000004,0.0
2015-05-08,22.2,11.7,True,16.95,GHCN-Daily,62.51,2.490000000000002,0.0
2015-05-09,17.8,14.4,True,16.1,GHCN-Daily,60.980000000000004,4.019999999999996,0.0
2015-05-10,23.3,14.4,True,18.85,GHCN-Daily,65.93,0.0,0.9300000000000068
2015-05-11,25.0,16.7,True,20.85,GHCN-Daily,69.53,0.0,4.530000000000001
2015-05-12,30.6,18.3,True,24.450000000000003,GHCN-Daily,76.01,0.0,11.010000000000005
2015-05-13,22.8,12.8,True,17.8,GHCN-Daily,64.03999999999999,0.960000000000008,0.0
2015-05-14,21.7,10.6,True,16.15,GHCN-Daily,61.06999999999999,3.930000000000007,0.0
2015-05-15,21.7,11.7,True,16.7,GHCN-Daily,62.06,2.9399999999999977,0.0
2015-05-16,21.1,14.4,True,17.75,GHCN-Daily,63.95,1.0499999999999972,0.0
2015-05-17,27.2,16.1,True,21.65,GHCN-Daily,70.97,0.0,5.969999999999999
2015-05-18,20.0,13.9,True,16.95,GHCN-Daily,62.51,2.490000000000002,0.0
2015-05-19,23.9,13.9,True,18.9,GHCN-Daily,66.02,0.0,1.019999999999996
2015-05-20,20.6,12.2,True,16.4,GHCN-Daily,61.519999999999996,3.480000000000004,0.0
2015-05-21,16.7,11.1,True,13.899999999999999,GHCN-Daily,57.019999999999996,7.980000000000004,0.0
2015-05-22,26.1,12.2,True,19.15,GHCN-Daily,66.47,0.0,1.4699999999999989
2015-05-23,20.0,10.6,True,15.3,GHCN-Daily,59.540000000000006,5.459999999999994,0.0
2015-05-24,23.3,11.7,True,17.5,GHCN-Daily,63.5,1.5,0.0
2015-05-25,25.0,13.9,True,19.45,GHCN-Daily,67.00999999999999,0.0,2.009999999999991
2015-05-26,24.4,15.6,True,20.0,GHCN-Daily,68.0,0.0,3.0
2015-05-27,23.3,16.1,True,19.700000000000003,GHCN-Daily,67.46000000000001,0.0,2.460000000000008
2015-05-28,25.6,15.6,True,20.6,GHCN-Daily,69.08000000000001,0.0,4.0800000000000125
2015-05-29,26.7,17.2,True,21.95,GHCN-Daily,71.50999999999999,0.0,6.509999999999991
2015-05-30,25.6,16.7,True,21.15,GHCN-Daily,70.07,0.0,5.069999999999993
2015-05-31,26.1,17.2,True,21.65,GHCN-Daily,70.97,0.0,5.969999999999999
2015-06-01,17.2,11.1,True,14.149999999999999,GHCN-Daily,57.47,7.530000000000001,0.0
2015-06-02,13.3,10.6,True,11.95,GHCN-Daily,53.51,11.490000000000002,0.0
2015-06-03,20.0,11.7,True,15.85,GHCN-Daily,60.53,4.469999999999999,0.0
2015-06-04,19.4,12.8,True,16.1,GHCN-Daily,60.980000000000004,4.019999999999996,0.0
2015-06-05,20.6,13.9,True,17.25,GHCN-Daily,63.05,1.9500000000000028,0.0
2015-06-06,26.1,15.0,True,20.55,GHCN-Daily,68.99000000000001,0.0,3.990000000000009
2015-06-07,21.7,13.3,True,17.5,GHCN-Daily,63.5,1.5,0.0
2015-06-08,22.8,16.1,True,19.450000000000003,GHCN-Daily,67.01,0.0,2.010000000000005
2015-06-09,29.4,17.8,True,23.6,GHCN-Daily,74.48,0.0,9.480000000000004
2015-06-10,26.1,18.3,True,22.200000000000003,GHCN-Daily,71.96000000000001,0.0,6.960000000000008
2015-06-11,30.6,18.9,True,24.75,GHCN-Daily,76.55000000000001,0.0,11.550000000000011
2015-06-12,29.4,21.7,True,25.549999999999997,GHCN-Daily,77.99,0.0,12.989999999999995
2015-06-13,31.1,19.4,True,25.25,GHCN-Daily,77.45,0.0,12.450000000000003
2015-06-14,30.0,18.9,True,24.45,GHCN-Daily,76.00999999999999,0.0,11.009999999999991
2015-06-15,27.2,18.9,True,23.049999999999997,GHCN-Daily,73.49,0.0,8.489999999999995
2015-06-16,26.1,18.9,True,22.5,GHCN-Daily,72.5,0.0,7.5
2015-06-17,27.2,18.9,True,23.049999999999997,GHCN-Daily,73.49,0.0,8.489999999999995
2015-06-18,21.7,18.3,True,20.0,GHCN-Daily,68.0,0.0,3.0
2015-06-19,31.7,19.4,True,25.549999999999997,GHCN-Daily,77.99,0.0,12.989999999999995
2015-06-20,23.9,19.4,True,21.65,GHCN-Daily,70.97,0.0,5.969999999999999
2015-06-21,32.2,21.7,True,26.950000000000003,GHCN-Daily,80.51,0.0,15.510000000000005
2015-06-22,31.7,23.3,True,27.5,GHCN-Daily,81.5,0.0,16.5
2015-06-23,31.7,22.2,True,26.95,GHCN-Daily,80.50999999999999,0.0,15.509999999999991
2015-06-24,30.0,20.6,True,25.3,GHCN-Daily,77.53999999999999,0.0,12.539999999999992
2015-06-25,27.8,19.4,True,23.6,GHCN-Daily,74.48,0.0,9.480000000000004
2015-06-26,27.2,20.6,True,23.9,GHCN-Daily,75.02,0.0,10.019999999999996
2015-06-27,21.7,16.7,True,19.2,GHCN-Daily,66.56,0.0,1.5600000000000023
2015-06-28,24.4,17.8,True,21.1,GHCN-Daily,69.98,0.0,4.980000000000004
2015-06-29,26.1,17.8,True,21.950000000000003,GHCN-Daily,71.51,0.0,6.510000000000005
2015-06-30,27.2,18.9,True,23.049999999999997,GHCN-Daily,73.49,0.0,8.489999999999995
2015-07-01,29.4,21.7,True,25.549999999999997,GHCN-Daily,77.99,0.0,12.989999999999995
2015-07-02,26.7,20.6,True,23.65,GHCN-Daily,74.57,0.0,9.569999999999993
2015-07-03,27.8,18.3,True,23.05,GHCN-Daily,73.49000000000001,0.0,8.490000000000009
2015-07-04,26.7,19.4,True,23.049999999999997,GHCN-Daily,73.49,0.0,8.489999999999995
2015-07-05,27.2,19.4,True,23.299999999999997,GHCN-Daily,73.94,0.0,8.939999999999998
2015-07-06,28.3,20.6,True,24.450000000000003,GHCN-Daily,76.01,0.0,11.010000000000005
2015-07-07,28.9,23.3,True,26.1,GHCN-Daily,78.98,0.0,13.980000000000004
2015-07-08,31.7,23.3,True,27.5,GHCN-Daily,81.5,0.0,16.5
2015-07-09,25.0,22.2,True,23.6,GHCN-Daily,74.48,0.0,9.480000000000004
2015-07-10,30.0,22.8,True,26.4,GHCN-Daily,79.52,0.0,14.519999999999996
2015-07-11,30.0,21.1,True,25.55,GHCN-Daily,77.99000000000001,0.0,12.990000000000009
2015-07-12,30.0,21.7,True,25.85,GHCN-Daily,78.53,0.0,13.530000000000001
2015-07-13,28.9,22.2,True,25.549999999999997,GHCN-Daily,77.99,0.0,12.989999999999995
2015-07-14,26.7,22.8,True,24.75,GHCN-Daily,76.55000000000001,0.0,11.550000000000011
2015-07-15,27.8,22.8,True,25.3,GHCN-Daily,77.53999999999999,0.0,12.539999999999992
2015-07-16,26.1,18.9,True,22.5,GHCN-Daily,72.5,0.0,7.5
2015-07-17,26.7,19.4,True,23.049999999999997,GHCN-Daily,73.49,0.0,8.489999999999995
2015-07-18,28.3,22.8,True,25.55,GHCN-Daily,77.99000000000001,0.0,12.990000000000009
2015-07-19,31.7,23.9,True,27.799999999999997,GHCN-Daily,82.03999999999999,0.0,17.039999999999992
2015-07-20,35.0,26.1,True,30.55,GHCN-Daily,86.99000000000001,0.0,21.99000000000001
2015-07-21,31.7,24.4,True,28.049999999999997,GHCN-Daily,82.49,0.0,17.489999999999995
2015-07-22,31.7,22.2,True,26.95,GHCN-Daily,80.50999999999999,0.0,15.509999999999991
2015-07-23,31.1,21.1,True,26.1,GHCN-Daily,78.98,0.0,13.980000000000004
2015-07-24,30.6,20.0,True,25.3,GHCN-Daily,77.53999999999999,0.0,12.539999999999992
2015-07-25,28.9,21.1,True,25.0,GHCN-Daily,77.0,0.0,12.0
2015-07-26,30.6,21.7,True,26.15,GHCN-Daily,79.07,0.0,14.069999999999993
2015-07-27,29.4,23.9,True,26.65,GHCN-Daily,79.97,0.0,14.969999999999999
2015-07-28,31.7,22.8,True,27.25,GHCN-Daily,81.05000000000001,0.0,16.05000000000001
2015-07-29,35.0,23.3,True,29.15,GHCN-Daily,84.47,0.0,19.47
2015-07-30,29.4,24.4,True,26.9,GHCN-Daily,80.42,0.0,15.420000000000002
2015-07-31,33.9,22.8,True,28.35,GHCN-Daily,83.03,0.0,18.03
2015-08-01,32.8,23.3,True,28.049999999999997,GHCN-Daily,82.49,0.0,17.489999999999995
2015-08-02,30.6,21.1,True,25.85,GHCN-Daily,78.53,0.0,13.530000000000001
2015-08-03,31.7,21.7,True,26.7,GHCN-Daily,80.06,0.0,15.060000000000002
2015-08-04,33.3,21.1,True,27.2,GHCN-Daily,80.96000000000001,0.0,15.960000000000008
2015-08-05,32.8,21.7,True,27.25,GHCN-Daily,81.05000000000001,0.0,16.05000000000001
2015-08-06,30.0,20.6,True,25.3,GHCN-Daily,77.53999999999999,0.0,12.539999999999992
2015-08-07,30.0,20.6,True,25.3,GHCN-Daily,77.53999999999999,0.0,12.539999999999992
2015-08-08,28.3,19.4,True,23.85,GHCN-Daily,74.93,0.0,9.930000000000007
2015-08-09,30.6,18.9,True,24.75,GHCN-Daily,76.55000000000001,0.0,11.550000000000011
2015-08-10,27.2,20.0,True,23.6,GHCN-Daily,74.48,0.0,9.480000000000004
2015-08-11,27.2,22.2,True,24.7,GHCN-Daily,76.46000000000001,0.0,11.460000000000008
2015-08-12,31.1,22.8,True,26.950000000000003,GHCN-Daily,80.51,0.0,15.510000000000005
2015-08-13,30.6,20.6,True,25.6,GHCN-Daily,78.08000000000001,0.0,13.080000000000013
2015-08-14,30.0,18.9,True,24.45,GHCN-Daily,76.00999999999999,0.0,11.009999999999991
2015-08-15,31.1,21.1,True,26.1,GHCN-Daily,78.98,0.0,13.980000000000004
2015-08-16,32.2,23.3,True,27.75,GHCN-Daily,81.95,0.0,16.950000000000003
2015-08-17,32.8,23.3,True,28.049999999999997,GHCN-Daily,82.49,0.0,17.489999999999995
2015-08-18,30.0,23.9,True,26.95,GHCN-Daily,80.50999999999999,0.0,15.509999999999991
2015-08-19,30.0,24.4,True,27.2,GHCN-Daily,80.96000000000001,0.0,15.960000000000008
2015-08-20,30.6,25.0,True,27.8,GHCN-Daily,82.03999999999999,0.0,17.039999999999992
2015-08-21,30.6,22.8,True,26.700000000000003,GHCN-Daily,80.06,0.0,15.060000000000002
2015-08-22,30.0,21.1,True,25.55,GHCN-Daily,77.99000000000001,0.0,12.990000000000009
2015-08-23,28.3,20.6,True,24.450000000000003,GHCN-Daily,76.01,0.0,11.010000000000005
2015-08-24,28.9,21.7,True,25.299999999999997,GHCN-Daily,77.53999999999999,0.0,12.539999999999992
2015-08-25,29.4,23.9,True,26.65,GHCN-Daily,79.97,0.0,14.969999999999999
2015-08-26,28.9,20.0,True,24.45,GHCN-Daily,76.00999999999999,0.0,11.009999999999991
2015-08-27,28.3,20.0,True,24.15,GHCN-Daily,75.47,0.0,10.469999999999999
2015-08-28,27.8,17.8,True,22.8,GHCN-Daily,73.03999999999999,0.0,8.039999999999992
2015-08-29,28.9,20.0,True,24.45,GHCN-Daily,76.00999999999999,0.0,11.009999999999991
2015-08-30,28.9,20.6,True,24.75,GHCN-Daily,76.55000000000001,0.0,11.550000000000011
2015-08-31,32.8,23.9,True,28.349999999999998,GHCN-Daily,83.03,0.0,18.03
2015-09-01,30.6,22.8,True,26.700000000000003,GHCN-Daily,80.06,0.0,15.060000000000002
2015-09-02,30.0,21.7,True,25.85,GHCN-Daily,78.53,0.0,13.530000000000001
2015-09-03,33.9,22.8,True,28.35,GHCN-Daily,83.03,0.0,18.03
2015-09-04,29.4,21.1,True,25.25,GHCN-Daily,77.45,0.0,12.450000000000003
2015-09-05,27.2,17.2,True,22.2,GHCN-Daily,71.96000000000001,0.0,6.960000000000008
2015-09-06,26.7,16.7,True,21.7,GHCN-Daily,71.06,0.0,6.060000000000002
2015-09-07,30.0,21.1,True,25.55,GHCN-Daily,77.99000000000001,0.0,12.990000000000009
2015-09-08,32.8,22.8,True,27.799999999999997,GHCN-Daily,82.03999999999999,0.0,17.039999999999992
2015-09-09,30.6,23.9,True,27.25,GHCN-Daily,81.05000000000001,0.0,16.05000000000001
2015-09-10,26.1,21.7,True,23.9,GHCN-Daily,75.02,0.0,10.019999999999996
2015-09-11,27.8,18.9,True,23.35,GHCN-Daily,74.03,0.0,9.030000000000001
2015-09-12,26.7,20.0,True,23.35,GHCN-Daily,74.03,0.0,9.030000000000001
2015-09-13,26.1,16.7,True,21.4,GHCN-Daily,70.52,0.0,5.519999999999996
2015-09-14,25.6,15.6,True,20.6,GHCN-Daily,69.08000000000001,0.0,4.0800000000000125
2015-09-15,26.7,16.7,True,21.7,GHCN-Daily,71.06,0.0,6.060000000000002
2015-09-16,28.9,16.7,True,22.799999999999997,GHCN-Daily,73.03999999999999,0.0,8.039999999999992
2015-09-17,28.9,17.8,True,23.35,GHCN-Daily,74.03,0.0,9.030000000000001
2015-09-18,28.3,18.3,True,23.3,GHCN-Daily,73.94,0.0,8.939999999999998
2015-09-19,26.7,20.0,True,23.35,GHCN-Daily,74.03,0.0,9.030000000000001
2015-09-20,26.7,17.8,True,22.25,GHCN-Daily,72.05000000000001,0.0,7.050000000000011
2015-09-21,22.2,15.0,True,18.6,GHCN-Daily,65.48,0.0,0.480000000000004
2015-09-22,22.8,17.2,True,20.0,GHCN-Daily,68.0,0.0,3.0
2015-09-23,26.7,14.4,True,20.55,GHCN-Daily,68.99000000000001,0.0,3.990000000000009
2015-09-24,28.3,15.0,True,21.65,GHCN-Daily,70.97,0.0,5.969999999999999
2015-09-25,23.9,17.2,True,20.549999999999997,GHCN-Daily,68.99,0.0,3.989999999999995
2015-09-26,22.8,15.0,True,18.9,GHCN-Daily,66.02,0.0,1.019999999999996
2015-09-27,22.2,13.3,True,17.75,GHCN-Daily,63.95,1.0499999999999972,0.0
2015-09-28,26.1,16.1,True,21.1,GHCN-Daily,69.98,0.0,4.980000000000004
2015-09-29,26.7,20.6,True,23.65,GHCN-Daily,74.57,0.0,9.569999999999993
2015-09-30,25.6,15.6,True,20.6,GHCN-Daily,69.08000000000001,0.0,4.0800000000000125
2015-10-01,16.1,13.3,True,14.700000000000001,GHCN-Daily,58.46,6.539999999999999,0.0
2015-10-02,13.9,10.0,True,11.95,GHCN-Daily,53.51,11.490000000000002,0.0
2015-10-03,13.9,10.6,True,12.25,GHCN-Daily,54.05,10.950000000000003,0.0
2015-10-04,18.9,12.2,True,15.549999999999999,GHCN-Daily,59.989999999999995,5.010000000000005,0.0
2015-10-05,19.4,11.7,True,15.549999999999999,GHCN-Daily,59.989999999999995,5.010000000000005,0.0
2015-10-06,23.3,10.6,True,16.95,GHCN-Daily,62.51,2.490000000000002,0.0
2015-10-07,21.7,13.9,True,17.8,GHCN-Daily,64.03999999999999,0.960000000000008,0.0
2015-10-08,21.1,12.8,True,16.950000000000003,GHCN-Daily,62.510000000000005,2.489999999999995,0.0
2015-10-09,23.3,16.1,True,19.700000000000003,GHCN-Daily,67.46000000000001,0.0,2.460000000000008
2015-10-10,18.9,11.1,True,15.0,GHCN-Daily,59.0,6.0,0.0
2015-10-11,20.0,10.0,True,15.0,GHCN-Daily,59.0,6.0,0.0
2015-10-12,22.2,11.7,True,16.95,GHCN-Daily,62.51,2.490000000000002,0.0
2015-10-13,23.3,15.6,True,19.45,GHCN-Daily,67.00999999999999,0.0,2.009999999999991
2015-10-14,21.1,14.4,True,17.75,GHCN-Daily,63.95,1.0499999999999972,0.0
2015-10-15,18.3,11.1,True,14.7,GHCN-Daily,58.46,6.539999999999999,0.0
2015-10-16,18.9,12.2,True,15.549999999999999,GHCN-Daily,59.989999999999995,5.010000000000005,0.0
2015-10-17,14.4,6.1,True,10.25,GHCN-Daily,50.45,14.549999999999997,0.0
2015-10-18,11.7,3.3,True,7.5,GHCN-Daily,45.5,19.5,0.0
2015-10-19,11.1,2.2,True,6.65,GHCN-Daily,43.97,21.03,0.0
2015-10-20,21.1,9.4,True,15.25,GHCN-Daily,59.45,5.549999999999997,0.0
2015-10-21,21.7,11.1,True,16.4,GHCN-Daily,61.519999999999996,3.480000000000004,0.0
2015-10-22,21.1,11.7,True,16.4,GHCN-Daily,61.519999999999996,3.480000000000004,0.0
2015-10-23,18.9,6.7,True,12.799999999999999,GHCN-Daily,55.04,9.96,0.0
2015-10-24,15.0,5.6,True,10.3,GHCN-Daily,50.540000000000006,14.459999999999994,0.0
2015-10-25,21.1,9.4,True,15.25,GHCN-Daily,59.45,5.549999999999997,0.0
2015-10-26,15.6,7.2,True,11.4,GHCN-Daily,52.519999999999996,12.480000000000004,0.0
2015-10-27,15.0,5.6,True,10.3,GHCN-Daily,50.540000000000006,14.459999999999994,0.0
2015-10-28,20.0,11.1,True,15.55,GHCN-Daily,59.99,5.009999999999998,0.0
2015-10-29,23.3,15.0,True,19.15,GHCN-Daily,66.47,0.0,1.4699999999999989
2015-10-30,17.2,8.3,True,12.75,GHCN-Daily,54.95,10.049999999999997,0.0
2015-10-31,12.8,4.4,True,8.600000000000001,GHCN-Daily,47.480000000000004,17.519999999999996,0.0
2015-11-01,17.8,12.2,True,15.0,GHCN-Daily,59.0,6.0,0.0
2015-11-02,18.3,10.6,True,14.45,GHCN-Daily,58.01,6.990000000000002,0.0
2015-11-03,21.1,7.2,True,14.15,GHCN-Daily,57.47,7.530000000000001,0.0
2015-11-04,20.6,10.0,True,15.3,GHCN-Daily,59.540000000000006,5.459999999999994,0.0
2015-11-05,20.6,11.7,True,16.15,GHCN-Daily,61.06999999999999,3.930000000000007,0.0
2015-11-06,23.9,16.7,True,20.299999999999997,GHCN-Daily,68.53999999999999,0.0,3.539999999999992
2015-11-07,21.1,12.8,True,16.950000000000003,GHCN-Daily,62.510000000000005,2.489999999999995,0.0
2015-11-08,15.6,6.1,True,10.85,GHCN-Daily,51.53,13.469999999999999,0.0
2015-11-09,15.0,3.9,True,9.45,GHCN-Daily,49.01,15.990000000000002,0.0
2015-11-10,15.0,11.7,True,13.35,GHCN-Daily,56.03,8.969999999999999,0.0
2015-11-11,15.0,10.0,True,12.5,GHCN-Daily,54.5,10.5,0.0
2015-11-12,15.6,11.1,True,13.35,GHCN-Daily,56.03,8.969999999999999,0.0
2015-11-13,16.1,8.9,True,12.5,GHCN-Daily,54.5,10.5,0.0
2015-11-14,10.6,5.6,True,8.1,GHCN-Daily,46.58,18.42,0.0
2015-11-15,15.0,4.4,True,9.7,GHCN-Daily,49.46,15.54,0.0
2015-11-16,20.6,7.2,True,13.9,GHCN-Daily,57.019999999999996,7.980000000000004,0.0
2015-11-17,11.7,4.4,True,8.05,GHCN-Daily,46.49,18.509999999999998,0.0
2015-11-18,15.6,6.1,True,10.85,GHCN-Daily,51.53,13.469999999999999,0.0
2015-11-19,17.2,14.4,True,15.8,GHCN-Daily,60.44,4.560000000000002,0.0
2015-11-20,17.2,7.2,True,12.2,GHCN-Daily,53.96,11.04,0.0
2015-11-21,12.8,5.6,True,9.2,GHCN-Daily,48.56,16.439999999999998,0.0
2015-11-22,14.4,6.7,True,10.55,GHCN-Daily,50.99,14.009999999999998,0.0
2015-11-23,7.8,1.7,True,4.75,GHCN-Daily,40.55,24.450000000000003,0.0
2015-11-24,8.9,-0.5,True,4.2,GHCN-Daily,39.56,25.439999999999998,0.0
2015-11-25,10.6,0.0,True,5.3,GHCN-Daily,41.54,23.46,0.0
2015-11-26,15.6,1.7,True,8.65,GHCN-Daily,47.57,17.43,0.0
2015-11-27,17.2,6.1,True,11.649999999999999,GHCN-Daily,52.97,12.030000000000001,0.0
2015-11-28,18.3,7.8,True,13.05,GHCN-Daily,55.49,9.509999999999998,0.0
2015-11-29,10.0,3.3,True,6.65,GHCN-Daily,43.97,21.03,0.0
2015-11-30,10.0,1.1,True,5.55,GHCN-Daily,41.99,23.009999999999998,0.0
2015-12-01,11.7,7.8,True,9.75,GHCN-Daily,49.55,15.450000000000003,0.0
2015-12-02,13.9,8.3,True,11.100000000000001,GHCN-Daily,51.980000000000004,13.019999999999996,0.0
2015-12-03,13.3,7.2,True,10.25,GHCN-Daily,50.45,14.549999999999997,0.0
2015-12-04,11.7,5.0,True,8.35,GHCN-Daily,47.03,17.97,0.0
2015-12-05,11.7,1.7,True,6.699999999999999,GHCN-Daily,44.06,20.939999999999998,0.0
2015-12-06,10.6,3.3,True,6.949999999999999,GHCN-Daily,44.51,20.490000000000002,0.0
2015-12-07,12.8,4.4,True,8.600000000000001,GHCN-Daily,47.480000000000004,17.519999999999996,0.0
2015-12-08,10.6,4.4,True,7.5,GHCN-Daily,45.5,19.5,0.0
2015-12-09,12.8,1.1,True,6.95,GHCN-Daily,44.51,20.490000000000002,0.0
2015-12-10,15.0,8.9,True,11.95,GHCN-Daily,53.51,11.490000000000002,0.0
2015-12-11,14.4,7.8,True,11.1,GHCN-Daily,51.980000000000004,13.019999999999996,0.0
2015-12-12,17.8,9.4,True,13.600000000000001,GHCN-Daily,56.480000000000004,8.519999999999996,0.0
2015-12-13,21.1,11.7,True,16.4,GHCN-Daily,61.519999999999996,3.480000000000004,0.0
2015-12-14,16.1,11.7,True,13.9,GHCN-Daily,57.019999999999996,7.980000000000004,0.0
2015-12-15,17.8,11.7,True,14.75,GHCN-Daily,58.55,6.450000000000003,0.0
2015-12-16,11.7,7.2,True,9.45,GHCN-Daily,49.01,15.990000000000002,0.0
2015-12-17,15.0,10.0,True,12.5,GHCN-Daily,54.5,10.5,0.0
2015-12-18,14.4,3.9,True,9.15,GHCN-Daily,48.47,16.53,0.0
2015-12-19,5.0,2.2,True,3.6,GHCN-Daily,38.480000000000004,26.519999999999996,0.0
2015-12-20,6.7,1.7,True,4.2,GHCN-Daily,39.56,25.439999999999998,0.0
2015-12-21,12.8,3.3,True,8.05,GHCN-Daily,46.49,18.509999999999998,0.0
2015-12-22,15.6,11.1,True,13.35,GHCN-Daily,56.03,8.969999999999999,0.0
2015-12-23,17.2,8.9,True,13.05,GHCN-Daily,55.49,9.509999999999998,0.0
2015-12-24,20.6,13.9,True,17.25,GHCN-Daily,63.05,1.9500000000000028,0.0
2015-12-25,17.8,11.1,True,14.45,GHCN-Daily,58.01,6.990000000000002,0.0
2015-12-26,15.6,9.4,True,12.5,GHCN-Daily,54.5,10.5,0.0
2015-12-27,17.2,8.9,True,13.05,GHCN-Daily,55.49,9.509999999999998,0.0
2015-12-28,8.9,1.7,True,5.3,GHCN-Daily,41.54,23.46,0.0
2015-12-29,9.4,1.1,True,5.25,GHCN-Daily,41.45,23.549999999999997,0.0
2015-12-30,10.6,5.0,True,7.8,GHCN-Daily,46.04,18.96,0.0
2015-12-31,11.1,6.1,True,8.6,GHCN-Daily,47.480000000000004,17.519999999999996,0.0
2016-01-01,6.7,2.2,True,4.45,GHCN-Daily,40.01,24.990000000000002,0.0
2016-01-02,5.0,1.1,True,3.05,GHCN-Daily,37.49,27.509999999999998,0.0
2016-01-03,8.9,1.7,True,5.3,GHCN-Daily,41.54,23.46,0.0
2016-01-04,3.3,-9.3,True,-3.0000000000000004,GHCN-Daily,26.599999999999998,38.400000000000006,0.0
2016-01-05,-1.6,-11.0,True,-6.3,GHCN-Daily,20.66,44.34,0.0
2016-01-06,4.4,-6.0,True,-0.7999999999999998,GHCN-Daily,30.56,34.44,0.0
2016-01-07,7.8,-2.7,True,2.55,GHCN-Daily,36.59,28.409999999999997,0.0
2016-01-08,8.3,0.0,True,4.15,GHCN-Daily,39.47,25.53,0.0
2016-01-09,11.7,4.4,True,8.05,GHCN-Daily,46.49,18.509999999999998,0.0
2016-01-10,14.4,5.0,True,9.7,GHCN-Daily,49.46,15.54,0.0
2016-01-11,5.0,-3.2,True,0.8999999999999999,GHCN-Daily,33.62,31.380000000000003,0.0
2016-01-12,7.2,-5.5,True,0.8500000000000001,GHCN-Daily,33.53,31.47,0.0
2016-01-13,-0.5,-4.3,True,-2.4,GHCN-Daily,27.68,37.32,0.0
2016-01-14,3.9,-4.3,True,-0.19999999999999996,GHCN-Daily,31.64,33.36,0.0
2016-01-15,10.6,-0.5,True,5.05,GHCN-Daily,41.09,23.909999999999997,0.0
2016-01-16,12.2,6.1,True,9.149999999999999,GHCN-Daily,48.47,16.53,0.0
2016-01-17,6.1,-0.5,True,2.8,GHCN-Daily,37.04,27.96,0.0
2016-01-18,0.6,-6.6,True,-3.0,GHCN-Daily,26.6,38.4,0.0
2016-01-19,-0.5,-7.7,True,-4.1,GHCN-Daily,24.62,40.379999999999995,0.0
2016-01-20,4.4,-2.1,True,1.1500000000000001,GHCN-Daily,34.07,30.93,0.0
2016-01-21,3.9,-2.7,True,0.5999999999999999,GHCN-Daily,33.08,31.92,0.0
2016-01-22,-1.0,-6.0,True,-3.5,GHCN-Daily,25.7,39.3,0.0
2016-01-23,-0.5,-3.2,True,-1.85,GHCN-Daily,28.67,36.33,0.0
2016-01-24,1.7,-7.1,True,-2.6999999999999997,GHCN-Daily,27.14,37.86,0.0
2016-01-25,3.9,-6.6,True,-1.3499999999999999,GHCN-Daily,29.57,35.43,0.0
2016-01-26,7.2,1.7,True,4.45,GHCN-Daily,40.01,24.990000000000002,0.0
2016-01-27,7.2,-0.5,True,3.35,GHCN-Daily,38.03,26.97,0.0
2016-01-28,5.6,-3.8,True,0.8999999999999999,GHCN-Daily,33.62,31.380000000000003,0.0
2016-01-29,5.6,-0.5,True,2.55,GHCN-Daily,36.59,28.409999999999997,0.0
2016-01-30,3.9,-2.1,True,0.8999999999999999,GHCN-Daily,33.62,31.380000000000003,0.0
2016-01-31,8.9,0.6,True,4.75,GHCN-Daily,40.55,24.450000000000003,0.0
2016-02-01,15.6,4.4,True,10.0,GHCN-Daily,50.0,15.0,0.0
2016-02-02,11.1,2.2,True,6.65,GHCN-Daily,43.97,21.03,0.0
2016-02-03,13.3,3.9,True,8.6,GHCN-Daily,47.480000000000004,17.519999999999996,0.0
2016-02-04,12.8,6.1,True,9.45,GHCN-Daily,49.01,15.990000000000002,0.0
2016-02-05,6.1,0.0,True,3.05,GHCN-Daily,37.49,27.509999999999998,0.0
2016-02-06,3.3,-4.9,True,-0.8000000000000003,GHCN-Daily,30.56,34.44,0.0
2016-02-07,7.2,-1.6,True,2.8,GHCN-Daily,37.04,27.96,0.0
2016-02-08,3.9,-2.1,True,0.8999999999999999,GHCN-Daily,33.62,31.380000000000003,0.0
2016-02-09,2.8,-3.2,True,-0.20000000000000018,GHCN-Daily,31.64,33.36,0.0
2016-02-10,4.4,0.0,True,2.2,GHCN-Daily,35.96,29.04,0.0
2016-02-11,0.0,-6.6,True,-3.3,GHCN-Daily,26.060000000000002,38.94,0.0
2016-02-12,-3.2,-8.2,True,-5.699999999999999,GHCN-Daily,21.740000000000002,43.26,0.0
2016-02-13,-3.8,-13.8,True,-8.8,GHCN-Daily,16.159999999999997,48.84,0.0
2016-02-14,-8.2,-17.1,True,-12.65,GHCN-Daily,9.23,55.769999999999996,0.0
2016-02-15,6.7,-10.5,True,-1.9,GHCN-Daily,28.58,36.42,0.0
2016-02-16,12.2,3.9,True,8.049999999999999,GHCN-Daily,46.489999999999995,18.510000000000005,0.0
2016-02-17,5.0,2.2,True,3.6,GHCN-Daily,38.480000000000004,26.519999999999996,0.0
2016-02-18,2.8,-2.7,True,0.04999999999999982,GHCN-Daily,32.089999999999996,32.910000000000004,0.0
2016-02-19,5.0,-4.3,True,0.3500000000000001,GHCN-Daily,32.63,32.37,0.0
2016-02-20,15.0,4.4,True,9.7,GHCN-Daily,49.46,15.54,0.0
2016-02-21,14.4,3.9,True,9.15,GHCN-Daily,48.47,16.53,0.0
2016-02-22,10.0,1.7,True,5.85,GHCN-Daily,42.53,22.47,0.0
2016-02-23,6.1,2.2,True,4.15,GHCN-Daily,39.47,25.53,0.0
2016-02-24,14.4,3.3,True,8.85,GHCN-Daily,47.93,17.07,0.0
2016-02-25,15.0,3.3,True,9.15,GHCN-Daily,48.47,16.53,0.0
2016-02-26,4.4,-1.6,True,1.4000000000000001,GHCN-Daily,34.52,30.479999999999997,0.0
2016-02-27,4.4,-2.1,True,1.1500000000000001,GHCN-Daily,34.07,30.93,0.0
2016-02-28,14.4,1.7,True,8.05,GHCN-Daily,46.49,18.509999999999998,0.0
2016-02-29,16.7,5.6,True,11.149999999999999,GHCN-Daily,52.06999999999999,12.930000000000007,0.0
2016-03-01,11.7,5.0,True,8.35,GHCN-Daily,47.03,17.97,0.0
2016-03-02,11.7,-1.0,True,5.35,GHCN-Daily,41.629999999999995,23.370000000000005,0.0
2016-03-03,2.8,-2.7,True,0.04999999999999982,GHCN-Daily,32.089999999999996,32.910000000000004,0.0
2016-03-04,3.9,-1.0,True,1.45,GHCN-Daily,34.61,30.39,0.0
2016-03-05,5.6,-1.6,True,1.9999999999999998,GHCN-Daily,35.6,29.4,0.0
2016-03-06,7.2,-0.5,True,3.35,GHCN-Daily,38.03,26.97,0.0
2016-03-07,11.7,1.7,True,6.699999999999999,GHCN-Daily,44.06,20.939999999999998,0.0
2016-03-08,16.1,4.4,True,10.25,GHCN-Daily,50.45,14.549999999999997,0.0
2016-03-09,16.7,5.0,True,10.85,GHCN-Daily,51.53,13.469999999999999,0.0
2016-03-10,21.1,11.7,True,16.4,GHCN-Daily,61.519999999999996,3.480000000000004,0.0
2016-03-11,20.0,10.0,True,15.0,GHCN-Daily,59.0,6.0,0.0
2016-03-12,12.2,4.4,True,8.3,GHCN-Daily,46.94,18.060000000000002,0.0
2016-03-13,17.2,8.3,True,12.75,GHCN-Daily,54.95,10.049999999999997,0.0
2016-03-14,10.6,6.1,True,8.35,GHCN-Daily,47.03,17.97,0.0
2016-03-15,13.9,7.2,True,10.55,GHCN-Daily,50.99,14.009999999999998,0.0
2016-03-16,14.4,5.6,True,10.0,GHCN-Daily,50.0,15.0,0.0
2016-03-17,17.2,6.7,True,11.95,GHCN-Daily,53.51,11.490000000000002,0.0
2016-03-18,16.1,6.7,True,11.4,GHCN-Daily,52.519999999999996,12.480000000000004,0.0
2016-03-19,8.3,2.2,True,5.25,GHCN-Daily,41.45,23.549999999999997,0.0
2016-03-20,7.2,1.1,True,4.15,GHCN-Daily,39.47,25.53,0.0
2016-03-21,10.6,0.6,True,5.6,GHCN-Daily,42.08,22.92,0.0
2016-03-22,11.7,2.2,True,6.949999999999999,GHCN-Daily,44.51,20.490000000000002,0.0
2016-03-23,22.2,7.2,True,14.7,GHCN-Daily,58.46,6.539999999999999,0.0
2016-03-24,13.3,7.2,True,10.25,GHCN-Daily,50.45,14.549999999999997,0.0
2016-03-25,20.0,7.2,True,13.6,GHCN-Daily,56.480000000000004,8.519999999999996,0.0
2016-03-26,11.1,3.3,True,7.199999999999999,GHCN-Daily,44.96,20.04,0.0
2016-03-27,9.4,4.4,True,6.9,GHCN-Daily,44.42,20.58,0.0
2016-03-28,17.8,6.1,True,11.95,GHCN-Daily,53.51,11.490000000000002,0.0
2016-03-29,12.8,4.4,True,8.600000000000001,GHCN-Daily,47.480000000000004,17.519999999999996,0.0
2016-03-30,9.4,2.2,True,5.800000000000001,GHCN-Daily,42.44,22.560000000000002,0.0
2016-03-31,18.3,7.8,True,13.05,GHCN-Daily,55.49,9.509999999999998,0.0
2016-04-01,18.9,11.1,True,15.0,GHCN-Daily,59.0,6.0,0.0
2016-04-02,15.6,8.3,True,11.95,GHCN-Daily,53.51,11.490000000000002,0.0
2016-04-03,9.4,2.2,True,5.800000000000001,GHCN-Daily,42.44,22.560000000000002,0.0
2016-04-04,9.4,-0.5,True,4.45,GHCN-Daily,40.01,24.990000000000002,0.0
2016-04-05,6.1,-3.2,True,1.4499999999999997,GHCN-Daily,34.61,30.39,0.0
2016-04-06,8.9,-2.7,True,3.1,GHCN-Daily,37.58,27.42,0.0
2016-04-07,15.0,8.9,True,11.95,GHCN-Daily,53.51,11.490000000000002,0.0
2016-04-08,10.0,3.9,True,6.95,GHCN-Daily,44.51,20.490000000000002,0.0
2016-04-09,7.2,0.6,True,3.9,GHCN-Daily,39.019999999999996,25.980000000000004,0.0
2016-04-10,9.4,-0.5,True,4.45,GHCN-Daily,40.01,24.990000000000002,0.0
2016-04-11,12.8,6.7,True,9.75,GHCN-Daily,49.55,15.450000000000003,0.0
2016-04-12,15.6,6.1,True,10.85,GHCN-Daily,51.53,13.469999999999999,0.0
2016-04-13,12.8,2.8,True,7.800000000000001,GHCN-Daily,46.04,18.96,0.0
2016-04-14,13.9,3.3,True,8.6,GHCN-Daily,47.480000000000004,17.519999999999996,0.0
2016-04-15,14.4,3.3,True,8.85,GHCN-Daily,47.93,17.07,0.0
2016-04-16,19.4,3.9,True,11.649999999999999,GHCN-Daily,52.97,12.030000000000001,0.0
2016-04-17,20.6,6.1,True,13.350000000000001,GHCN-Daily,56.03,8.969999999999999,0.0
2016-04-18,25.6,7.2,True,16.400000000000002,GHCN-Daily,61.52,3.479999999999997,0.0
2016-04-19,22.2,11.1,True,16.65,GHCN-Daily,61.97,3.030000000000001,0.0
2016-04-20,19.4,8.9,True,14.149999999999999,GHCN-Daily,57.47,7.530000000000001,0.0
2016-04-21,17.8,8.3,True,13.05,GHCN-Daily,55.49,9.509999999999998,0.0
2016-04-22,21.7,11.7,True,16.7,GHCN-Daily,62.06,2.9399999999999977,0.0
2016-04-23,21.7,12.2,True,16.95,GHCN-Daily,62.51,2.490000000000002,0.0
2016-04-24,17.8,8.3,True,13.05,GHCN-Daily,55.49,9.509999999999998,0.0
2016-04-25,16.7,8.3,True,12.5,GHCN-Daily,54.5,10.5,0.0
2016-04-26,18.3,8.3,True,13.3,GHCN-Daily,55.94,9.060000000000002,0.0
2016-04-27,12.2,7.8,True,10.0,GHCN-Daily,50.0,15.0,0.0
2016-04-28,15.0,8.3,True,11.65,GHCN-Daily,52.97,12.030000000000001,0.0
2016-04-29,13.9,8.3,True,11.100000000000001,GHCN-Daily,51.980000000000004,13.019999999999996,0.0
2016-04-30,15.6,8.3,True,11.95,GHCN-Daily,53.51,11.490000000000002,0.0
2016-05-01,10.0,7.2,True,8.6,GHCN-Daily,47.480000000000004,17.519999999999996,0.0
2016-05-02,13.3,7.8,True,10.55,GHCN-Daily,50.99,14.009999999999998,0.0
2016-05-03,12.2,10.0,True,11.1,GHCN-Daily,51.980000000000004,13.019999999999996,0.0
2016-05-04,11.7,9.4,True,10.55,GHCN-Daily,50.99,14.009999999999998,0.0
2016-05-05,13.9,8.3,True,11.100000000000001,GHCN-Daily,51.980000000000004,13.019999999999996,0.0
2016-05-06,11.7,8.9,True,10.3,GHCN-Daily,50.540000000000006,14.459999999999994,0.0
2016-05-07,13.3,8.9,True,11.100000000000001,GHCN-Daily,51.980000000000004,13.019999999999996,0.0
2016-05-08,20.0,8.9,True,14.45,GHCN-Daily,58.01,6.990000000000002,0.0
2016-05-09,22.8,8.3,True,15.55,GHCN-Daily,59.99,5.009999999999998,0.0
2016-05-10,16.1,8.9,True,12.5,GHCN-Daily,54.5,10.5,0.0
2016-05-11,21.7,8.9,True,15.3,GHCN-Daily,59.540000000000006,5.459999999999994,0.0
2016-05-12,23.9,10.6,True,17.25,GHCN-Daily,63.05,1.9500000000000028,0.0
2016-05-13,18.3,11.1,True,14.7,GHCN-Daily,58.46,6.539999999999999,0.0
2016-05-14,21.1,13.3,True,17.200000000000003,GHCN-Daily,62.96000000000001,2.039999999999992,0.0
2016-05-15,15.6,8.3,True,11.95,GHCN-Daily,53.51,11.490000000000002,0.0
2016-05-16,20.0,6.7,True,13.35,GHCN-Daily,56.03,8.969999999999999,0.0
2016-05-17,17.8,11.7,True,14.75,GHCN-Daily,58.55,6.450000000000003,0.0
2016-05-18,18.9,11.1,True,15.0,GHCN-Daily,59.0,6.0,0.0
2016-05-19,17.8,11.7,True,14.75,GHCN-Daily,58.55,6.450000000000003,0.0
2016-05-20,23.9,9.4,True,16.65,GHCN-Daily,61.97,3.030000000000001,0.0
2016-05-21,16.7,10.0,True,13.35,GHCN-Daily,56.03,8.969999999999999,0.0
2016-05-22,21.1,12.2,True,16.65,GHCN-Daily,61.97,3.030000000000001,0.0
2016-05-23,21.1,11.1,True,16.1,GHCN-Daily,60.980000000000004,4.019999999999996,0.0
2016-05-24,25.0,15.6,True,20.3,GHCN-Daily,68.53999999999999,0.0,3.539999999999992
2016-05-25,30.6,13.9,True,22.25,GHCN-Daily,72.05000000000001,0.0,7.050000000000011
2016-05-26,28.9,16.7,True,22.799999999999997,GHCN-Daily,73.03999999999999,0.0,8.039999999999992
2016-05-27,25.0,17.2,True,21.1,GHCN-Daily,69.98,0.0,4.980000000000004
2016-05-28,26.1,17.8,True,21.950000000000003,GHCN-Daily,71.51,0.0,6.510000000000005
2016-05-29,25.6,17.8,True,21.700000000000003,GHCN-Daily,71.06,0.0,6.060000000000002
2016-05-30,25.0,17.8,True,21.4,GHCN-Daily,70.52,0.0,5.519999999999996
2016-05-31,26.1,18.9,True,22.5,GHCN-Daily,72.5,0.0,7.5
2016-06-01,29.4,17.8,True,23.6,GHCN-Daily,74.48,0.0,9.480000000000004
2016-06-02,22.2,16.1,True,19.15,GHCN-Daily,66.47,0.0,1.4699999999999989
2016-06-03,19.4,17.2,True,18.299999999999997,GHCN-Daily,64.94,0.060000000000002274,0.0
2016-06-04,25.6,17.2,True,21.4,GHCN-Daily,70.52,0.0,5.519999999999996
2016-06-05,21.7,18.9,True,20.299999999999997,GHCN-Daily,68.53999999999999,0.0,3.539999999999992
2016-06-06,28.9,19.4,True,24.15,GHCN-Daily,75.47,0.0,10.469999999999999
2016-06-07,28.9,18.9,True,23.9,GHCN-Daily,75.02,0.0,10.019999999999996
2016-06-08,21.1,12.2,True,16.65,GHCN-Daily,61.97,3.030000000000001,0.0
2016-06-09,23.3,12.8,True,18.05,GHCN-Daily,64.49000000000001,0.5099999999999909,0.0
2016-06-10,26.1,15.0,True,20.55,GHCN-Daily,68.99000000000001,0.0,3.990000000000009
2016-06-11,30.6,14.4,True,22.5,GHCN-Daily,72.5,0.0,7.5
2016-06-12,30.6,17.2,True,23.9,GHCN-Daily,75.02,0.0,10.019999999999996
2016-06-13,25.0,14.4,True,19.7,GHCN-Daily,67.46000000000001,0.0,2.460000000000008
2016-06-14,27.8,15.6,True,21.7,GHCN-Daily,71.06,0.0,6.060000000000002
2016-06-15,28.3,16.7,True,22.5,GHCN-Daily,72.5,0.0,7.5
2016-06-16,22.2,17.2,True,19.7,GHCN-Daily,67.46000000000001,0.0,2.460000000000008
2016-06-17,25.0,15.0,True,20.0,GHCN-Daily,68.0,0.0,3.0
2016-06-18,25.6,15.6,True,20.6,GHCN-Daily,69.08000000000001,0.0,4.0800000000000125
2016-06-19,27.2,17.2,True,22.2,GHCN-Daily,71.96000000000001,0.0,6.960000000000008
2016-06-20,24.4,17.2,True,20.799999999999997,GHCN-Daily,69.44,0.0,4.439999999999998
2016-06-21,31.1,21.1,True,26.1,GHCN-Daily,78.98,0.0,13.980000000000004
2016-06-22,33.3,19.4,True,26.349999999999998,GHCN-Daily,79.43,0.0,14.430000000000007
2016-06-23,28.9,20.6,True,24.75,GHCN-Daily,76.55000000000001,0.0,11.550000000000011
2016-06-24,29.4,20.0,True,24.7,GHCN-Daily,76.46000000000001,0.0,11.460000000000008
2016-06-25,27.2,18.3,True,22.75,GHCN-Daily,72.95,0.0,7.950000000000003
2016-06-26,26.7,18.9,True,22.799999999999997,GHCN-Daily,73.03999999999999,0.0,8.039999999999992
2016-06-27,27.2,18.9,True,23.049999999999997,GHCN-Daily,73.49,0.0,8.489999999999995
2016-06-28,24.4,21.1,True,22.75,GHCN-Daily,72.95,0.0,7.950000000000003
2016-06-29,31.7,21.1,True,26.4,GHCN-Daily,79.52,0.0,14.519999999999996
2016-06-30,29.4,21.1,True,25.25,GHCN-Daily,77.45,0.0,12.450000000000003
2016-07-01,26.7,20.0,True,23.35,GHCN-Daily,74.03,0.0,9.030000000000001
2016-07-02,27.2,20.6,True,23.9,GHCN-Daily,75.02,0.0,10.019999999999996
2016-07-03,27.2,19.4,True,23.299999999999997,GHCN-Daily,73.94,0.0,8.939999999999998
2016-07-04,27.8,18.9,True,23.35,GHCN-Daily,74.03,0.0,9.030000000000001
2016-07-05,32.2,22.2,True,27.200000000000003,GHCN-Daily,80.96000000000001,0.0,15.960000000000008
2016-07-06,31.1,22.2,True,26.65,GHCN-Daily,79.97,0.0,14.969999999999999
2016-07-07,31.1,23.9,True,27.5,GHCN-Daily,81.5,0.0,16.5
2016-07-08,30.6,20.0,True,25.3,GHCN-Daily,77.53999999999999,0.0,12.539999999999992
2016-07-09,22.2,18.9,True,20.549999999999997,GHCN-Daily,68.99,0.0,3.989999999999995
2016-07-10,28.9,20.0,True,24.45,GHCN-Daily,76.00999999999999,0.0,11.009999999999991
2016-07-11,27.8,19.4,True,23.6,GHCN-Daily,74.48,0.0,9.480000000000004
2016-07-12,26.7,18.9,True,22.799999999999997,GHCN-Daily,73.03999999999999,0.0,8.039999999999992
2016-07-13,27.8,21.1,True,24.450000000000003,GHCN-Daily,76.01,0.0,11.010000000000005
2016-07-14,29.4,23.3,True,26.35,GHCN-Daily,79.43,0.0,14.430000000000007
2016-07-15,33.3,25.0,True,29.15,GHCN-Daily,84.47,0.0,19.47
2016-07-16,31.1,23.3,True,27.200000000000003,GHCN-Daily,80.96000000000001,0.0,15.960000000000008
2016-07-17,30.6,22.8,True,26.700000000000003,GHCN-Daily,80.06,0.0,15.060000000000002
2016-07-18,32.8,23.3,True,28.049999999999997,GHCN-Daily,82.49,0.0,17.489999999999995
2016-07-19,30.0,23.3,True,26.65,GHCN-Daily,79.97,0.0,14.969999999999999
2016-07-20,27.2,20.0,True,23.6,GHCN-Daily,74.48,0.0,9.480000000000004
2016-07-21,29.4,21.1,True,25.25,GHCN-Daily,77.45,0.0,12.450000000000003
2016-07-22,32.2,22.8,True,27.5,GHCN-Daily,81.5,0.0,16.5
2016-07-23,36.7,25.0,True,30.85,GHCN-Daily,87.53,0.0,22.53
2016-07-24,32.2,22.8,True,27.5,GHCN-Daily,81.5,0.0,16.5
2016-07-25,30.6,23.3,True,26.950000000000003,GHCN-Daily,80.51,0.0,15.510000000000005
2016-07-26,33.9,23.3,True,28.6,GHCN-Daily,83.48,0.0,18.480000000000004
2016-07-27,31.1,23.9,True,27.5,GHCN-Daily,81.5,0.0,16.5
2016-07-28,31.1,23.3,True,27.200000000000003,GHCN-Daily,80.96000000000001,0.0,15.960000000000008
2016-07-29,30.0,21.1,True,25.55,GHCN-Daily,77.99000000000001,0.0,12.990000000000009
2016-07-30,29.4,22.8,True,26.1,GHCN-Daily,78.98,0.0,13.980000000000004
2016-07-31,26.7,22.8,True,24.75,GHCN-Daily,76.55000000000001,0.0,11.550000000000011
2016-08-01,25.6,21.1,True,23.35,GHCN-Daily,74.03,0.0,9.030000000000001
2016-08-02,26.1,19.4,True,22.75,GHCN-Daily,72.95,0.0,7.950000000000003
2016-08-03,26.1,17.8,True,21.950000000000003,GHCN-Daily,71.51,0.0,6.510000000000005
2016-08-04,26.7,17.8,True,22.25,GHCN-Daily,72.05000000000001,0.0,7.050000000000011
2016-08-05,27.2,20.0,True,23.6,GHCN-Daily,74.48,0.0,9.480000000000004
2016-08-06,28.9,23.3,True,26.1,GHCN-Daily,78.98,0.0,13.980000000000004
2016-08-07,31.7,20.0,True,25.85,GHCN-Daily,78.53,0.0,13.530000000000001
2016-08-08,28.9,22.8,True,25.85,GHCN-Daily,78.53,0.0,13.530000000000001
2016-08-09,30.0,21.7,True,25.85,GHCN-Daily,78.53,0.0,13.530000000000001
2016-08-10,28.9,23.3,True,26.1,GHCN-Daily,78.98,0.0,13.980000000000004
2016-08-11,33.3,25.6,True,29.45,GHCN-Daily,85.00999999999999,0.0,20.00999999999999
2016-08-12,32.2,25.0,True,28.6,GHCN-Daily,83.48,0.0,18.480000000000004
2016-08-13,32.8,26.7,True,29.75,GHCN-Daily,85.55000000000001,0.0,20.55000000000001
2016-08-14,35.0,27.8,True,31.4,GHCN-Daily,88.52,0.0,23.519999999999996
2016-08-15,31.1,25.6,True,28.35,GHCN-Daily,83.03,0.0,18.03
2016-08-16,30.6,25.0,True,27.8,GHCN-Daily,82.03999999999999,0.0,17.039999999999992
2016-08-17,30.6,25.0,True,27.8,GHCN-Daily,82.03999999999999,0.0,17.039999999999992
2016-08-18,29.4,23.3,True,26.35,GHCN-Daily,79.43,0.0,14.430000000000007
2016-08-19,30.6,24.4,True,27.5,GHCN-Daily,81.5,0.0,16.5
2016-08-20,30.6,23.3,True,26.950000000000003,GHCN-Daily,80.51,0.0,15.510000000000005
2016-08-21,28.9,24.4,True,26.65,GHCN-Daily,79.97,0.0,14.969999999999999
2016-08-22,27.2,20.0,True,23.6,GHCN-Daily,74.48,0.0,9.480000000000004
2016-08-23,26.1,17.8,True,21.950000000000003,GHCN-Daily,71.51,0.0,6.510000000000005
2016-08-24,29.4,19.4,True,24.4,GHCN-Daily,75.92,0.0,10.920000000000002
2016-08-25,27.2,21.1,True,24.15,GHCN-Daily,75.47,0.0,10.469999999999999
2016-08-26,33.3,22.8,True,28.049999999999997,GHCN-Daily,82.49,0.0,17.489999999999995
2016-08-27,30.6,23.3,True,26.950000000000003,GHCN-Daily,80.51,0.0,15.510000000000005
2016-08-28,28.3,22.8,True,25.55,GHCN-Daily,77.99000000000001,0.0,12.990000000000009
2016-08-29,34.4,22.2,True,28.299999999999997,GHCN-Daily,82.94,0.0,17.939999999999998
2016-08-30,27.8,21.7,True,24.75,GHCN-Daily,76.55000000000001,0.0,11.550000000000011
2016-08-31,29.4,22.8,True,26.1,GHCN-Daily,78.98,0.0,13.980000000000004
2016-09-01,26.1,21.7,True,23.9,GHCN-Daily,75.02,0.0,10.019999999999996
2016-09-02,26.7,19.4,True,23.049999999999997,GHCN-Daily,73.49,0.0,8.489999999999995
2016-09-03,25.0,20.0,True,22.5,GHCN-Daily,72.5,0.0,7.5
2016-09-04,26.7,18.3,True,22.5,GHCN-Daily,72.5,0.0,7.5
2016-09-05,28.9,18.3,True,23.6,GHCN-Daily,74.48,0.0,9.480000000000004
2016-09-06,25.6,21.1,True,23.35,GHCN-Daily,74.03,0.0,9.030000000000001
2016-09-07,30.0,21.1,True,25.55,GHCN-Daily,77.99000000000001,0.0,12.990000000000009
2016-09-08,27.8,21.1,True,24.450000000000003,GHCN-Daily,76.01,0.0,11.010000000000005
2016-09-09,32.8,25.0,True,28.9,GHCN-Daily,84.02,0.0,19.019999999999996
2016-09-10,30.0,23.9,True,26.95,GHCN-Daily,80.50999999999999,0.0,15.509999999999991
2016-09-11,29.4,20.0,True,24.7,GHCN-Daily,76.46000000000001,0.0,11.460000000000008
2016-09-12,25.0,15.6,True,20.3,GHCN-Daily,68.53999999999999,0.0,3.539999999999992
2016-09-13,25.6,17.2,True,21.4,GHCN-Daily,70.52,0.0,5.519999999999996
2016-09-14,28.3,20.0,True,24.15,GHCN-Daily,75.47,0.0,10.469999999999999
2016-09-15,23.9,16.7,True,20.299999999999997,GHCN-Daily,68.53999999999999,0.0,3.539999999999992
2016-09-16,23.3,13.3,True,18.3,GHCN-Daily,64.94,0.060000000000002274,0.0
2016-09-17,23.9,13.3,True,18.6,GHCN-Daily,65.48,0.0,0.480000000000004
2016-09-18,26.7,20.6,True,23.65,GHCN-Daily,74.57,0.0,9.569999999999993
2016-09-19,23.3,21.1,True,22.200000000000003,GHCN-Daily,71.96000000000001,0.0,6.960000000000008
2016-09-20,27.8,20.6,True,24.200000000000003,GHCN-Daily,75.56,0.0,10.560000000000002
2016-09-21,29.4,18.3,True,23.85,GHCN-Daily,74.93,0.0,9.930000000000007
2016-09-22,28.3,16.7,True,22.5,GHCN-Daily,72.5,0.0,7.5
2016-09-23,26.1,16.1,True,21.1,GHCN-Daily,69.98,0.0,4.980000000000004
2016-09-24,22.2,14.4,True,18.3,GHCN-Daily,64.94,0.060000000000002274,0.0
2016-09-25,21.1,11.7,True,16.4,GHCN-Daily,61.519999999999996,3.480000000000004,0.0
2016-09-26,22.2,10.6,True,16.4,GHCN-Daily,61.519999999999996,3.480000000000004,0.0
2016-09-27,23.9,16.1,True,20.0,GHCN-Daily,68.0,0.0,3.0
2016-09-28,21.1,15.0,True,18.05,GHCN-Daily,64.49000000000001,0.5099999999999909,0.0
2016-09-29,17.8,15.0,True,16.4,GHCN-Daily,61.519999999999996,3.480000000000004,0.0
2016-09-30,16.7,15.0,True,15.85,GHCN-Daily,60.53,4.469999999999999,0.0
2016-10-01,17.2,14.4,True,15.8,GHCN-Daily,60.44,4.560000000000002,0.0
2016-10-02,18.3,14.4,True,16.35,GHCN-Daily,61.43000000000001,3.569999999999993,0.0
2016-10-03,22.8,16.1,True,19.450000000000003,GHCN-Daily,67.01,0.0,2.010000000000005
2016-10-04,21.1,13.9,True,17.5,GHCN-Daily,63.5,1.5,0.0
2016-10-05,20.6,10.6,True,15.600000000000001,GHCN-Daily,60.08,4.920000000000002,0.0
2016-10-06,21.7,11.1,True,16.4,GHCN-Daily,61.519999999999996,3.480000000000004,0.0
2016-10-07,22.8,11.1,True,16.95,GHCN-Daily,62.51,2.490000000000002,0.0
2016-10-08,21.7,12.8,True,17.25,GHCN-Daily,63.05,1.9500000000000028,0.0
2016-10-09,18.9,11.7,True,15.299999999999999,GHCN-Daily,59.54,5.460000000000001,0.0
2016-10-10,17.8,8.3,True,13.05,GHCN-Daily,55.49,9.509999999999998,0.0
2016-10-11,17.2,7.2,True,12.2,GHCN-Daily,53.96,11.04,0.0
2016-10-12,18.9,9.4,True,14.149999999999999,GHCN-Daily,57.47,7.530000000000001,0.0
2016-10-13,21.1,10.0,True,15.55,GHCN-Daily,59.99,5.009999999999998,0.0
2016-10-14,17.2,8.3,True,12.75,GHCN-Daily,54.95,10.049999999999997,0.0
2016-10-15,17.8,7.2,True,12.5,GHCN-Daily,54.5,10.5,0.0
2016-10-16,20.6,10.6,True,15.600000000000001,GHCN-Daily,60.08,4.920000000000002,0.0
2016-10-17,23.9,16.1,True,20.0,GHCN-Daily,68.0,0.0,3.0
2016-10-18,23.9,16.1,True,20.0,GHCN-Daily,68.0,0.0,3.0
2016-10-19,30.0,16.1,True,23.05,GHCN-Daily,73.49000000000001,0.0,8.490000000000009
2016-10-20,22.2,15.0,True,18.6,GHCN-Daily,65.48,0.0,0.480000000000004
2016-10-21,22.8,15.6,True,19.2,GHCN-Daily,66.56,0.0,1.5600000000000023
2016-10-22,15.6,8.9,True,12.25,GHCN-Daily,54.05,10.950000000000003,0.0
2016-10-23,17.8,7.8,True,12.8,GHCN-Daily,55.040000000000006,9.959999999999994,0.0
2016-10-24,18.9,8.9,True,13.899999999999999,GHCN-Daily,57.019999999999996,7.980000000000004,0.0
2016-10-25,12.2,6.7,True,9.45,GHCN-Daily,49.01,15.990000000000002,0.0
2016-10-26,11.7,4.4,True,8.05,GHCN-Daily,46.49,18.509999999999998,0.0
2016-10-27,16.7,5.6,True,11.149999999999999,GHCN-Daily,52.06999999999999,12.930000000000007,0.0
2016-10-28,13.9,6.1,True,10.0,GHCN-Daily,50.0,15.0,0.0
2016-10-29,17.2,3.9,True,10.549999999999999,GHCN-Daily,50.989999999999995,14.010000000000005,0.0
2016-10-30,22.8,13.3,True,18.05,GHCN-Daily,64.49000000000001,0.5099999999999909,0.0
2016-10-31,13.9,6.7,True,10.3,GHCN-Daily,50.540000000000006,14.459999999999994,0.0
2016-11-01,15.0,4.4,True,9.7,GHCN-Daily,49.46,15.54,0.0
2016-11-02,20.0,11.7,True,15.85,GHCN-Daily,60.53,4.469999999999999,0.0
2016-11-03,22.8,13.9,True,18.35,GHCN-Daily,65.03,0.0,0.030000000000001137
2016-11-04,17.2,9.4,True,13.3,GHCN-Daily,55.94,9.060000000000002,0.0
2016-11-05,18.3,6.7,True,12.5,GHCN-Daily,54.5,10.5,0.0
2016-11-06,16.1,7.2,True,11.65,GHCN-Daily,52.97,12.030000000000001,0.0
2016-11-07,12.8,3.9,True,8.35,GHCN-Daily,47.03,17.97,0.0
2016-11-08,19.4,3.9,True,11.649999999999999,GHCN-Daily,52.97,12.030000000000001,0.0
2016-11-09,15.6,10.0,True,12.8,GHCN-Daily,55.040000000000006,9.959999999999994,0.0
2016-11-10,14.4,5.0,True,9.7,GHCN-Daily,49.46,15.54,0.0
2016-11-11,18.9,5.6,True,12.25,GHCN-Daily,54.05,10.950000000000003,0.0
2016-11-12,11.1,2.8,True,6.949999999999999,GHCN-Daily,44.51,20.490000000000002,0.0
2016-11-13,16.7,4.4,True,10.55,GHCN-Daily,50.99,14.009999999999998,0.0
2016-11-14,15.0,5.0,True,10.0,GHCN-Daily,50.0,15.0,0.0
2016-11-15,12.2,8.9,True,10.55,GHCN-Daily,50.99,14.009999999999998,0.0
2016-11-16,16.7,7.2,True,11.95,GHCN-Daily,53.51,11.490000000000002,0.0
2016-11-17,17.2,9.4,True,13.3,GHCN-Daily,55.94,9.060000000000002,0.0
2016-11-18,19.4,6.7,True,13.049999999999999,GHCN-Daily,55.489999999999995,9.510000000000005,0.0
2016-11-19,15.6,5.6,True,10.6,GHCN-Daily,51.08,13.920000000000002,0.0
2016-11-20,6.7,2.8,True,4.75,GHCN-Daily,40.55,24.450000000000003,0.0
2016-11-21,5.6,3.3,True,4.449999999999999,GHCN-Daily,40.01,24.990000000000002,0.0
2016-11-22,6.7,3.3,True,5.0,GHCN-Daily,41.0,24.0,0.0
2016-11-23,8.3,2.2,True,5.25,GHCN-Daily,41.45,23.549999999999997,0.0
2016-11-24,10.6,3.3,True,6.949999999999999,GHCN-Daily,44.51,20.490000000000002,0.0
2016-11-25,12.8,7.8,True,10.3,GHCN-Daily,50.540000000000006,14.459999999999994,0.0
2016-11-26,11.7,6.1,True,8.899999999999999,GHCN-Daily,48.019999999999996,16.980000000000004,0.0
2016-11-27,11.7,5.0,True,8.35,GHCN-Daily,47.03,17.97,0.0
2016-11-28,11.1,2.8,True,6.949999999999999,GHCN-Daily,44.51,20.490000000000002,0.0
2016-11-29,15.6,11.1,True,13.35,GHCN-Daily,56.03,8.969999999999999,0.0
2016-11-30,15.0,10.6,True,12.8,GHCN-Daily,55.040000000000006,9.959999999999994,0.0
2016-12-01,13.9,6.7,True,10.3,GHCN-Daily,50.540000000000006,14.459999999999994,0.0
2016-12-02,11.7,5.0,True,8.35,GHCN-Daily,47.03,17.97,0.0
2016-12-03,10.0,5.6,True,7.8,GHCN-Daily,46.04,18.96,0.0
2016-12-04,8.9,3.9,True,6.4,GHCN-Daily,43.52,21.479999999999997,0.0
2016-12-05,11.1,4.4,True,7.75,GHCN-Daily,45.95,19.049999999999997,0.0
2016-12-06,8.3,2.8,True,5.550000000000001,GHCN-Daily,41.99,23.009999999999998,0.0
2016-12-07,8.3,5.0,True,6.65,GHCN-Daily,43.97,21.03,0.0
2016-12-08,7.2,1.7,True,4.45,GHCN-Daily,40.01,24.990000000000002,0.0
2016-12-09,6.1,-0.5,True,2.8,GHCN-Daily,37.04,27.96,0.0
2016-12-10,3.9,-1.0,True,1.45,GHCN-Daily,34.61,30.39,0.0
2016-12-11,2.2,-2.1,True,0.050000000000000044,GHCN-Daily,32.09,32.91,0.0
2016-12-12,8.9,1.1,True,5.0,GHCN-Daily,41.0,24.0,0.0
2016-12-13,6.7,2.8,True,4.75,GHCN-Daily,40.55,24.450000000000003,0.0
2016-12-14,7.2,1.7,True,4.45,GHCN-Daily,40.01,24.990000000000002,0.0
2016-12-15,2.2,-6.0,True,-1.9,GHCN-Daily,28.58,36.42,0.0
2016-12-16,-1.6,-7.1,True,-4.35,GHCN-Daily,24.17,40.83,0.0
2016-12-17,4.4,-2.7,True,0.8500000000000001,GHCN-Daily,33.53,31.47,0.0
2016-12-18,15.6,0.6,True,8.1,GHCN-Daily,46.58,18.42,0.0
2016-12-19,0.6,-3.2,True,-1.3,GHCN-Daily,29.66,35.34,0.0
2016-12-20,1.7,-6.6,True,-2.4499999999999997,GHCN-Daily,27.59,37.41,0.0
2016-12-21,5.0,-1.0,True,2.0,GHCN-Daily,35.6,29.4,0.0
2016-12-22,10.6,1.1,True,5.85,GHCN-Daily,42.53,22.47,0.0
2016-12-23,8.9,3.3,True,6.1,GHCN-Daily,42.980000000000004,22.019999999999996,0.0
2016-12-24,8.3,3.9,True,6.1000000000000005,GHCN-Daily,42.980000000000004,22.019999999999996,0.0
2016-12-25,11.1,2.2,True,6.65,GHCN-Daily,43.97,21.03,0.0
2016-12-26,9.4,-0.5,True,4.45,GHCN-Daily,40.01,24.990000000000002,0.0
2016-12-27,16.7,5.0,True,10.85,GHCN-Daily,51.53,13.469999999999999,0.0
2016-12-28,6.1,0.0,True,3.05,GHCN-Daily,37.49,27.509999999999998,0.0
2016-12-29,8.9,-2.1,True,3.4000000000000004,GHCN-Daily,38.120000000000005,26.879999999999995,0.0
2016-12-30,6.1,1.7,True,3.9,GHCN-Daily,39.019999999999996,25.980000000000004,0.0
2016-12-31,7.2,0.6,True,3.9,GHCN-Daily,39.019999999999996,25.980000000000004,0.0
2017-01-01,11.1,1.1,True,6.1,GHCN-Daily,42.980000000000004,22.019999999999996,0.0
2017-01-02,6.1,1.1,True,3.5999999999999996,GHCN-Daily,38.48,26.520000000000003,0.0
2017-01-03,7.8,5.0,True,6.4,GHCN-Daily,43.52,21.479999999999997,0.0
2017-01-04,12.8,1.7,True,7.25,GHCN-Daily,45.05,19.950000000000003,0.0
2017-01-05,1.7,-2.1,True,-0.20000000000000007,GHCN-Daily,31.64,33.36,0.0
2017-01-06,2.2,-2.7,True,-0.25,GHCN-Daily,31.55,33.45,0.0
2017-01-07,-2.7,-6.0,True,-4.35,GHCN-Daily,24.17,40.83,0.0
2017-01-08,-3.2,-7.7,True,-5.45,GHCN-Daily,22.189999999999998,42.81,0.0
2017-01-09,-4.3,-10.5,True,-7.4,GHCN-Daily,18.68,46.32,0.0
2017-01-10,8.3,-6.6,True,0.8500000000000005,GHCN-Daily,33.53,31.47,0.0
2017-01-11,10.6,5.0,True,7.8,GHCN-Daily,46.04,18.96,0.0
2017-01-12,16.1,7.8,True,11.950000000000001,GHCN-Daily,53.510000000000005,11.489999999999995,0.0
2017-01-13,14.4,1.1,True,7.75,GHCN-Daily,45.95,19.049999999999997,0.0
2017-01-14,1.1,-2.1,True,-0.5,GHCN-Daily,31.1,33.9,0.0
2017-01-15,5.0,-1.0,True,2.0,GHCN-Daily,35.6,29.4,0.0
2017-01-16,5.6,-2.1,True,1.7499999999999998,GHCN-Daily,35.15,29.85,0.0
2017-01-17,6.1,3.9,True,5.0,GHCN-Daily,41.0,24.0,0.0
2017-01-18,5.6,4.4,True,5.0,GHCN-Daily,41.0,24.0,0.0
2017-01-19,12.2,2.8,True,7.5,GHCN-Daily,45.5,19.5,0.0
2017-01-20,7.8,5.6,True,6.699999999999999,GHCN-Daily,44.06,20.939999999999998,0.0
2017-01-21,8.3,5.6,True,6.95,GHCN-Daily,44.51,20.490000000000002,0.0
2017-01-22,12.2,6.1,True,9.149999999999999,GHCN-Daily,48.47,16.53,0.0
2017-01-23,8.3,3.3,True,5.800000000000001,GHCN-Daily,42.44,22.560000000000002,0.0
2017-01-24,4.4,3.3,True,3.85,GHCN-Daily,38.93,26.07,0.0
2017-01-25,10.6,2.8,True,6.699999999999999,GHCN-Daily,44.06,20.939999999999998,0.0
2017-01-26,12.8,5.6,True,9.2,GHCN-Daily,48.56,16.439999999999998,0.0
2017-01-27,7.8,2.2,True,5.0,GHCN-Daily,41.0,24.0,0.0
2017-01-28,4.4,1.1,True,2.75,GHCN-Daily,36.95,28.049999999999997,0.0
2017-01-29,7.8,-1.0,True,3.4,GHCN-Daily,38.12,26.880000000000003,0.0
2017-01-30,3.9,-1.0,True,1.45,GHCN-Daily,34.61,30.39,0.0
2017-01-31,0.0,-3.2,True,-1.6,GHCN-Daily,29.12,35.879999999999995,0.0
2017-02-01,8.9,-2.7,True,3.1,GHCN-Daily,37.58,27.42,0.0
2017-02-02,8.3,0.0,True,4.15,GHCN-Daily,39.47,25.53,0.0
2017-02-03,1.1,-3.2,True,-1.05,GHCN-Daily,30.11,34.89,0.0
2017-02-04,1.7,-4.9,True,-1.6,GHCN-Daily,29.12,35.879999999999995,0.0
2017-02-05,5.6,-1.0,True,2.3,GHCN-Daily,36.14,28.86,0.0
2017-02-06,8.9,2.2,True,5.550000000000001,GHCN-Daily,41.99,23.009999999999998,0.0
2017-02-07,6.7,1.7,True,4.2,GHCN-Daily,39.56,25.439999999999998,0.0
2017-02-08,18.3,3.9,True,11.1,GHCN-Daily,51.980000000000004,13.019999999999996,0.0
2017-02-09,6.7,-7.1,True,-0.19999999999999973,GHCN-Daily,31.64,33.36,0.0
2017-02-10,-0.5,-6.6,True,-3.55,GHCN-Daily,25.61,39.39,0.0
2017-02-11,7.2,-1.0,True,3.1,GHCN-Daily,37.58,27.42,0.0
2017-02-12,2.8,0.0,True,1.4,GHCN-Daily,34.52,30.479999999999997,0.0
2017-02-13,3.9,-0.5,True,1.7,GHCN-Daily,35.06,29.939999999999998,0.0
2017-02-14,3.3,-2.1,True,0.5999999999999999,GHCN-Daily,33.08,31.92,0.0
2017-02-15,7.8,-0.5,True,3.65,GHCN-Daily,38.57,26.43,0.0
2017-02-16,3.9,-1.6,True,1.15,GHCN-Daily,34.07,30.93,0.0
2017-02-17,6.7,-2.7,True,2.0,GHCN-Daily,35.6,29.4,0.0
2017-02-18,11.7,-1.0,True,5.35,GHCN-Daily,41.629999999999995,23.370000000000005,0.0
2017-02-19,20.0,7.8,True,13.9,GHCN-Daily,57.019999999999996,7.980000000000004,0.0
2017-02-20,13.3,3.3,True,8.3,GHCN-Daily,46.94,18.060000000000002,0.0
2017-02-21,7.2,-0.5,True,3.35,GHCN-Daily,38.03,26.97,0.0
2017-02-22,10.6,3.9,True,7.25,GHCN-Daily,45.05,19.950000000000003,0.0
2017-02-23,13.9,3.3,True,8.6,GHCN-Daily,47.480000000000004,17.519999999999996,0.0
2017-02-24,16.7,7.2,True,11.95,GHCN-Daily,53.51,11.490000000000002,0.0
2017-02-25,17.2,8.3,True,12.75,GHCN-Daily,54.95,10.049999999999997,0.0
2017-02-26,8.3,2.8,True,5.550000000000001,GHCN-Daily,41.99,23.009999999999998,0.0
2017-02-27,11.1,0.0,True,5.55,GHCN-Daily,41.99,23.009999999999998,0.0
2017-02-28,14.4,6.1,True,10.25,GHCN-Daily,50.45,14.549999999999997,0.0
2017-03-01,16.1,8.9,True,12.5,GHCN-Daily,54.5,10.5,0.0
2017-03-02,16.7,2.8,True,9.75,GHCN-Daily,49.55,15.450000000000003,0.0
2017-03-03,5.6,-3.8,True,0.8999999999999999,GHCN-Daily,33.62,31.380000000000003,0.0
2017-03-04,1.1,-7.7,True,-3.3,GHCN-Daily,26.060000000000002,38.94,0.0
2017-03-05,3.3,-8.8,True,-2.7500000000000004,GHCN-Daily,27.049999999999997,37.95,0.0
2017-03-06,5.6,-5.5,True,0.04999999999999982,GHCN-Daily,32.089999999999996,32.910000000000004,0.0
2017-03-07,10.0,5.6,True,7.8,GHCN-Daily,46.04,18.96,0.0
2017-03-08,16.1,7.8,True,11.950000000000001,GHCN-Daily,53.510000000000005,11.489999999999995,0.0
2017-03-09,17.8,7.8,True,12.8,GHCN-Daily,55.040000000000006,9.959999999999994,0.0
2017-03-10,9.4,-4.3,True,2.5500000000000003,GHCN-Daily,36.59,28.409999999999997,0.0
2017-03-11,-1.6,-7.7,True,-4.65,GHCN-Daily,23.63,41.370000000000005,0.0
2017-03-12,0.0,-6.6,True,-3.3,GHCN-Daily,26.060000000000002,38.94,0.0
2017-03-13,1.1,-6.6,True,-2.75,GHCN-Daily,27.05,37.95,0.0
2017-03-14,2.2,-4.9,True,-1.35,GHCN-Daily,29.57,35.43,0.0
2017-03-15,-2.1,-5.5,True,-3.8,GHCN-Daily,25.16,39.84,0.0
2017-03-16,4.4,-3.8,True,0.30000000000000027,GHCN-Daily,32.54,32.46,0.0
2017-03-17,7.2,-1.0,True,3.1,GHCN-Daily,37.58,27.42,0.0
2017-03-18,4.4,-2.1,True,1.1500000000000001,GHCN-Daily,34.07,30.93,0.0
2017-03-19,8.9,1.7,True,5.3,GHCN-Daily,41.54,23.46,0.0
2017-03-20,12.8,1.7,True,7.25,GHCN-Daily,45.05,19.950000000000003,0.0
2017-03-21,13.9,5.6,True,9.75,GHCN-Daily,49.55,15.450000000000003,0.0
2017-03-22,10.0,-4.3,True,2.85,GHCN-Daily,37.13,27.869999999999997,0.0
2017-03-23,6.7,-4.9,True,0.8999999999999999,GHCN-Daily,33.62,31.380000000000003,0.0
2017-03-24,9.4,0.0,True,4.7,GHCN-Daily,40.46,24.54,0.0
2017-03-25,16.7,5.6,True,11.149999999999999,GHCN-Daily,52.06999999999999,12.930000000000007,0.0
2017-03-26,6.1,3.9,True,5.0,GHCN-Daily,41.0,24.0,0.0
2017-03-27,14.4,4.4,True,9.4,GHCN-Daily,48.92,16.08,0.0
2017-03-28,9.4,5.6,True,7.5,GHCN-Daily,45.5,19.5,0.0
2017-03-29,16.1,5.6,True,10.850000000000001,GHCN-Daily,51.53,13.469999999999999,0.0
2017-03-30,10.0,2.8,True,6.4,GHCN-Daily,43.52,21.479999999999997,0.0
2017-03-31,5.6,3.9,True,4.75,GHCN-Daily,40.55,24.450000000000003,0.0
2017-04-01,8.3,3.3,True,5.800000000000001,GHCN-Daily,42.44,22.560000000000002,0.0
2017-04-02,18.3,4.4,True,11.350000000000001,GHCN-Daily,52.43000000000001,12.569999999999993,0.0
2017-04-03,15.0,5.6,True,10.3,GHCN-Daily,50.540000000000006,14.459999999999994,0.0
2017-04-04,12.2,7.8,True,10.0,GHCN-Daily,50.0,15.0,0.0
2017-04-05,15.6,6.7,True,11.15,GHCN-Daily,52.07,12.93,0.0
2017-04-06,12.2,5.6,True,8.899999999999999,GHCN-Daily,48.019999999999996,16.980000000000004,0.0
2017-04-07,11.1,5.0,True,8.05,GHCN-Daily,46.49,18.509999999999998,0.0
2017-04-08,14.4,5.0,True,9.7,GHCN-Daily,49.46,15.54,0.0
2017-04-09,16.1,4.4,True,10.25,GHCN-Daily,50.45,14.549999999999997,0.0
2017-04-10,16.7,6.1,True,11.399999999999999,GHCN-Daily,52.519999999999996,12.480000000000004,0.0
2017-04-11,18.9,8.3,True,13.6,GHCN-Daily,56.480000000000004,8.519999999999996,0.0
2017-04-12,22.8,11.1,True,16.95,GHCN-Daily,62.51,2.490000000000002,0.0
2017-04-13,18.9,9.4,True,14.149999999999999,GHCN-Daily,57.47,7.530000000000001,0.0
2017-04-14,15.6,8.3,True,11.95,GHCN-Daily,53.51,11.490000000000002,0.0
2017-04-15,14.4,6.7,True,10.55,GHCN-Daily,50.99,14.009999999999998,0.0
2017-04-16,28.3,10.6,True,19.45,GHCN-Daily,67.00999999999999,0.0,2.009999999999991
2017-04-17,24.4,14.4,True,19.4,GHCN-Daily,66.92,0.0,1.9200000000000017
2017-04-18,16.7,8.3,True,12.5,GHCN-Daily,54.5,10.5,0.0
2017-04-19,11.1,7.2,True,9.15,GHCN-Daily,48.47,16.53,0.0
2017-04-20,17.8,10.0,True,13.9,GHCN-Daily,57.019999999999996,7.980000000000004,0.0
2017-04-21,14.4,9.4,True,11.9,GHCN-Daily,53.42,11.579999999999998,0.0
2017-04-22,14.4,10.0,True,12.2,GHCN-Daily,53.96,11.04,0.0
2017-04-23,16.1,8.3,True,12.200000000000001,GHCN-Daily,53.96,11.04,0.0
2017-04-24,13.9,6.7,True,10.3,GHCN-Daily,50.540000000000006,14.459999999999994,0.0
2017-04-25,15.0,10.6,True,12.8,GHCN-Daily,55.040000000000006,9.959999999999994,0.0
2017-04-26,16.7,12.2,True,14.45,GHCN-Daily,58.01,6.990000000000002,0.0
2017-04-27,18.3,13.3,True,15.8,GHCN-Daily,60.44,4.560000000000002,0.0
2017-04-28,23.3,12.8,True,18.05,GHCN-Daily,64.49000000000001,0.5099999999999909,0.0
2017-04-29,29.4,15.6,True,22.5,GHCN-Daily,72.5,0.0,7.5
2017-04-30,21.1,10.6,True,15.850000000000001,GHCN-Daily,60.53,4.469999999999999,0.0
2017-05-01,19.4,10.0,True,14.7,GHCN-Daily,58.46,6.539999999999999,0.0
2017-05-02,25.0,15.0,True,20.0,GHCN-Daily,68.0,0.0,3.0
2017-05-03,20.0,11.1,True,15.55,GHCN-Daily,59.99,5.009999999999998,0.0
2017-05-04,16.1,6.7,True,11.4,GHCN-Daily,52.519999999999996,12.480000000000004,0.0
2017-05-05,16.1,10.6,True,13.350000000000001,GHCN-Daily,56.03,8.969999999999999,0.0
2017-05-06,16.7,12.2,True,14.45,GHCN-Daily,58.01,6.990000000000002,0.0
2017-05-07,13.9,9.4,True,11.65,GHCN-Daily,52.97,12.030000000000001,0.0
2017-05-08,16.1,5.6,True,10.850000000000001,GHCN-Daily,51.53,13.469999999999999,0.0
2017-05-09,17.2,8.3,True,12.75,GHCN-Daily,54.95,10.049999999999997,0.0
2017-05-10,15.6,10.0,True,12.8,GHCN-Daily,55.040000000000006,9.959999999999994,0.0
2017-05-11,16.1,8.9,True,12.5,GHCN-Daily,54.5,10.5,0.0
2017-05-12,16.1,8.3,True,12.200000000000001,GHCN-Daily,53.96,11.04,0.0
2017-05-13,11.7,8.3,True,10.0,GHCN-Daily,50.0,15.0,0.0
2017-05-14,21.1,8.3,True,14.700000000000001,GHCN-Daily,58.46,6.539999999999999,0.0
2017-05-15,20.6,12.2,True,16.4,GHCN-Daily,61.519999999999996,3.480000000000004,0.0
2017-05-16,25.6,14.4,True,20.0,GHCN-Daily,68.0,0.0,3.0
2017-05-17,25.0,13.9,True,19.45,GHCN-Daily,67.00999999999999,0.0,2.009999999999991
2017-05-18,29.4,18.3,True,23.85,GHCN-Daily,74.93,0.0,9.930000000000007
2017-05-19,33.3,19.4,True,26.349999999999998,GHCN-Daily,79.43,0.0,14.430000000000007
2017-05-20,19.4,11.7,True,15.549999999999999,GHCN-Daily,59.989999999999995,5.010000000000005,0.0
2017-05-21,18.3,9.4,True,13.850000000000001,GHCN-Daily,56.93000000000001,8.069999999999993,0.0
2017-05-22,17.2,12.8,True,15.0,GHCN-Daily,59.0,6.0,0.0
2017-05-23,21.1,15.0,True,18.05,GHCN-Daily,64.49000000000001,0.5099999999999909,0.0
2017-05-24,20.6,13.9,True,17.25,GHCN-Daily,63.05,1.9500000000000028,0.0
2017-05-25,16.1,13.3,True,14.700000000000001,GHCN-Daily,58.46,6.539999999999999,0.0
2017-05-26,25.0,13.9,True,19.45,GHCN-Daily,67.00999999999999,0.0,2.009999999999991
2017-05-27,22.8,15.6,True,19.2,GHCN-Daily,66.56,0.0,1.5600000000000023
2017-05-28,20.0,14.4,True,17.2,GHCN-Daily,62.96,2.039999999999999,0.0
2017-05-29,16.1,13.3,True,14.700000000000001,GHCN-Daily,58.46,6.539999999999999,0.0
2017-05-30,15.6,12.8,True,14.2,GHCN-Daily,57.56,7.439999999999998,0.0
2017-05-31,22.8,14.4,True,18.6,GHCN-Daily,65.48,0.0,0.480000000000004
2017-06-01,27.8,15.6,True,21.7,GHCN-Daily,71.06,0.0,6.060000000000002
2017-06-02,25.0,13.9,True,19.45,GHCN-Daily,67.00999999999999,0.0,2.009999999999991
2017-06-03,24.4,13.3,True,18.85,GHCN-Daily,65.93,0.0,0.9300000000000068
2017-06-04,21.1,12.2,True,16.65,GHCN-Daily,61.97,3.030000000000001,0.0
2017-06-05,21.7,15.6,True,18.65,GHCN-Daily,65.57,0.0,0.5699999999999932
2017-06-06,15.6,11.7,True,13.649999999999999,GHCN-Daily,56.56999999999999,8.430000000000007,0.0
2017-06-07,20.0,11.1,True,15.55,GHCN-Daily,59.99,5.009999999999998,0.0
2017-06-08,19.4,12.2,True,15.799999999999999,GHCN-Daily,60.44,4.560000000000002,0.0
2017-06-09,28.9,10.6,True,19.75,GHCN-Daily,67.55000000000001,0.0,2.5500000000000114
2017-06-10,27.2,16.7,True,21.95,GHCN-Daily,71.50999999999999,0.0,6.509999999999991
2017-06-11,30.6,18.9,True,24.75,GHCN-Daily,76.55000000000001,0.0,11.550000000000011
2017-06-12,33.3,20.6,True,26.95,GHCN-Daily,80.50999999999999,0.0,15.509999999999991
2017-06-13,34.4,22.2,True,28.299999999999997,GHCN-Daily,82.94,0.0,17.939999999999998
2017-06-14,27.8,17.8,True,22.8,GHCN-Daily,73.03999999999999,0.0,8.039999999999992
2017-06-15,22.2,16.1,True,19.15,GHCN-Daily,66.47,0.0,1.4699999999999989
2017-06-16,21.1,17.2,True,19.15,GHCN-Daily,66.47,0.0,1.4699999999999989
2017-06-17,22.8,18.9,True,20.85,GHCN-Daily,69.53,0.0,4.530000000000001
2017-06-18,26.1,20.6,True,23.35,GHCN-Daily,74.03,0.0,9.030000000000001
2017-06-19,26.1,20.0,True,23.05,GHCN-Daily,73.49000000000001,0.0,8.490000000000009
2017-06-20,30.0,19.4,True,24.7,GHCN-Daily,76.46000000000001,0.0,11.460000000000008
2017-06-21,30.0,20.6,True,25.3,GHCN-Daily,77.53999999999999,0.0,12.539999999999992
2017-06-22,26.1,18.9,True,22.5,GHCN-Daily,72.5,0.0,7.5
2017-06-23,28.3,21.7,True,25.0,GHCN-Daily,77.0,0.0,12.0
2017-06-24,30.6,21.1,True,25.85,GHCN-Daily,78.53,0.0,13.530000000000001
2017-06-25,27.8,20.6,True,24.200000000000003,GHCN-Daily,75.56,0.0,10.560000000000002
2017-06-26,25.6,17.8,True,21.700000000000003,GHCN-Daily,71.06,0.0,6.060000000000002
2017-06-27,25.0,16.7,True,20.85,GHCN-Daily,69.53,0.0,4.530000000000001
2017-06-28,27.8,17.2,True,22.5,GHCN-Daily,72.5,0.0,7.5
2017-06-29,25.0,19.4,True,22.2,GHCN-Daily,71.96000000000001,0.0,6.960000000000008
2017-06-30,26.7,20.0,True,23.35,GHCN-Daily,74.03,0.0,9.030000000000001
2017-07-01,25.6,19.4,True,22.5,GHCN-Daily,72.5,0.0,7.5
2017-07-02,31.7,21.7,True,26.7,GHCN-Daily,80.06,0.0,15.060000000000002
2017-07-03,31.7,21.7,True,26.7,GHCN-Daily,80.06,0.0,15.060000000000002
2017-07-04,29.4,21.1,True,25.25,GHCN-Daily,77.45,0.0,12.450000000000003
2017-07-05,28.3,20.6,True,24.450000000000003,GHCN-Daily,76.01,0.0,11.010000000000005
2017-07-06,25.0,20.6,True,22.8,GHCN-Daily,73.03999999999999,0.0,8.039999999999992
2017-07-07,28.3,20.6,True,24.450000000000003,GHCN-Daily,76.01,0.0,11.010000000000005
2017-07-08,30.6,21.1,True,25.85,GHCN-Daily,78.53,0.0,13.530000000000001
2017-07-09,28.3,20.6,True,24.450000000000003,GHCN-Daily,76.01,0.0,11.010000000000005
2017-07-10,28.3,18.9,True,23.6,GHCN-Daily,74.48,0.0,9.480000000000004
2017-07-11,31.1,22.8,True,26.950000000000003,GHCN-Daily,80.51,0.0,15.510000000000005
2017-07-12,32.8,23.9,True,28.349999999999998,GHCN-Daily,83.03,0.0,18.03
2017-07-13,33.9,21.1,True,27.5,GHCN-Daily,81.5,0.0,16.5
2017-07-14,21.1,18.3,True,19.700000000000003,GHCN-Daily,67.46000000000001,0.0,2.460000000000008
2017-07-15,28.9,20.0,True,24.45,GHCN-Daily,76.00999999999999,0.0,11.009999999999991
2017-07-16,28.3,20.0,True,24.15,GHCN-Daily,75.47,0.0,10.469999999999999
2017-07-17,28.9,21.7,True,25.299999999999997,GHCN-Daily,77.53999999999999,0.0,12.539999999999992
2017-07-18,29.4,22.2,True,25.799999999999997,GHCN-Daily,78.44,0.0,13.439999999999998
2017-07-19,32.8,23.9,True,28.349999999999998,GHCN-Daily,83.03,0.0,18.03
2017-07-20,34.4,25.0,True,29.7,GHCN-Daily,85.46000000000001,0.0,20.460000000000008
2017-07-21,35.0,26.1,True,30.55,GHCN-Daily,86.99000000000001,0.0,21.99000000000001
2017-07-22,31.1,22.8,True,26.950000000000003,GHCN-Daily,80.51,0.0,15.510000000000005
2017-07-23,27.2,21.7,True,24.45,GHCN-Daily,76.00999999999999,0.0,11.009999999999991
2017-07-24,23.3,17.8,True,20.55,GHCN-Daily,68.99000000000001,0.0,3.990000000000009
2017-07-25,22.2,17.2,True,19.7,GHCN-Daily,67.46000000000001,0.0,2.460000000000008
2017-07-26,24.4,17.2,True,20.799999999999997,GHCN-Daily,69.44,0.0,4.439999999999998
2017-07-27,25.6,18.3,True,21.950000000000003,GHCN-Daily,71.51,0.0,6.510000000000005
2017-07-28,28.3,21.1,True,24.700000000000003,GHCN-Daily,76.46000000000001,0.0,11.460000000000008
2017-07-29,24.4,18.9,True,21.65,GHCN-Daily,70.97,0.0,5.969999999999999
2017-07-30,28.3,16.7,True,22.5,GHCN-Daily,72.5,0.0,7.5
2017-07-31,30.0,18.9,True,24.45,GHCN-Daily,76.00999999999999,0.0,11.009999999999991
2017-08-01,31.1,20.6,True,25.85,GHCN-Daily,78.53,0.0,13.530000000000001
2017-08-02,29.4,21.7,True,25.549999999999997,GHCN-Daily,77.99,0.0,12.989999999999995
2017-08-03,28.3,20.0,True,24.15,GHCN-Daily,75.47,0.0,10.469999999999999
2017-08-04,28.3,22.8,True,25.55,GHCN-Daily,77.99000000000001,0.0,12.990000000000009
2017-08-05,27.8,21.7,True,24.75,GHCN-Daily,76.55000000000001,0.0,11.550000000000011
2017-08-06,26.7,18.9,True,22.799999999999997,GHCN-Daily,73.03999999999999,0.0,8.039999999999992
2017-08-07,22.2,18.9,True,20.549999999999997,GHCN-Daily,68.99,0.0,3.989999999999995
2017-08-08,27.8,18.9,True,23.35,GHCN-Daily,74.03,0.0,9.030000000000001
2017-08-09,28.3,18.3,True,23.3,GHCN-Daily,73.94,0.0,8.939999999999998
2017-08-10,27.8,19.4,True,23.6,GHCN-Daily,74.48,0.0,9.480000000000004
2017-08-11,27.2,19.4,True,23.299999999999997,GHCN-Daily,73.94,0.0,8.939999999999998
2017-08-12,25.6,18.3,True,21.950000000000003,GHCN-Daily,71.51,0.0,6.510000000000005
2017-08-13,30.6,21.7,True,26.15,GHCN-Daily,79.07,0.0,14.069999999999993
2017-08-14,27.2,20.0,True,23.6,GHCN-Daily,74.48,0.0,9.480000000000004
2017-08-15,24.4,20.0,True,22.2,GHCN-Daily,71.96000000000001,0.0,6.960000000000008
2017-08-16,31.1,21.1,True,26.1,GHCN-Daily,78.98,0.0,13.980000000000004
2017-08-17,26.7,20.6,True,23.65,GHCN-Daily,74.57,0.0,9.569999999999993
2017-08-18,27.2,22.8,True,25.0,GHCN-Daily,77.0,0.0,12.0
2017-08-19,30.6,22.8,True,26.700000000000003,GHCN-Daily,80.06,0.0,15.060000000000002
2017-08-20,29.4,21.7,True,25.549999999999997,GHCN-Daily,77.99,0.0,12.989999999999995
2017-08-21,30.6,21.1,True,25.85,GHCN-Daily,78.53,0.0,13.530000000000001
2017-08-22,30.0,23.3,True,26.65,GHCN-Daily,79.97,0.0,14.969999999999999
2017-08-23,28.9,20.6,True,24.75,GHCN-Daily,76.55000000000001,0.0,11.550000000000011
2017-08-24,28.9,18.3,True,23.6,GHCN-Daily,74.48,0.0,9.480000000000004
2017-08-25,26.7,17.8,True,22.25,GHCN-Daily,72.05000000000001,0.0,7.050000000000011
2017-08-26,26.7,16.7,True,21.7,GHCN-Daily,71.06,0.0,6.060000000000002
2017-08-27,26.7,15.6,True,21.15,GHCN-Daily,70.07,0.0,5.069999999999993
2017-08-28,25.6,15.6,True,20.6,GHCN-Daily,69.08000000000001,0.0,4.0800000000000125
2017-08-29,20.6,16.7,True,18.65,GHCN-Daily,65.57,0.0,0.5699999999999932
2017-08-30,26.7,15.6,True,21.15,GHCN-Daily,70.07,0.0,5.069999999999993
2017-08-31,30.0,18.3,True,24.15,GHCN-Daily,75.47,0.0,10.469999999999999
2017-09-01,23.3,13.3,True,18.3,GHCN-Daily,64.94,0.060000000000002274,0.0
2017-09-02,20.0,12.2,True,16.1,GHCN-Daily,60.980000000000004,4.019999999999996,0.0
2017-09-03,22.8,15.0,True,18.9,GHCN-Daily,66.02,0.0,1.019999999999996
2017-09-04,26.1,17.2,True,21.65,GHCN-Daily,70.97,0.0,5.969999999999999
2017-09-05,27.2,20.0,True,23.6,GHCN-Daily,74.48,0.0,9.480000000000004
2017-09-06,23.3,16.7,True,20.0,GHCN-Daily,68.0,0.0,3.0
2017-09-07,23.3,16.1,True,19.700000000000003,GHCN-Daily,67.46000000000001,0.0,2.460000000000008
2017-09-08,23.9,15.0,True,19.45,GHCN-Daily,67.00999999999999,0.0,2.009999999999991
2017-09-09,22.2,13.3,True,17.75,GHCN-Daily,63.95,1.0499999999999972,0.0
2017-09-10,23.9,13.9,True,18.9,GHCN-Daily,66.02,0.0,1.019999999999996
2017-09-11,26.7,13.3,True,20.0,GHCN-Daily,68.0,0.0,3.0
2017-09-12,26.7,15.0,True,20.85,GHCN-Daily,69.53,0.0,4.530000000000001
2017-09-13,26.7,16.1,True,21.4,GHCN-Daily,70.52,0.0,5.519999999999996
2017-09-14,26.1,19.4,True,22.75,GHCN-Daily,72.95,0.0,7.950000000000003
2017-09-15,27.2,18.9,True,23.049999999999997,GHCN-Daily,73.49,0.0,8.489999999999995
2017-09-16,26.1,20.0,True,23.05,GHCN-Daily,73.49000000000001,0.0,8.490000000000009
2017-09-17,25.6,19.4,True,22.5,GHCN-Daily,72.5,0.0,7.5
2017-09-18,25.0,19.4,True,22.2,GHCN-Daily,71.96000000000001,0.0,6.960000000000008
2017-09-19,25.0,20.6,True,22.8,GHCN-Daily,73.03999999999999,0.0,8.039999999999992
2017-09-20,27.2,21.7,True,24.45,GHCN-Daily,76.00999999999999,0.0,11.009999999999991
2017-09-21,27.2,21.7,True,24.45,GHCN-Daily,76.00999999999999,0.0,11.009999999999991
2017-09-22,28.3,19.4,True,23.85,GHCN-Daily,74.93,0.0,9.930000000000007
2017-09-23,31.1,20.0,True,25.55,GHCN-Daily,77.99000000000001,0.0,12.990000000000009
2017-09-24,33.3,18.3,True,25.799999999999997,GHCN-Daily,78.44,0.0,13.439999999999998
2017-09-25,29.4,18.3,True,23.85,GHCN-Daily,74.93,0.0,9.930000000000007
2017-09-26,25.6,19.4,True,22.5,GHCN-Daily,72.5,0.0,7.5
2017-09-27,30.6,20.6,True,25.6,GHCN-Daily,78.08000000000001,0.0,13.080000000000013
2017-09-28,26.7,15.6,True,21.15,GHCN-Daily,70.07,0.0,5.069999999999993
2017-09-29,20.6,12.2,True,16.4,GHCN-Daily,61.519999999999996,3.480000000000004,0.0
2017-09-30,19.4,12.2,True,15.799999999999999,GHCN-Daily,60.44,4.560000000000002,0.0
2017-10-01,20.6,10.0,True,15.3,GHCN-Daily,59.540000000000006,5.459999999999994,0.0
2017-10-02,22.8,11.1,True,16.95,GHCN-Daily,62.51,2.490000000000002,0.0
2017-10-03,21.1,10.6,True,15.850000000000001,GHCN-Daily,60.53,4.469999999999999,0.0
2017-10-04,22.2,12.8,True,17.5,GHCN-Daily,63.5,1.5,0.0
2017-10-05,28.3,17.2,True,22.75,GHCN-Daily,72.95,0.0,7.950000000000003
2017-10-06,27.2,18.9,True,23.049999999999997,GHCN-Daily,73.49,0.0,8.489999999999995
2017-10-07,26.1,17.2,True,21.65,GHCN-Daily,70.97,0.0,5.969999999999999
2017-10-08,22.8,21.1,True,21.950000000000003,GHCN-Daily,71.51,0.0,6.510000000000005
2017-10-09,24.4,21.1,True,22.75,GHCN-Daily,72.95,0.0,7.950000000000003
2017-10-10,28.9,18.9,True,23.9,GHCN-Daily,75.02,0.0,10.019999999999996
2017-10-11,25.0,16.7,True,20.85,GHCN-Daily,69.53,0.0,4.530000000000001
2017-10-12,18.9,12.2,True,15.549999999999999,GHCN-Daily,59.989999999999995,5.010000000000005,0.0
2017-10-13,19.4,11.7,True,15.549999999999999,GHCN-Daily,59.989999999999995,5.010000000000005,0.0
2017-10-14,23.3,15.6,True,19.45,GHCN-Daily,67.00999999999999,0.0,2.009999999999991
2017-10-15,23.3,18.3,True,20.8,GHCN-Daily,69.44,0.0,4.439999999999998
2017-10-16,20.6,7.8,True,14.200000000000001,GHCN-Daily,57.56,7.439999999999998,0.0
2017-10-17,15.6,5.6,True,10.6,GHCN-Daily,51.08,13.920000000000002,0.0
2017-10-18,21.7,10.0,True,15.85,GHCN-Daily,60.53,4.469999999999999,0.0
2017-10-19,21.1,10.6,True,15.850000000000001,GHCN-Daily,60.53,4.469999999999999,0.0
2017-10-20,23.9,13.3,True,18.6,GHCN-Daily,65.48,0.0,0.480000000000004
2017-10-21,24.4,8.9,True,16.65,GHCN-Daily,61.97,3.030000000000001,0.0
2017-10-22,22.2,9.4,True,15.8,GHCN-Daily,60.44,4.560000000000002,0.0
2017-10-23,22.8,12.8,True,17.8,GHCN-Daily,64.03999999999999,0.960000000000008,0.0
2017-10-24,23.3,18.3,True,20.8,GHCN-Daily,69.44,0.0,4.439999999999998
2017-10-25,18.9,14.4,True,16.65,GHCN-Daily,61.97,3.030000000000001,0.0
2017-10-26,15.0,10.0,True,12.5,GHCN-Daily,54.5,10.5,0.0
2017-10-27,16.1,7.8,True,11.950000000000001,GHCN-Daily,53.510000000000005,11.489999999999995,0.0
2017-10-28,20.0,10.0,True,15.0,GHCN-Daily,59.0,6.0,0.0
2017-10-29,19.4,15.6,True,17.5,GHCN-Daily,63.5,1.5,0.0
2017-10-30,16.7,8.3,True,12.5,GHCN-Daily,54.5,10.5,0.0
2017-10-31,15.0,6.7,True,10.85,GHCN-Daily,51.53,13.469999999999999,0.0
2017-11-01,16.1,3.3,True,9.700000000000001,GHCN-Daily,49.46,15.54,0.0
2017-11-02,21.7,15.6,True,18.65,GHCN-Daily,65.57,0.0,0.5699999999999932
2017-11-03,22.8,10.6,True,16.7,GHCN-Daily,62.06,2.9399999999999977,0.0
2017-11-04,13.9,6.7,True,10.3,GHCN-Daily,50.540000000000006,14.459999999999994,0.0
2017-11-05,16.1,10.6,True,13.350000000000001,GHCN-Daily,56.03,8.969999999999999,0.0
2017-11-06,18.9,8.3,True,13.6,GHCN-Daily,56.480000000000004,8.519999999999996,0.0
2017-11-07,10.0,5.0,True,7.5,GHCN-Daily,45.5,19.5,0.0
2017-11-08,8.9,5.0,True,6.95,GHCN-Daily,44.51,20.490000000000002,0.0
2017-11-09,12.8,3.3,True,8.05,GHCN-Daily,46.49,18.509999999999998,0.0
2017-11-10,11.7,-3.8,True,3.9499999999999997,GHCN-Daily,39.11,25.89,0.0
2017-11-11,3.3,-4.3,True,-0.5,GHCN-Daily,31.1,33.9,0.0
2017-11-12,7.8,-1.6,True,3.0999999999999996,GHCN-Daily,37.58,27.42,0.0
2017-11-13,8.3,3.3,True,5.800000000000001,GHCN-Daily,42.44,22.560000000000002,0.0
2017-11-14,7.8,2.2,True,5.0,GHCN-Daily,41.0,24.0,0.0
2017-11-15,10.6,2.2,True,6.4,GHCN-Daily,43.52,21.479999999999997,0.0
2017-11-16,13.9,6.7,True,10.3,GHCN-Daily,50.540000000000006,14.459999999999994,0.0
2017-11-17,8.9,3.3,True,6.1,GHCN-Daily,42.980000000000004,22.019999999999996,0.0
2017-11-18,13.9,-2.1,True,5.9,GHCN-Daily,42.620000000000005,22.379999999999995,0.0
2017-11-19,14.4,4.4,True,9.4,GHCN-Daily,48.92,16.08,0.0
2017-11-20,8.3,2.8,True,5.550000000000001,GHCN-Daily,41.99,23.009999999999998,0.0
2017-11-21,13.9,4.4,True,9.15,GHCN-Daily,48.47,16.53,0.0
2017-11-22,12.2,1.7,True,6.949999999999999,GHCN-Daily,44.51,20.490000000000002,0.0
2017-11-23,6.1,-0.5,True,2.8,GHCN-Daily,37.04,27.96,0.0
2017-11-24,8.9,0.6,True,4.75,GHCN-Daily,40.55,24.450000000000003,0.0
2017-11-25,12.2,2.8,True,7.5,GHCN-Daily,45.5,19.5,0.0
2017-11-26,11.1,4.4,True,7.75,GHCN-Daily,45.95,19.049999999999997,0.0
2017-11-27,11.1,3.3,True,7.199999999999999,GHCN-Daily,44.96,20.04,0.0
2017-11-28,11.1,-0.5,True,5.3,GHCN-Daily,41.54,23.46,0.0
2017-11-29,17.8,4.4,True,11.100000000000001,GHCN-Daily,51.980000000000004,13.019999999999996,0.0
2017-11-30,11.7,1.7,True,6.699999999999999,GHCN-Daily,44.06,20.939999999999998,0.0
2017-12-01,11.7,3.3,True,7.5,GHCN-Daily,45.5,19.5,0.0
2017-12-02,9.4,1.7,True,5.55,GHCN-Daily,41.99,23.009999999999998,0.0
2017-12-03,9.4,2.8,True,6.1,GHCN-Daily,42.980000000000004,22.019999999999996,0.0
2017-12-04,10.6,1.7,True,6.1499999999999995,GHCN-Daily,43.07,21.93,0.0
2017-12-05,14.4,10.0,True,12.2,GHCN-Daily,53.96,11.04,0.0
2017-12-06,13.3,4.4,True,8.850000000000001,GHCN-Daily,47.93000000000001,17.069999999999993,0.0
2017-12-07,7.2,3.3,True,5.25,GHCN-Daily,41.45,23.549999999999997,0.0
2017-12-08,4.4,1.7,True,3.0500000000000003,GHCN-Daily,37.49,27.509999999999998,0.0
2017-12-09,2.8,-1.0,True,0.8999999999999999,GHCN-Daily,33.62,31.380000000000003,0.0
2017-12-10,3.3,-1.0,True,1.15,GHCN-Daily,34.07,30.93,0.0
2017-12-11,5.0,0.6,True,2.8,GHCN-Daily,37.04,27.96,0.0
2017-12-12,11.7,-0.5,True,5.6,GHCN-Daily,42.08,22.92,0.0
2017-12-13,0.0,-6.6,True,-3.3,GHCN-Daily,26.060000000000002,38.94,0.0
2017-12-14,0.0,-5.5,True,-2.75,GHCN-Daily,27.05,37.95,0.0
2017-12-15,-2.1,-6.6,True,-4.35,GHCN-Daily,24.17,40.83,0.0
2017-12-16,3.9,-4.3,True,-0.19999999999999996,GHCN-Daily,31.64,33.36,0.0
2017-12-17,2.8,0.0,True,1.4,GHCN-Daily,34.52,30.479999999999997,0.0
2017-12-18,8.9,0.6,True,4.75,GHCN-Daily,40.55,24.450000000000003,0.0
2017-12-19,12.8,5.0,True,8.9,GHCN-Daily,48.019999999999996,16.980000000000004,0.0
2017-12-20,10.6,1.1,True,5.85,GHCN-Daily,42.53,22.47,0.0
2017-12-21,5.0,-1.0,True,2.0,GHCN-Daily,35.6,29.4,0.0
2017-12-22,9.4,0.6,True,5.0,GHCN-Daily,41.0,24.0,0.0
2017-12-23,11.1,3.9,True,7.5,GHCN-Daily,45.5,19.5,0.0
2017-12-24,5.6,2.2,True,3.9,GHCN-Daily,39.019999999999996,25.980000000000004,0.0
2017-12-25,4.4,-2.1,True,1.1500000000000001,GHCN-Daily,34.07,30.93,0.0
2017-12-26,-1.6,-4.3,True,-2.95,GHCN-Daily,26.689999999999998,38.31,0.0
2017-12-27,-3.8,-8.2,True,-6.0,GHCN-Daily,21.2,43.8,0.0
2017-12-28,-7.1,-11.6,True,-9.35,GHCN-Daily,15.170000000000002,49.83,0.0
2017-12-29,-4.9,-11.0,True,-7.95,GHCN-Daily,17.689999999999998,47.31,0.0
2017-12-30,-4.9,-8.2,True,-6.55,GHCN-Daily,20.21,44.79,0.0
2017-12-31,-6.0,-12.7,True,-9.35,GHCN-Daily,15.170000000000002,49.83,0.0
2018-01-01,-7.7,-13.8,True,-10.75,GHCN-Daily,12.649999999999999,52.35,0.0
2018-01-02,-3.2,-10.5,True,-6.85,GHCN-Daily,19.67,45.33,0.0
2018-01-03,-2.1,-11.0,True,-6.55,GHCN-Daily,20.21,44.79,0.0
2018-01-04,-1.6,-7.1,True,-4.35,GHCN-Daily,24.17,40.83,0.0
2018-01-05,-7.1,-12.7,True,-9.899999999999999,GHCN-Daily,14.180000000000003,50.81999999999999,0.0
2018-01-06,-9.9,-13.8,True,-11.850000000000001,GHCN-Daily,10.669999999999998,54.33,0.0
2018-01-07,-7.7,-15.5,True,-11.6,GHCN-Daily,11.120000000000001,53.879999999999995,0.0
2018-01-08,0.0,-8.2,True,-4.1,GHCN-Daily,24.62,40.379999999999995,0.0
2018-01-09,6.1,-3.2,True,1.4499999999999997,GHCN-Daily,34.61,30.39,0.0
2018-01-10,3.9,-6.0,True,-1.05,GHCN-Daily,30.11,34.89,0.0
2018-01-11,8.9,2.8,True,5.85,GHCN-Daily,42.53,22.47,0.0
2018-01-12,12.2,5.6,True,8.899999999999999,GHCN-Daily,48.019999999999996,16.980000000000004,0.0
2018-01-13,11.7,-6.6,True,2.55,GHCN-Daily,36.59,28.409999999999997,0.0
2018-01-14,-3.8,-9.3,True,-6.550000000000001,GHCN-Daily,20.21,44.79,0.0
2018-01-15,-1.0,-8.2,True,-4.6,GHCN-Daily,23.72,41.28,0.0
2018-01-16,3.9,-6.0,True,-1.05,GHCN-Daily,30.11,34.89,0.0
2018-01-17,2.8,-4.9,True,-1.0500000000000003,GHCN-Daily,30.11,34.89,0.0
2018-01-18,1.1,-7.1,True,-3.0,GHCN-Daily,26.6,38.4,0.0
2018-01-19,3.3,-5.5,True,-1.1,GHCN-Daily,30.02,34.980000000000004,0.0
2018-01-20,12.2,-1.6,True,5.3,GHCN-Daily,41.54,23.46,0.0
2018-01-21,10.6,-1.0,True,4.8,GHCN-Daily,40.64,24.36,0.0
2018-01-22,11.1,4.4,True,7.75,GHCN-Daily,45.95,19.049999999999997,0.0
2018-01-23,12.2,4.4,True,8.3,GHCN-Daily,46.94,18.060000000000002,0.0
2018-01-24,6.7,-2.7,True,2.0,GHCN-Daily,35.6,29.4,0.0
2018-01-25,1.7,-4.9,True,-1.6,GHCN-Daily,29.12,35.879999999999995,0.0
2018-01-26,2.2,-4.3,True,-1.0499999999999998,GHCN-Daily,30.11,34.89,0.0
2018-01-27,9.4,-0.5,True,4.45,GHCN-Daily,40.01,24.990000000000002,0.0
2018-01-28,10.0,5.6,True,7.8,GHCN-Daily,46.04,18.96,0.0
2018-01-29,6.7,0.0,True,3.35,GHCN-Daily,38.03,26.97,0.0
2018-01-30,2.2,-4.3,True,-1.0499999999999998,GHCN-Daily,30.11,34.89,0.0
2018-01-31,0.0,-7.7,True,-3.85,GHCN-Daily,25.07,39.93,0.0
2018-02-01,5.0,-0.5,True,2.25,GHCN-Daily,36.05,28.950000000000003,0.0
2018-02-02,4.4,-8.2,True,-1.8999999999999995,GHCN-Daily,28.580000000000002,36.42,0.0
2018-02-03,-1.0,-8.8,True,-4.9,GHCN-Daily,23.18,41.82,0.0
2018-02-04,8.3,-1.0,True,3.6500000000000004,GHCN-Daily,38.57,26.43,0.0
2018-02-05,6.1,-4.9,True,0.5999999999999996,GHCN-Daily,33.08,31.92,0.0
2018-02-06,2.2,-3.8,True,-0.7999999999999998,GHCN-Daily,30.56,34.44,0.0
2018-02-07,7.8,-2.7,True,2.55,GHCN-Daily,36.59,28.409999999999997,0.0
2018-02-08,1.1,-3.2,True,-1.05,GHCN-Daily,30.11,34.89,0.0
2018-02-09,3.3,-4.3,True,-0.5,GHCN-Daily,31.1,33.9,0.0
2018-02-10,9.4,1.7,True,5.55,GHCN-Daily,41.99,23.009999999999998,0.0
2018-02-11,10.6,6.7,True,8.65,GHCN-Daily,47.57,17.43,0.0
2018-02-12,14.4,0.6,True,7.5,GHCN-Daily,45.5,19.5,0.0
2018-02-13,2.2,-3.8,True,-0.7999999999999998,GHCN-Daily,30.56,34.44,0.0
2018-02-14,8.3,0.6,True,4.45,GHCN-Daily,40.01,24.990000000000002,0.0
2018-02-15,11.1,5.0,True,8.05,GHCN-Daily,46.49,18.509999999999998,0.0
2018-02-16,15.0,2.2,True,8.6,GHCN-Daily,47.480000000000004,17.519999999999996,0.0
2018-02-17,3.3,-2.1,True,0.5999999999999999,GHCN-Daily,33.08,31.92,0.0
2018-02-18,7.2,0.0,True,3.6,GHCN-Daily,38.480000000000004,26.519999999999996,0.0
2018-02-19,8.3,-1.0,True,3.6500000000000004,GHCN-Daily,38.57,26.43,0.0
2018-02-20,17.8,6.1,True,11.95,GHCN-Daily,53.51,11.490000000000002,0.0
2018-02-21,18.3,6.7,True,12.5,GHCN-Daily,54.5,10.5,0.0
2018-02-22,14.4,2.8,True,8.6,GHCN-Daily,47.480000000000004,17.519999999999996,0.0
2018-02-23,4.4,2.2,True,3.3000000000000003,GHCN-Daily,37.94,27.060000000000002,0.0
2018-02-24,12.2,4.4,True,8.3,GHCN-Daily,46.94,18.060000000000002,0.0
2018-02-25,7.2,5.0,True,6.1,GHCN-Daily,42.980000000000004,22.019999999999996,0.0
2018-02-26,11.1,3.9,True,7.5,GHCN-Daily,45.5,19.5,0.0
2018-02-27,12.2,2.2,True,7.199999999999999,GHCN-Daily,44.96,20.04,0.0
2018-02-28,11.7,2.2,True,6.949999999999999,GHCN-Daily,44.51,20.490000000000002,0.0
2018-03-01,14.4,5.0,True,9.7,GHCN-Daily,49.46,15.54,0.0
2018-03-02,7.2,1.1,True,4.15,GHCN-Daily,39.47,25.53,0.0
2018-03-03,8.9,2.2,True,5.550000000000001,GHCN-Daily,41.99,23.009999999999998,0.0
2018-03-04,7.2,1.1,True,4.15,GHCN-Daily,39.47,25.53,0.0
2018-03-05,5.6,0.0,True,2.8,GHCN-Daily,37.04,27.96,0.0
2018-03-06,6.1,-1.0,True,2.55,GHCN-Daily,36.59,28.409999999999997,0.0
2018-03-07,2.8,0.0,True,1.4,GHCN-Daily,34.52,30.479999999999997,0.0
2018-03-08,5.0,0.6,True,2.8,GHCN-Daily,37.04,27.96,0.0
2018-03-09,6.7,-1.0,True,2.85,GHCN-Daily,37.13,27.869999999999997,0.0
2018-03-10,5.6,0.0,True,2.8,GHCN-Daily,37.04,27.96,0.0
2018-03-11,7.8,0.0,True,3.9,GHCN-Daily,39.019999999999996,25.980000000000004,0.0
2018-03-12,7.2,-1.0,True,3.1,GHCN-Daily,37.58,27.42,0.0
2018-03-13,5.6,0.6,True,3.0999999999999996,GHCN-Daily,37.58,27.42,0.0
2018-03-14,5.6,-0.5,True,2.55,GHCN-Daily,36.59,28.409999999999997,0.0
2018-03-15,8.9,0.0,True,4.45,GHCN-Daily,40.01,24.990000000000002,0.0
2018-03-16,5.0,-0.5,True,2.25,GHCN-Daily,36.05,28.950000000000003,0.0
2018-03-17,10.0,-2.7,True,3.65,GHCN-Daily,38.57,26.43,0.0
2018-03-18,6.7,-2.1,True,2.3,GHCN-Daily,36.14,28.86,0.0
2018-03-19,8.3,-1.6,True,3.3500000000000005,GHCN-Daily,38.03,26.97,0.0
2018-03-20,2.8,-1.0,True,0.8999999999999999,GHCN-Daily,33.62,31.380000000000003,0.0
2018-03-21,3.3,-0.5,True,1.4,GHCN-Daily,34.52,30.479999999999997,0.0
2018-03-22,8.9,-0.5,True,4.2,GHCN-Daily,39.56,25.439999999999998,0.0
2018-03-23,9.4,0.6,True,5.0,GHCN-Daily,41.0,24.0,0.0
2018-03-24,10.6,1.7,True,6.1499999999999995,GHCN-Daily,43.07,21.93,0.0
2018-03-25,7.2,0.0,True,3.6,GHCN-Daily,38.480000000000004,26.519999999999996,0.0
2018-03-26,8.3,-1.6,True,3.3500000000000005,GHCN-Daily,38.03,26.97,0.0
2018-03-27,5.6,-1.0,True,2.3,GHCN-Daily,36.14,28.86,0.0
2018-03-28,9.4,2.8,True,6.1,GHCN-Daily,42.980000000000004,22.019999999999996,0.0
2018-03-29,9.4,6.7,True,8.05,GHCN-Daily,46.49,18.509999999999998,0.0
2018-03-30,16.7,6.1,True,11.399999999999999,GHCN-Daily,52.519999999999996,12.480000000000004,0.0
2018-03-31,11.1,2.8,True,6.949999999999999,GHCN-Daily,44.51,20.490000000000002,0.0
2018-04-01,17.2,5.0,True,11.1,GHCN-Daily,51.980000000000004,13.019999999999996,0.0
2018-04-02,5.6,0.0,True,2.8,GHCN-Daily,37.04,27.96,0.0
2018-04-03,5.6,1.1,True,3.3499999999999996,GHCN-Daily,38.03,26.97,0.0
2018-04-04,13.9,4.4,True,9.15,GHCN-Daily,48.47,16.53,0.0
2018-04-05,7.8,0.6,True,4.2,GHCN-Daily,39.56,25.439999999999998,0.0
2018-04-06,11.7,0.0,True,5.85,GHCN-Daily,42.53,22.47,0.0
2018-04-07,8.9,2.8,True,5.85,GHCN-Daily,42.53,22.47,0.0
2018-04-08,7.8,0.0,True,3.9,GHCN-Daily,39.019999999999996,25.980000000000004,0.0
2018-04-09,7.2,-1.0,True,3.1,GHCN-Daily,37.58,27.42,0.0
2018-04-10,10.6,2.8,True,6.699999999999999,GHCN-Daily,44.06,20.939999999999998,0.0
2018-04-11,9.4,-0.5,True,4.45,GHCN-Daily,40.01,24.990000000000002,0.0
2018-04-12,12.2,4.4,True,8.3,GHCN-Daily,46.94,18.060000000000002,0.0
2018-04-13,21.1,8.9,True,15.0,GHCN-Daily,59.0,6.0,0.0
2018-04-14,19.4,7.2,True,13.299999999999999,GHCN-Daily,55.94,9.060000000000002,0.0
2018-04-15,7.2,3.3,True,5.25,GHCN-Daily,41.45,23.549999999999997,0.0
2018-04-16,13.9,4.4,True,9.15,GHCN-Daily,48.47,16.53,0.0
2018-04-17,8.9,3.9,True,6.4,GHCN-Daily,43.52,21.479999999999997,0.0
2018-04-18,11.7,2.8,True,7.25,GHCN-Daily,45.05,19.950000000000003,0.0
2018-04-19,8.9,3.3,True,6.1,GHCN-Daily,42.980000000000004,22.019999999999996,0.0
2018-04-20,11.1,2.2,True,6.65,GHCN-Daily,43.97,21.03,0.0
2018-04-21,16.1,3.3,True,9.700000000000001,GHCN-Daily,49.46,15.54,0.0
2018-04-22,16.1,5.0,True,10.55,GHCN-Daily,50.99,14.009999999999998,0.0
2018-04-23,16.1,3.9,True,10.0,GHCN-Daily,50.0,15.0,0.0
2018-04-24,16.7,5.0,True,10.85,GHCN-Daily,51.53,13.469999999999999,0.0
2018-04-25,13.9,10.6,True,12.25,GHCN-Daily,54.05,10.950000000000003,0.0
2018-04-26,20.0,10.6,True,15.3,GHCN-Daily,59.540000000000006,5.459999999999994,0.0
2018-04-27,13.3,8.9,True,11.100000000000001,GHCN-Daily,51.980000000000004,13.019999999999996,0.0
2018-04-28,15.6,7.2,True,11.4,GHCN-Daily,52.519999999999996,12.480000000000004,0.0
2018-04-29,15.0,8.3,True,11.65,GHCN-Daily,52.97,12.030000000000001,0.0
2018-04-30,11.7,7.8,True,9.75,GHCN-Daily,49.55,15.450000000000003,0.0
2018-05-01,24.4,8.3,True,16.35,GHCN-Daily,61.43000000000001,3.569999999999993,0.0
2018-05-02,28.3,11.7,True,20.0,GHCN-Daily,68.0,0.0,3.0
2018-05-03,28.9,15.0,True,21.95,GHCN-Daily,71.50999999999999,0.0,6.509999999999991
2018-05-04,25.6,14.4,True,20.0,GHCN-Daily,68.0,0.0,3.0
2018-05-05,24.4,13.3,True,18.85,GHCN-Daily,65.93,0.0,0.9300000000000068
2018-05-06,18.9,13.3,True,16.1,GHCN-Daily,60.980000000000004,4.019999999999996,0.0
2018-05-07,22.8,11.1,True,16.95,GHCN-Daily,62.51,2.490000000000002,0.0
2018-05-08,19.4,10.0,True,14.7,GHCN-Daily,58.46,6.539999999999999,0.0
2018-05-09,17.2,9.4,True,13.3,GHCN-Daily,55.94,9.060000000000002,0.0
2018-05-10,16.7,11.7,True,14.2,GHCN-Daily,57.56,7.439999999999998,0.0
2018-05-11,23.3,14.4,True,18.85,GHCN-Daily,65.93,0.0,0.9300000000000068
2018-05-12,18.3,11.1,True,14.7,GHCN-Daily,58.46,6.539999999999999,0.0
2018-05-13,12.2,10.6,True,11.399999999999999,GHCN-Daily,52.519999999999996,12.480000000000004,0.0
2018-05-14,17.8,10.6,True,14.2,GHCN-Daily,57.56,7.439999999999998,0.0
2018-05-15,24.4,13.3,True,18.85,GHCN-Daily,65.93,0.0,0.9300000000000068
2018-05-16,18.3,13.3,True,15.8,GHCN-Daily,60.44,4.560000000000002,0.0
2018-05-17,19.4,12.8,True,16.1,GHCN-Daily,60.980000000000004,4.019999999999996,0.0
2018-05-18,17.8,12.8,True,15.3,GHCN-Daily,59.540000000000006,5.459999999999994,0.0
2018-05-19,13.9,10.0,True,11.95,GHCN-Daily,53.51,11.490000000000002,0.0
2018-05-20,28.3,13.9,True,21.1,GHCN-Daily,69.98,0.0,4.980000000000004
2018-05-21,22.8,13.9,True,18.35,GHCN-Daily,65.03,0.0,0.030000000000001137
2018-05-22,18.3,13.3,True,15.8,GHCN-Daily,60.44,4.560000000000002,0.0
2018-05-23,27.8,13.9,True,20.85,GHCN-Daily,69.53,0.0,4.530000000000001
2018-05-24,27.8,16.1,True,21.950000000000003,GHCN-Daily,71.51,0.0,6.510000000000005
2018-05-25,27.8,15.6,True,21.7,GHCN-Daily,71.06,0.0,6.060000000000002
2018-05-26,27.2,19.4,True,23.299999999999997,GHCN-Daily,73.94,0.0,8.939999999999998
2018-05-27,21.7,12.8,True,17.25,GHCN-Daily,63.05,1.9500000000000028,0.0
2018-05-28,17.2,12.2,True,14.7,GHCN-Daily,58.46,6.539999999999999,0.0
2018-05-29,26.1,15.6,True,20.85,GHCN-Daily,69.53,0.0,4.530000000000001
2018-05-30,20.6,13.9,True,17.25,GHCN-Daily,63.05,1.9500000000000028,0.0
2018-05-31,19.4,15.6,True,17.5,GHCN-Daily,63.5,1.5,0.0
2018-06-01,23.9,17.2,True,20.549999999999997,GHCN-Daily,68.99,0.0,3.989999999999995
2018-06-02,30.0,17.8,True,23.9,GHCN-Daily,75.02,0.0,10.019999999999996
2018-06-03,17.8,10.6,True,14.2,GHCN-Daily,57.56,7.439999999999998,0.0
2018-06-04,21.7,10.6,True,16.15,GHCN-Daily,61.06999999999999,3.930000000000007,0.0
2018-06-05,24.4,11.7,True,18.049999999999997,GHCN-Daily,64.49,0.5100000000000051,0.0
2018-06-06,21.7,13.3,True,17.5,GHCN-Daily,63.5,1.5,0.0
2018-06-07,18.9,14.4,True,16.65,GHCN-Daily,61.97,3.030000000000001,0.0
2018-06-08,23.3,14.4,True,18.85,GHCN-Daily,65.93,0.0,0.9300000000000068
2018-06-09,26.1,18.3,True,22.200000000000003,GHCN-Daily,71.96000000000001,0.0,6.960000000000008
2018-06-10,22.2,13.9,True,18.05,GHCN-Daily,64.49000000000001,0.5099999999999909,0.0
2018-06-11,20.6,13.3,True,16.950000000000003,GHCN-Daily,62.510000000000005,2.489999999999995,0.0
2018-06-12,20.6,11.1,True,15.850000000000001,GHCN-Daily,60.53,4.469999999999999,0.0
2018-06-13,22.8,16.7,True,19.75,GHCN-Daily,67.55000000000001,0.0,2.5500000000000114
2018-06-14,29.4,20.0,True,24.7,GHCN-Daily,76.46000000000001,0.0,11.460000000000008
2018-06-15,25.0,16.1,True,20.55,GHCN-Daily,68.99000000000001,0.0,3.990000000000009
2018-06-16,27.8,15.6,True,21.7,GHCN-Daily,71.06,0.0,6.060000000000002
2018-06-17,30.6,17.2,True,23.9,GHCN-Daily,75.02,0.0,10.019999999999996
2018-06-18,26.7,19.4,True,23.049999999999997,GHCN-Daily,73.49,0.0,8.489999999999995
2018-06-19,31.7,22.2,True,26.95,GHCN-Daily,80.50999999999999,0.0,15.509999999999991
2018-06-20,25.6,19.4,True,22.5,GHCN-Daily,72.5,0.0,7.5
2018-06-21,27.8,18.9,True,23.35,GHCN-Daily,74.03,0.0,9.030000000000001
2018-06-22,21.7,17.2,True,19.45,GHCN-Daily,67.00999999999999,0.0,2.009999999999991
2018-06-23,19.4,17.2,True,18.299999999999997,GHCN-Daily,64.94,0.060000000000002274,0.0
2018-06-24,25.0,18.3,True,21.65,GHCN-Daily,70.97,0.0,5.969999999999999
2018-06-25,27.8,18.3,True,23.05,GHCN-Daily,73.49000000000001,0.0,8.490000000000009
2018-06-26,22.8,16.1,True,19.450000000000003,GHCN-Daily,67.01,0.0,2.010000000000005
2018-06-27,22.8,17.2,True,20.0,GHCN-Daily,68.0,0.0,3.0
2018-06-28,26.7,21.1,True,23.9,GHCN-Daily,75.02,0.0,10.019999999999996
2018-06-29,32.8,21.1,True,26.95,GHCN-Daily,80.50999999999999,0.0,15.509999999999991
2018-06-30,31.1,21.1,True,26.1,GHCN-Daily,78.98,0.0,13.980000000000004
2018-07-01,34.4,22.8,True,28.6,GHCN-Daily,83.48,0.0,18.480000000000004
2018-07-02,32.8,23.3,True,28.049999999999997,GHCN-Daily,82.49,0.0,17.489999999999995
2018-07-03,30.0,23.3,True,26.65,GHCN-Daily,79.97,0.0,14.969999999999999
2018-07-04,30.0,23.9,True,26.95,GHCN-Daily,80.50999999999999,0.0,15.509999999999991
2018-07-05,30.0,23.9,True,26.95,GHCN-Daily,80.50999999999999,0.0,15.509999999999991
2018-07-06,28.9,20.6,True,24.75,GHCN-Daily,76.55000000000001,0.0,11.550000000000011
2018-07-07,23.9,16.1,True,20.0,GHCN-Daily,68.0,0.0,3.0
2018-07-08,25.6,15.0,True,20.3,GHCN-Daily,68.53999999999999,0.0,3.539999999999992
2018-07-09,28.3,17.8,True,23.05,GHCN-Daily,73.49000000000001,0.0,8.490000000000009
2018-07-10,31.7,19.4,True,25.549999999999997,GHCN-Daily,77.99,0.0,12.989999999999995
2018-07-11,31.1,21.1,True,26.1,GHCN-Daily,78.98,0.0,13.980000000000004
2018-07-12,28.3,20.0,True,24.15,GHCN-Daily,75.47,0.0,10.469999999999999
2018-07-13,27.2,18.3,True,22.75,GHCN-Daily,72.95,0.0,7.950000000000003
2018-07-14,29.4,19.4,True,24.4,GHCN-Daily,75.92,0.0,10.920000000000002
2018-07-15,27.8,20.6,True,24.200000000000003,GHCN-Daily,75.56,0.0,10.560000000000002
2018-07-16,30.6,22.8,True,26.700000000000003,GHCN-Daily,80.06,0.0,15.060000000000002
2018-07-17,28.3,21.7,True,25.0,GHCN-Daily,77.0,0.0,12.0
2018-07-18,30.6,20.0,True,25.3,GHCN-Daily,77.53999999999999,0.0,12.539999999999992
2018-07-19,27.2,18.9,True,23.049999999999997,GHCN-Daily,73.49,0.0,8.489999999999995
2018-07-20,26.7,18.9,True,22.799999999999997,GHCN-Daily,73.03999999999999,0.0,8.039999999999992
2018-07-21,25.0,18.9,True,21.95,GHCN-Daily,71.50999999999999,0.0,6.509999999999991
2018-07-22,25.6,21.7,True,23.65,GHCN-Daily,74.57,0.0,9.569999999999993
2018-07-23,26.1,22.8,True,24.450000000000003,GHCN-Daily,76.01,0.0,11.010000000000005
2018-07-24,28.3,23.3,True,25.8,GHCN-Daily,78.44,0.0,13.439999999999998
2018-07-25,27.2,22.2,True,24.7,GHCN-Daily,76.46000000000001,0.0,11.460000000000008
2018-07-26,29.4,22.2,True,25.799999999999997,GHCN-Daily,78.44,0.0,13.439999999999998
2018-07-27,30.0,20.6,True,25.3,GHCN-Daily,77.53999999999999,0.0,12.539999999999992
2018-07-28,29.4,21.7,True,25.549999999999997,GHCN-Daily,77.99,0.0,12.989999999999995
2018-07-29,28.3,21.7,True,25.0,GHCN-Daily,77.0,0.0,12.0
2018-07-30,27.2,20.6,True,23.9,GHCN-Daily,75.02,0.0,10.019999999999996
2018-07-31,26.1,19.4,True,22.75,GHCN-Daily,72.95,0.0,7.950000000000003
2018-08-01,28.9,23.9,True,26.4,GHCN-Daily,79.52,0.0,14.519999999999996
2018-08-02,29.4,24.4,True,26.9,GHCN-Daily,80.42,0.0,15.420000000000002
2018-08-03,28.9,22.8,True,25.85,GHCN-Daily,78.53,0.0,13.530000000000001
2018-08-04,30.0,22.8,True,26.4,GHCN-Daily,79.52,0.0,14.519999999999996
2018-08-05,31.1,22.8,True,26.950000000000003,GHCN-Daily,80.51,0.0,15.510000000000005
2018-08-06,31.7,23.9,True,27.799999999999997,GHCN-Daily,82.03999999999999,0.0,17.039999999999992
2018-08-07,29.4,22.2,True,25.799999999999997,GHCN-Daily,78.44,0.0,13.439999999999998
2018-08-08,29.4,22.8,True,26.1,GHCN-Daily,78.98,0.0,13.980000000000004
2018-08-09,32.2,23.3,True,27.75,GHCN-Daily,81.95,0.0,16.950000000000003
2018-08-10,30.0,20.6,True,25.3,GHCN-Daily,77.53999999999999,0.0,12.539999999999992
2018-08-11,26.1,21.1,True,23.6,GHCN-Daily,74.48,0.0,9.480000000000004
2018-08-12,28.3,21.7,True,25.0,GHCN-Daily,77.0,0.0,12.0
2018-08-13,25.0,21.7,True,23.35,GHCN-Daily,74.03,0.0,9.030000000000001
2018-08-14,27.8,21.1,True,24.450000000000003,GHCN-Daily,76.01,0.0,11.010000000000005
2018-08-15,31.7,21.7,True,26.7,GHCN-Daily,80.06,0.0,15.060000000000002
2018-08-16,31.7,23.3,True,27.5,GHCN-Daily,81.5,0.0,16.5
2018-08-17,29.4,23.3,True,26.35,GHCN-Daily,79.43,0.0,14.430000000000007
2018-08-18,30.0,21.7,True,25.85,GHCN-Daily,78.53,0.0,13.530000000000001
2018-08-19,22.8,19.4,True,21.1,GHCN-Daily,69.98,0.0,4.980000000000004
2018-08-20,23.3,19.4,True,21.35,GHCN-Daily,70.43,0.0,5.430000000000007
2018-08-21,24.4,17.8,True,21.1,GHCN-Daily,69.98,0.0,4.980000000000004
2018-08-22,30.0,21.7,True,25.85,GHCN-Daily,78.53,0.0,13.530000000000001
2018-08-23,26.7,18.9,True,22.799999999999997,GHCN-Daily,73.03999999999999,0.0,8.039999999999992
2018-08-24,27.2,16.7,True,21.95,GHCN-Daily,71.50999999999999,0.0,6.509999999999991
2018-08-25,26.1,17.8,True,21.950000000000003,GHCN-Daily,71.51,0.0,6.510000000000005
2018-08-26,27.2,18.9,True,23.049999999999997,GHCN-Daily,73.49,0.0,8.489999999999995
2018-08-27,30.6,22.8,True,26.700000000000003,GHCN-Daily,80.06,0.0,15.060000000000002
2018-08-28,32.2,24.4,True,28.3,GHCN-Daily,82.94,0.0,17.939999999999998
2018-08-29,33.3,22.8,True,28.049999999999997,GHCN-Daily,82.49,0.0,17.489999999999995
2018-08-30,33.3,25.0,True,29.15,GHCN-Daily,84.47,0.0,19.47
2018-08-31,25.0,21.7,True,23.35,GHCN-Daily,74.03,0.0,9.030000000000001
2018-09-01,25.0,20.0,True,22.5,GHCN-Daily,72.5,0.0,7.5
2018-09-02,26.7,17.8,True,22.25,GHCN-Daily,72.05000000000001,0.0,7.050000000000011
2018-09-03,28.9,23.9,True,26.4,GHCN-Daily,79.52,0.0,14.519999999999996
2018-09-04,33.9,24.4,True,29.15,GHCN-Daily,84.47,0.0,19.47
2018-09-05,30.6,23.3,True,26.950000000000003,GHCN-Daily,80.51,0.0,15.510000000000005
2018-09-06,31.7,22.8,True,27.25,GHCN-Daily,81.05000000000001,0.0,16.05000000000001
2018-09-07,25.0,21.1,True,23.05,GHCN-Daily,73.49000000000001,0.0,8.490000000000009
2018-09-08,22.2,16.7,True,19.45,GHCN-Daily,67.00999999999999,0.0,2.009999999999991
2018-09-09,17.2,13.3,True,15.25,GHCN-Daily,59.45,5.549999999999997,0.0
2018-09-10,18.3,13.3,True,15.8,GHCN-Daily,60.44,4.560000000000002,0.0
2018-09-11,24.4,17.8,True,21.1,GHCN-Daily,69.98,0.0,4.980000000000004
2018-09-12,26.1,21.7,True,23.9,GHCN-Daily,75.02,0.0,10.019999999999996
2018-09-13,25.6,20.6,True,23.1,GHCN-Daily,73.58000000000001,0.0,8.580000000000013
2018-09-14,25.6,19.4,True,22.5,GHCN-Daily,72.5,0.0,7.5
2018-09-15,26.1,18.3,True,22.200000000000003,GHCN-Daily,71.96000000000001,0.0,6.960000000000008
2018-09-16,26.7,17.8,True,22.25,GHCN-Daily,72.05000000000001,0.0,7.050000000000011
2018-09-17,26.1,18.3,True,22.200000000000003,GHCN-Daily,71.96000000000001,0.0,6.960000000000008
2018-09-18,27.2,21.1,True,24.15,GHCN-Daily,75.47,0.0,10.469999999999999
2018-09-19,28.9,19.4,True,24.15,GHCN-Daily,75.47,0.0,10.469999999999999
2018-09-20,22.8,17.8,True,20.3,GHCN-Daily,68.53999999999999,0.0,3.539999999999992
2018-09-21,22.8,19.4,True,21.1,GHCN-Daily,69.98,0.0,4.980000000000004
2018-09-22,23.9,17.2,True,20.549999999999997,GHCN-Daily,68.99,0.0,3.989999999999995
2018-09-23,20.6,16.1,True,18.35,GHCN-Daily,65.03,0.0,0.030000000000001137
2018-09-24,21.7,13.9,True,17.8,GHCN-Daily,64.03999999999999,0.960000000000008,0.0
2018-09-25,22.8,14.4,True,18.6,GHCN-Daily,65.48,0.0,0.480000000000004
2018-09-26,26.1,17.8,True,21.950000000000003,GHCN-Daily,71.51,0.0,6.510000000000005
2018-09-27,23.9,16.1,True,20.0,GHCN-Daily,68.0,0.0,3.0
2018-09-28,18.3,13.3,True,15.8,GHCN-Daily,60.44,4.560000000000002,0.0
2018-09-29,24.4,14.4,True,19.4,GHCN-Daily,66.92,0.0,1.9200000000000017
2018-09-30,21.1,12.2,True,16.65,GHCN-Daily,61.97,3.030000000000001,0.0
2018-10-01,23.9,17.2,True,20.549999999999997,GHCN-Daily,68.99,0.0,3.989999999999995
2018-10-02,25.0,18.3,True,21.65,GHCN-Daily,70.97,0.0,5.969999999999999
2018-10-03,25.6,17.2,True,21.4,GHCN-Daily,70.52,0.0,5.519999999999996
2018-10-04,23.9,15.0,True,19.45,GHCN-Daily,67.00999999999999,0.0,2.009999999999991
2018-10-05,21.7,16.1,True,18.9,GHCN-Daily,66.02,0.0,1.019999999999996
2018-10-06,20.6,17.2,True,18.9,GHCN-Daily,66.02,0.0,1.019999999999996
2018-10-07,26.7,20.6,True,23.65,GHCN-Daily,74.57,0.0,9.569999999999993
2018-10-08,21.7,17.8,True,19.75,GHCN-Daily,67.55000000000001,0.0,2.5500000000000114
2018-10-09,23.3,19.4,True,21.35,GHCN-Daily,70.43,0.0,5.430000000000007
2018-10-10,25.0,18.9,True,21.95,GHCN-Daily,71.50999999999999,0.0,6.509999999999991
2018-10-11,24.4,19.4,True,21.9,GHCN-Daily,71.42,0.0,6.420000000000002
2018-10-12,21.1,10.6,True,15.850000000000001,GHCN-Daily,60.53,4.469999999999999,0.0
2018-10-13,14.4,8.9,True,11.65,GHCN-Daily,52.97,12.030000000000001,0.0
2018-10-14,15.0,7.8,True,11.4,GHCN-Daily,52.519999999999996,12.480000000000004,0.0
2018-10-15,20.0,11.1,True,15.55,GHCN-Daily,59.99,5.009999999999998,0.0
2018-10-16,16.7,8.3,True,12.5,GHCN-Daily,54.5,10.5,0.0
2018-10-17,17.2,8.3,True,12.75,GHCN-Daily,54.95,10.049999999999997,0.0
2018-10-18,11.1,5.0,True,8.05,GHCN-Daily,46.49,18.509999999999998,0.0
2018-10-19,15.6,5.0,True,10.3,GHCN-Daily,50.540000000000006,14.459999999999994,0.0
2018-10-20,17.2,11.1,True,14.149999999999999,GHCN-Daily,57.47,7.530000000000001,0.0
2018-10-21,11.7,4.4,True,8.05,GHCN-Daily,46.49,18.509999999999998,0.0
2018-10-22,11.1,3.9,True,7.5,GHCN-Daily,45.5,19.5,0.0
2018-10-23,17.2,8.3,True,12.75,GHCN-Daily,54.95,10.049999999999997,0.0
2018-10-24,13.3,6.7,True,10.0,GHCN-Daily,50.0,15.0,0.0
2018-10-25,11.7,4.4,True,8.05,GHCN-Daily,46.49,18.509999999999998,0.0
2018-10-26,9.4,2.2,True,5.800000000000001,GHCN-Daily,42.44,22.560000000000002,0.0
2018-10-27,14.4,6.1,True,10.25,GHCN-Daily,50.45,14.549999999999997,0.0
2018-10-28,12.2,7.8,True,10.0,GHCN-Daily,50.0,15.0,0.0
2018-10-29,14.4,8.3,True,11.350000000000001,GHCN-Daily,52.43000000000001,12.569999999999993,0.0
2018-10-30,13.9,6.1,True,10.0,GHCN-Daily,50.0,15.0,0.0
2018-10-31,17.2,3.3,True,10.25,GHCN-Daily,50.45,14.549999999999997,0.0
2018-11-01,18.9,10.6,True,14.75,GHCN-Daily,58.55,6.450000000000003,0.0
2018-11-02,18.9,16.7,True,17.799999999999997,GHCN-Daily,64.03999999999999,0.960000000000008,0.0
2018-11-03,17.8,9.4,True,13.600000000000001,GHCN-Daily,56.480000000000004,8.519999999999996,0.0
2018-11-04,13.9,6.1,True,10.0,GHCN-Daily,50.0,15.0,0.0
2018-11-05,12.8,6.7,True,9.75,GHCN-Daily,49.55,15.450000000000003,0.0
2018-11-06,16.1,10.0,True,13.05,GHCN-Daily,55.49,9.509999999999998,0.0
2018-11-07,17.2,10.0,True,13.6,GHCN-Daily,56.480000000000004,8.519999999999996,0.0
2018-11-08,14.4,6.1,True,10.25,GHCN-Daily,50.45,14.549999999999997,0.0
2018-11-09,11.1,3.9,True,7.5,GHCN-Daily,45.5,19.5,0.0
2018-11-10,10.6,1.7,True,6.1499999999999995,GHCN-Daily,43.07,21.93,0.0
2018-11-11,8.3,1.1,True,4.7,GHCN-Daily,40.46,24.54,0.0
2018-11-12,9.4,-1.0,True,4.2,GHCN-Daily,39.56,25.439999999999998,0.0
2018-11-13,14.4,6.1,True,10.25,GHCN-Daily,50.45,14.549999999999997,0.0
2018-11-14,6.7,0.0,True,3.35,GHCN-Daily,38.03,26.97,0.0
2018-11-15,2.8,-0.5,True,1.15,GHCN-Daily,34.07,30.93,0.0
2018-11-16,8.3,1.7,True,5.0,GHCN-Daily,41.0,24.0,0.0
2018-11-17,10.0,3.3,True,6.65,GHCN-Daily,43.97,21.03,0.0
2018-11-18,6.7,3.9,True,5.3,GHCN-Daily,41.54,23.46,0.0
2018-11-19,11.1,3.3,True,7.199999999999999,GHCN-Daily,44.96,20.04,0.0
2018-11-20,9.4,3.3,True,6.35,GHCN-Daily,43.43,21.57,0.0
2018-11-21,7.8,-2.7,True,2.55,GHCN-Daily,36.59,28.409999999999997,0.0
2018-11-22,-1.6,-7.7,True,-4.65,GHCN-Daily,23.63,41.370000000000005,0.0
2018-11-23,0.0,-9.3,True,-4.65,GHCN-Daily,23.63,41.370000000000005,0.0
2018-11-24,10.6,-2.7,True,3.9499999999999997,GHCN-Daily,39.11,25.89,0.0
2018-11-25,13.3,7.2,True,10.25,GHCN-Daily,50.45,14.549999999999997,0.0
2018-11-26,11.1,4.4,True,7.75,GHCN-Daily,45.95,19.049999999999997,0.0
2018-11-27,8.9,2.8,True,5.85,GHCN-Daily,42.53,22.47,0.0
2018-11-28,5.6,2.2,True,3.9,GHCN-Daily,39.019999999999996,25.980000000000004,0.0
2018-11-29,8.9,3.3,True,6.1,GHCN-Daily,42.980000000000004,22.019999999999996,0.0
2018-11-30,5.6,1.7,True,3.65,GHCN-Daily,38.57,26.43,0.0
2018-12-01,7.8,1.1,True,4.45,GHCN-Daily,40.01,24.990000000000002,0.0
2018-12-02,12.8,6.7,True,9.75,GHCN-Daily,49.55,15.450000000000003,0.0
2018-12-03,13.3,7.8,True,10.55,GHCN-Daily,50.99,14.009999999999998,0.0
2018-12-04,7.8,-1.0,True,3.4,GHCN-Daily,38.12,26.880000000000003,0.0
2018-12-05,2.2,-3.2,True,-0.5,GHCN-Daily,31.1,33.9,0.0
2018-12-06,4.4,-1.0,True,1.7000000000000002,GHCN-Daily,35.06,29.939999999999998,0.0
2018-12-07,4.4,-3.2,True,0.6000000000000001,GHCN-Daily,33.08,31.92,0.0
2018-12-08,2.8,-4.3,True,-0.75,GHCN-Daily,30.65,34.35,0.0
2018-12-09,2.2,-4.3,True,-1.0499999999999998,GHCN-Daily,30.11,34.89,0.0
2018-12-10,4.4,-2.1,True,1.1500000000000001,GHCN-Daily,34.07,30.93,0.0
2018-12-11,4.4,-2.7,True,0.8500000000000001,GHCN-Daily,33.53,31.47,0.0
2018-12-12,5.6,-1.0,True,2.3,GHCN-Daily,36.14,28.86,0.0
2018-12-13,6.7,0.0,True,3.35,GHCN-Daily,38.03,26.97,0.0
2018-12-14,10.6,5.6,True,8.1,GHCN-Daily,46.58,18.42,0.0
2018-12-15,11.1,8.3,True,9.7,GHCN-Daily,49.46,15.54,0.0
2018-12-16,8.3,2.8,True,5.550000000000001,GHCN-Daily,41.99,23.009999999999998,0.0
2018-12-17,9.4,3.3,True,6.35,GHCN-Daily,43.43,21.57,0.0
2018-12-18,5.0,-2.1,True,1.45,GHCN-Daily,34.61,30.39,0.0
2018-12-19,5.0,-4.3,True,0.3500000000000001,GHCN-Daily,32.63,32.37,0.0
2018-12-20,11.1,-1.0,True,5.05,GHCN-Daily,41.09,23.909999999999997,0.0
2018-12-21,13.9,10.6,True,12.25,GHCN-Daily,54.05,10.950000000000003,0.0
2018-12-22,10.6,4.4,True,7.5,GHCN-Daily,45.5,19.5,0.0
2018-12-23,6.7,2.2,True,4.45,GHCN-Daily,40.01,24.990000000000002,0.0
2018-12-24,6.7,1.7,True,4.2,GHCN-Daily,39.56,25.439999999999998,0.0
2018-12-25,6.1,0.0,True,3.05,GHCN-Daily,37.49,27.509999999999998,0.0
2018-12-26,6.7,0.0,True,3.35,GHCN-Daily,38.03,26.97,0.0
2018-12-27,6.7,2.8,True,4.75,GHCN-Daily,40.55,24.450000000000003,0.0
2018-12-28,12.8,6.1,True,9.45,GHCN-Daily,49.01,15.990000000000002,0.0
2018-12-29,12.2,3.9,True,8.049999999999999,GHCN-Daily,46.489999999999995,18.510000000000005,0.0
2018-12-30,3.9,0.0,True,1.95,GHCN-Daily,35.51,29.490000000000002,0.0
2018-12-31,9.4,-1.0,True,4.2,GHCN-Daily,39.56,25.439999999999998,0.0
2019-01-01,15.0,4.4,True,9.7,GHCN-Daily,49.46,15.54,0.0
2019-01-02,5.0,1.1,True,3.05,GHCN-Daily,37.49,27.509999999999998,0.0
2019-01-03,7.8,1.1,True,4.45,GHCN-Daily,40.01,24.990000000000002,0.0
2019-01-04,7.2,1.1,True,4.15,GHCN-Daily,39.47,25.53,0.0
2019-01-05,7.8,5.0,True,6.4,GHCN-Daily,43.52,21.479999999999997,0.0
2019-01-06,10.6,-0.5,True,5.05,GHCN-Daily,41.09,23.909999999999997,0.0
2019-01-07,1.7,-3.8,True,-1.0499999999999998,GHCN-Daily,30.11,34.89,0.0
2019-01-08,7.8,1.7,True,4.75,GHCN-Daily,40.55,24.450000000000003,0.0
2019-01-09,8.3,1.1,True,4.7,GHCN-Daily,40.46,24.54,0.0
2019-01-10,2.2,-2.1,True,0.050000000000000044,GHCN-Daily,32.09,32.91,0.0
2019-01-11,0.0,-5.5,True,-2.75,GHCN-Daily,27.05,37.95,0.0
2019-01-12,1.7,-6.6,True,-2.4499999999999997,GHCN-Daily,27.59,37.41,0.0
2019-01-13,0.6,-4.3,True,-1.8499999999999999,GHCN-Daily,28.67,36.33,0.0
2019-01-14,0.6,-4.3,True,-1.8499999999999999,GHCN-Daily,28.67,36.33,0.0
2019-01-15,2.2,-4.9,True,-1.35,GHCN-Daily,29.57,35.43,0.0
2019-01-16,3.9,-3.8,True,0.050000000000000044,GHCN-Daily,32.09,32.91,0.0
2019-01-17,1.1,-3.8,True,-1.3499999999999999,GHCN-Daily,29.57,35.43,0.0
2019-01-18,3.9,-2.1,True,0.8999999999999999,GHCN-Daily,33.62,31.380000000000003,0.0
2019-01-19,3.9,-1.6,True,1.15,GHCN-Daily,34.07,30.93,0.0
2019-01-20,10.0,-9.3,True,0.34999999999999964,GHCN-Daily,32.63,32.37,0.0
2019-01-21,-9.3,-14.9,True,-12.100000000000001,GHCN-Daily,10.219999999999995,54.78,0.0
2019-01-22,-0.5,-9.9,True,-5.2,GHCN-Daily,22.64,42.36,0.0
2019-01-23,8.3,-1.6,True,3.3500000000000005,GHCN-Daily,38.03,26.97,0.0
2019-01-24,12.2,1.7,True,6.949999999999999,GHCN-Daily,44.51,20.490000000000002,0.0
2019-01-25,4.4,-2.1,True,1.1500000000000001,GHCN-Daily,34.07,30.93,0.0
2019-01-26,0.6,-4.3,True,-1.8499999999999999,GHCN-Daily,28.67,36.33,0.0
2019-01-27,7.2,-2.1,True,2.55,GHCN-Daily,36.59,28.409999999999997,0.0
2019-01-28,3.9,-4.9,True,-0.5000000000000002,GHCN-Daily,31.099999999999998,33.900000000000006,0.0
2019-01-29,6.1,-5.5,True,0.2999999999999998,GHCN-Daily,32.54,32.46,0.0
2019-01-30,1.7,-13.8,True,-6.050000000000001,GHCN-Daily,21.11,43.89,0.0
2019-01-31,-8.2,-16.0,True,-12.1,GHCN-Daily,10.219999999999999,54.78,0.0
2019-02-01,-5.5,-11.6,True,-8.55,GHCN-Daily,16.61,48.39,0.0
2019-02-02,0.0,-8.8,True,-4.4,GHCN-Daily,24.08,40.92,0.0
2019-02-03,9.4,-3.8,True,2.8000000000000003,GHCN-Daily,37.04,27.96,0.0
2019-02-04,11.7,-1.0,True,5.35,GHCN-Daily,41.629999999999995,23.370000000000005,0.0
2019-02-05,15.6,0.0,True,7.8,GHCN-Daily,46.04,18.96,0.0
2019-02-06,7.2,0.6,True,3.9,GHCN-Daily,39.019999999999996,25.980000000000004,0.0
2019-02-07,6.7,3.9,True,5.3,GHCN-Daily,41.54,23.46,0.0
2019-02-08,12.8,0.0,True,6.4,GHCN-Daily,43.52,21.479999999999997,0.0
2019-02-09,1.1,-4.3,True,-1.5999999999999999,GHCN-Daily,29.12,35.879999999999995,0.0
2019-02-10,1.7,-5.5,True,-1.9,GHCN-Daily,28.58,36.42,0.0
2019-02-11,2.8,-1.6,True,0.5999999999999999,GHCN-Daily,33.08,31.92,0.0
2019-02-12,2.8,-3.2,True,-0.20000000000000018,GHCN-Daily,31.64,33.36,0.0
2019-02-13,5.6,0.6,True,3.0999999999999996,GHCN-Daily,37.58,27.42,0.0
2019-02-14,7.8,0.6,True,4.2,GHCN-Daily,39.56,25.439999999999998,0.0
2019-02-15,12.2,3.3,True,7.75,GHCN-Daily,45.95,19.049999999999997,0.0
2019-02-16,11.1,0.0,True,5.55,GHCN-Daily,41.99,23.009999999999998,0.0
2019-02-17,2.2,-3.8,True,-0.7999999999999998,GHCN-Daily,30.56,34.44,0.0
2019-02-18,6.1,-3.2,True,1.4499999999999997,GHCN-Daily,34.61,30.39,0.0
2019-02-19,2.2,-4.9,True,-1.35,GHCN-Daily,29.57,35.43,0.0
2019-02-20,1.1,-3.2,True,-1.05,GHCN-Daily,30.11,34.89,0.0
2019-02-21,10.6,0.6,True,5.6,GHCN-Daily,42.08,22.92,0.0
2019-02-22,7.2,2.8,True,5.0,GHCN-Daily,41.0,24.0,0.0
2019-02-23,4.4,-0.5,True,1.9500000000000002,GHCN-Daily,35.51,29.490000000000002,0.0
2019-02-24,8.3,3.3,True,5.800000000000001,GHCN-Daily,42.44,22.560000000000002,0.0
2019-02-25,6.7,-2.1,True,2.3,GHCN-Daily,36.14,28.86,0.0
2019-02-26,3.9,-3.2,True,0.34999999999999987,GHCN-Daily,32.63,32.37,0.0
2019-02-27,-1.0,-4.3,True,-2.65,GHCN-Daily,27.23,37.769999999999996,0.0
2019-02-28,2.8,-2.7,True,0.04999999999999982,GHCN-Daily,32.089999999999996,32.910000000000004,0.0
2019-03-01,2.8,-2.7,True,0.04999999999999982,GHCN-Daily,32.089999999999996,32.910000000000004,0.0
2019-03-02,4.4,-0.5,True,1.9500000000000002,GHCN-Daily,35.51,29.490000000000002,0.0
2019-03-03,6.1,0.0,True,3.05,GHCN-Daily,37.49,27.509999999999998,0.0
2019-03-04,3.9,-1.6,True,1.15,GHCN-Daily,34.07,30.93,0.0
2019-03-05,0.6,-6.6,True,-3.0,GHCN-Daily,26.6,38.4,0.0
2019-03-06,-2.1,-7.1,True,-4.6,GHCN-Daily,23.72,41.28,0.0
2019-03-07,0.6,-7.7,True,-3.5500000000000003,GHCN-Daily,25.61,39.39,0.0
2019-03-08,2.8,-5.5,True,-1.35,GHCN-Daily,29.57,35.43,0.0
2019-03-09,8.3,0.6,True,4.45,GHCN-Daily,40.01,24.990000000000002,0.0
2019-03-10,6.7,1.7,True,4.2,GHCN-Daily,39.56,25.439999999999998,0.0
2019-03-11,12.2,3.9,True,8.049999999999999,GHCN-Daily,46.489999999999995,18.510000000000005,0.0
2019-03-12,7.2,1.1,True,4.15,GHCN-Daily,39.47,25.53,0.0
2019-03-13,5.6,-1.6,True,1.9999999999999998,GHCN-Daily,35.6,29.4,0.0
2019-03-14,11.1,3.3,True,7.199999999999999,GHCN-Daily,44.96,20.04,0.0
2019-03-15,15.0,8.3,True,11.65,GHCN-Daily,52.97,12.030000000000001,0.0
2019-03-16,13.9,2.8,True,8.35,GHCN-Daily,47.03,17.97,0.0
2019-03-17,7.2,0.6,True,3.9,GHCN-Daily,39.019999999999996,25.980000000000004,0.0
2019-03-18,7.2,-2.1,True,2.55,GHCN-Daily,36.59,28.409999999999997,0.0
2019-03-19,10.0,0.0,True,5.0,GHCN-Daily,41.0,24.0,0.0
2019-03-20,10.0,-0.5,True,4.75,GHCN-Daily,40.55,24.450000000000003,0.0
2019-03-21,8.9,5.0,True,6.95,GHCN-Daily,44.51,20.490000000000002,0.0
2019-03-22,10.6,3.9,True,7.25,GHCN-Daily,45.05,19.950000000000003,0.0
2019-03-23,10.0,1.7,True,5.85,GHCN-Daily,42.53,22.47,0.0
2019-03-24,14.4,2.8,True,8.6,GHCN-Daily,47.480000000000004,17.519999999999996,0.0
2019-03-25,12.2,5.6,True,8.899999999999999,GHCN-Daily,48.019999999999996,16.980000000000004,0.0
2019-03-26,8.9,0.0,True,4.45,GHCN-Daily,40.01,24.990000000000002,0.0
2019-03-27,5.6,0.0,True,2.8,GHCN-Daily,37.04,27.96,0.0
2019-03-28,8.9,0.6,True,4.75,GHCN-Daily,40.55,24.450000000000003,0.0
2019-03-29,13.3,6.7,True,10.0,GHCN-Daily,50.0,15.0,0.0
2019-03-30,13.9,8.3,True,11.100000000000001,GHCN-Daily,51.980000000000004,13.019999999999996,0.0
2019-03-31,13.3,3.9,True,8.6,GHCN-Daily,47.480000000000004,17.519999999999996,0.0
2019-04-01,8.3,0.0,True,4.15,GHCN-Daily,39.47,25.53,0.0
2019-04-02,9.4,-0.5,True,4.45,GHCN-Daily,40.01,24.990000000000002,0.0
2019-04-03,18.9,4.4,True,11.649999999999999,GHCN-Daily,52.97,12.030000000000001,0.0
2019-04-04,16.1,5.6,True,10.850000000000001,GHCN-Daily,51.53,13.469999999999999,0.0
2019-04-05,6.1,3.3,True,4.699999999999999,GHCN-Daily,40.46,24.54,0.0
2019-04-06,17.2,4.4,True,10.8,GHCN-Daily,51.44,13.560000000000002,0.0
2019-04-07,15.0,7.2,True,11.1,GHCN-Daily,51.980000000000004,13.019999999999996,0.0
2019-04-08,20.0,8.9,True,14.45,GHCN-Daily,58.01,6.990000000000002,0.0
2019-04-09,8.9,6.1,True,7.5,GHCN-Daily,45.5,19.5,0.0
2019-04-10,16.1,4.4,True,10.25,GHCN-Daily,50.45,14.549999999999997,0.0
2019-04-11,8.9,3.3,True,6.1,GHCN-Daily,42.980000000000004,22.019999999999996,0.0
2019-04-12,16.7,7.2,True,11.95,GHCN-Daily,53.51,11.490000000000002,0.0
2019-04-13,20.6,11.7,True,16.15,GHCN-Daily,61.06999999999999,3.930000000000007,0.0
2019-04-14,17.2,10.6,True,13.899999999999999,GHCN-Daily,57.019999999999996,7.980000000000004,0.0
2019-04-15,16.1,7.8,True,11.950000000000001,GHCN-Daily,53.510000000000005,11.489999999999995,0.0
2019-04-16,18.9,6.7,True,12.799999999999999,GHCN-Daily,55.04,9.96,0.0
2019-04-17,13.9,8.3,True,11.100000000000001,GHCN-Daily,51.980000000000004,13.019999999999996,0.0
2019-04-18,14.4,9.4,True,11.9,GHCN-Daily,53.42,11.579999999999998,0.0
2019-04-19,21.1,12.2,True,16.65,GHCN-Daily,61.97,3.030000000000001,0.0
2019-04-20,16.7,11.7,True,14.2,GHCN-Daily,57.56,7.439999999999998,0.0
2019-04-21,16.7,10.6,True,13.649999999999999,GHCN-Daily,56.56999999999999,8.430000000000007,0.0
2019-04-22,16.7,10.0,True,13.35,GHCN-Daily,56.03,8.969999999999999,0.0
2019-04-23,21.1,13.3,True,17.200000000000003,GHCN-Daily,62.96000000000001,2.039999999999992,0.0
2019-04-24,21.1,11.7,True,16.4,GHCN-Daily,61.519999999999996,3.480000000000004,0.0
2019-04-25,14.4,8.3,True,11.350000000000001,GHCN-Daily,52.43000000000001,12.569999999999993,0.0
2019-04-26,15.0,11.1,True,13.05,GHCN-Daily,55.49,9.509999999999998,0.0
2019-04-27,16.1,8.3,True,12.200000000000001,GHCN-Daily,53.96,11.04,0.0
2019-04-28,12.8,7.2,True,10.0,GHCN-Daily,50.0,15.0,0.0
2019-04-29,12.8,3.9,True,8.35,GHCN-Daily,47.03,17.97,0.0
2019-04-30,15.0,8.9,True,11.95,GHCN-Daily,53.51,11.490000000000002,0.0
2019-05-01,12.2,9.4,True,10.8,GHCN-Daily,51.44,13.560000000000002,0.0
2019-05-02,21.1,9.4,True,15.25,GHCN-Daily,59.45,5.549999999999997,0.0
2019-05-03,13.3,9.4,True,11.350000000000001,GHCN-Daily,52.43000000000001,12.569999999999993,0.0
2019-05-04,18.3,11.7,True,15.0,GHCN-Daily,59.0,6.0,0.0
2019-05-05,13.9,10.6,True,12.25,GHCN-Daily,54.05,10.950000000000003,0.0
2019-05-06,20.0,10.0,True,15.0,GHCN-Daily,59.0,6.0,0.0
2019-05-07,16.7,10.6,True,13.649999999999999,GHCN-Daily,56.56999999999999,8.430000000000007,0.0
2019-05-08,20.0,11.1,True,15.55,GHCN-Daily,59.99,5.009999999999998,0.0
2019-05-09,13.3,10.0,True,11.65,GHCN-Daily,52.97,12.030000000000001,0.0
2019-05-10,19.4,12.2,True,15.799999999999999,GHCN-Daily,60.44,4.560000000000002,0.0
2019-05-11,21.1,13.3,True,17.200000000000003,GHCN-Daily,62.96000000000001,2.039999999999992,0.0
2019-05-12,13.3,6.1,True,9.7,GHCN-Daily,49.46,15.54,0.0
2019-05-13,9.4,6.1,True,7.75,GHCN-Daily,45.95,19.049999999999997,0.0
2019-05-14,10.6,6.7,True,8.65,GHCN-Daily,47.57,17.43,0.0
2019-05-15,18.9,7.2,True,13.049999999999999,GHCN-Daily,55.489999999999995,9.510000000000005,0.0
2019-05-16,20.0,11.1,True,15.55,GHCN-Daily,59.99,5.009999999999998,0.0
2019-05-17,21.7,12.2,True,16.95,GHCN-Daily,62.51,2.490000000000002,0.0
2019-05-18,21.7,13.3,True,17.5,GHCN-Daily,63.5,1.5,0.0
2019-05-19,20.6,13.3,True,16.950000000000003,GHCN-Daily,62.510000000000005,2.489999999999995,0.0
2019-05-20,30.0,16.1,True,23.05,GHCN-Daily,73.49000000000001,0.0,8.490000000000009
2019-05-21,22.8,14.4,True,18.6,GHCN-Daily,65.48,0.0,0.480000000000004
2019-05-22,23.3,12.8,True,18.05,GHCN-Daily,64.49000000000001,0.5099999999999909,0.0
2019-05-23,20.6,12.8,True,16.700000000000003,GHCN-Daily,62.06,2.9399999999999977,0.0
2019-05-24,23.9,16.7,True,20.299999999999997,GHCN-Daily,68.53999999999999,0.0,3.539999999999992
2019-05-25,18.9,11.7,True,15.299999999999999,GHCN-Daily,59.54,5.460000000000001,0.0
2019-05-26,29.4,15.0,True,22.2,GHCN-Daily,71.96000000000001,0.0,6.960000000000008
2019-05-27,27.2,17.8,True,22.5,GHCN-Daily,72.5,0.0,7.5
2019-05-28,21.7,16.7,True,19.2,GHCN-Daily,66.56,0.0,1.5600000000000023
2019-05-29,21.7,13.3,True,17.5,GHCN-Daily,63.5,1.5,0.0
2019-05-30,17.8,13.3,True,15.55,GHCN-Daily,59.99,5.009999999999998,0.0
2019-05-31,26.7,16.1,True,21.4,GHCN-Daily,70.52,0.0,5.519999999999996
2019-06-01,25.6,16.1,True,20.85,GHCN-Daily,69.53,0.0,4.530000000000001
2019-06-02,26.1,16.7,True,21.4,GHCN-Daily,70.52,0.0,5.519999999999996
2019-06-03,22.2,13.9,True,18.05,GHCN-Daily,64.49000000000001,0.5099999999999909,0.0
2019-06-04,21.1,12.8,True,16.950000000000003,GHCN-Daily,62.510000000000005,2.489999999999995,0.0
2019-06-05,23.9,16.7,True,20.299999999999997,GHCN-Daily,68.53999999999999,0.0,3.539999999999992
2019-06-06,28.9,17.8,True,23.35,GHCN-Daily,74.03,0.0,9.030000000000001
2019-06-07,25.0,16.1,True,20.55,GHCN-Daily,68.99000000000001,0.0,3.990000000000009
2019-06-08,25.6,15.6,True,20.6,GHCN-Daily,69.08000000000001,0.0,4.0800000000000125
2019-06-09,23.3,13.9,True,18.6,GHCN-Daily,65.48,0.0,0.480000000000004
2019-06-10,21.1,13.3,True,17.200000000000003,GHCN-Daily,62.96000000000001,2.039999999999992,0.0
2019-06-11,26.1,18.3,True,22.200000000000003,GHCN-Daily,71.96000000000001,0.0,6.960000000000008
2019-06-12,22.8,13.9,True,18.35,GHCN-Daily,65.03,0.0,0.030000000000001137
2019-06-13,18.9,13.9,True,16.4,GHCN-Daily,61.519999999999996,3.480000000000004,0.0
2019-06-14,23.9,15.0,True,19.45,GHCN-Daily,67.00999999999999,0.0,2.009999999999991
2019-06-15,23.9,12.8,True,18.35,GHCN-Daily,65.03,0.0,0.030000000000001137
2019-06-16,24.4,18.3,True,21.35,GHCN-Daily,70.43,0.0,5.430000000000007
2019-06-17,24.4,19.4,True,21.9,GHCN-Daily,71.42,0.0,6.420000000000002
2019-06-18,24.4,18.9,True,21.65,GHCN-Daily,70.97,0.0,5.969999999999999
2019-06-19,20.6,18.3,True,19.450000000000003,GHCN-Daily,67.01,0.0,2.010000000000005
2019-06-20,24.4,18.9,True,21.65,GHCN-Daily,70.97,0.0,5.969999999999999
2019-06-21,26.7,18.9,True,22.799999999999997,GHCN-Daily,73.03999999999999,0.0,8.039999999999992
2019-06-22,27.8,17.2,True,22.5,GHCN-Daily,72.5,0.0,7.5
2019-06-23,29.4,17.8,True,23.6,GHCN-Daily,74.48,0.0,9.480000000000004
2019-06-24,28.3,17.2,True,22.75,GHCN-Daily,72.95,0.0,7.950000000000003
2019-06-25,27.2,20.6,True,23.9,GHCN-Daily,75.02,0.0,10.019999999999996
2019-06-26,30.0,20.6,True,25.3,GHCN-Daily,77.53999999999999,0.0,12.539999999999992
2019-06-27,32.8,20.6,True,26.7,GHCN-Daily,80.06,0.0,15.060000000000002
2019-06-28,31.1,20.6,True,25.85,GHCN-Daily,78.53,0.0,13.530000000000001
2019-06-29,31.7,21.7,True,26.7,GHCN-Daily,80.06,0.0,15.060000000000002
2019-06-30,30.6,20.6,True,25.6,GHCN-Daily,78.08000000000001,0.0,13.080000000000013
2019-07-01,30.0,18.3,True,24.15,GHCN-Daily,75.47,0.0,10.469999999999999
2019-07-02,31.7,19.4,True,25.549999999999997,GHCN-Daily,77.99,0.0,12.989999999999995
2019-07-03,30.0,22.2,True,26.1,GHCN-Daily,78.98,0.0,13.980000000000004
2019-07-04,30.6,21.1,True,25.85,GHCN-Daily,78.53,0.0,13.530000000000001
2019-07-05,28.3,22.2,True,25.25,GHCN-Daily,77.45,0.0,12.450000000000003
2019-07-06,30.6,23.9,True,27.25,GHCN-Daily,81.05000000000001,0.0,16.05000000000001
2019-07-07,29.4,21.1,True,25.25,GHCN-Daily,77.45,0.0,12.450000000000003
2019-07-08,25.6,20.0,True,22.8,GHCN-Daily,73.03999999999999,0.0,8.039999999999992
2019-07-09,31.7,20.0,True,25.85,GHCN-Daily,78.53,0.0,13.530000000000001
2019-07-10,31.1,21.1,True,26.1,GHCN-Daily,78.98,0.0,13.980000000000004
2019-07-11,28.3,21.7,True,25.0,GHCN-Daily,77.0,0.0,12.0
2019-07-12,32.2,22.8,True,27.5,GHCN-Daily,81.5,0.0,16.5
2019-07-13,29.4,21.7,True,25.549999999999997,GHCN-Daily,77.99,0.0,12.989999999999995
2019-07-14,33.9,22.8,True,28.35,GHCN-Daily,83.03,0.0,18.03
2019-07-15,30.0,20.6,True,25.3,GHCN-Daily,77.53999999999999,0.0,12.539999999999992
2019-07-16,30.6,21.1,True,25.85,GHCN-Daily,78.53,0.0,13.530000000000001
2019-07-17,32.2,22.8,True,27.5,GHCN-Daily,81.5,0.0,16.5
2019-07-18,30.0,21.7,True,25.85,GHCN-Daily,78.53,0.0,13.530000000000001
2019-07-19,28.9,21.7,True,25.299999999999997,GHCN-Daily,77.53999999999999,0.0,12.539999999999992
2019-07-20,37.2,25.6,True,31.400000000000002,GHCN-Daily,88.52000000000001,0.0,23.52000000000001
2019-07-21,37.2,26.7,True,31.950000000000003,GHCN-Daily,89.51,0.0,24.510000000000005
2019-07-22,30.6,22.8,True,26.700000000000003,GHCN-Daily,80.06,0.0,15.060000000000002
2019-07-23,24.4,19.4,True,21.9,GHCN-Daily,71.42,0.0,6.420000000000002
2019-07-24,28.9,18.3,True,23.6,GHCN-Daily,74.48,0.0,9.480000000000004
2019-07-25,29.4,19.4,True,24.4,GHCN-Daily,75.92,0.0,10.920000000000002
2019-07-26,29.4,19.4,True,24.4,GHCN-Daily,75.92,0.0,10.920000000000002
2019-07-27,27.8,21.1,True,24.450000000000003,GHCN-Daily,76.01,0.0,11.010000000000005
2019-07-28,30.6,21.7,True,26.15,GHCN-Daily,79.07,0.0,14.069999999999993
2019-07-29,31.7,22.2,True,26.95,GHCN-Daily,80.50999999999999,0.0,15.509999999999991
2019-07-30,30.6,23.9,True,27.25,GHCN-Daily,81.05000000000001,0.0,16.05000000000001
2019-07-31,30.0,22.2,True,26.1,GHCN-Daily,78.98,0.0,13.980000000000004
2019-08-01,31.7,21.7,True,26.7,GHCN-Daily,80.06,0.0,15.060000000000002
2019-08-02,27.8,22.2,True,25.0,GHCN-Daily,77.0,0.0,12.0
2019-08-03,28.9,21.1,True,25.0,GHCN-Daily,77.0,0.0,12.0
2019-08-04,31.7,21.1,True,26.4,GHCN-Daily,79.52,0.0,14.519999999999996
2019-08-05,27.8,21.1,True,24.450000000000003,GHCN-Daily,76.01,0.0,11.010000000000005
2019-08-06,26.1,21.7,True,23.9,GHCN-Daily,75.02,0.0,10.019999999999996
2019-08-07,28.9,21.1,True,25.0,GHCN-Daily,77.0,0.0,12.0
2019-08-08,30.0,20.6,True,25.3,GHCN-Daily,77.53999999999999,0.0,12.539999999999992
2019-08-09,29.4,21.1,True,25.25,GHCN-Daily,77.45,0.0,12.450000000000003
2019-08-10,28.3,18.9,True,23.6,GHCN-Daily,74.48,0.0,9.480000000000004
2019-08-11,27.8,17.8,True,22.8,GHCN-Daily,73.03999999999999,0.0,8.039999999999992
2019-08-12,29.4,19.4,True,24.4,GHCN-Daily,75.92,0.0,10.920000000000002
2019-08-13,25.0,22.8,True,23.9,GHCN-Daily,75.02,0.0,10.019999999999996
2019-08-14,26.7,21.1,True,23.9,GHCN-Daily,75.02,0.0,10.019999999999996
2019-08-15,26.7,20.0,True,23.35,GHCN-Daily,74.03,0.0,9.030000000000001
2019-08-16,26.1,19.4,True,22.75,GHCN-Daily,72.95,0.0,7.950000000000003
2019-08-17,28.9,22.8,True,25.85,GHCN-Daily,78.53,0.0,13.530000000000001
2019-08-18,30.6,22.8,True,26.700000000000003,GHCN-Daily,80.06,0.0,15.060000000000002
2019-08-19,30.0,22.2,True,26.1,GHCN-Daily,78.98,0.0,13.980000000000004
2019-08-20,30.0,23.3,True,26.65,GHCN-Daily,79.97,0.0,14.969999999999999
2019-08-21,31.1,23.3,True,27.200000000000003,GHCN-Daily,80.96000000000001,0.0,15.960000000000008
2019-08-22,31.7,20.6,True,26.15,GHCN-Daily,79.07,0.0,14.069999999999993
2019-08-23,23.9,18.9,True,21.4,GHCN-Daily,70.52,0.0,5.519999999999996
2019-08-24,25.6,17.2,True,21.4,GHCN-Daily,70.52,0.0,5.519999999999996
2019-08-25,25.0,16.7,True,20.85,GHCN-Daily,69.53,0.0,4.530000000000001
2019-08-26,22.8,15.6,True,19.2,GHCN-Daily,66.56,0.0,1.5600000000000023
2019-08-27,22.2,15.6,True,18.9,GHCN-Daily,66.02,0.0,1.019999999999996
2019-08-28,28.3,18.3,True,23.3,GHCN-Daily,73.94,0.0,8.939999999999998
2019-08-29,28.3,19.4,True,23.85,GHCN-Daily,74.93,0.0,9.930000000000007
2019-08-30,29.4,17.8,True,23.6,GHCN-Daily,74.48,0.0,9.480000000000004
2019-08-31,27.8,18.9,True,23.35,GHCN-Daily,74.03,0.0,9.030000000000001
2019-09-01,24.4,16.7,True,20.549999999999997,GHCN-Daily,68.99,0.0,3.989999999999995
2019-09-02,25.0,20.0,True,22.5,GHCN-Daily,72.5,0.0,7.5
2019-09-03,27.2,19.4,True,23.299999999999997,GHCN-Daily,73.94,0.0,8.939999999999998
2019-09-04,27.2,19.4,True,23.299999999999997,GHCN-Daily,73.94,0.0,8.939999999999998
2019-09-05,23.3,17.8,True,20.55,GHCN-Daily,68.99000000000001,0.0,3.990000000000009
2019-09-06,19.4,15.0,True,17.2,GHCN-Daily,62.96,2.039999999999999,0.0
2019-09-07,24.4,13.9,True,19.15,GHCN-Daily,66.47,0.0,1.4699999999999989
2019-09-08,25.0,17.2,True,21.1,GHCN-Daily,69.98,0.0,4.980000000000004
2019-09-09,25.0,17.8,True,21.4,GHCN-Daily,70.52,0.0,5.519999999999996
2019-09-10,24.4,18.3,True,21.35,GHCN-Daily,70.43,0.0,5.430000000000007
2019-09-11,28.9,20.0,True,24.45,GHCN-Daily,76.00999999999999,0.0,11.009999999999991
2019-09-12,27.8,16.7,True,22.25,GHCN-Daily,72.05000000000001,0.0,7.050000000000011
2019-09-13,21.7,13.9,True,17.8,GHCN-Daily,64.03999999999999,0.960000000000008,0.0
2019-09-14,24.4,17.2,True,20.799999999999997,GHCN-Daily,69.44,0.0,4.439999999999998
2019-09-15,27.2,20.6,True,23.9,GHCN-Daily,75.02,0.0,10.019999999999996
2019-09-16,25.6,18.3,True,21.950000000000003,GHCN-Daily,71.51,0.0,6.510000000000005
2019-09-17,25.0,15.0,True,20.0,GHCN-Daily,68.0,0.0,3.0
2019-09-18,21.7,12.8,True,17.25,GHCN-Daily,63.05,1.9500000000000028,0.0
2019-09-19,20.0,9.4,True,14.7,GHCN-Daily,58.46,6.539999999999999,0.0
2019-09-20,25.6,12.8,True,19.200000000000003,GHCN-Daily,66.56,0.0,1.5600000000000023
2019-09-21,26.7,15.0,True,20.85,GHCN-Daily,69.53,0.0,4.530000000000001
2019-09-22,26.1,17.8,True,21.950000000000003,GHCN-Daily,71.51,0.0,6.510000000000005
2019-09-23,27.8,20.6,True,24.200000000000003,GHCN-Daily,75.56,0.0,10.560000000000002
2019-09-24,25.6,17.2,True,21.4,GHCN-Daily,70.52,0.0,5.519999999999996
2019-09-25,24.4,13.9,True,19.15,GHCN-Daily,66.47,0.0,1.4699999999999989
2019-09-26,25.6,16.1,True,20.85,GHCN-Daily,69.53,0.0,4.530000000000001
2019-09-27,23.3,13.3,True,18.3,GHCN-Daily,64.94,0.060000000000002274,0.0
2019-09-28,25.0,17.2,True,21.1,GHCN-Daily,69.98,0.0,4.980000000000004
2019-09-29,27.2,18.3,True,22.75,GHCN-Daily,72.95,0.0,7.950000000000003
2019-09-30,21.7,16.7,True,19.2,GHCN-Daily,66.56,0.0,1.5600000000000023
2019-10-01,25.6,16.7,True,21.15,GHCN-Daily,70.07,0.0,5.069999999999993
2019-10-02,35.0,17.8,True,26.4,GHCN-Daily,79.52,0.0,14.519999999999996
2019-10-03,17.8,11.7,True,14.75,GHCN-Daily,58.55,6.450000000000003,0.0
2019-10-04,20.0,10.0,True,15.0,GHCN-Daily,59.0,6.0,0.0
2019-10-05,15.0,7.2,True,11.1,GHCN-Daily,51.980000000000004,13.019999999999996,0.0
2019-10-06,20.6,14.4,True,17.5,GHCN-Daily,63.5,1.5,0.0
2019-10-07,24.4,15.6,True,20.0,GHCN-Daily,68.0,0.0,3.0
2019-10-08,17.8,14.4,True,16.1,GHCN-Daily,60.980000000000004,4.019999999999996,0.0
2019-10-09,15.6,11.7,True,13.649999999999999,GHCN-Daily,56.56999999999999,8.430000000000007,0.0
2019-10-10,22.2,11.7,True,16.95,GHCN-Daily,62.51,2.490000000000002,0.0
2019-10-11,17.8,12.8,True,15.3,GHCN-Daily,59.540000000000006,5.459999999999994,0.0
2019-10-12,20.0,12.8,True,16.4,GHCN-Daily,61.519999999999996,3.480000000000004,0.0
2019-10-13,18.3,11.7,True,15.0,GHCN-Daily,59.0,6.0,0.0
2019-10-14,21.1,12.8,True,16.950000000000003,GHCN-Daily,62.510000000000005,2.489999999999995,0.0
2019-10-15,17.8,9.4,True,13.600000000000001,GHCN-Daily,56.480000000000004,8.519999999999996,0.0
2019-10-16,18.9,8.9,True,13.899999999999999,GHCN-Daily,57.019999999999996,7.980000000000004,0.0
2019-10-17,15.0,11.1,True,13.05,GHCN-Daily,55.49,9.509999999999998,0.0
2019-10-18,16.1,7.8,True,11.950000000000001,GHCN-Daily,53.510000000000005,11.489999999999995,0.0
2019-10-19,15.0,4.4,True,9.7,GHCN-Daily,49.46,15.54,0.0
2019-10-20,16.1,6.7,True,11.4,GHCN-Daily,52.519999999999996,12.480000000000004,0.0
2019-10-21,20.0,10.6,True,15.3,GHCN-Daily,59.540000000000006,5.459999999999994,0.0
2019-10-22,17.8,11.7,True,14.75,GHCN-Daily,58.55,6.450000000000003,0.0
2019-10-23,19.4,12.2,True,15.799999999999999,GHCN-Daily,60.44,4.560000000000002,0.0
2019-10-24,18.3,7.2,True,12.75,GHCN-Daily,54.95,10.049999999999997,0.0
2019-10-25,17.2,7.8,True,12.5,GHCN-Daily,54.5,10.5,0.0
2019-10-26,17.8,10.0,True,13.9,GHCN-Daily,57.019999999999996,7.980000000000004,0.0
2019-10-27,20.6,11.7,True,16.15,GHCN-Daily,61.06999999999999,3.930000000000007,0.0
2019-10-28,18.3,10.6,True,14.45,GHCN-Daily,58.01,6.990000000000002,0.0
2019-10-29,16.1,11.1,True,13.600000000000001,GHCN-Daily,56.480000000000004,8.519999999999996,0.0
2019-10-30,18.3,14.4,True,16.35,GHCN-Daily,61.43000000000001,3.569999999999993,0.0
2019-10-31,20.0,16.1,True,18.05,GHCN-Daily,64.49000000000001,0.5099999999999909,0.0
2019-11-01,20.0,6.1,True,13.05,GHCN-Daily,55.49,9.509999999999998,0.0
2019-11-02,11.1,2.8,True,6.949999999999999,GHCN-Daily,44.51,20.490000000000002,0.0
2019-11-03,13.3,6.1,True,9.7,GHCN-Daily,49.46,15.54,0.0
2019-11-04,13.3,1.1,True,7.2,GHCN-Daily,44.96,20.04,0.0
2019-11-05,17.2,10.0,True,13.6,GHCN-Daily,56.480000000000004,8.519999999999996,0.0
2019-11-06,13.3,6.7,True,10.0,GHCN-Daily,50.0,15.0,0.0
2019-11-07,13.9,5.0,True,9.45,GHCN-Daily,49.01,15.990000000000002,0.0
2019-11-08,5.0,-1.6,True,1.7,GHCN-Daily,35.06,29.939999999999998,0.0
2019-11-09,5.0,-3.8,True,0.6000000000000001,GHCN-Daily,33.08,31.92,0.0
2019-11-10,11.1,2.8,True,6.949999999999999,GHCN-Daily,44.51,20.490000000000002,0.0
2019-11-11,14.4,5.0,True,9.7,GHCN-Daily,49.46,15.54,0.0
2019-11-12,13.3,-3.8,True,4.75,GHCN-Daily,40.55,24.450000000000003,0.0
2019-11-13,1.7,-4.9,True,-1.6,GHCN-Daily,29.12,35.879999999999995,0.0
2019-11-14,7.8,-4.3,True,1.75,GHCN-Daily,35.15,29.85,0.0
2019-11-15,10.6,1.1,True,5.85,GHCN-Daily,42.53,22.47,0.0
2019-11-16,5.6,0.0,True,2.8,GHCN-Daily,37.04,27.96,0.0
2019-11-17,6.7,-0.5,True,3.1,GHCN-Daily,37.58,27.42,0.0
2019-11-18,6.1,3.3,True,4.699999999999999,GHCN-Daily,40.46,24.54,0.0
2019-11-19,10.6,5.0,True,7.8,GHCN-Daily,46.04,18.96,0.0
2019-11-20,8.9,5.0,True,6.95,GHCN-Daily,44.51,20.490000000000002,0.0
2019-11-21,11.7,1.1,True,6.3999999999999995,GHCN-Daily,43.519999999999996,21.480000000000004,0.0
2019-11-22,11.1,3.3,True,7.199999999999999,GHCN-Daily,44.96,20.04,0.0
2019-11-23,7.2,1.1,True,4.15,GHCN-Daily,39.47,25.53,0.0
2019-11-24,9.4,5.0,True,7.2,GHCN-Daily,44.96,20.04,0.0
2019-11-25,11.1,3.9,True,7.5,GHCN-Daily,45.5,19.5,0.0
2019-11-26,13.3,3.9,True,8.6,GHCN-Daily,47.480000000000004,17.519999999999996,0.0
2019-11-27,13.3,6.7,True,10.0,GHCN-Daily,50.0,15.0,0.0
2019-11-28,11.7,2.8,True,7.25,GHCN-Daily,45.05,19.950000000000003,0.0
2019-11-29,5.0,-1.0,True,2.0,GHCN-Daily,35.6,29.4,0.0
2019-11-30,6.7,-1.0,True,2.85,GHCN-Daily,37.13,27.869999999999997,0.0
2019-12-01,5.0,-1.6,True,1.7,GHCN-Daily,35.06,29.939999999999998,0.0
2019-12-02,4.4,-0.5,True,1.9500000000000002,GHCN-Daily,35.51,29.490000000000002,0.0
2019-12-03,3.3,-0.5,True,1.4,GHCN-Daily,34.52,30.479999999999997,0.0
2019-12-04,3.9,0.6,True,2.25,GHCN-Daily,36.05,28.950000000000003,0.0
2019-12-05,6.7,2.2,True,4.45,GHCN-Daily,40.01,24.990000000000002,0.0
2019-12-06,10.0,1.1,True,5.55,GHCN-Daily,41.99,23.009999999999998,0.0
2019-12-07,4.4,-1.6,True,1.4000000000000001,GHCN-Daily,34.52,30.479999999999997,0.0
2019-12-08,7.2,-4.9,True,1.15,GHCN-Daily,34.07,30.93,0.0
2019-12-09,12.2,5.6,True,8.899999999999999,GHCN-Daily,48.019999999999996,16.980000000000004,0.0
2019-12-10,13.9,4.4,True,9.15,GHCN-Daily,48.47,16.53,0.0
2019-12-11,4.4,-0.5,True,1.9500000000000002,GHCN-Daily,35.51,29.490000000000002,0.0
2019-12-12,1.7,-3.2,True,-0.7500000000000001,GHCN-Daily,30.65,34.35,0.0
2019-12-13,12.2,-0.5,True,5.85,GHCN-Daily,42.53,22.47,0.0
2019-12-14,13.3,6.7,True,10.0,GHCN-Daily,50.0,15.0,0.0
2019-12-15,10.0,2.8,True,6.4,GHCN-Daily,43.52,21.479999999999997,0.0
2019-12-16,2.8,0.6,True,1.7,GHCN-Daily,35.06,29.939999999999998,0.0
2019-12-17,2.2,0.0,True,1.1,GHCN-Daily,33.98,31.020000000000003,0.0
2019-12-18,3.9,-5.5,True,-0.8,GHCN-Daily,30.56,34.44,0.0
2019-12-19,-3.2,-8.2,True,-5.699999999999999,GHCN-Daily,21.740000000000002,43.26,0.0
2019-12-20,1.1,-4.9,True,-1.9000000000000001,GHCN-Daily,28.58,36.42,0.0
2019-12-21,2.8,-5.5,True,-1.35,GHCN-Daily,29.57,35.43,0.0
2019-12-22,7.2,-2.1,True,2.55,GHCN-Daily,36.59,28.409999999999997,0.0
2019-12-23,11.7,0.6,True,6.1499999999999995,GHCN-Daily,43.07,21.93,0.0
2019-12-24,9.4,0.6,True,5.0,GHCN-Daily,41.0,24.0,0.0
2019-12-25,8.3,-1.6,True,3.3500000000000005,GHCN-Daily,38.03,26.97,0.0
2019-12-26,8.3,0.0,True,4.15,GHCN-Daily,39.47,25.53,0.0
2019-12-27,11.1,6.7,True,8.9,GHCN-Daily,48.019999999999996,16.980000000000004,0.0
2019-12-28,11.1,2.8,True,6.949999999999999,GHCN-Daily,44.51,20.490000000000002,0.0
2019-12-29,6.7,0.6,True,3.65,GHCN-Daily,38.57,26.43,0.0
2019-12-30,6.7,3.3,True,5.0,GHCN-Daily,41.0,24.0,0.0
2019-12-31,6.7,3.3,True,5.0,GHCN-Daily,41.0,24.0,0.0
2020-01-01,5.6,1.1,True,3.3499999999999996,GHCN-Daily,38.03,26.97,0.0
2020-01-02,8.9,-0.5,True,4.2,GHCN-Daily,39.56,25.439999999999998,0.0
2020-01-03,8.9,5.6,True,7.25,GHCN-Daily,45.05,19.950000000000003,0.0
2020-01-04,10.6,6.1,True,8.35,GHCN-Daily,47.03,17.97,0.0
2020-01-05,9.4,1.7,True,5.55,GHCN-Daily,41.99,23.009999999999998,0.0
2020-01-06,7.2,0.0,True,3.6,GHCN-Daily,38.480000000000004,26.519999999999996,0.0
2020-01-07,6.7,1.7,True,4.2,GHCN-Daily,39.56,25.439999999999998,0.0
2020-01-08,6.1,-2.1,True,1.9999999999999998,GHCN-Daily,35.6,29.4,0.0
2020-01-09,1.1,-4.3,True,-1.5999999999999999,GHCN-Daily,29.12,35.879999999999995,0.0
2020-01-10,10.6,0.0,True,5.3,GHCN-Daily,41.54,23.46,0.0
2020-01-11,13.9,7.8,True,10.85,GHCN-Daily,51.53,13.469999999999999,0.0
2020-01-12,20.0,6.1,True,13.05,GHCN-Daily,55.49,9.509999999999998,0.0
2020-01-13,8.9,1.7,True,5.3,GHCN-Daily,41.54,23.46,0.0
2020-01-14,7.8,2.8,True,5.3,GHCN-Daily,41.54,23.46,0.0
2020-01-15,11.1,4.4,True,7.75,GHCN-Daily,45.95,19.049999999999997,0.0
2020-01-16,10.0,1.1,True,5.55,GHCN-Daily,41.99,23.009999999999998,0.0
2020-01-17,1.1,-5.5,True,-2.2,GHCN-Daily,28.04,36.96,0.0
2020-01-18,3.9,-6.6,True,-1.3499999999999999,GHCN-Daily,29.57,35.43,0.0
2020-01-19,7.8,-1.6,True,3.0999999999999996,GHCN-Daily,37.58,27.42,0.0
2020-01-20,0.6,-6.6,True,-3.0,GHCN-Daily,26.6,38.4,0.0
2020-01-21,1.1,-7.1,True,-3.0,GHCN-Daily,26.6,38.4,0.0
2020-01-22,3.3,-5.5,True,-1.1,GHCN-Daily,30.02,34.980000000000004,0.0
2020-01-23,6.7,-3.2,True,1.75,GHCN-Daily,35.15,29.85,0.0
2020-01-24,11.7,-1.0,True,5.35,GHCN-Daily,41.629999999999995,23.370000000000005,0.0
2020-01-25,10.0,2.8,True,6.4,GHCN-Daily,43.52,21.479999999999997,0.0
2020-01-26,8.9,2.2,True,5.550000000000001,GHCN-Daily,41.99,23.009999999999998,0.0
2020-01-27,7.2,1.7,True,4.45,GHCN-Daily,40.01,24.990000000000002,0.0
2020-01-28,7.2,2.8,True,5.0,GHCN-Daily,41.0,24.0,0.0
2020-01-29,5.0,-1.6,True,1.7,GHCN-Daily,35.06,29.939999999999998,0.0
2020-01-30,2.8,-4.3,True,-0.75,GHCN-Daily,30.65,34.35,0.0
2020-01-31,7.2,0.0,True,3.6,GHCN-Daily,38.480000000000004,26.519999999999996,0.0
2020-02-01,6.1,1.7,True,3.9,GHCN-Daily,39.019999999999996,25.980000000000004,0.0
2020-02-02,6.7,-1.6,True,2.55,GHCN-Daily,36.59,28.409999999999997,0.0
2020-02-03,12.8,2.2,True,7.5,GHCN-Daily,45.5,19.5,0.0
2020-02-04,11.7,3.9,True,7.8,GHCN-Daily,46.04,18.96,0.0
2020-02-05,10.6,3.9,True,7.25,GHCN-Daily,45.05,19.950000000000003,0.0
2020-02-06,6.1,2.8,True,4.449999999999999,GHCN-Daily,40.01,24.990000000000002,0.0
2020-02-07,12.2,0.6,True,6.3999999999999995,GHCN-Daily,43.519999999999996,21.480000000000004,0.0
2020-02-08,6.1,-1.0,True,2.55,GHCN-Daily,36.59,28.409999999999997,0.0
2020-02-09,8.3,-1.6,True,3.3500000000000005,GHCN-Daily,38.03,26.97,0.0
2020-02-10,8.3,5.6,True,6.95,GHCN-Daily,44.51,20.490000000000002,0.0
2020-02-11,9.4,6.1,True,7.75,GHCN-Daily,45.95,19.049999999999997,0.0
2020-02-12,7.2,3.3,True,5.25,GHCN-Daily,41.45,23.549999999999997,0.0
2020-02-13,6.7,2.2,True,4.45,GHCN-Daily,40.01,24.990000000000002,0.0
2020-02-14,4.4,-7.1,True,-1.3499999999999996,GHCN-Daily,29.57,35.43,0.0
2020-02-15,-1.0,-9.9,True,-5.45,GHCN-Daily,22.189999999999998,42.81,0.0
2020-02-16,7.2,-1.0,True,3.1,GHCN-Daily,37.58,27.42,0.0
2020-02-17,10.6,1.1,True,5.85,GHCN-Daily,42.53,22.47,0.0
2020-02-18,9.4,2.2,True,5.800000000000001,GHCN-Daily,42.44,22.560000000000002,0.0
2020-02-19,10.6,0.6,True,5.6,GHCN-Daily,42.08,22.92,0.0
2020-02-20,2.8,-3.2,True,-0.20000000000000018,GHCN-Daily,31.64,33.36,0.0
2020-02-21,2.2,-6.6,True,-2.1999999999999997,GHCN-Daily,28.04,36.96,0.0
2020-02-22,10.0,-1.0,True,4.5,GHCN-Daily,40.1,24.9,0.0
2020-02-23,12.2,-1.0,True,5.6,GHCN-Daily,42.08,22.92,0.0
2020-02-24,12.2,1.1,True,6.6499999999999995,GHCN-Daily,43.97,21.03,0.0
2020-02-25,9.4,5.6,True,7.5,GHCN-Daily,45.5,19.5,0.0
2020-02-26,8.9,6.1,True,7.5,GHCN-Daily,45.5,19.5,0.0
2020-02-27,8.9,-0.5,True,4.2,GHCN-Daily,39.56,25.439999999999998,0.0
2020-02-28,5.6,-1.6,True,1.9999999999999998,GHCN-Daily,35.6,29.4,0.0
2020-02-29,2.8,-3.2,True,-0.20000000000000018,GHCN-Daily,31.64,33.36,0.0
2020-03-01,6.7,-3.8,True,1.4500000000000002,GHCN-Daily,34.61,30.39,0.0
2020-03-02,10.6,0.0,True,5.3,GHCN-Daily,41.54,23.46,0.0
2020-03-03,11.7,5.6,True,8.649999999999999,GHCN-Daily,47.57,17.43,0.0
2020-03-04,13.9,6.7,True,10.3,GHCN-Daily,50.540000000000006,14.459999999999994,0.0
2020-03-05,10.0,3.9,True,6.95,GHCN-Daily,44.51,20.490000000000002,0.0
2020-03-06,8.3,0.6,True,4.45,GHCN-Daily,40.01,24.990000000000002,0.0
2020-03-07,8.9,2.2,True,5.550000000000001,GHCN-Daily,41.99,23.009999999999998,0.0
2020-03-08,13.9,0.6,True,7.25,GHCN-Daily,45.05,19.950000000000003,0.0
2020-03-09,17.8,3.9,True,10.85,GHCN-Daily,51.53,13.469999999999999,0.0
2020-03-10,17.8,6.1,True,11.95,GHCN-Daily,53.51,11.490000000000002,0.0
2020-03-11,13.9,5.0,True,9.45,GHCN-Daily,49.01,15.990000000000002,0.0
2020-03-12,8.3,2.8,True,5.550000000000001,GHCN-Daily,41.99,23.009999999999998,0.0
2020-03-13,21.7,7.8,True,14.75,GHCN-Daily,58.55,6.450000000000003,0.0
2020-03-14,13.9,6.1,True,10.0,GHCN-Daily,50.0,15.0,0.0
2020-03-15,12.2,4.4,True,8.3,GHCN-Daily,46.94,18.060000000000002,0.0
2020-03-16,7.2,0.0,True,3.6,GHCN-Daily,38.480000000000004,26.519999999999996,0.0
2020-03-17,12.2,5.0,True,8.6,GHCN-Daily,47.480000000000004,17.519999999999996,0.0
2020-03-18,10.0,4.4,True,7.2,GHCN-Daily,44.96,20.04,0.0
2020-03-19,11.7,6.1,True,8.899999999999999,GHCN-Daily,48.019999999999996,16.980000000000004,0.0
2020-03-20,22.8,2.2,True,12.5,GHCN-Daily,54.5,10.5,0.0
2020-03-21,19.4,4.4,True,11.899999999999999,GHCN-Daily,53.42,11.579999999999998,0.0
2020-03-22,6.7,1.1,True,3.9000000000000004,GHCN-Daily,39.02,25.979999999999997,0.0
2020-03-23,7.8,2.8,True,5.3,GHCN-Daily,41.54,23.46,0.0
2020-03-24,12.2,2.2,True,7.199999999999999,GHCN-Daily,44.96,20.04,0.0
2020-03-25,8.9,3.9,True,6.4,GHCN-Daily,43.52,21.479999999999997,0.0
2020-03-26,12.8,2.2,True,7.5,GHCN-Daily,45.5,19.5,0.0
2020-03-27,20.0,7.8,True,13.9,GHCN-Daily,57.019999999999996,7.980000000000004,0.0
2020-03-28,10.0,7.8,True,8.9,GHCN-Daily,48.019999999999996,16.980000000000004,0.0
2020-03-29,10.6,7.2,True,8.9,GHCN-Daily,48.019999999999996,16.980000000000004,0.0
2020-03-30,9.4,5.6,True,7.5,GHCN-Daily,45.5,19.5,0.0
2020-03-31,7.2,5.0,True,6.1,GHCN-Daily,42.980000000000004,22.019999999999996,0.0
2020-04-01,13.3,2.8,True,8.05,GHCN-Daily,46.49,18.509999999999998,0.0
2020-04-02,15.6,3.3,True,9.45,GHCN-Daily,49.01,15.990000000000002,0.0
2020-04-03,11.1,6.7,True,8.9,GHCN-Daily,48.019999999999996,16.980000000000004,0.0
2020-04-04,14.4,6.7,True,10.55,GHCN-Daily,50.99,14.009999999999998,0.0
2020-04-05,14.4,5.6,True,10.0,GHCN-Daily,50.0,15.0,0.0
2020-04-06,17.2,7.8,True,12.5,GHCN-Daily,54.5,10.5,0.0
2020-04-07,17.2,8.9,True,13.05,GHCN-Daily,55.49,9.509999999999998,0.0
2020-04-08,17.8,7.2,True,12.5,GHCN-Daily,54.5,10.5,0.0
2020-04-09,14.4,5.6,True,10.0,GHCN-Daily,50.0,15.0,0.0
2020-04-10,9.4,3.3,True,6.35,GHCN-Daily,43.43,21.57,0.0
2020-04-11,12.8,3.3,True,8.05,GHCN-Daily,46.49,18.509999999999998,0.0
2020-04-12,14.4,1.1,True,7.75,GHCN-Daily,45.95,19.049999999999997,0.0
2020-04-13,18.9,10.6,True,14.75,GHCN-Daily,58.55,6.450000000000003,0.0
2020-04-14,13.9,8.3,True,11.100000000000001,GHCN-Daily,51.980000000000004,13.019999999999996,0.0
2020-04-15,12.2,5.6,True,8.899999999999999,GHCN-Daily,48.019999999999996,16.980000000000004,0.0
2020-04-16,10.0,3.3,True,6.65,GHCN-Daily,43.97,21.03,0.0
2020-04-17,10.0,2.2,True,6.1,GHCN-Daily,42.980000000000004,22.019999999999996,0.0
2020-04-18,8.3,4.4,True,6.3500000000000005,GHCN-Daily,43.43,21.57,0.0
2020-04-19,15.0,2.2,True,8.6,GHCN-Daily,47.480000000000004,17.519999999999996,0.0
2020-04-20,12.8,6.1,True,9.45,GHCN-Daily,49.01,15.990000000000002,0.0
2020-04-21,13.3,3.9,True,8.6,GHCN-Daily,47.480000000000004,17.519999999999996,0.0
2020-04-22,11.1,2.2,True,6.65,GHCN-Daily,43.97,21.03,0.0
2020-04-23,8.9,3.9,True,6.4,GHCN-Daily,43.52,21.479999999999997,0.0
2020-04-24,10.0,6.1,True,8.05,GHCN-Daily,46.49,18.509999999999998,0.0
2020-04-25,16.1,3.9,True,10.0,GHCN-Daily,50.0,15.0,0.0
2020-04-26,10.6,6.1,True,8.35,GHCN-Daily,47.03,17.97,0.0
2020-04-27,10.0,3.9,True,6.95,GHCN-Daily,44.51,20.490000000000002,0.0
2020-04-28,17.8,4.4,True,11.100000000000001,GHCN-Daily,51.980000000000004,13.019999999999996,0.0
2020-04-29,12.8,5.6,True,9.2,GHCN-Daily,48.56,16.439999999999998,0.0
2020-04-30,14.4,9.4,True,11.9,GHCN-Daily,53.42,11.579999999999998,0.0
2020-05-01,16.7,10.6,True,13.649999999999999,GHCN-Daily,56.56999999999999,8.430000000000007,0.0
2020-05-02,23.3,10.0,True,16.65,GHCN-Daily,61.97,3.030000000000001,0.0
2020-05-03,22.8,11.7,True,17.25,GHCN-Daily,63.05,1.9500000000000028,0.0
2020-05-04,21.7,9.4,True,15.55,GHCN-Daily,59.99,5.009999999999998,0.0
2020-05-05,17.2,8.3,True,12.75,GHCN-Daily,54.95,10.049999999999997,0.0
2020-05-06,12.8,6.7,True,9.75,GHCN-Daily,49.55,15.450000000000003,0.0
2020-05-07,18.9,6.7,True,12.799999999999999,GHCN-Daily,55.04,9.96,0.0
2020-05-08,15.0,3.9,True,9.45,GHCN-Daily,49.01,15.990000000000002,0.0
2020-05-09,9.4,1.1,True,5.25,GHCN-Daily,41.45,23.549999999999997,0.0
2020-05-10,17.8,3.9,True,10.85,GHCN-Daily,51.53,13.469999999999999,0.0
2020-05-11,16.1,7.2,True,11.65,GHCN-Daily,52.97,12.030000000000001,0.0
2020-05-12,16.1,6.1,True,11.100000000000001,GHCN-Daily,51.980000000000004,13.019999999999996,0.0
2020-05-13,16.7,5.0,True,10.85,GHCN-Daily,51.53,13.469999999999999,0.0
2020-05-14,16.1,4.4,True,10.25,GHCN-Daily,50.45,14.549999999999997,0.0
2020-05-15,25.6,12.8,True,19.200000000000003,GHCN-Daily,66.56,0.0,1.5600000000000023
2020-05-16,24.4,12.8,True,18.6,GHCN-Daily,65.48,0.0,0.480000000000004
2020-05-17,17.8,11.1,True,14.45,GHCN-Daily,58.01,6.990000000000002,0.0
2020-05-18,20.6,11.7,True,16.15,GHCN-Daily,61.06999999999999,3.930000000000007,0.0
2020-05-19,21.1,10.0,True,15.55,GHCN-Daily,59.99,5.009999999999998,0.0
2020-05-20,17.2,7.2,True,12.2,GHCN-Daily,53.96,11.04,0.0
2020-05-21,16.1,5.6,True,10.850000000000001,GHCN-Daily,51.53,13.469999999999999,0.0
2020-05-22,22.8,11.1,True,16.95,GHCN-Daily,62.51,2.490000000000002,0.0
2020-05-23,21.1,12.2,True,16.65,GHCN-Daily,61.97,3.030000000000001,0.0
2020-05-24,18.3,10.6,True,14.45,GHCN-Daily,58.01,6.990000000000002,0.0
2020-05-25,18.9,9.4,True,14.149999999999999,GHCN-Daily,57.47,7.530000000000001,0.0
2020-05-26,20.6,13.9,True,17.25,GHCN-Daily,63.05,1.9500000000000028,0.0
2020-05-27,22.2,13.9,True,18.05,GHCN-Daily,64.49000000000001,0.5099999999999909,0.0
2020-05-28,22.8,15.6,True,19.2,GHCN-Daily,66.56,0.0,1.5600000000000023
2020-05-29,22.8,16.1,True,19.450000000000003,GHCN-Daily,67.01,0.0,2.010000000000005
2020-05-30,28.3,16.1,True,22.200000000000003,GHCN-Daily,71.96000000000001,0.0,6.960000000000008
2020-05-31,22.8,13.3,True,18.05,GHCN-Daily,64.49000000000001,0.5099999999999909,0.0
2020-06-01,22.2,10.6,True,16.4,GHCN-Daily,61.519999999999996,3.480000000000004,0.0
2020-06-02,23.9,12.2,True,18.049999999999997,GHCN-Daily,64.49,0.5100000000000051,0.0
2020-06-03,26.7,15.6,True,21.15,GHCN-Daily,70.07,0.0,5.069999999999993
2020-06-04,28.3,17.2,True,22.75,GHCN-Daily,72.95,0.0,7.950000000000003
2020-06-05,25.6,17.8,True,21.700000000000003,GHCN-Daily,71.06,0.0,6.060000000000002
2020-06-06,30.0,17.2,True,23.6,GHCN-Daily,74.48,0.0,9.480000000000004
2020-06-07,25.6,17.2,True,21.4,GHCN-Daily,70.52,0.0,5.519999999999996
2020-06-08,25.6,15.6,True,20.6,GHCN-Daily,69.08000000000001,0.0,4.0800000000000125
2020-06-09,27.2,16.7,True,21.95,GHCN-Daily,71.50999999999999,0.0,6.509999999999991
2020-06-10,26.1,17.8,True,21.950000000000003,GHCN-Daily,71.51,0.0,6.510000000000005
2020-06-11,23.3,17.2,True,20.25,GHCN-Daily,68.45,0.0,3.450000000000003
2020-06-12,28.3,18.3,True,23.3,GHCN-Daily,73.94,0.0,8.939999999999998
2020-06-13,22.8,15.0,True,18.9,GHCN-Daily,66.02,0.0,1.019999999999996
2020-06-14,21.7,12.2,True,16.95,GHCN-Daily,62.51,2.490000000000002,0.0
2020-06-15,22.8,13.3,True,18.05,GHCN-Daily,64.49000000000001,0.5099999999999909,0.0
2020-06-16,24.4,14.4,True,19.4,GHCN-Daily,66.92,0.0,1.9200000000000017
2020-06-17,26.7,14.4,True,20.55,GHCN-Daily,68.99000000000001,0.0,3.990000000000009
2020-06-18,23.9,16.7,True,20.299999999999997,GHCN-Daily,68.53999999999999,0.0,3.539999999999992
2020-06-19,25.6,17.8,True,21.700000000000003,GHCN-Daily,71.06,0.0,6.060000000000002
2020-06-20,27.8,17.8,True,22.8,GHCN-Daily,73.03999999999999,0.0,8.039999999999992
2020-06-21,27.8,18.9,True,23.35,GHCN-Daily,74.03,0.0,9.030000000000001
2020-06-22,30.6,20.6,True,25.6,GHCN-Daily,78.08000000000001,0.0,13.080000000000013
2020-06-23,27.8,20.0,True,23.9,GHCN-Daily,75.02,0.0,10.019999999999996
2020-06-24,31.1,21.7,True,26.4,GHCN-Daily,79.52,0.0,14.519999999999996
2020-06-25,29.4,20.0,True,24.7,GHCN-Daily,76.46000000000001,0.0,11.460000000000008
2020-06-26,30.0,19.4,True,24.7,GHCN-Daily,76.46000000000001,0.0,11.460000000000008
2020-06-27,26.7,19.4,True,23.049999999999997,GHCN-Daily,73.49,0.0,8.489999999999995
2020-06-28,30.0,20.0,True,25.0,GHCN-Daily,77.0,0.0,12.0
2020-06-29,31.7,20.0,True,25.85,GHCN-Daily,78.53,0.0,13.530000000000001
2020-06-30,27.2,19.4,True,23.299999999999997,GHCN-Daily,73.94,0.0,8.939999999999998
2020-07-01,26.7,18.9,True,22.799999999999997,GHCN-Daily,73.03999999999999,0.0,8.039999999999992
2020-07-02,32.2,18.3,True,25.25,GHCN-Daily,77.45,0.0,12.450000000000003
2020-07-03,32.8,21.1,True,26.95,GHCN-Daily,80.50999999999999,0.0,15.509999999999991
2020-07-04,29.4,20.0,True,24.7,GHCN-Daily,76.46000000000001,0.0,11.460000000000008
2020-07-05,31.1,21.7,True,26.4,GHCN-Daily,79.52,0.0,14.519999999999996
2020-07-06,32.8,21.7,True,27.25,GHCN-Daily,81.05000000000001,0.0,16.05000000000001
2020-07-07,27.8,21.7,True,24.75,GHCN-Daily,76.55000000000001,0.0,11.550000000000011
2020-07-08,28.9,23.3,True,26.1,GHCN-Daily,78.98,0.0,13.980000000000004
2020-07-09,30.0,22.8,True,26.4,GHCN-Daily,79.52,0.0,14.519999999999996
2020-07-10,26.1,22.8,True,24.450000000000003,GHCN-Daily,76.01,0.0,11.010000000000005
2020-07-11,27.8,23.3,True,25.55,GHCN-Daily,77.99000000000001,0.0,12.990000000000009
2020-07-12,32.2,22.8,True,27.5,GHCN-Daily,81.5,0.0,16.5
2020-07-13,31.1,22.2,True,26.65,GHCN-Daily,79.97,0.0,14.969999999999999
2020-07-14,31.1,22.2,True,26.65,GHCN-Daily,79.97,0.0,14.969999999999999
2020-07-15,25.6,21.1,True,23.35,GHCN-Daily,74.03,0.0,9.030000000000001
2020-07-16,24.4,20.0,True,22.2,GHCN-Daily,71.96000000000001,0.0,6.960000000000008
2020-07-17,27.2,20.6,True,23.9,GHCN-Daily,75.02,0.0,10.019999999999996
2020-07-18,31.7,21.7,True,26.7,GHCN-Daily,80.06,0.0,15.060000000000002
2020-07-19,31.1,23.3,True,27.200000000000003,GHCN-Daily,80.96000000000001,0.0,15.960000000000008
2020-07-20,36.1,25.0,True,30.55,GHCN-Daily,86.99000000000001,0.0,21.99000000000001
2020-07-21,32.2,24.4,True,28.3,GHCN-Daily,82.94,0.0,17.939999999999998
2020-07-22,32.2,22.8,True,27.5,GHCN-Daily,81.5,0.0,16.5
2020-07-23,29.4,23.3,True,26.35,GHCN-Daily,79.43,0.0,14.430000000000007
2020-07-24,26.1,22.2,True,24.15,GHCN-Daily,75.47,0.0,10.469999999999999
2020-07-25,29.4,21.7,True,25.549999999999997,GHCN-Daily,77.99,0.0,12.989999999999995
2020-07-26,33.9,24.4,True,29.15,GHCN-Daily,84.47,0.0,19.47
2020-07-27,34.4,24.4,True,29.4,GHCN-Daily,84.92,0.0,19.92
2020-07-28,33.9,26.1,True,30.0,GHCN-Daily,86.0,0.0,21.0
2020-07-29,30.0,23.9,True,26.95,GHCN-Daily,80.50999999999999,0.0,15.509999999999991
2020-07-30,31.1,23.3,True,27.200000000000003,GHCN-Daily,80.96000000000001,0.0,15.960000000000008
2020-07-31,27.8,21.1,True,24.450000000000003,GHCN-Daily,76.01,0.0,11.010000000000005
2020-08-01,30.0,21.7,True,25.85,GHCN-Daily,78.53,0.0,13.530000000000001
2020-08-02,29.4,24.4,True,26.9,GHCN-Daily,80.42,0.0,15.420000000000002
2020-08-03,31.1,21.7,True,26.4,GHCN-Daily,79.52,0.0,14.519999999999996
2020-08-04,27.8,22.2,True,25.0,GHCN-Daily,77.0,0.0,12.0
2020-08-05,31.1,21.1,True,26.1,GHCN-Daily,78.98,0.0,13.980000000000004
2020-08-06,26.1,20.6,True,23.35,GHCN-Daily,74.03,0.0,9.030000000000001
2020-08-07,26.7,20.0,True,23.35,GHCN-Daily,74.03,0.0,9.030000000000001
2020-08-08,28.3,21.7,True,25.0,GHCN-Daily,77.0,0.0,12.0
2020-08-09,27.8,21.1,True,24.450000000000003,GHCN-Daily,76.01,0.0,11.010000000000005
2020-08-10,30.6,23.3,True,26.950000000000003,GHCN-Daily,80.51,0.0,15.510000000000005
2020-08-11,28.3,22.2,True,25.25,GHCN-Daily,77.45,0.0,12.450000000000003
2020-08-12,30.0,23.3,True,26.65,GHCN-Daily,79.97,0.0,14.969999999999999
2020-08-13,26.7,23.3,True,25.0,GHCN-Daily,77.0,0.0,12.0
2020-08-14,30.0,22.2,True,26.1,GHCN-Daily,78.98,0.0,13.980000000000004
2020-08-15,29.4,21.1,True,25.25,GHCN-Daily,77.45,0.0,12.450000000000003
2020-08-16,21.7,19.4,True,20.549999999999997,GHCN-Daily,68.99,0.0,3.989999999999995
2020-08-17,25.6,17.2,True,21.4,GHCN-Daily,70.52,0.0,5.519999999999996
2020-08-18,28.9,16.7,True,22.799999999999997,GHCN-Daily,73.03999999999999,0.0,8.039999999999992
2020-08-19,24.4,18.9,True,21.65,GHCN-Daily,70.97,0.0,5.969999999999999
2020-08-20,26.1,16.7,True,21.4,GHCN-Daily,70.52,0.0,5.519999999999996
2020-08-21,27.8,20.6,True,24.200000000000003,GHCN-Daily,75.56,0.0,10.560000000000002
2020-08-22,30.0,22.8,True,26.4,GHCN-Daily,79.52,0.0,14.519999999999996
2020-08-23,28.3,21.1,True,24.700000000000003,GHCN-Daily,76.46000000000001,0.0,11.460000000000008
2020-08-24,31.1,22.8,True,26.950000000000003,GHCN-Daily,80.51,0.0,15.510000000000005
2020-08-25,33.3,22.2,True,27.75,GHCN-Daily,81.95,0.0,16.950000000000003
2020-08-26,27.2,20.0,True,23.6,GHCN-Daily,74.48,0.0,9.480000000000004
2020-08-27,33.3,20.0,True,26.65,GHCN-Daily,79.97,0.0,14.969999999999999
2020-08-28,30.6,21.7,True,26.15,GHCN-Daily,79.07,0.0,14.069999999999993
2020-08-29,26.1,22.2,True,24.15,GHCN-Daily,75.47,0.0,10.469999999999999
2020-08-30,27.8,17.2,True,22.5,GHCN-Daily,72.5,0.0,7.5
2020-08-31,23.9,15.6,True,19.75,GHCN-Daily,67.55000000000001,0.0,2.5500000000000114
2020-09-01,26.1,19.4,True,22.75,GHCN-Daily,72.95,0.0,7.950000000000003
2020-09-02,26.7,21.1,True,23.9,GHCN-Daily,75.02,0.0,10.019999999999996
2020-09-03,30.0,22.8,True,26.4,GHCN-Daily,79.52,0.0,14.519999999999996
2020-09-04,31.1,20.6,True,25.85,GHCN-Daily,78.53,0.0,13.530000000000001
2020-09-05,25.6,17.8,True,21.700000000000003,GHCN-Daily,71.06,0.0,6.060000000000002
2020-09-06,26.7,17.2,True,21.95,GHCN-Daily,71.50999999999999,0.0,6.509999999999991
2020-09-07,26.1,17.2,True,21.65,GHCN-Daily,70.97,0.0,5.969999999999999
2020-09-08,26.1,17.2,True,21.65,GHCN-Daily,70.97,0.0,5.969999999999999
2020-09-09,26.1,19.4,True,22.75,GHCN-Daily,72.95,0.0,7.950000000000003
2020-09-10,27.2,22.8,True,25.0,GHCN-Daily,77.0,0.0,12.0
2020-09-11,24.4,18.3,True,21.35,GHCN-Daily,70.43,0.0,5.430000000000007
2020-09-12,21.7,15.0,True,18.35,GHCN-Daily,65.03,0.0,0.030000000000001137
2020-09-13,23.9,15.6,True,19.75,GHCN-Daily,67.55000000000001,0.0,2.5500000000000114
2020-09-14,24.4,15.0,True,19.7,GHCN-Daily,67.46000000000001,0.0,2.460000000000008
2020-09-15,21.1,11.7,True,16.4,GHCN-Daily,61.519999999999996,3.480000000000004,0.0
2020-09-16,22.2,12.8,True,17.5,GHCN-Daily,63.5,1.5,0.0
2020-09-17,23.3,17.8,True,20.55,GHCN-Daily,68.99000000000001,0.0,3.990000000000009
2020-09-18,22.2,12.8,True,17.5,GHCN-Daily,63.5,1.5,0.0
2020-09-19,18.9,9.4,True,14.149999999999999,GHCN-Daily,57.47,7.530000000000001,0.0
2020-09-20,18.3,9.4,True,13.850000000000001,GHCN-Daily,56.93000000000001,8.069999999999993,0.0
2020-09-21,19.4,7.8,True,13.6,GHCN-Daily,56.480000000000004,8.519999999999996,0.0
2020-09-22,23.3,8.3,True,15.8,GHCN-Daily,60.44,4.560000000000002,0.0
2020-09-23,27.8,13.3,True,20.55,GHCN-Daily,68.99000000000001,0.0,3.990000000000009
2020-09-24,24.4,13.3,True,18.85,GHCN-Daily,65.93,0.0,0.9300000000000068
2020-09-25,23.9,14.4,True,19.15,GHCN-Daily,66.47,0.0,1.4699999999999989
2020-09-26,24.4,16.7,True,20.549999999999997,GHCN-Daily,68.99,0.0,3.989999999999995
2020-09-27,26.1,18.9,True,22.5,GHCN-Daily,72.5,0.0,7.5
2020-09-28,25.0,20.0,True,22.5,GHCN-Daily,72.5,0.0,7.5
2020-09-29,22.2,19.4,True,20.799999999999997,GHCN-Daily,69.44,0.0,4.439999999999998
2020-09-30,22.2,16.1,True,19.15,GHCN-Daily,66.47,0.0,1.4699999999999989
2020-10-01,23.9,15.6,True,19.75,GHCN-Daily,67.55000000000001,0.0,2.5500000000000114
2020-10-02,20.0,12.8,True,16.4,GHCN-Daily,61.519999999999996,3.480000000000004,0.0
2020-10-03,20.0,10.6,True,15.3,GHCN-Daily,59.540000000000006,5.459999999999994,0.0
2020-10-04,20.6,8.3,True,14.450000000000001,GHCN-Daily,58.010000000000005,6.989999999999995,0.0
2020-10-05,21.1,11.7,True,16.4,GHCN-Daily,61.519999999999996,3.480000000000004,0.0
2020-10-06,21.1,13.3,True,17.200000000000003,GHCN-Daily,62.96000000000001,2.039999999999992,0.0
2020-10-07,25.6,15.0,True,20.3,GHCN-Daily,68.53999999999999,0.0,3.539999999999992
2020-10-08,19.4,11.1,True,15.25,GHCN-Daily,59.45,5.549999999999997,0.0
2020-10-09,20.0,8.9,True,14.45,GHCN-Daily,58.01,6.990000000000002,0.0
2020-10-10,21.7,15.0,True,18.35,GHCN-Daily,65.03,0.0,0.030000000000001137
2020-10-11,20.6,13.9,True,17.25,GHCN-Daily,63.05,1.9500000000000028,0.0
2020-10-12,13.9,10.0,True,11.95,GHCN-Daily,53.51,11.490000000000002,0.0
2020-10-13,16.1,13.3,True,14.700000000000001,GHCN-Daily,58.46,6.539999999999999,0.0
2020-10-14,20.6,10.6,True,15.600000000000001,GHCN-Daily,60.08,4.920000000000002,0.0
2020-10-15,21.1,12.8,True,16.950000000000003,GHCN-Daily,62.510000000000005,2.489999999999995,0.0
2020-10-16,18.3,8.9,True,13.600000000000001,GHCN-Daily,56.480000000000004,8.519999999999996,0.0
2020-10-17,16.7,7.2,True,11.95,GHCN-Daily,53.51,11.490000000000002,0.0
2020-10-18,17.2,5.6,True,11.399999999999999,GHCN-Daily,52.519999999999996,12.480000000000004,0.0
2020-10-19,19.4,9.4,True,14.399999999999999,GHCN-Daily,57.92,7.079999999999998,0.0
2020-10-20,21.1,13.9,True,17.5,GHCN-Daily,63.5,1.5,0.0
2020-10-21,20.0,15.6,True,17.8,GHCN-Daily,64.03999999999999,0.960000000000008,0.0
2020-10-22,19.4,15.6,True,17.5,GHCN-Daily,63.5,1.5,0.0
2020-10-23,20.0,16.1,True,18.05,GHCN-Daily,64.49000000000001,0.5099999999999909,0.0
2020-10-24,21.1,10.0,True,15.55,GHCN-Daily,59.99,5.009999999999998,0.0
2020-10-25,12.2,6.7,True,9.45,GHCN-Daily,49.01,15.990000000000002,0.0
2020-10-26,15.0,10.6,True,12.8,GHCN-Daily,55.040000000000006,9.959999999999994,0.0
2020-10-27,15.6,12.2,True,13.899999999999999,GHCN-Daily,57.019999999999996,7.980000000000004,0.0
2020-10-28,14.4,11.1,True,12.75,GHCN-Daily,54.95,10.049999999999997,0.0
2020-10-29,13.9,7.8,True,10.85,GHCN-Daily,51.53,13.469999999999999,0.0
2020-10-30,7.8,2.2,True,5.0,GHCN-Daily,41.0,24.0,0.0
2020-10-31,8.3,0.0,True,4.15,GHCN-Daily,39.47,25.53,0.0
2020-11-01,14.4,7.2,True,10.8,GHCN-Daily,51.44,13.560000000000002,0.0
2020-11-02,7.8,3.9,True,5.85,GHCN-Daily,42.53,22.47,0.0
2020-11-03,13.3,5.0,True,9.15,GHCN-Daily,48.47,16.53,0.0
2020-11-04,17.2,2.8,True,10.0,GHCN-Daily,50.0,15.0,0.0
2020-11-05,17.2,6.7,True,11.95,GHCN-Daily,53.51,11.490000000000002,0.0
2020-11-06,18.3,9.4,True,13.850000000000001,GHCN-Daily,56.93000000000001,8.069999999999993,0.0
2020-11-07,22.8,8.3,True,15.55,GHCN-Daily,59.99,5.009999999999998,0.0
2020-11-08,23.3,8.3,True,15.8,GHCN-Daily,60.44,4.560000000000002,0.0
2020-11-09,23.3,6.7,True,15.0,GHCN-Daily,59.0,6.0,0.0
2020-11-10,20.6,10.6,True,15.600000000000001,GHCN-Daily,60.08,4.920000000000002,0.0
2020-11-11,18.9,14.4,True,16.65,GHCN-Daily,61.97,3.030000000000001,0.0
2020-11-12,18.3,7.8,True,13.05,GHCN-Daily,55.49,9.509999999999998,0.0
2020-11-13,11.1,7.2,True,9.15,GHCN-Daily,48.47,16.53,0.0
2020-11-14,11.7,3.9,True,7.8,GHCN-Daily,46.04,18.96,0.0
2020-11-15,17.2,1.1,True,9.15,GHCN-Daily,48.47,16.53,0.0
2020-11-16,12.8,6.7,True,9.75,GHCN-Daily,49.55,15.450000000000003,0.0
2020-11-17,10.0,2.2,True,6.1,GHCN-Daily,42.980000000000004,22.019999999999996,0.0
2020-11-18,2.8,-2.1,True,0.34999999999999987,GHCN-Daily,32.63,32.37,0.0
2020-11-19,9.4,-3.2,True,3.1,GHCN-Daily,37.58,27.42,0.0
2020-11-20,15.6,6.7,True,11.15,GHCN-Daily,52.07,12.93,0.0
2020-11-21,18.9,6.7,True,12.799999999999999,GHCN-Daily,55.04,9.96,0.0
2020-11-22,15.0,6.7,True,10.85,GHCN-Daily,51.53,13.469999999999999,0.0
2020-11-23,15.0,5.0,True,10.0,GHCN-Daily,50.0,15.0,0.0
2020-11-24,10.0,3.9,True,6.95,GHCN-Daily,44.51,20.490000000000002,0.0
2020-11-25,12.8,5.6,True,9.2,GHCN-Daily,48.56,16.439999999999998,0.0
2020-11-26,18.9,8.3,True,13.6,GHCN-Daily,56.480000000000004,8.519999999999996,0.0
2020-11-27,17.2,6.7,True,11.95,GHCN-Daily,53.51,11.490000000000002,0.0
2020-11-28,13.9,5.6,True,9.75,GHCN-Daily,49.55,15.450000000000003,0.0
2020-11-29,11.1,3.3,True,7.199999999999999,GHCN-Daily,44.96,20.04,0.0
2020-11-30,17.2,8.3,True,12.75,GHCN-Daily,54.95,10.049999999999997,0.0
2020-12-01,15.6,3.3,True,9.45,GHCN-Daily,49.01,15.990000000000002,0.0
2020-12-02,7.8,2.8,True,5.3,GHCN-Daily,41.54,23.46,0.0
2020-12-03,9.4,1.7,True,5.55,GHCN-Daily,41.99,23.009999999999998,0.0
2020-12-04,11.1,6.7,True,8.9,GHCN-Daily,48.019999999999996,16.980000000000004,0.0
2020-12-05,8.3,3.9,True,6.1000000000000005,GHCN-Daily,42.980000000000004,22.019999999999996,0.0
2020-12-06,5.6,0.6,True,3.0999999999999996,GHCN-Daily,37.58,27.42,0.0
2020-12-07,5.6,-1.0,True,2.3,GHCN-Daily,36.14,28.86,0.0
2020-12-08,2.2,-1.0,True,0.6000000000000001,GHCN-Daily,33.08,31.92,0.0
2020-12-09,3.3,0.0,True,1.65,GHCN-Daily,34.97,30.03,0.0
2020-12-10,9.4,2.2,True,5.800000000000001,GHCN-Daily,42.44,22.560000000000002,0.0
2020-12-11,11.1,0.0,True,5.55,GHCN-Daily,41.99,23.009999999999998,0.0
2020-12-12,12.8,5.0,True,8.9,GHCN-Daily,48.019999999999996,16.980000000000004,0.0
2020-12-13,16.1,7.8,True,11.950000000000001,GHCN-Daily,53.510000000000005,11.489999999999995,0.0
2020-12-14,7.2,2.2,True,4.7,GHCN-Daily,40.46,24.54,0.0
2020-12-15,5.0,-1.0,True,2.0,GHCN-Daily,35.6,29.4,0.0
2020-12-16,0.0,-3.8,True,-1.9,GHCN-Daily,28.58,36.42,0.0
2020-12-17,0.6,-3.8,True,-1.5999999999999999,GHCN-Daily,29.12,35.879999999999995,0.0
2020-12-18,0.0,-4.9,True,-2.45,GHCN-Daily,27.59,37.41,0.0
2020-12-19,0.0,-7.7,True,-3.85,GHCN-Daily,25.07,39.93,0.0
2020-12-20,3.9,-2.1,True,0.8999999999999999,GHCN-Daily,33.62,31.380000000000003,0.0
2020-12-21,4.4,0.6,True,2.5,GHCN-Daily,36.5,28.5,0.0
2020-12-22,7.2,2.2,True,4.7,GHCN-Daily,40.46,24.54,0.0
2020-12-23,6.1,1.7,True,3.9,GHCN-Daily,39.019999999999996,25.980000000000004,0.0
2020-12-24,14.4,4.4,True,9.4,GHCN-Daily,48.92,16.08,0.0
2020-12-25,15.6,-1.6,True,7.0,GHCN-Daily,44.6,20.4,0.0
2020-12-26,0.6,-4.3,True,-1.8499999999999999,GHCN-Daily,28.67,36.33,0.0
2020-12-27,3.3,-4.3,True,-0.5,GHCN-Daily,31.1,33.9,0.0
2020-12-28,10.6,0.6,True,5.6,GHCN-Daily,42.08,22.92,0.0
2020-12-29,6.1,-2.1,True,1.9999999999999998,GHCN-Daily,35.6,29.4,0.0
2020-12-30,6.1,-4.3,True,0.8999999999999999,GHCN-Daily,33.62,31.380000000000003,0.0
2020-12-31,8.9,1.7,True,5.3,GHCN-Daily,41.54,23.46,0.0
2021-01-01,4.4,-1.0,True,1.7000000000000002,GHCN-Daily,35.06,29.939999999999998,0.0
2021-01-02,11.7,2.2,True,6.949999999999999,GHCN-Daily,44.51,20.490000000000002,0.0
2021-01-03,3.9,0.6,True,2.25,GHCN-Daily,36.05,28.950000000000003,0.0
2021-01-04,7.2,1.7,True,4.45,GHCN-Daily,40.01,24.990000000000002,0.0
2021-01-05,6.1,2.2,True,4.15,GHCN-Daily,39.47,25.53,0.0
2021-01-06,6.1,0.6,True,3.3499999999999996,GHCN-Daily,38.03,26.97,0.0
2021-01-07,6.1,-0.5,True,2.8,GHCN-Daily,37.04,27.96,0.0
2021-01-08,3.3,-2.7,True,0.2999999999999998,GHCN-Daily,32.54,32.46,0.0
2021-01-09,3.3,-3.2,True,0.04999999999999982,GHCN-Daily,32.089999999999996,32.910000000000004,0.0
2021-01-10,6.1,-1.6,True,2.25,GHCN-Daily,36.05,28.950000000000003,0.0
2021-01-11,3.3,-3.2,True,0.04999999999999982,GHCN-Daily,32.089999999999996,32.910000000000004,0.0
2021-01-12,7.2,-2.1,True,2.55,GHCN-Daily,36.59,28.409999999999997,0.0
2021-01-13,6.7,-2.1,True,2.3,GHCN-Daily,36.14,28.86,0.0
2021-01-14,10.0,0.0,True,5.0,GHCN-Daily,41.0,24.0,0.0
2021-01-15,8.9,-0.5,True,4.2,GHCN-Daily,39.56,25.439999999999998,0.0
2021-01-16,10.0,3.3,True,6.65,GHCN-Daily,43.97,21.03,0.0
2021-01-17,7.2,1.7,True,4.45,GHCN-Daily,40.01,24.990000000000002,0.0
2021-01-18,8.9,1.1,True,5.0,GHCN-Daily,41.0,24.0,0.0
2021-01-19,6.1,0.0,True,3.05,GHCN-Daily,37.49,27.509999999999998,0.0
2021-01-20,6.7,-3.2,True,1.75,GHCN-Daily,35.15,29.85,0.0
2021-01-21,5.6,-6.0,True,-0.20000000000000018,GHCN-Daily,31.64,33.36,0.0
2021-01-22,8.9,0.6,True,4.75,GHCN-Daily,40.55,24.450000000000003,0.0
2021-01-23,2.2,-4.3,True,-1.0499999999999998,GHCN-Daily,30.11,34.89,0.0
2021-01-24,0.6,-5.5,True,-2.45,GHCN-Daily,27.59,37.41,0.0
2021-01-25,3.3,-5.5,True,-1.1,GHCN-Daily,30.02,34.980000000000004,0.0
2021-01-26,2.2,-0.5,True,0.8500000000000001,GHCN-Daily,33.53,31.47,0.0
2021-01-27,3.9,-0.5,True,1.7,GHCN-Daily,35.06,29.939999999999998,0.0
2021-01-28,1.7,-6.6,True,-2.4499999999999997,GHCN-Daily,27.59,37.41,0.0
2021-01-29,-2.7,-8.8,True,-5.75,GHCN-Daily,21.65,43.35,0.0
2021-01-30,0.6,-9.3,True,-4.3500000000000005,GHCN-Daily,24.169999999999998,40.83,0.0
2021-01-31,-2.7,-6.6,True,-4.65,GHCN-Daily,23.63,41.370000000000005,0.0
2021-02-01,0.6,-3.2,True,-1.3,GHCN-Daily,29.66,35.34,0.0
2021-02-02,1.7,-0.5,True,0.6,GHCN-Daily,33.08,31.92,0.0
2021-02-03,2.8,-1.6,True,0.5999999999999999,GHCN-Daily,33.08,31.92,0.0
2021-02-04,5.6,-1.6,True,1.9999999999999998,GHCN-Daily,35.6,29.4,0.0
2021-02-05,6.7,-1.0,True,2.85,GHCN-Daily,37.13,27.869999999999997,0.0
2021-02-06,6.1,-3.2,True,1.4499999999999997,GHCN-Daily,34.61,30.39,0.0
2021-02-07,2.8,-3.2,True,-0.20000000000000018,GHCN-Daily,31.64,33.36,0.0
2021-02-08,-2.1,-8.2,True,-5.1499999999999995,GHCN-Daily,22.73,42.269999999999996,0.0
2021-02-09,1.7,-6.0,True,-2.15,GHCN-Daily,28.13,36.870000000000005,0.0
2021-02-10,1.1,-4.3,True,-1.5999999999999999,GHCN-Daily,29.12,35.879999999999995,0.0
2021-02-11,-0.5,-3.2,True,-1.85,GHCN-Daily,28.67,36.33,0.0
2021-02-12,-1.6,-7.1,True,-4.35,GHCN-Daily,24.17,40.83,0.0
2021-02-13,-1.0,-3.8,True,-2.4,GHCN-Daily,27.68,37.32,0.0
2021-02-14,3.3,-2.1,True,0.5999999999999999,GHCN-Daily,33.08,31.92,0.0
2021-02-15,1.7,0.0,True,0.85,GHCN-Daily,33.53,31.47,0.0
2021-02-16,9.4,1.1,True,5.25,GHCN-Daily,41.45,23.549999999999997,0.0
2021-02-17,1.1,-4.9,True,-1.9000000000000001,GHCN-Daily,28.58,36.42,0.0
2021-02-18,-1.6,-4.3,True,-2.95,GHCN-Daily,26.689999999999998,38.31,0.0
2021-02-19,0.6,-2.1,True,-0.75,GHCN-Daily,30.65,34.35,0.0
2021-02-20,1.1,-2.7,True,-0.8,GHCN-Daily,30.56,34.44,0.0
2021-02-21,2.2,-4.9,True,-1.35,GHCN-Daily,29.57,35.43,0.0
2021-02-22,3.3,-1.6,True,0.8499999999999999,GHCN-Daily,33.53,31.47,0.0
2021-02-23,7.2,1.1,True,4.15,GHCN-Daily,39.47,25.53,0.0
2021-02-24,9.4,0.0,True,4.7,GHCN-Daily,40.46,24.54,0.0
2021-02-25,10.0,1.1,True,5.55,GHCN-Daily,41.99,23.009999999999998,0.0
2021-02-26,7.2,0.0,True,3.6,GHCN-Daily,38.480000000000004,26.519999999999996,0.0
2021-02-27,11.1,3.9,True,7.5,GHCN-Daily,45.5,19.5,0.0
2021-02-28,8.3,2.8,True,5.550000000000001,GHCN-Daily,41.99,23.009999999999998,0.0
2021-03-01,9.4,0.6,True,5.0,GHCN-Daily,41.0,24.0,0.0
2021-03-02,1.7,-5.5,True,-1.9,GHCN-Daily,28.58,36.42,0.0
2021-03-03,11.7,-1.6,True,5.05,GHCN-Daily,41.09,23.909999999999997,0.0
2021-03-04,7.2,-2.7,True,2.25,GHCN-Daily,36.05,28.950000000000003,0.0
2021-03-05,3.3,-4.3,True,-0.5,GHCN-Daily,31.1,33.9,0.0
2021-03-06,2.8,-2.7,True,0.04999999999999982,GHCN-Daily,32.089999999999996,32.910000000000004,0.0
2021-03-07,5.6,-2.1,True,1.7499999999999998,GHCN-Daily,35.15,29.85,0.0
2021-03-08,6.7,-4.3,True,1.2000000000000002,GHCN-Daily,34.160000000000004,30.839999999999996,0.0
2021-03-09,18.9,1.7,True,10.299999999999999,GHCN-Daily,50.54,14.46,0.0
2021-03-10,10.6,0.6,True,5.6,GHCN-Daily,42.08,22.92,0.0
2021-03-11,13.9,5.6,True,9.75,GHCN-Daily,49.55,15.450000000000003,0.0
2021-03-12,21.1,7.2,True,14.15,GHCN-Daily,57.47,7.530000000000001,0.0
2021-03-13,11.7,0.6,True,6.1499999999999995,GHCN-Daily,43.07,21.93,0.0
2021-03-14,12.8,-1.0,True,5.9,GHCN-Daily,42.620000000000005,22.379999999999995,0.0
2021-03-15,3.9,-4.3,True,-0.19999999999999996,GHCN-Daily,31.64,33.36,0.0
2021-03-16,2.8,-2.7,True,0.04999999999999982,GHCN-Daily,32.089999999999996,32.910000000000004,0.0
2021-03-17,8.3,1.1,True,4.7,GHCN-Daily,40.46,24.54,0.0
2021-03-18,7.8,5.6,True,6.699999999999999,GHCN-Daily,44.06,20.939999999999998,0.0
2021-03-19,6.1,0.0,True,3.05,GHCN-Daily,37.49,27.509999999999998,0.0
2021-03-20,11.1,-0.5,True,5.3,GHCN-Daily,41.54,23.46,0.0
2021-03-21,14.4,0.6,True,7.5,GHCN-Daily,45.5,19.5,0.0
2021-03-22,13.9,1.1,True,7.5,GHCN-Daily,45.5,19.5,0.0
2021-03-23,16.7,5.6,True,11.149999999999999,GHCN-Daily,52.06999999999999,12.930000000000007,0.0
2021-03-24,14.4,6.7,True,10.55,GHCN-Daily,50.99,14.009999999999998,0.0
2021-03-25,17.8,9.4,True,13.600000000000001,GHCN-Daily,56.480000000000004,8.519999999999996,0.0
2021-03-26,27.2,9.4,True,18.3,GHCN-Daily,64.94,0.060000000000002274,0.0
2021-03-27,18.3,8.9,True,13.600000000000001,GHCN-Daily,56.480000000000004,8.519999999999996,0.0
2021-03-28,15.0,8.3,True,11.65,GHCN-Daily,52.97,12.030000000000001,0.0
2021-03-29,13.3,5.0,True,9.15,GHCN-Daily,48.47,16.53,0.0
2021-03-30,13.3,1.1,True,7.2,GHCN-Daily,44.96,20.04,0.0
2021-03-31,15.0,8.9,True,11.95,GHCN-Daily,53.51,11.490000000000002,0.0
2021-04-01,13.9,3.3,True,8.6,GHCN-Daily,47.480000000000004,17.519999999999996,0.0
2021-04-02,3.3,-1.6,True,0.8499999999999999,GHCN-Daily,33.53,31.47,0.0
2021-04-03,11.1,-0.5,True,5.3,GHCN-Daily,41.54,23.46,0.0
2021-04-04,13.9,3.9,True,8.9,GHCN-Daily,48.019999999999996,16.980000000000004,0.0
2021-04-05,21.1,8.3,True,14.700000000000001,GHCN-Daily,58.46,6.539999999999999,0.0
2021-04-06,21.1,7.8,True,14.450000000000001,GHCN-Daily,58.010000000000005,6.989999999999995,0.0
2021-04-07,19.4,7.8,True,13.6,GHCN-Daily,56.480000000000004,8.519999999999996,0.0
2021-04-08,17.2,6.7,True,11.95,GHCN-Daily,53.51,11.490000000000002,0.0
2021-04-09,10.6,6.7,True,8.65,GHCN-Daily,47.57,17.43,0.0
2021-04-10,16.7,8.9,True,12.8,GHCN-Daily,55.040000000000006,9.959999999999994,0.0
2021-04-11,15.6,8.9,True,12.25,GHCN-Daily,54.05,10.950000000000003,0.0
2021-04-12,11.1,7.2,True,9.15,GHCN-Daily,48.47,16.53,0.0
2021-04-13,17.8,6.1,True,11.95,GHCN-Daily,53.51,11.490000000000002,0.0
2021-04-14,17.8,7.2,True,12.5,GHCN-Daily,54.5,10.5,0.0
2021-04-15,13.3,7.2,True,10.25,GHCN-Daily,50.45,14.549999999999997,0.0
2021-04-16,11.7,3.9,True,7.8,GHCN-Daily,46.04,18.96,0.0
2021-04-17,13.9,6.1,True,10.0,GHCN-Daily,50.0,15.0,0.0
2021-04-18,16.1,8.3,True,12.200000000000001,GHCN-Daily,53.96,11.04,0.0
2021-04-19,17.2,7.2,True,12.2,GHCN-Daily,53.96,11.04,0.0
2021-04-20,19.4,7.2,True,13.299999999999999,GHCN-Daily,55.94,9.060000000000002,0.0
2021-04-21,15.6,3.9,True,9.75,GHCN-Daily,49.55,15.450000000000003,0.0
2021-04-22,10.0,2.2,True,6.1,GHCN-Daily,42.980000000000004,22.019999999999996,0.0
2021-04-23,17.8,3.9,True,10.85,GHCN-Daily,51.53,13.469999999999999,0.0
2021-04-24,20.0,6.7,True,13.35,GHCN-Daily,56.03,8.969999999999999,0.0
2021-04-25,17.8,9.4,True,13.600000000000001,GHCN-Daily,56.480000000000004,8.519999999999996,0.0
2021-04-26,16.1,5.0,True,10.55,GHCN-Daily,50.99,14.009999999999998,0.0
2021-04-27,13.9,7.2,True,10.55,GHCN-Daily,50.99,14.009999999999998,0.0
2021-04-28,22.8,10.0,True,16.4,GHCN-Daily,61.519999999999996,3.480000000000004,0.0
2021-04-29,18.9,12.2,True,15.549999999999999,GHCN-Daily,59.989999999999995,5.010000000000005,0.0
2021-04-30,20.6,7.8,True,14.200000000000001,GHCN-Daily,57.56,7.439999999999998,0.0
2021-05-01,18.3,5.6,True,11.95,GHCN-Daily,53.51,11.490000000000002,0.0
2021-05-02,26.1,11.1,True,18.6,GHCN-Daily,65.48,0.0,0.480000000000004
2021-05-03,19.4,12.2,True,15.799999999999999,GHCN-Daily,60.44,4.560000000000002,0.0
2021-05-04,21.7,10.6,True,16.15,GHCN-Daily,61.06999999999999,3.930000000000007,0.0
2021-05-05,15.0,10.6,True,12.8,GHCN-Daily,55.040000000000006,9.959999999999994,0.0
2021-05-06,19.4,10.0,True,14.7,GHCN-Daily,58.46,6.539999999999999,0.0
2021-05-07,16.7,8.9,True,12.8,GHCN-Daily,55.040000000000006,9.959999999999994,0.0
2021-05-08,12.8,9.4,True,11.100000000000001,GHCN-Daily,51.980000000000004,13.019999999999996,0.0
2021-05-09,16.7,7.2,True,11.95,GHCN-Daily,53.51,11.490000000000002,0.0
2021-05-10,16.1,8.3,True,12.200000000000001,GHCN-Daily,53.96,11.04,0.0
2021-05-11,19.4,10.0,True,14.7,GHCN-Daily,58.46,6.539999999999999,0.0
2021-05-12,21.1,8.3,True,14.700000000000001,GHCN-Daily,58.46,6.539999999999999,0.0
2021-05-13,20.0,8.9,True,14.45,GHCN-Daily,58.01,6.990000000000002,0.0
2021-05-14,22.8,10.0,True,16.4,GHCN-Daily,61.519999999999996,3.480000000000004,0.0
2021-05-15,23.9,9.4,True,16.65,GHCN-Daily,61.97,3.030000000000001,0.0
2021-05-16,21.1,11.7,True,16.4,GHCN-Daily,61.519999999999996,3.480000000000004,0.0
2021-05-17,22.8,9.4,True,16.1,GHCN-Daily,60.980000000000004,4.019999999999996,0.0
2021-05-18,26.1,12.8,True,19.450000000000003,GHCN-Daily,67.01,0.0,2.010000000000005
2021-05-19,30.0,15.0,True,22.5,GHCN-Daily,72.5,0.0,7.5
2021-05-20,22.2,12.8,True,17.5,GHCN-Daily,63.5,1.5,0.0
2021-05-21,23.9,11.7,True,17.799999999999997,GHCN-Daily,64.03999999999999,0.960000000000008,0.0
2021-05-22,34.4,14.4,True,24.4,GHCN-Daily,75.92,0.0,10.920000000000002
2021-05-23,33.3,20.0,True,26.65,GHCN-Daily,79.97,0.0,14.969999999999999
2021-05-24,20.0,14.4,True,17.2,GHCN-Daily,62.96,2.039999999999999,0.0
2021-05-25,20.0,13.3,True,16.65,GHCN-Daily,61.97,3.030000000000001,0.0
2021-05-26,23.9,15.6,True,19.75,GHCN-Daily,67.55000000000001,0.0,2.5500000000000114
2021-05-27,29.4,18.3,True,23.85,GHCN-Daily,74.93,0.0,9.930000000000007
2021-05-28,21.1,9.4,True,15.25,GHCN-Daily,59.45,5.549999999999997,0.0
2021-05-29,11.1,8.9,True,10.0,GHCN-Daily,50.0,15.0,0.0
2021-05-30,11.1,8.3,True,9.7,GHCN-Daily,49.46,15.54,0.0
2021-05-31,21.7,9.4,True,15.55,GHCN-Daily,59.99,5.009999999999998,0.0
2021-06-01,24.4,11.1,True,17.75,GHCN-Daily,63.95,1.0499999999999972,0.0
2021-06-02,21.1,13.3,True,17.200000000000003,GHCN-Daily,62.96000000000001,2.039999999999992,0.0
2021-06-03,21.7,15.0,True,18.35,GHCN-Daily,65.03,0.0,0.030000000000001137
2021-06-04,23.9,16.1,True,20.0,GHCN-Daily,68.0,0.0,3.0
2021-06-05,30.6,16.7,True,23.65,GHCN-Daily,74.57,0.0,9.569999999999993
2021-06-06,30.6,20.0,True,25.3,GHCN-Daily,77.53999999999999,0.0,12.539999999999992
2021-06-07,27.2,18.9,True,23.049999999999997,GHCN-Daily,73.49,0.0,8.489999999999995
2021-06-08,29.4,18.9,True,24.15,GHCN-Daily,75.47,0.0,10.469999999999999
2021-06-09,32.8,21.1,True,26.95,GHCN-Daily,80.50999999999999,0.0,15.509999999999991
2021-06-10,27.2,16.7,True,21.95,GHCN-Daily,71.50999999999999,0.0,6.509999999999991
2021-06-11,21.7,16.1,True,18.9,GHCN-Daily,66.02,0.0,1.019999999999996
2021-06-12,20.6,15.0,True,17.8,GHCN-Daily,64.03999999999999,0.960000000000008,0.0
2021-06-13,22.2,14.4,True,18.3,GHCN-Daily,64.94,0.060000000000002274,0.0
2021-06-14,21.7,17.2,True,19.45,GHCN-Daily,67.00999999999999,0.0,2.009999999999991
2021-06-15,28.3,18.9,True,23.6,GHCN-Daily,74.48,0.0,9.480000000000004
2021-06-16,25.6,17.2,True,21.4,GHCN-Daily,70.52,0.0,5.519999999999996
2021-06-17,25.0,13.9,True,19.45,GHCN-Daily,67.00999999999999,0.0,2.009999999999991
2021-06-18,26.1,15.0,True,20.55,GHCN-Daily,68.99000000000001,0.0,3.990000000000009
2021-06-19,31.7,18.3,True,25.0,GHCN-Daily,77.0,0.0,12.0
2021-06-20,28.3,17.8,True,23.05,GHCN-Daily,73.49000000000001,0.0,8.490000000000009
2021-06-21,27.2,20.0,True,23.6,GHCN-Daily,74.48,0.0,9.480000000000004
2021-06-22,27.2,15.0,True,21.1,GHCN-Daily,69.98,0.0,4.980000000000004
2021-06-23,24.4,13.3,True,18.85,GHCN-Daily,65.93,0.0,0.9300000000000068
2021-06-24,23.9,13.9,True,18.9,GHCN-Daily,66.02,0.0,1.019999999999996
2021-06-25,23.9,17.2,True,20.549999999999997,GHCN-Daily,68.99,0.0,3.989999999999995
2021-06-26,26.7,19.4,True,23.049999999999997,GHCN-Daily,73.49,0.0,8.489999999999995
2021-06-27,27.8,20.6,True,24.200000000000003,GHCN-Daily,75.56,0.0,10.560000000000002
2021-06-28,30.6,21.1,True,25.85,GHCN-Daily,78.53,0.0,13.530000000000001
2021-06-29,32.2,22.2,True,27.200000000000003,GHCN-Daily,80.96000000000001,0.0,15.960000000000008
2021-06-30,32.8,22.8,True,27.799999999999997,GHCN-Daily,82.03999999999999,0.0,17.039999999999992
2021-07-01,31.1,21.7,True,26.4,GHCN-Daily,79.52,0.0,14.519999999999996
2021-07-02,25.0,17.8,True,21.4,GHCN-Daily,70.52,0.0,5.519999999999996
2021-07-03,19.4,15.6,True,17.5,GHCN-Daily,63.5,1.5,0.0
2021-07-04,25.0,15.0,True,20.0,GHCN-Daily,68.0,0.0,3.0
2021-07-05,27.2,18.3,True,22.75,GHCN-Daily,72.95,0.0,7.950000000000003
2021-07-06,30.6,21.7,True,26.15,GHCN-Daily,79.07,0.0,14.069999999999993
2021-07-07,31.7,21.7,True,26.7,GHCN-Daily,80.06,0.0,15.060000000000002
2021-07-08,27.2,22.8,True,25.0,GHCN-Daily,77.0,0.0,12.0
2021-07-09,30.0,21.7,True,25.85,GHCN-Daily,78.53,0.0,13.530000000000001
2021-07-10,26.7,21.7,True,24.2,GHCN-Daily,75.56,0.0,10.560000000000002
2021-07-11,26.1,21.1,True,23.6,GHCN-Daily,74.48,0.0,9.480000000000004
2021-07-12,30.0,21.7,True,25.85,GHCN-Daily,78.53,0.0,13.530000000000001
2021-07-13,25.0,20.0,True,22.5,GHCN-Daily,72.5,0.0,7.5
2021-07-14,30.0,21.1,True,25.55,GHCN-Daily,77.99000000000001,0.0,12.990000000000009
2021-07-15,30.6,22.2,True,26.4,GHCN-Daily,79.52,0.0,14.519999999999996
2021-07-16,31.7,23.3,True,27.5,GHCN-Daily,81.5,0.0,16.5
2021-07-17,30.6,22.2,True,26.4,GHCN-Daily,79.52,0.0,14.519999999999996
2021-07-18,29.4,22.8,True,26.1,GHCN-Daily,78.98,0.0,13.980000000000004
2021-07-19,27.8,21.1,True,24.450000000000003,GHCN-Daily,76.01,0.0,11.010000000000005
2021-07-20,30.0,21.7,True,25.85,GHCN-Daily,78.53,0.0,13.530000000000001
2021-07-21,29.4,20.0,True,24.7,GHCN-Daily,76.46000000000001,0.0,11.460000000000008
2021-07-22,28.3,18.3,True,23.3,GHCN-Daily,73.94,0.0,8.939999999999998
2021-07-23,28.9,18.9,True,23.9,GHCN-Daily,75.02,0.0,10.019999999999996
2021-07-24,27.8,18.3,True,23.05,GHCN-Daily,73.49000000000001,0.0,8.490000000000009
2021-07-25,26.7,20.0,True,23.35,GHCN-Daily,74.03,0.0,9.030000000000001
2021-07-26,32.2,21.7,True,26.950000000000003,GHCN-Daily,80.51,0.0,15.510000000000005
2021-07-27,31.1,20.6,True,25.85,GHCN-Daily,78.53,0.0,13.530000000000001
2021-07-28,28.3,21.7,True,25.0,GHCN-Daily,77.0,0.0,12.0
2021-07-29,25.6,21.7,True,23.65,GHCN-Daily,74.57,0.0,9.569999999999993
2021-07-30,30.0,18.9,True,24.45,GHCN-Daily,76.00999999999999,0.0,11.009999999999991
2021-07-31,24.4,15.0,True,19.7,GHCN-Daily,67.46000000000001,0.0,2.460000000000008
2021-08-01,25.0,18.3,True,21.65,GHCN-Daily,70.97,0.0,5.969999999999999
2021-08-02,27.8,16.7,True,22.25,GHCN-Daily,72.05000000000001,0.0,7.050000000000011
2021-08-03,26.7,18.3,True,22.5,GHCN-Daily,72.5,0.0,7.5
2021-08-04,24.4,18.9,True,21.65,GHCN-Daily,70.97,0.0,5.969999999999999
2021-08-05,27.2,20.0,True,23.6,GHCN-Daily,74.48,0.0,9.480000000000004
2021-08-06,28.9,19.4,True,24.15,GHCN-Daily,75.47,0.0,10.469999999999999
2021-08-07,28.3,20.6,True,24.450000000000003,GHCN-Daily,76.01,0.0,11.010000000000005
2021-08-08,23.3,18.9,True,21.1,GHCN-Daily,69.98,0.0,4.980000000000004
2021-08-09,25.6,21.1,True,23.35,GHCN-Daily,74.03,0.0,9.030000000000001
2021-08-10,27.2,21.1,True,24.15,GHCN-Daily,75.47,0.0,10.469999999999999
2021-08-11,29.4,22.8,True,26.1,GHCN-Daily,78.98,0.0,13.980000000000004
2021-08-12,31.7,23.9,True,27.799999999999997,GHCN-Daily,82.03999999999999,0.0,17.039999999999992
2021-08-13,32.8,25.0,True,28.9,GHCN-Daily,84.02,0.0,19.019999999999996
2021-08-14,32.8,24.4,True,28.599999999999998,GHCN-Daily,83.47999999999999,0.0,18.47999999999999
2021-08-15,27.8,21.1,True,24.450000000000003,GHCN-Daily,76.01,0.0,11.010000000000005
2021-08-16,27.2,20.0,True,23.6,GHCN-Daily,74.48,0.0,9.480000000000004
2021-08-17,27.2,21.7,True,24.45,GHCN-Daily,76.00999999999999,0.0,11.009999999999991
2021-08-18,28.3,22.2,True,25.25,GHCN-Daily,77.45,0.0,12.450000000000003
2021-08-19,31.1,25.0,True,28.05,GHCN-Daily,82.49000000000001,0.0,17.49000000000001
2021-08-20,28.3,23.3,True,25.8,GHCN-Daily,78.44,0.0,13.439999999999998
2021-08-21,27.8,21.7,True,24.75,GHCN-Daily,76.55000000000001,0.0,11.550000000000011
2021-08-22,24.4,22.2,True,23.299999999999997,GHCN-Daily,73.94,0.0,8.939999999999998
2021-08-23,30.6,22.2,True,26.4,GHCN-Daily,79.52,0.0,14.519999999999996
2021-08-24,32.8,21.7,True,27.25,GHCN-Daily,81.05000000000001,0.0,16.05000000000001
2021-08-25,31.7,21.7,True,26.7,GHCN-Daily,80.06,0.0,15.060000000000002
2021-08-26,31.7,23.3,True,27.5,GHCN-Daily,81.5,0.0,16.5
2021-08-27,33.9,24.4,True,29.15,GHCN-Daily,84.47,0.0,19.47
2021-08-28,26.7,18.3,True,22.5,GHCN-Daily,72.5,0.0,7.5
2021-08-29,25.0,19.4,True,22.2,GHCN-Daily,71.96000000000001,0.0,6.960000000000008
2021-08-30,28.3,22.2,True,25.25,GHCN-Daily,77.45,0.0,12.450000000000003
2021-08-31,30.6,22.8,True,26.700000000000003,GHCN-Daily,80.06,0.0,15.060000000000002
2021-09-01,25.6,17.8,True,21.700000000000003,GHCN-Daily,71.06,0.0,6.060000000000002
2021-09-02,25.6,16.1,True,20.85,GHCN-Daily,69.53,0.0,4.530000000000001
2021-09-03,25.0,14.4,True,19.7,GHCN-Daily,67.46000000000001,0.0,2.460000000000008
2021-09-04,25.6,16.1,True,20.85,GHCN-Daily,69.53,0.0,4.530000000000001
2021-09-05,23.3,18.3,True,20.8,GHCN-Daily,69.44,0.0,4.439999999999998
2021-09-06,28.9,20.6,True,24.75,GHCN-Daily,76.55000000000001,0.0,11.550000000000011
2021-09-07,26.7,17.2,True,21.95,GHCN-Daily,71.50999999999999,0.0,6.509999999999991
2021-09-08,26.7,20.0,True,23.35,GHCN-Daily,74.03,0.0,9.030000000000001
2021-09-09,23.3,20.6,True,21.950000000000003,GHCN-Daily,71.51,0.0,6.510000000000005
2021-09-10,24.4,17.2,True,20.799999999999997,GHCN-Daily,69.44,0.0,4.439999999999998
2021-09-11,24.4,14.4,True,19.4,GHCN-Daily,66.92,0.0,1.9200000000000017
2021-09-12,27.8,19.4,True,23.6,GHCN-Daily,74.48,0.0,9.480000000000004
2021-09-13,30.6,20.0,True,25.3,GHCN-Daily,77.53999999999999,0.0,12.539999999999992
2021-09-14,25.6,19.4,True,22.5,GHCN-Daily,72.5,0.0,7.5
2021-09-15,27.2,21.7,True,24.45,GHCN-Daily,76.00999999999999,0.0,11.009999999999991
2021-09-16,26.7,21.1,True,23.9,GHCN-Daily,75.02,0.0,10.019999999999996
2021-09-17,25.6,21.1,True,23.35,GHCN-Daily,74.03,0.0,9.030000000000001
2021-09-18,30.0,20.0,True,25.0,GHCN-Daily,77.0,0.0,12.0
2021-09-19,26.1,17.8,True,21.950000000000003,GHCN-Daily,71.51,0.0,6.510000000000005
2021-09-20,24.4,15.6,True,20.0,GHCN-Daily,68.0,0.0,3.0
2021-09-21,25.0,14.4,True,19.7,GHCN-Daily,67.46000000000001,0.0,2.460000000000008
2021-09-22,26.7,21.7,True,24.2,GHCN-Daily,75.56,0.0,10.560000000000002
2021-09-23,27.2,17.8,True,22.5,GHCN-Daily,72.5,0.0,7.5
2021-09-24,23.3,14.4,True,18.85,GHCN-Daily,65.93,0.0,0.9300000000000068
2021-09-25,24.4,13.9,True,19.15,GHCN-Daily,66.47,0.0,1.4699999999999989
2021-09-26,23.3,16.7,True,20.0,GHCN-Daily,68.0,0.0,3.0
2021-09-27,26.7,16.1,True,21.4,GHCN-Daily,70.52,0.0,5.519999999999996
2021-09-28,24.4,16.7,True,20.549999999999997,GHCN-Daily,68.99,0.0,3.989999999999995
2021-09-29,22.2,12.2,True,17.2,GHCN-Daily,62.96,2.039999999999999,0.0
2021-09-30,19.4,12.2,True,15.799999999999999,GHCN-Daily,60.44,4.560000000000002,0.0
2021-10-01,21.1,10.0,True,15.55,GHCN-Daily,59.99,5.009999999999998,0.0
2021-10-02,23.9,12.2,True,18.049999999999997,GHCN-Daily,64.49,0.5100000000000051,0.0
2021-10-03,25.0,15.0,True,20.0,GHCN-Daily,68.0,0.0,3.0
2021-10-04,22.8,16.7,True,19.75,GHCN-Daily,67.55000000000001,0.0,2.5500000000000114
2021-10-05,18.9,15.6,True,17.25,GHCN-Daily,63.05,1.9500000000000028,0.0
2021-10-06,22.2,15.6,True,18.9,GHCN-Daily,66.02,0.0,1.019999999999996
2021-10-07,23.9,15.0,True,19.45,GHCN-Daily,67.00999999999999,0.0,2.009999999999991
2021-10-08,25.0,15.6,True,20.3,GHCN-Daily,68.53999999999999,0.0,3.539999999999992
2021-10-09,22.2,14.4,True,18.3,GHCN-Daily,64.94,0.060000000000002274,0.0
2021-10-10,20.6,16.7,True,18.65,GHCN-Daily,65.57,0.0,0.5699999999999932
2021-10-11,23.9,15.6,True,19.75,GHCN-Daily,67.55000000000001,0.0,2.5500000000000114
2021-10-12,22.2,15.0,True,18.6,GHCN-Daily,65.48,0.0,0.480000000000004
2021-10-13,20.6,14.4,True,17.5,GHCN-Daily,63.5,1.5,0.0
2021-10-14,26.7,16.7,True,21.7,GHCN-Daily,71.06,0.0,6.060000000000002
2021-10-15,25.0,16.1,True,20.55,GHCN-Daily,68.99000000000001,0.0,3.990000000000009
2021-10-16,23.9,15.0,True,19.45,GHCN-Daily,67.00999999999999,0.0,2.009999999999991
2021-10-17,18.3,11.7,True,15.0,GHCN-Daily,59.0,6.0,0.0
2021-10-18,17.8,10.0,True,13.9,GHCN-Daily,57.019999999999996,7.980000000000004,0.0
2021-10-19,20.0,8.9,True,14.45,GHCN-Daily,58.01,6.990000000000002,0.0
2021-10-20,26.1,14.4,True,20.25,GHCN-Daily,68.45,0.0,3.450000000000003
2021-10-21,22.8,13.9,True,18.35,GHCN-Daily,65.03,0.0,0.030000000000001137
2021-10-22,21.7,14.4,True,18.05,GHCN-Daily,64.49000000000001,0.5099999999999909,0.0
2021-10-23,16.7,10.0,True,13.35,GHCN-Daily,56.03,8.969999999999999,0.0
2021-10-24,16.7,8.3,True,12.5,GHCN-Daily,54.5,10.5,0.0
2021-10-25,22.8,16.1,True,19.450000000000003,GHCN-Daily,67.01,0.0,2.010000000000005
2021-10-26,18.9,13.3,True,16.1,GHCN-Daily,60.980000000000004,4.019999999999996,0.0
2021-10-27,16.1,11.7,True,13.9,GHCN-Daily,57.019999999999996,7.980000000000004,0.0
2021-10-28,14.4,8.9,True,11.65,GHCN-Daily,52.97,12.030000000000001,0.0
2021-10-29,15.0,8.3,True,11.65,GHCN-Daily,52.97,12.030000000000001,0.0
2021-10-30,18.9,13.3,True,16.1,GHCN-Daily,60.980000000000004,4.019999999999996,0.0
2021-10-31,18.9,13.3,True,16.1,GHCN-Daily,60.980000000000004,4.019999999999996,0.0
2021-11-01,16.7,10.0,True,13.35,GHCN-Daily,56.03,8.969999999999999,0.0
2021-11-02,13.3,6.7,True,10.0,GHCN-Daily,50.0,15.0,0.0
2021-11-03,13.3,4.4,True,8.850000000000001,GHCN-Daily,47.93000000000001,17.069999999999993,0.0
2021-11-04,11.7,3.3,True,7.5,GHCN-Daily,45.5,19.5,0.0
2021-11-05,11.7,2.8,True,7.25,GHCN-Daily,45.05,19.950000000000003,0.0
2021-11-06,12.8,2.2,True,7.5,GHCN-Daily,45.5,19.5,0.0
2021-11-07,12.8,2.8,True,7.800000000000001,GHCN-Daily,46.04,18.96,0.0
2021-11-08,18.9,6.1,True,12.5,GHCN-Daily,54.5,10.5,0.0
2021-11-09,20.6,6.1,True,13.350000000000001,GHCN-Daily,56.03,8.969999999999999,0.0
2021-11-10,19.4,7.8,True,13.6,GHCN-Daily,56.480000000000004,8.519999999999996,0.0
2021-11-11,16.7,3.3,True,10.0,GHCN-Daily,50.0,15.0,0.0
2021-11-12,18.9,10.0,True,14.45,GHCN-Daily,58.01,6.990000000000002,0.0
2021-11-13,17.8,3.9,True,10.85,GHCN-Daily,51.53,13.469999999999999,0.0
2021-11-14,8.9,3.9,True,6.4,GHCN-Daily,43.52,21.479999999999997,0.0
2021-11-15,10.0,3.9,True,6.95,GHCN-Daily,44.51,20.490000000000002,0.0
2021-11-16,10.0,2.8,True,6.4,GHCN-Daily,43.52,21.479999999999997,0.0
2021-11-17,13.9,0.6,True,7.25,GHCN-Daily,45.05,19.950000000000003,0.0
2021-11-18,17.8,8.9,True,13.350000000000001,GHCN-Daily,56.03,8.969999999999999,0.0
2021-11-19,10.0,3.9,True,6.95,GHCN-Daily,44.51,20.490000000000002,0.0
2021-11-20,8.9,0.6,True,4.75,GHCN-Daily,40.55,24.450000000000003,0.0
2021-11-21,13.3,6.1,True,9.7,GHCN-Daily,49.46,15.54,0.0
2021-11-22,12.8,2.2,True,7.5,GHCN-Daily,45.5,19.5,0.0
2021-11-23,6.7,0.0,True,3.35,GHCN-Daily,38.03,26.97,0.0
2021-11-24,7.8,-1.0,True,3.4,GHCN-Daily,38.12,26.880000000000003,0.0
2021-11-25,12.2,0.6,True,6.3999999999999995,GHCN-Daily,43.519999999999996,21.480000000000004,0.0
2021-11-26,9.4,2.8,True,6.1,GHCN-Daily,42.980000000000004,22.019999999999996,0.0
2021-11-27,5.0,1.7,True,3.35,GHCN-Daily,38.03,26.97,0.0
2021-11-28,5.6,0.6,True,3.0999999999999996,GHCN-Daily,37.58,27.42,0.0
2021-11-29,7.2,0.6,True,3.9,GHCN-Daily,39.019999999999996,25.980000000000004,0.0
2021-11-30,6.1,-1.0,True,2.55,GHCN-Daily,36.59,28.409999999999997,0.0
2021-12-01,10.0,4.4,True,7.2,GHCN-Daily,44.96,20.04,0.0
2021-12-02,13.3,7.2,True,10.25,GHCN-Daily,50.45,14.549999999999997,0.0
2021-12-03,9.4,2.8,True,6.1,GHCN-Daily,42.980000000000004,22.019999999999996,0.0
2021-12-04,8.3,2.2,True,5.25,GHCN-Daily,41.45,23.549999999999997,0.0
2021-12-05,10.6,2.2,True,6.4,GHCN-Daily,43.52,21.479999999999997,0.0
2021-12-06,14.4,7.2,True,10.8,GHCN-Daily,51.44,13.560000000000002,0.0
2021-12-07,7.2,2.8,True,5.0,GHCN-Daily,41.0,24.0,0.0
2021-12-08,5.6,1.1,True,3.3499999999999996,GHCN-Daily,38.03,26.97,0.0
2021-12-09,4.4,-0.5,True,1.9500000000000002,GHCN-Daily,35.51,29.490000000000002,0.0
2021-12-10,10.0,3.3,True,6.65,GHCN-Daily,43.97,21.03,0.0
2021-12-11,15.0,6.7,True,10.85,GHCN-Daily,51.53,13.469999999999999,0.0
2021-12-12,13.9,5.0,True,9.45,GHCN-Daily,49.01,15.990000000000002,0.0
2021-12-13,11.1,4.4,True,7.75,GHCN-Daily,45.95,19.049999999999997,0.0
2021-12-14,12.2,3.3,True,7.75,GHCN-Daily,45.95,19.049999999999997,0.0
2021-12-15,12.2,0.6,True,6.3999999999999995,GHCN-Daily,43.519999999999996,21.480000000000004,0.0
2021-12-16,16.1,10.0,True,13.05,GHCN-Daily,55.49,9.509999999999998,0.0
2021-12-17,16.1,8.9,True,12.5,GHCN-Daily,54.5,10.5,0.0
2021-12-18,9.4,3.9,True,6.65,GHCN-Daily,43.97,21.03,0.0
2021-12-19,8.3,-1.6,True,3.3500000000000005,GHCN-Daily,38.03,26.97,0.0
2021-12-20,2.2,-4.3,True,-1.0499999999999998,GHCN-Daily,30.11,34.89,0.0
2021-12-21,6.1,-0.5,True,2.8,GHCN-Daily,37.04,27.96,0.0
2021-12-22,9.4,1.1,True,5.25,GHCN-Daily,41.45,23.549999999999997,0.0
2021-12-23,3.3,-1.0,True,1.15,GHCN-Daily,34.07,30.93,0.0
2021-12-24,5.0,-1.0,True,2.0,GHCN-Daily,35.6,29.4,0.0
2021-12-25,11.7,0.6,True,6.1499999999999995,GHCN-Daily,43.07,21.93,0.0
2021-12-26,11.7,3.9,True,7.8,GHCN-Daily,46.04,18.96,0.0
2021-12-27,3.9,0.0,True,1.95,GHCN-Daily,35.51,29.490000000000002,0.0
2021-12-28,8.3,2.8,True,5.550000000000001,GHCN-Daily,41.99,23.009999999999998,0.0
2021-12-29,7.2,5.0,True,6.1,GHCN-Daily,42.980000000000004,22.019999999999996,0.0
2021-12-30,10.0,6.1,True,8.05,GHCN-Daily,46.49,18.509999999999998,0.0
2021-12-31,11.1,7.8,True,9.45,GHCN-Daily,49.01,15.990000000000002,0.0
2022-01-01,11.7,8.9,True,10.3,GHCN-Daily,50.540000000000006,14.459999999999994,0.0
2022-01-02,15.0,3.3,True,9.15,GHCN-Daily,48.47,16.53,0.0
2022-01-03,3.9,-5.5,True,-0.8,GHCN-Daily,30.56,34.44,0.0
2022-01-04,0.6,-7.1,True,-3.25,GHCN-Daily,26.15,38.85,0.0
2022-01-05,7.8,-1.0,True,3.4,GHCN-Daily,38.12,26.880000000000003,0.0
2022-01-06,5.0,1.1,True,3.05,GHCN-Daily,37.49,27.509999999999998,0.0
2022-01-07,1.7,-3.8,True,-1.0499999999999998,GHCN-Daily,30.11,34.89,0.0
2022-01-08,-0.5,-6.0,True,-3.25,GHCN-Daily,26.15,38.85,0.0
2022-01-09,5.0,-1.6,True,1.7,GHCN-Daily,35.06,29.939999999999998,0.0
2022-01-10,5.0,-3.8,True,0.6000000000000001,GHCN-Daily,33.08,31.92,0.0
2022-01-11,-3.8,-9.9,True,-6.85,GHCN-Daily,19.67,45.33,0.0
2022-01-12,5.0,-9.3,True,-2.1500000000000004,GHCN-Daily,28.13,36.870000000000005,0.0
2022-01-13,9.4,-2.1,True,3.6500000000000004,GHCN-Daily,38.57,26.43,0.0
2022-01-14,7.2,-6.0,True,0.6000000000000001,GHCN-Daily,33.08,31.92,0.0
2022-01-15,-6.0,-11.6,True,-8.8,GHCN-Daily,16.159999999999997,48.84,0.0
2022-01-16,5.6,-12.7,True,-3.55,GHCN-Daily,25.61,39.39,0.0
2022-01-17,7.8,1.7,True,4.75,GHCN-Daily,40.55,24.450000000000003,0.0
2022-01-18,3.9,-4.3,True,-0.19999999999999996,GHCN-Daily,31.64,33.36,0.0
2022-01-19,10.0,-5.5,True,2.25,GHCN-Daily,36.05,28.950000000000003,0.0
2022-01-20,7.2,-6.0,True,0.6000000000000001,GHCN-Daily,33.08,31.92,0.0
2022-01-21,-4.3,-9.9,True,-7.1,GHCN-Daily,19.22,45.78,0.0
2022-01-22,0.0,-9.9,True,-4.95,GHCN-Daily,23.09,41.91,0.0
2022-01-23,2.8,-4.3,True,-0.75,GHCN-Daily,30.65,34.35,0.0
2022-01-24,3.3,-2.1,True,0.5999999999999999,GHCN-Daily,33.08,31.92,0.0
2022-01-25,6.7,-1.6,True,2.55,GHCN-Daily,36.59,28.409999999999997,0.0
2022-01-26,-1.6,-7.7,True,-4.65,GHCN-Daily,23.63,41.370000000000005,0.0
2022-01-27,0.0,-10.5,True,-5.25,GHCN-Daily,22.549999999999997,42.45,0.0
2022-01-28,1.7,-1.6,True,0.04999999999999993,GHCN-Daily,32.09,32.91,0.0
2022-01-29,-1.6,-11.0,True,-6.3,GHCN-Daily,20.66,44.34,0.0
2022-01-30,-3.8,-11.0,True,-7.4,GHCN-Daily,18.68,46.32,0.0
2022-01-31,0.0,-8.8,True,-4.4,GHCN-Daily,24.08,40.92,0.0
2022-02-01,3.3,-7.7,True,-2.2,GHCN-Daily,28.04,36.96,0.0
2022-02-02,7.2,-2.1,True,2.55,GHCN-Daily,36.59,28.409999999999997,0.0
2022-02-03,7.8,2.8,True,5.3,GHCN-Daily,41.54,23.46,0.0
2022-02-04,9.4,-2.7,True,3.35,GHCN-Daily,38.03,26.97,0.0
2022-02-05,-1.0,-7.1,True,-4.05,GHCN-Daily,24.71,40.29,0.0
2022-02-06,-0.5,-9.3,True,-4.9,GHCN-Daily,23.18,41.82,0.0
2022-02-07,3.9,-1.0,True,1.45,GHCN-Daily,34.61,30.39,0.0
2022-02-08,8.9,0.0,True,4.45,GHCN-Daily,40.01,24.990000000000002,0.0
2022-02-09,5.0,-4.3,True,0.3500000000000001,GHCN-Daily,32.63,32.37,0.0
2022-02-10,13.3,-1.0,True,6.15,GHCN-Daily,43.07,21.93,0.0
2022-02-11,11.1,1.1,True,6.1,GHCN-Daily,42.980000000000004,22.019999999999996,0.0
2022-02-12,16.1,3.9,True,10.0,GHCN-Daily,50.0,15.0,0.0
2022-02-13,6.1,-3.8,True,1.15,GHCN-Daily,34.07,30.93,0.0
2022-02-14,-3.8,-8.2,True,-6.0,GHCN-Daily,21.2,43.8,0.0
2022-02-15,-1.0,-8.2,True,-4.6,GHCN-Daily,23.72,41.28,0.0
2022-02-16,6.1,-5.5,True,0.2999999999999998,GHCN-Daily,32.54,32.46,0.0
2022-02-17,12.2,5.0,True,8.6,GHCN-Daily,47.480000000000004,17.519999999999996,0.0
2022-02-18,14.4,-2.7,True,5.85,GHCN-Daily,42.53,22.47,0.0
2022-02-19,5.6,-6.0,True,-0.20000000000000018,GHCN-Daily,31.64,33.36,0.0
2022-02-20,1.1,-6.0,True,-2.45,GHCN-Daily,27.59,37.41,0.0
2022-02-21,8.9,-1.0,True,3.95,GHCN-Daily,39.11,25.89,0.0
2022-02-22,11.7,0.6,True,6.1499999999999995,GHCN-Daily,43.07,21.93,0.0
2022-02-23,20.6,1.7,True,11.15,GHCN-Daily,52.07,12.93,0.0
2022-02-24,1.7,-1.6,True,0.04999999999999993,GHCN-Daily,32.09,32.91,0.0
2022-02-25,7.2,-3.2,True,2.0,GHCN-Daily,35.6,29.4,0.0
2022-02-26,3.3,-4.3,True,-0.5,GHCN-Daily,31.1,33.9,0.0
2022-02-27,8.9,-1.6,True,3.6500000000000004,GHCN-Daily,38.57,26.43,0.0
2022-02-28,2.8,-2.7,True,0.04999999999999982,GHCN-Daily,32.089999999999996,32.910000000000004,0.0
2022-03-01,7.2,-2.1,True,2.55,GHCN-Daily,36.59,28.409999999999997,0.0
2022-03-02,11.1,3.3,True,7.199999999999999,GHCN-Daily,44.96,20.04,0.0
2022-03-03,7.2,-3.8,True,1.7000000000000002,GHCN-Daily,35.06,29.939999999999998,0.0
2022-03-04,2.2,-7.1,True,-2.4499999999999997,GHCN-Daily,27.59,37.41,0.0
2022-03-05,7.2,-2.7,True,2.25,GHCN-Daily,36.05,28.950000000000003,0.0
2022-03-06,16.7,6.7,True,11.7,GHCN-Daily,53.06,11.939999999999998,0.0
2022-03-07,16.1,8.9,True,12.5,GHCN-Daily,54.5,10.5,0.0
2022-03-08,11.7,2.8,True,7.25,GHCN-Daily,45.05,19.950000000000003,0.0
2022-03-09,4.4,0.6,True,2.5,GHCN-Daily,36.5,28.5,0.0
2022-03-10,10.0,-1.0,True,4.5,GHCN-Daily,40.1,24.9,0.0
2022-03-11,10.0,-1.0,True,4.5,GHCN-Daily,40.1,24.9,0.0
2022-03-12,7.8,-4.3,True,1.75,GHCN-Daily,35.15,29.85,0.0
2022-03-13,1.7,-5.5,True,-1.9,GHCN-Daily,28.58,36.42,0.0
2022-03-14,12.8,0.6,True,6.7,GHCN-Daily,44.06,20.939999999999998,0.0
2022-03-15,14.4,3.3,True,8.85,GHCN-Daily,47.93,17.07,0.0
2022-03-16,16.7,5.0,True,10.85,GHCN-Daily,51.53,13.469999999999999,0.0
2022-03-17,12.8,7.2,True,10.0,GHCN-Daily,50.0,15.0,0.0
2022-03-18,17.2,7.8,True,12.5,GHCN-Daily,54.5,10.5,0.0
2022-03-19,15.6,7.8,True,11.7,GHCN-Daily,53.06,11.939999999999998,0.0
2022-03-20,16.7,7.8,True,12.25,GHCN-Daily,54.05,10.950000000000003,0.0
2022-03-21,17.2,7.2,True,12.2,GHCN-Daily,53.96,11.04,0.0
2022-03-22,15.6,7.8,True,11.7,GHCN-Daily,53.06,11.939999999999998,0.0
2022-03-23,8.3,3.9,True,6.1000000000000005,GHCN-Daily,42.980000000000004,22.019999999999996,0.0
2022-03-24,8.3,5.0,True,6.65,GHCN-Daily,43.97,21.03,0.0
2022-03-25,13.9,6.7,True,10.3,GHCN-Daily,50.540000000000006,14.459999999999994,0.0
2022-03-26,12.2,5.6,True,8.899999999999999,GHCN-Daily,48.019999999999996,16.980000000000004,0.0
2022-03-27,8.3,-1.6,True,3.3500000000000005,GHCN-Daily,38.03,26.97,0.0
2022-03-28,1.1,-4.9,True,-1.9000000000000001,GHCN-Daily,28.58,36.42,0.0
2022-03-29,3.3,-4.3,True,-0.5,GHCN-Daily,31.1,33.9,0.0
2022-03-30,6.7,-2.7,True,2.0,GHCN-Daily,35.6,29.4,0.0
2022-03-31,13.9,6.7,True,10.3,GHCN-Daily,50.540000000000006,14.459999999999994,0.0
2022-04-01,15.0,6.1,True,10.55,GHCN-Daily,50.99,14.009999999999998,0.0
2022-04-02,11.1,3.9,True,7.5,GHCN-Daily,45.5,19.5,0.0
2022-04-03,7.8,3.3,True,5.55,GHCN-Daily,41.99,23.009999999999998,0.0
2022-04-04,12.8,3.9,True,8.35,GHCN-Daily,47.03,17.97,0.0
2022-04-05,11.7,3.3,True,7.5,GHCN-Daily,45.5,19.5,0.0
2022-04-06,12.2,8.3,True,10.25,GHCN-Daily,50.45,14.549999999999997,0.0
2022-04-07,11.1,7.2,True,9.15,GHCN-Daily,48.47,16.53,0.0
2022-04-08,17.2,8.9,True,13.05,GHCN-Daily,55.49,9.509999999999998,0.0
2022-04-09,13.9,8.3,True,11.100000000000001,GHCN-Daily,51.980000000000004,13.019999999999996,0.0
2022-04-10,11.1,6.1,True,8.6,GHCN-Daily,47.480000000000004,17.519999999999996,0.0
2022-04-11,13.3,3.9,True,8.6,GHCN-Daily,47.480000000000004,17.519999999999996,0.0
2022-04-12,22.2,8.3,True,15.25,GHCN-Daily,59.45,5.549999999999997,0.0
2022-04-13,18.3,7.8,True,13.05,GHCN-Daily,55.49,9.509999999999998,0.0
2022-04-14,21.1,11.7,True,16.4,GHCN-Daily,61.519999999999996,3.480000000000004,0.0
2022-04-15,19.4,7.8,True,13.6,GHCN-Daily,56.480000000000004,8.519999999999996,0.0
2022-04-16,16.7,7.2,True,11.95,GHCN-Daily,53.51,11.490000000000002,0.0
2022-04-17,11.1,4.4,True,7.75,GHCN-Daily,45.95,19.049999999999997,0.0
2022-04-18,11.1,2.8,True,6.949999999999999,GHCN-Daily,44.51,20.490000000000002,0.0
2022-04-19,11.1,4.4,True,7.75,GHCN-Daily,45.95,19.049999999999997,0.0
2022-04-20,15.6,5.0,True,10.3,GHCN-Daily,50.540000000000006,14.459999999999994,0.0
2022-04-21,13.3,4.4,True,8.850000000000001,GHCN-Daily,47.93000000000001,17.069999999999993,0.0
2022-04-22,21.1,7.2,True,14.15,GHCN-Daily,57.47,7.530000000000001,0.0
2022-04-23,15.0,8.9,True,11.95,GHCN-Daily,53.51,11.490000000000002,0.0
2022-04-24,15.6,7.2,True,11.4,GHCN-Daily,52.519999999999996,12.480000000000004,0.0
2022-04-25,12.8,6.7,True,9.75,GHCN-Daily,49.55,15.450000000000003,0.0
2022-04-26,15.6,10.6,True,13.1,GHCN-Daily,55.58,9.420000000000002,0.0
2022-04-27,14.4,5.0,True,9.7,GHCN-Daily,49.46,15.54,0.0
2022-04-28,14.4,4.4,True,9.4,GHCN-Daily,48.92,16.08,0.0
2022-04-29,17.2,5.6,True,11.399999999999999,GHCN-Daily,52.519999999999996,12.480000000000004,0.0
2022-04-30,18.9,6.7,True,12.799999999999999,GHCN-Daily,55.04,9.96,0.0
2022-05-01,17.2,5.6,True,11.399999999999999,GHCN-Daily,52.519999999999996,12.480000000000004,0.0
2022-05-02,12.8,10.0,True,11.4,GHCN-Daily,52.519999999999996,12.480000000000004,0.0
2022-05-03,16.7,9.4,True,13.05,GHCN-Daily,55.49,9.509999999999998,0.0
2022-05-04,18.9,9.4,True,14.149999999999999,GHCN-Daily,57.47,7.530000000000001,0.0
2022-05-05,21.1,12.2,True,16.65,GHCN-Daily,61.97,3.030000000000001,0.0
2022-05-06,14.4,8.9,True,11.65,GHCN-Daily,52.97,12.030000000000001,0.0
2022-05-07,10.6,6.7,True,8.65,GHCN-Daily,47.57,17.43,0.0
2022-05-08,14.4,6.7,True,10.55,GHCN-Daily,50.99,14.009999999999998,0.0
2022-05-09,21.1,7.2,True,14.15,GHCN-Daily,57.47,7.530000000000001,0.0
2022-05-10,22.8,10.0,True,16.4,GHCN-Daily,61.519999999999996,3.480000000000004,0.0
2022-05-11,23.3,11.7,True,17.5,GHCN-Daily,63.5,1.5,0.0
2022-05-12,21.7,11.7,True,16.7,GHCN-Daily,62.06,2.9399999999999977,0.0
2022-05-13,23.9,13.9,True,18.9,GHCN-Daily,66.02,0.0,1.019999999999996
2022-05-14,21.1,13.9,True,17.5,GHCN-Daily,63.5,1.5,0.0
2022-05-15,22.8,12.8,True,17.8,GHCN-Daily,64.03999999999999,0.960000000000008,0.0
2022-05-16,20.6,15.0,True,17.8,GHCN-Daily,64.03999999999999,0.960000000000008,0.0
2022-05-17,26.1,13.9,True,20.0,GHCN-Daily,68.0,0.0,3.0
2022-05-18,21.1,13.3,True,17.200000000000003,GHCN-Daily,62.96000000000001,2.039999999999992,0.0
2022-05-19,17.2,12.2,True,14.7,GHCN-Daily,58.46,6.539999999999999,0.0
2022-05-20,20.6,11.1,True,15.850000000000001,GHCN-Daily,60.53,4.469999999999999,0.0
2022-05-21,30.6,15.0,True,22.8,GHCN-Daily,73.03999999999999,0.0,8.039999999999992
2022-05-22,28.9,18.3,True,23.6,GHCN-Daily,74.48,0.0,9.480000000000004
2022-05-23,23.9,16.1,True,20.0,GHCN-Daily,68.0,0.0,3.0
2022-05-24,20.0,12.2,True,16.1,GHCN-Daily,60.980000000000004,4.019999999999996,0.0
2022-05-25,18.3,10.6,True,14.45,GHCN-Daily,58.01,6.990000000000002,0.0
2022-05-26,19.4,11.1,True,15.25,GHCN-Daily,59.45,5.549999999999997,0.0
2022-05-27,22.8,16.7,True,19.75,GHCN-Daily,67.55000000000001,0.0,2.5500000000000114
2022-05-28,23.9,16.7,True,20.299999999999997,GHCN-Daily,68.53999999999999,0.0,3.539999999999992
2022-05-29,23.3,16.1,True,19.700000000000003,GHCN-Daily,67.46000000000001,0.0,2.460000000000008
2022-05-30,26.7,15.6,True,21.15,GHCN-Daily,70.07,0.0,5.069999999999993
2022-05-31,34.4,17.2,True,25.799999999999997,GHCN-Daily,78.44,0.0,13.439999999999998
2022-06-01,19.4,15.0,True,17.2,GHCN-Daily,62.96,2.039999999999999,0.0
2022-06-02,23.9,15.6,True,19.75,GHCN-Daily,67.55000000000001,0.0,2.5500000000000114
2022-06-03,20.6,16.1,True,18.35,GHCN-Daily,65.03,0.0,0.030000000000001137
2022-06-04,23.9,13.9,True,18.9,GHCN-Daily,66.02,0.0,1.019999999999996
2022-06-05,23.3,13.3,True,18.3,GHCN-Daily,64.94,0.060000000000002274,0.0
2022-06-06,25.0,14.4,True,19.7,GHCN-Daily,67.46000000000001,0.0,2.460000000000008
2022-06-07,23.9,14.4,True,19.15,GHCN-Daily,66.47,0.0,1.4699999999999989
2022-06-08,28.9,19.4,True,24.15,GHCN-Daily,75.47,0.0,10.469999999999999
2022-06-09,28.9,17.8,True,23.35,GHCN-Daily,74.03,0.0,9.030000000000001
2022-06-10,26.7,17.2,True,21.95,GHCN-Daily,71.50999999999999,0.0,6.509999999999991
2022-06-11,26.7,18.3,True,22.5,GHCN-Daily,72.5,0.0,7.5
2022-06-12,22.2,17.2,True,19.7,GHCN-Daily,67.46000000000001,0.0,2.460000000000008
2022-06-13,26.1,18.9,True,22.5,GHCN-Daily,72.5,0.0,7.5
2022-06-14,26.7,18.9,True,22.799999999999997,GHCN-Daily,73.03999999999999,0.0,8.039999999999992
2022-06-15,26.1,18.9,True,22.5,GHCN-Daily,72.5,0.0,7.5
2022-06-16,22.2,17.8,True,20.0,GHCN-Daily,68.0,0.0,3.0
2022-06-17,34.4,19.4,True,26.9,GHCN-Daily,80.42,0.0,15.420000000000002
2022-06-18,25.6,15.0,True,20.3,GHCN-Daily,68.53999999999999,0.0,3.539999999999992
2022-06-19,24.4,12.8,True,18.6,GHCN-Daily,65.48,0.0,0.480000000000004
2022-06-20,27.8,14.4,True,21.1,GHCN-Daily,69.98,0.0,4.980000000000004
2022-06-21,25.6,16.1,True,20.85,GHCN-Daily,69.53,0.0,4.530000000000001
2022-06-22,19.4,16.1,True,17.75,GHCN-Daily,63.95,1.0499999999999972,0.0
2022-06-23,23.3,15.6,True,19.45,GHCN-Daily,67.00999999999999,0.0,2.009999999999991
2022-06-24,24.4,16.1,True,20.25,GHCN-Daily,68.45,0.0,3.450000000000003
2022-06-25,31.1,18.9,True,25.0,GHCN-Daily,77.0,0.0,12.0
2022-06-26,28.9,20.0,True,24.45,GHCN-Daily,76.00999999999999,0.0,11.009999999999991
2022-06-27,25.0,20.6,True,22.8,GHCN-Daily,73.03999999999999,0.0,8.039999999999992
2022-06-28,26.7,17.8,True,22.25,GHCN-Daily,72.05000000000001,0.0,7.050000000000011
2022-06-29,28.3,17.8,True,23.05,GHCN-Daily,73.49000000000001,0.0,8.490000000000009
2022-06-30,28.9,20.0,True,24.45,GHCN-Daily,76.00999999999999,0.0,11.009999999999991
2022-07-01,29.4,21.1,True,25.25,GHCN-Daily,77.45,0.0,12.450000000000003
2022-07-02,30.6,22.8,True,26.700000000000003,GHCN-Daily,80.06,0.0,15.060000000000002
2022-07-03,31.1,21.1,True,26.1,GHCN-Daily,78.98,0.0,13.980000000000004
2022-07-04,29.4,18.9,True,24.15,GHCN-Daily,75.47,0.0,10.469999999999999
2022-07-05,28.9,20.0,True,24.45,GHCN-Daily,76.00999999999999,0.0,11.009999999999991
2022-07-06,31.7,21.7,True,26.7,GHCN-Daily,80.06,0.0,15.060000000000002
2022-07-07,27.8,20.6,True,24.200000000000003,GHCN-Daily,75.56,0.0,10.560000000000002
2022-07-08,27.2,18.3,True,22.75,GHCN-Daily,72.95,0.0,7.950000000000003
2022-07-09,30.0,20.6,True,25.3,GHCN-Daily,77.53999999999999,0.0,12.539999999999992
2022-07-10,27.2,18.9,True,23.049999999999997,GHCN-Daily,73.49,0.0,8.489999999999995
2022-07-11,27.2,18.3,True,22.75,GHCN-Daily,72.95,0.0,7.950000000000003
2022-07-12,28.3,20.6,True,24.450000000000003,GHCN-Daily,76.01,0.0,11.010000000000005
2022-07-13,32.8,22.8,True,27.799999999999997,GHCN-Daily,82.03999999999999,0.0,17.039999999999992
2022-07-14,33.3,22.2,True,27.75,GHCN-Daily,81.95,0.0,16.950000000000003
2022-07-15,28.9,22.2,True,25.549999999999997,GHCN-Daily,77.99,0.0,12.989999999999995
2022-07-16,28.9,22.2,True,25.549999999999997,GHCN-Daily,77.99,0.0,12.989999999999995
2022-07-17,28.9,22.2,True,25.549999999999997,GHCN-Daily,77.99,0.0,12.989999999999995
2022-07-18,28.9,23.3,True,26.1,GHCN-Daily,78.98,0.0,13.980000000000004
2022-07-19,34.4,23.9,True,29.15,GHCN-Daily,84.47,0.0,19.47
2022-07-20,35.0,24.4,True,29.7,GHCN-Daily,85.46000000000001,0.0,20.460000000000008
2022-07-21,32.8,23.9,True,28.349999999999998,GHCN-Daily,83.03,0.0,18.03
2022-07-22,35.0,25.6,True,30.3,GHCN-Daily,86.53999999999999,0.0,21.539999999999992
2022-07-23,35.6,25.0,True,30.3,GHCN-Daily,86.53999999999999,0.0,21.539999999999992
2022-07-24,35.6,24.4,True,30.0,GHCN-Daily,86.0,0.0,21.0
2022-07-25,30.0,23.9,True,26.95,GHCN-Daily,80.50999999999999,0.0,15.509999999999991
2022-07-26,27.2,22.2,True,24.7,GHCN-Daily,76.46000000000001,0.0,11.460000000000008
2022-07-27,29.4,20.0,True,24.7,GHCN-Daily,76.46000000000001,0.0,11.460000000000008
2022-07-28,28.9,23.3,True,26.1,GHCN-Daily,78.98,0.0,13.980000000000004
2022-07-29,29.4,24.4,True,26.9,GHCN-Daily,80.42,0.0,15.420000000000002
2022-07-30,32.8,23.3,True,28.049999999999997,GHCN-Daily,82.49,0.0,17.489999999999995
2022-07-31,29.4,20.6,True,25.0,GHCN-Daily,77.0,0.0,12.0
2022-08-01,25.0,20.0,True,22.5,GHCN-Daily,72.5,0.0,7.5
2022-08-02,31.7,20.6,True,26.15,GHCN-Daily,79.07,0.0,14.069999999999993
2022-08-03,31.7,23.3,True,27.5,GHCN-Daily,81.5,0.0,16.5
2022-08-04,32.8,22.2,True,27.5,GHCN-Daily,81.5,0.0,16.5
2022-08-05,31.7,24.4,True,28.049999999999997,GHCN-Daily,82.49,0.0,17.489999999999995
2022-08-06,31.7,23.3,True,27.5,GHCN-Daily,81.5,0.0,16.5
2022-08-07,31.7,25.0,True,28.35,GHCN-Daily,83.03,0.0,18.03
2022-08-08,31.1,25.0,True,28.05,GHCN-Daily,82.49000000000001,0.0,17.49000000000001
2022-08-09,33.9,23.9,True,28.9,GHCN-Daily,84.02,0.0,19.019999999999996
2022-08-10,31.1,23.9,True,27.5,GHCN-Daily,81.5,0.0,16.5
2022-08-11,30.0,22.2,True,26.1,GHCN-Daily,78.98,0.0,13.980000000000004
2022-08-12,30.6,21.7,True,26.15,GHCN-Daily,79.07,0.0,14.069999999999993
2022-08-13,27.2,18.3,True,22.75,GHCN-Daily,72.95,0.0,7.950000000000003
2022-08-14,27.8,17.8,True,22.8,GHCN-Daily,73.03999999999999,0.0,8.039999999999992
2022-08-15,27.8,18.9,True,23.35,GHCN-Daily,74.03,0.0,9.030000000000001
2022-08-16,27.8,17.2,True,22.5,GHCN-Daily,72.5,0.0,7.5
2022-08-17,28.9,18.3,True,23.6,GHCN-Daily,74.48,0.0,9.480000000000004
2022-08-18,30.6,18.3,True,24.450000000000003,GHCN-Daily,76.01,0.0,11.010000000000005
2022-08-19,31.1,21.1,True,26.1,GHCN-Daily,78.98,0.0,13.980000000000004
2022-08-20,31.1,22.2,True,26.65,GHCN-Daily,79.97,0.0,14.969999999999999
2022-08-21,27.8,21.7,True,24.75,GHCN-Daily,76.55000000000001,0.0,11.550000000000011
2022-08-22,26.1,22.8,True,24.450000000000003,GHCN-Daily,76.01,0.0,11.010000000000005
2022-08-23,29.4,21.7,True,25.549999999999997,GHCN-Daily,77.99,0.0,12.989999999999995
2022-08-24,32.8,21.7,True,27.25,GHCN-Daily,81.05000000000001,0.0,16.05000000000001
2022-08-25,33.3,20.6,True,26.95,GHCN-Daily,80.50999999999999,0.0,15.509999999999991
2022-08-26,30.0,22.2,True,26.1,GHCN-Daily,78.98,0.0,13.980000000000004
2022-08-27,32.8,22.8,True,27.799999999999997,GHCN-Daily,82.03999999999999,0.0,17.039999999999992
2022-08-28,28.3,22.8,True,25.55,GHCN-Daily,77.99000000000001,0.0,12.990000000000009
2022-08-29,29.4,23.3,True,26.35,GHCN-Daily,79.43,0.0,14.430000000000007
2022-08-30,30.0,22.8,True,26.4,GHCN-Daily,79.52,0.0,14.519999999999996
2022-08-31,31.1,22.2,True,26.65,GHCN-Daily,79.97,0.0,14.969999999999999
2022-09-01,31.7,20.6,True,26.15,GHCN-Daily,79.07,0.0,14.069999999999993
2022-09-02,25.0,16.7,True,20.85,GHCN-Daily,69.53,0.0,4.530000000000001
2022-09-03,26.1,16.7,True,21.4,GHCN-Daily,70.52,0.0,5.519999999999996
2022-09-04,30.0,22.2,True,26.1,GHCN-Daily,78.98,0.0,13.980000000000004
2022-09-05,28.9,22.2,True,25.549999999999997,GHCN-Daily,77.99,0.0,12.989999999999995
2022-09-06,23.9,19.4,True,21.65,GHCN-Daily,70.97,0.0,5.969999999999999
2022-09-07,23.9,18.9,True,21.4,GHCN-Daily,70.52,0.0,5.519999999999996
2022-09-08,26.7,18.3,True,22.5,GHCN-Daily,72.5,0.0,7.5
2022-09-09,26.1,15.6,True,20.85,GHCN-Daily,69.53,0.0,4.530000000000001
2022-09-10,27.8,18.3,True,23.05,GHCN-Daily,73.49000000000001,0.0,8.490000000000009
2022-09-11,24.4,20.0,True,22.2,GHCN-Daily,71.96000000000001,0.0,6.960000000000008
2022-09-12,26.1,20.0,True,23.05,GHCN-Daily,73.49000000000001,0.0,8.490000000000009
2022-09-13,31.1,20.6,True,25.85,GHCN-Daily,78.53,0.0,13.530000000000001
2022-09-14,28.9,18.3,True,23.6,GHCN-Daily,74.48,0.0,9.480000000000004
2022-09-15,24.4,16.1,True,20.25,GHCN-Daily,68.45,0.0,3.450000000000003
2022-09-16,25.6,13.3,True,19.450000000000003,GHCN-Daily,67.01,0.0,2.010000000000005
2022-09-17,23.3,18.3,True,20.8,GHCN-Daily,69.44,0.0,4.439999999999998
2022-09-18,28.9,19.4,True,24.15,GHCN-Daily,75.47,0.0,10.469999999999999
2022-09-19,29.4,20.6,True,25.0,GHCN-Daily,77.0,0.0,12.0
2022-09-20,28.3,20.6,True,24.450000000000003,GHCN-Daily,76.01,0.0,11.010000000000005
2022-09-21,25.6,16.7,True,21.15,GHCN-Daily,70.07,0.0,5.069999999999993
2022-09-22,27.2,14.4,True,20.8,GHCN-Daily,69.44,0.0,4.439999999999998
2022-09-23,19.4,10.6,True,15.0,GHCN-Daily,59.0,6.0,0.0
2022-09-24,22.2,9.4,True,15.8,GHCN-Daily,60.44,4.560000000000002,0.0
2022-09-25,24.4,16.1,True,20.25,GHCN-Daily,68.45,0.0,3.450000000000003
2022-09-26,23.9,15.0,True,19.45,GHCN-Daily,67.00999999999999,0.0,2.009999999999991
2022-09-27,22.2,15.6,True,18.9,GHCN-Daily,66.02,0.0,1.019999999999996
2022-09-28,22.8,12.2,True,17.5,GHCN-Daily,63.5,1.5,0.0
2022-09-29,20.0,13.3,True,16.65,GHCN-Daily,61.97,3.030000000000001,0.0
2022-09-30,17.8,12.2,True,15.0,GHCN-Daily,59.0,6.0,0.0
2022-10-01,15.6,11.7,True,13.649999999999999,GHCN-Daily,56.56999999999999,8.430000000000007,0.0
2022-10-02,15.6,10.0,True,12.8,GHCN-Daily,55.040000000000006,9.959999999999994,0.0
2022-10-03,11.1,9.4,True,10.25,GHCN-Daily,50.45,14.549999999999997,0.0
2022-10-04,13.3,8.3,True,10.8,GHCN-Daily,51.44,13.560000000000002,0.0
2022-10-05,15.6,12.8,True,14.2,GHCN-Daily,57.56,7.439999999999998,0.0
2022-10-06,24.4,11.1,True,17.75,GHCN-Daily,63.95,1.0499999999999972,0.0
2022-10-07,24.4,13.3,True,18.85,GHCN-Daily,65.93,0.0,0.9300000000000068
2022-10-08,16.1,7.8,True,11.950000000000001,GHCN-Daily,53.510000000000005,11.489999999999995,0.0
2022-10-09,17.8,7.2,True,12.5,GHCN-Daily,54.5,10.5,0.0
2022-10-10,20.0,8.9,True,14.45,GHCN-Daily,58.01,6.990000000000002,0.0
2022-10-11,22.8,10.6,True,16.7,GHCN-Daily,62.06,2.9399999999999977,0.0
2022-10-12,20.0,11.1,True,15.55,GHCN-Daily,59.99,5.009999999999998,0.0
2022-10-13,20.0,12.8,True,16.4,GHCN-Daily,61.519999999999996,3.480000000000004,0.0
2022-10-14,20.6,10.6,True,15.600000000000001,GHCN-Daily,60.08,4.920000000000002,0.0
2022-10-15,20.0,8.3,True,14.15,GHCN-Daily,57.47,7.530000000000001,0.0
2022-10-16,18.9,11.1,True,15.0,GHCN-Daily,59.0,6.0,0.0
2022-10-17,19.4,12.2,True,15.799999999999999,GHCN-Daily,60.44,4.560000000000002,0.0
2022-10-18,14.4,8.9,True,11.65,GHCN-Daily,52.97,12.030000000000001,0.0
2022-10-19,13.3,6.1,True,9.7,GHCN-Daily,49.46,15.54,0.0
2022-10-20,16.1,6.7,True,11.4,GHCN-Daily,52.519999999999996,12.480000000000004,0.0
2022-10-21,17.8,6.1,True,11.95,GHCN-Daily,53.51,11.490000000000002,0.0
2022-10-22,18.3,6.1,True,12.2,GHCN-Daily,53.96,11.04,0.0
2022-10-23,16.1,12.8,True,14.450000000000001,GHCN-Daily,58.010000000000005,6.989999999999995,0.0
2022-10-24,17.8,12.8,True,15.3,GHCN-Daily,59.540000000000006,5.459999999999994,0.0
2022-10-25,22.8,16.7,True,19.75,GHCN-Daily,67.55000000000001,0.0,2.5500000000000114
2022-10-26,21.7,15.6,True,18.65,GHCN-Daily,65.57,0.0,0.5699999999999932
2022-10-27,19.4,10.6,True,15.0,GHCN-Daily,59.0,6.0,0.0
2022-10-28,15.0,7.8,True,11.4,GHCN-Daily,52.519999999999996,12.480000000000004,0.0
2022-10-29,16.1,5.6,True,10.850000000000001,GHCN-Daily,51.53,13.469999999999999,0.0
2022-10-30,16.7,3.3,True,10.0,GHCN-Daily,50.0,15.0,0.0
2022-10-31,17.8,9.4,True,13.600000000000001,GHCN-Daily,56.480000000000004,8.519999999999996,0.0
2022-11-01,21.1,15.0,True,18.05,GHCN-Daily,64.49000000000001,0.5099999999999909,0.0
2022-11-02,22.2,10.0,True,16.1,GHCN-Daily,60.980000000000004,4.019999999999996,0.0
2022-11-03,18.9,7.8,True,13.35,GHCN-Daily,56.03,8.969999999999999,0.0
2022-11-04,20.0,8.3,True,14.15,GHCN-Daily,57.47,7.530000000000001,0.0
2022-11-05,22.8,15.6,True,19.2,GHCN-Daily,66.56,0.0,1.5600000000000023
2022-11-06,21.1,17.8,True,19.450000000000003,GHCN-Daily,67.01,0.0,2.010000000000005
2022-11-07,26.7,12.8,True,19.75,GHCN-Daily,67.55000000000001,0.0,2.5500000000000114
2022-11-08,15.6,7.8,True,11.7,GHCN-Daily,53.06,11.939999999999998,0.0
2022-11-09,11.7,3.9,True,7.8,GHCN-Daily,46.04,18.96,0.0
2022-11-10,17.8,5.6,True,11.7,GHCN-Daily,53.06,11.939999999999998,0.0
2022-11-11,20.0,13.3,True,16.65,GHCN-Daily,61.97,3.030000000000001,0.0
2022-11-12,22.2,15.6,True,18.9,GHCN-Daily,66.02,0.0,1.019999999999996
2022-11-13,16.1,5.6,True,10.850000000000001,GHCN-Daily,51.53,13.469999999999999,0.0
2022-11-14,8.3,1.7,True,5.0,GHCN-Daily,41.0,24.0,0.0
2022-11-15,7.8,0.6,True,4.2,GHCN-Daily,39.56,25.439999999999998,0.0
2022-11-16,11.7,5.0,True,8.35,GHCN-Daily,47.03,17.97,0.0
2022-11-17,8.3,3.3,True,5.800000000000001,GHCN-Daily,42.44,22.560000000000002,0.0
2022-11-18,7.8,1.7,True,4.75,GHCN-Daily,40.55,24.450000000000003,0.0
2022-11-19,5.0,0.0,True,2.5,GHCN-Daily,36.5,28.5,0.0
2022-11-20,6.7,-1.0,True,2.85,GHCN-Daily,37.13,27.869999999999997,0.0
2022-11-21,5.6,-2.1,True,1.7499999999999998,GHCN-Daily,35.15,29.85,0.0
2022-11-22,10.0,2.8,True,6.4,GHCN-Daily,43.52,21.479999999999997,0.0
2022-11-23,13.9,1.1,True,7.5,GHCN-Daily,45.5,19.5,0.0
2022-11-24,11.7,0.6,True,6.1499999999999995,GHCN-Daily,43.07,21.93,0.0
2022-11-25,12.8,6.7,True,9.75,GHCN-Daily,49.55,15.450000000000003,0.0
2022-11-26,13.9,6.1,True,10.0,GHCN-Daily,50.0,15.0,0.0
2022-11-27,15.6,5.6,True,10.6,GHCN-Daily,51.08,13.920000000000002,0.0
2022-11-28,13.3,5.0,True,9.15,GHCN-Daily,48.47,16.53,0.0
2022-11-29,6.7,1.1,True,3.9000000000000004,GHCN-Daily,39.02,25.979999999999997,0.0
2022-11-30,14.4,1.7,True,8.05,GHCN-Daily,46.49,18.509999999999998,0.0
2022-12-01,6.7,1.7,True,4.2,GHCN-Daily,39.56,25.439999999999998,0.0
2022-12-02,7.2,-0.5,True,3.35,GHCN-Daily,38.03,26.97,0.0
2022-12-03,13.9,6.7,True,10.3,GHCN-Daily,50.540000000000006,14.459999999999994,0.0
2022-12-04,8.3,2.8,True,5.550000000000001,GHCN-Daily,41.99,23.009999999999998,0.0
2022-12-05,8.3,-1.0,True,3.6500000000000004,GHCN-Daily,38.57,26.43,0.0
2022-12-06,13.9,2.2,True,8.05,GHCN-Daily,46.49,18.509999999999998,0.0
2022-12-07,13.9,12.2,True,13.05,GHCN-Daily,55.49,9.509999999999998,0.0
2022-12-08,12.8,5.6,True,9.2,GHCN-Daily,48.56,16.439999999999998,0.0
2022-12-09,8.3,1.1,True,4.7,GHCN-Daily,40.46,24.54,0.0
2022-12-10,3.9,0.0,True,1.95,GHCN-Daily,35.51,29.490000000000002,0.0
2022-12-11,5.0,0.6,True,2.8,GHCN-Daily,37.04,27.96,0.0
2022-12-12,4.4,-1.6,True,1.4000000000000001,GHCN-Daily,34.52,30.479999999999997,0.0
2022-12-13,5.6,-2.7,True,1.4499999999999997,GHCN-Daily,34.61,30.39,0.0
2022-12-14,4.4,-1.0,True,1.7000000000000002,GHCN-Daily,35.06,29.939999999999998,0.0
2022-12-15,6.1,0.0,True,3.05,GHCN-Daily,37.49,27.509999999999998,0.0
2022-12-16,8.3,3.3,True,5.800000000000001,GHCN-Daily,42.44,22.560000000000002,0.0
2022-12-17,8.3,2.2,True,5.25,GHCN-Daily,41.45,23.549999999999997,0.0
2022-12-18,5.0,0.6,True,2.8,GHCN-Daily,37.04,27.96,0.0
2022-12-19,4.4,-0.5,True,1.9500000000000002,GHCN-Daily,35.51,29.490000000000002,0.0
2022-12-20,4.4,-1.0,True,1.7000000000000002,GHCN-Daily,35.06,29.939999999999998,0.0
2022-12-21,5.0,-3.8,True,0.6000000000000001,GHCN-Daily,33.08,31.92,0.0
2022-12-22,11.7,-2.1,True,4.8,GHCN-Daily,40.64,24.36,0.0
2022-12-23,13.3,-12.7,True,0.3000000000000007,GHCN-Daily,32.54,32.46,0.0
2022-12-24,-8.8,-13.8,True,-11.3,GHCN-Daily,11.659999999999997,53.34,0.0
2022-12-25,-2.1,-9.9,True,-6.0,GHCN-Daily,21.2,43.8,0.0
2022-12-26,-1.6,-7.7,True,-4.65,GHCN-Daily,23.63,41.370000000000005,0.0
2022-12-27,1.7,-2.1,True,-0.20000000000000007,GHCN-Daily,31.64,33.36,0.0
2022-12-28,7.2,-2.7,True,2.25,GHCN-Daily,36.05,28.950000000000003,0.0
2022-12-29,7.8,0.0,True,3.9,GHCN-Daily,39.019999999999996,25.980000000000004,0.0
2022-12-30,10.6,1.1,True,5.85,GHCN-Daily,42.53,22.47,0.0
2022-12-31,10.6,5.0,True,7.8,GHCN-Daily,46.04,18.96,0.0
2023-01-01,13.3,5.6,True,9.45,GHCN-Daily,49.01,15.990000000000002,0.0
2023-01-02,12.8,3.9,True,8.35,GHCN-Daily,47.03,17.97,0.0
2023-01-03,10.0,7.8,True,8.9,GHCN-Daily,48.019999999999996,16.980000000000004,0.0
2023-01-04,16.1,7.2,True,11.65,GHCN-Daily,52.97,12.030000000000001,0.0
2023-01-05,10.6,7.2,True,8.9,GHCN-Daily,48.019999999999996,16.980000000000004,0.0
2023-01-06,8.3,3.9,True,6.1000000000000005,GHCN-Daily,42.980000000000004,22.019999999999996,0.0
2023-01-07,8.3,2.2,True,5.25,GHCN-Daily,41.45,23.549999999999997,0.0
2023-01-08,5.0,0.0,True,2.5,GHCN-Daily,36.5,28.5,0.0
2023-01-09,7.8,2.8,True,5.3,GHCN-Daily,41.54,23.46,0.0
2023-01-10,5.0,1.7,True,3.35,GHCN-Daily,38.03,26.97,0.0
2023-01-11,4.4,0.0,True,2.2,GHCN-Daily,35.96,29.04,0.0
2023-01-12,11.7,2.2,True,6.949999999999999,GHCN-Daily,44.51,20.490000000000002,0.0
2023-01-13,11.1,3.3,True,7.199999999999999,GHCN-Daily,44.96,20.04,0.0
2023-01-14,3.3,-1.0,True,1.15,GHCN-Daily,34.07,30.93,0.0
2023-01-15,3.9,-1.6,True,1.15,GHCN-Daily,34.07,30.93,0.0
2023-01-16,8.9,-1.6,True,3.6500000000000004,GHCN-Daily,38.57,26.43,0.0
2023-01-17,7.2,-0.5,True,3.35,GHCN-Daily,38.03,26.97,0.0
2023-01-18,13.3,2.8,True,8.05,GHCN-Daily,46.49,18.509999999999998,0.0
2023-01-19,7.2,2.8,True,5.0,GHCN-Daily,41.0,24.0,0.0
2023-01-20,10.0,3.9,True,6.95,GHCN-Daily,44.51,20.490000000000002,0.0
2023-01-21,6.1,2.2,True,4.15,GHCN-Daily,39.47,25.53,0.0
2023-01-22,4.4,2.2,True,3.3000000000000003,GHCN-Daily,37.94,27.060000000000002,0.0
2023-01-23,3.9,1.7,True,2.8,GHCN-Daily,37.04,27.96,0.0
2023-01-24,8.9,1.7,True,5.3,GHCN-Daily,41.54,23.46,0.0
2023-01-25,11.1,-0.5,True,5.3,GHCN-Daily,41.54,23.46,0.0
2023-01-26,11.1,4.4,True,7.75,GHCN-Daily,45.95,19.049999999999997,0.0
2023-01-27,6.1,0.0,True,3.05,GHCN-Daily,37.49,27.509999999999998,0.0
2023-01-28,11.7,0.6,True,6.1499999999999995,GHCN-Daily,43.07,21.93,0.0
2023-01-29,8.3,1.7,True,5.0,GHCN-Daily,41.0,24.0,0.0
2023-01-30,11.1,2.2,True,6.65,GHCN-Daily,43.97,21.03,0.0
2023-01-31,7.2,-0.5,True,3.35,GHCN-Daily,38.03,26.97,0.0
2023-02-01,3.3,-3.2,True,0.04999999999999982,GHCN-Daily,32.089999999999996,32.910000000000004,0.0
2023-02-02,3.9,-4.3,True,-0.19999999999999996,GHCN-Daily,31.64,33.36,0.0
2023-02-03,1.7,-11.6,True,-4.95,GHCN-Daily,23.09,41.91,0.0
2023-02-04,-2.7,-15.5,True,-9.1,GHCN-Daily,15.620000000000001,49.379999999999995,0.0
2023-02-05,6.7,-2.7,True,2.0,GHCN-Daily,35.6,29.4,0.0
2023-02-06,11.7,0.0,True,5.85,GHCN-Daily,42.53,22.47,0.0
2023-02-07,5.0,-2.1,True,1.45,GHCN-Daily,34.61,30.39,0.0
2023-02-08,12.2,1.1,True,6.6499999999999995,GHCN-Daily,43.97,21.03,0.0
2023-02-09,10.0,-1.0,True,4.5,GHCN-Daily,40.1,24.9,0.0
2023-02-10,15.6,5.0,True,10.3,GHCN-Daily,50.540000000000006,14.459999999999994,0.0
2023-02-11,8.3,1.7,True,5.0,GHCN-Daily,41.0,24.0,0.0
2023-02-12,7.2,-0.5,True,3.35,GHCN-Daily,38.03,26.97,0.0
2023-02-13,13.3,3.3,True,8.3,GHCN-Daily,46.94,18.060000000000002,0.0
2023-02-14,11.7,5.0,True,8.35,GHCN-Daily,47.03,17.97,0.0
2023-02-15,12.8,5.0,True,8.9,GHCN-Daily,48.019999999999996,16.980000000000004,0.0
2023-02-16,17.8,6.1,True,11.95,GHCN-Daily,53.51,11.490000000000002,0.0
2023-02-17,13.3,-0.5,True,6.4,GHCN-Daily,43.52,21.479999999999997,0.0
2023-02-18,5.6,-2.1,True,1.7499999999999998,GHCN-Daily,35.15,29.85,0.0
2023-02-19,7.8,0.0,True,3.9,GHCN-Daily,39.019999999999996,25.980000000000004,0.0
2023-02-20,16.1,4.4,True,10.25,GHCN-Daily,50.45,14.549999999999997,0.0
2023-02-21,9.4,2.2,True,5.800000000000001,GHCN-Daily,42.44,22.560000000000002,0.0
2023-02-22,6.7,1.7,True,4.2,GHCN-Daily,39.56,25.439999999999998,0.0
2023-02-23,6.7,3.3,True,5.0,GHCN-Daily,41.0,24.0,0.0
2023-02-24,8.9,-3.8,True,2.5500000000000003,GHCN-Daily,36.59,28.409999999999997,0.0
2023-02-25,0.6,-5.5,True,-2.45,GHCN-Daily,27.59,37.41,0.0
2023-02-26,10.0,-4.9,True,2.55,GHCN-Daily,36.59,28.409999999999997,0.0
2023-02-27,6.1,-0.5,True,2.8,GHCN-Daily,37.04,27.96,0.0
2023-02-28,3.3,0.0,True,1.65,GHCN-Daily,34.97,30.03,0.0
2023-03-01,6.1,-1.6,True,2.25,GHCN-Daily,36.05,28.950000000000003,0.0
2023-03-02,12.8,3.9,True,8.35,GHCN-Daily,47.03,17.97,0.0
2023-03-03,7.2,0.0,True,3.6,GHCN-Daily,38.480000000000004,26.519999999999996,0.0
2023-03-04,7.8,3.9,True,5.85,GHCN-Daily,42.53,22.47,0.0
2023-03-05,13.3,2.2,True,7.75,GHCN-Daily,45.95,19.049999999999997,0.0
2023-03-06,12.2,3.9,True,8.049999999999999,GHCN-Daily,46.489999999999995,18.510000000000005,0.0
2023-03-07,8.9,0.0,True,4.45,GHCN-Daily,40.01,24.990000000000002,0.0
2023-03-08,8.3,-1.0,True,3.6500000000000004,GHCN-Daily,38.57,26.43,0.0
2023-03-09,10.6,0.6,True,5.6,GHCN-Daily,42.08,22.92,0.0
2023-03-10,7.2,0.6,True,3.9,GHCN-Daily,39.019999999999996,25.980000000000004,0.0
2023-03-11,6.7,1.7,True,4.2,GHCN-Daily,39.56,25.439999999999998,0.0
2023-03-12,7.8,0.0,True,3.9,GHCN-Daily,39.019999999999996,25.980000000000004,0.0
2023-03-13,6.1,3.3,True,4.699999999999999,GHCN-Daily,40.46,24.54,0.0
2023-03-14,3.9,0.6,True,2.25,GHCN-Daily,36.05,28.950000000000003,0.0
2023-03-15,8.3,1.1,True,4.7,GHCN-Daily,40.46,24.54,0.0
2023-03-16,12.8,0.0,True,6.4,GHCN-Daily,43.52,21.479999999999997,0.0
2023-03-17,13.3,3.9,True,8.6,GHCN-Daily,47.480000000000004,17.519999999999996,0.0
2023-03-18,11.1,5.0,True,8.05,GHCN-Daily,46.49,18.509999999999998,0.0
2023-03-19,5.0,-1.0,True,2.0,GHCN-Daily,35.6,29.4,0.0
2023-03-20,6.7,-0.5,True,3.1,GHCN-Daily,37.58,27.42,0.0
2023-03-21,14.4,0.0,True,7.2,GHCN-Daily,44.96,20.04,0.0
2023-03-22,12.8,2.2,True,7.5,GHCN-Daily,45.5,19.5,0.0
2023-03-23,15.0,6.1,True,10.55,GHCN-Daily,50.99,14.009999999999998,0.0
2023-03-24,13.9,5.0,True,9.45,GHCN-Daily,49.01,15.990000000000002,0.0
2023-03-25,7.2,3.9,True,5.55,GHCN-Daily,41.99,23.009999999999998,0.0
2023-03-26,16.7,6.1,True,11.399999999999999,GHCN-Daily,52.519999999999996,12.480000000000004,0.0
2023-03-27,13.9,3.9,True,8.9,GHCN-Daily,48.019999999999996,16.980000000000004,0.0
2023-03-28,11.1,3.9,True,7.5,GHCN-Daily,45.5,19.5,0.0
2023-03-29,10.6,2.2,True,6.4,GHCN-Daily,43.52,21.479999999999997,0.0
2023-03-30,7.8,-0.5,True,3.65,GHCN-Daily,38.57,26.43,0.0
2023-03-31,11.7,-1.6,True,5.05,GHCN-Daily,41.09,23.909999999999997,0.0
2023-04-01,16.1,9.4,True,12.75,GHCN-Daily,54.95,10.049999999999997,0.0
2023-04-02,11.1,2.8,True,6.949999999999999,GHCN-Daily,44.51,20.490000000000002,0.0
2023-04-03,11.7,0.6,True,6.1499999999999995,GHCN-Daily,43.07,21.93,0.0
2023-04-04,17.8,6.1,True,11.95,GHCN-Daily,53.51,11.490000000000002,0.0
2023-04-05,12.2,8.9,True,10.55,GHCN-Daily,50.99,14.009999999999998,0.0
2023-04-06,23.3,8.9,True,16.1,GHCN-Daily,60.980000000000004,4.019999999999996,0.0
2023-04-07,14.4,6.1,True,10.25,GHCN-Daily,50.45,14.549999999999997,0.0
2023-04-08,10.6,3.3,True,6.949999999999999,GHCN-Daily,44.51,20.490000000000002,0.0
2023-04-09,10.6,3.3,True,6.949999999999999,GHCN-Daily,44.51,20.490000000000002,0.0
2023-04-10,14.4,3.3,True,8.85,GHCN-Daily,47.93,17.07,0.0
2023-04-11,22.8,7.2,True,15.0,GHCN-Daily,59.0,6.0,0.0
2023-04-12,28.9,13.3,True,21.1,GHCN-Daily,69.98,0.0,4.980000000000004
2023-04-13,29.4,11.7,True,20.549999999999997,GHCN-Daily,68.99,0.0,3.989999999999995
2023-04-14,27.8,12.8,True,20.3,GHCN-Daily,68.53999999999999,0.0,3.539999999999992
2023-04-15,18.3,12.2,True,15.25,GHCN-Daily,59.45,5.549999999999997,0.0
2023-04-16,18.9,11.1,True,15.0,GHCN-Daily,59.0,6.0,0.0
2023-04-17,19.4,11.7,True,15.549999999999999,GHCN-Daily,59.989999999999995,5.010000000000005,0.0
2023-04-18,14.4,7.2,True,10.8,GHCN-Daily,51.44,13.560000000000002,0.0
2023-04-19,17.8,6.1,True,11.95,GHCN-Daily,53.51,11.490000000000002,0.0
2023-04-20,15.0,6.1,True,10.55,GHCN-Daily,50.99,14.009999999999998,0.0
2023-04-21,18.9,8.3,True,13.6,GHCN-Daily,56.480000000000004,8.519999999999996,0.0
2023-04-22,18.3,11.7,True,15.0,GHCN-Daily,59.0,6.0,0.0
2023-04-23,20.6,10.6,True,15.600000000000001,GHCN-Daily,60.08,4.920000000000002,0.0
2023-04-24,15.0,6.7,True,10.85,GHCN-Daily,51.53,13.469999999999999,0.0
2023-04-25,14.4,7.2,True,10.8,GHCN-Daily,51.44,13.560000000000002,0.0
2023-04-26,13.3,5.6,True,9.45,GHCN-Daily,49.01,15.990000000000002,0.0
2023-04-27,13.9,8.9,True,11.4,GHCN-Daily,52.519999999999996,12.480000000000004,0.0
2023-04-28,12.2,7.8,True,10.0,GHCN-Daily,50.0,15.0,0.0
2023-04-29,11.1,8.9,True,10.0,GHCN-Daily,50.0,15.0,0.0
2023-04-30,15.0,10.0,True,12.5,GHCN-Daily,54.5,10.5,0.0
2023-05-01,16.7,9.4,True,13.05,GHCN-Daily,55.49,9.509999999999998,0.0
2023-05-02,13.9,7.8,True,10.85,GHCN-Daily,51.53,13.469999999999999,0.0
2023-05-03,13.3,8.3,True,10.8,GHCN-Daily,51.44,13.560000000000002,0.0
2023-05-04,13.3,8.3,True,10.8,GHCN-Daily,51.44,13.560000000000002,0.0
2023-05-05,16.1,6.7,True,11.4,GHCN-Daily,52.519999999999996,12.480000000000004,0.0
2023-05-06,22.2,8.9,True,15.55,GHCN-Daily,59.99,5.009999999999998,0.0
2023-05-07,22.8,11.7,True,17.25,GHCN-Daily,63.05,1.9500000000000028,0.0
2023-05-08,25.6,13.9,True,19.75,GHCN-Daily,67.55000000000001,0.0,2.5500000000000114
2023-05-09,17.2,10.0,True,13.6,GHCN-Daily,56.480000000000004,8.519999999999996,0.0
2023-05-10,18.9,6.7,True,12.799999999999999,GHCN-Daily,55.04,9.96,0.0
2023-05-11,23.9,10.6,True,17.25,GHCN-Daily,63.05,1.9500000000000028,0.0
2023-05-12,28.3,13.3,True,20.8,GHCN-Daily,69.44,0.0,4.439999999999998
2023-05-13,26.7,17.8,True,22.25,GHCN-Daily,72.05000000000001,0.0,7.050000000000011
2023-05-14,20.6,13.3,True,16.950000000000003,GHCN-Daily,62.510000000000005,2.489999999999995,0.0
2023-05-15,22.2,10.6,True,16.4,GHCN-Daily,61.519999999999996,3.480000000000004,0.0
2023-05-16,25.6,13.3,True,19.450000000000003,GHCN-Daily,67.01,0.0,2.010000000000005
2023-05-17,20.0,9.4,True,14.7,GHCN-Daily,58.46,6.539999999999999,0.0
2023-05-18,13.9,5.6,True,9.75,GHCN-Daily,49.55,15.450000000000003,0.0
2023-05-19,18.9,10.6,True,14.75,GHCN-Daily,58.55,6.450000000000003,0.0
2023-05-20,17.2,13.9,True,15.55,GHCN-Daily,59.99,5.009999999999998,0.0
2023-05-21,22.2,13.3,True,17.75,GHCN-Daily,63.95,1.0499999999999972,0.0
2023-05-22,23.3,12.2,True,17.75,GHCN-Daily,63.95,1.0499999999999972,0.0
2023-05-23,18.3,11.1,True,14.7,GHCN-Daily,58.46,6.539999999999999,0.0
2023-05-24,20.6,9.4,True,15.0,GHCN-Daily,59.0,6.0,0.0
2023-05-25,20.0,9.4,True,14.7,GHCN-Daily,58.46,6.539999999999999,0.0
2023-05-26,22.8,10.6,True,16.7,GHCN-Daily,62.06,2.9399999999999977,0.0
2023-05-27,22.8,10.0,True,16.4,GHCN-Daily,61.519999999999996,3.480000000000004,0.0
2023-05-28,21.7,12.8,True,17.25,GHCN-Daily,63.05,1.9500000000000028,0.0
2023-05-29,23.9,13.3,True,18.6,GHCN-Daily,65.48,0.0,0.480000000000004
2023-05-30,18.9,10.0,True,14.45,GHCN-Daily,58.01,6.990000000000002,0.0
2023-05-31,21.1,8.9,True,15.0,GHCN-Daily,59.0,6.0,0.0
2023-06-01,24.4,13.9,True,19.15,GHCN-Daily,66.47,0.0,1.4699999999999989
2023-06-02,26.1,15.6,True,20.85,GHCN-Daily,69.53,0.0,4.530000000000001
2023-06-03,21.1,12.2,True,16.65,GHCN-Daily,61.97,3.030000000000001,0.0
2023-06-04,21.1,9.4,True,15.25,GHCN-Daily,59.45,5.549999999999997,0.0
2023-06-05,25.0,10.0,True,17.5,GHCN-Daily,63.5,1.5,0.0
2023-06-06,25.0,15.0,True,20.0,GHCN-Daily,68.0,0.0,3.0
2023-06-07,22.2,13.3,True,17.75,GHCN-Daily,63.95,1.0499999999999972,0.0
2023-06-08,21.7,10.6,True,16.15,GHCN-Daily,61.06999999999999,3.930000000000007,0.0
2023-06-09,22.2,14.4,True,18.3,GHCN-Daily,64.94,0.060000000000002274,0.0
2023-06-10,26.7,13.3,True,20.0,GHCN-Daily,68.0,0.0,3.0
2023-06-11,24.4,16.7,True,20.549999999999997,GHCN-Daily,68.99,0.0,3.989999999999995
2023-06-12,24.4,18.3,True,21.35,GHCN-Daily,70.43,0.0,5.430000000000007
2023-06-13,26.7,17.8,True,22.25,GHCN-Daily,72.05000000000001,0.0,7.050000000000011
2023-06-14,22.2,16.1,True,19.15,GHCN-Daily,66.47,0.0,1.4699999999999989
2023-06-15,26.7,16.1,True,21.4,GHCN-Daily,70.52,0.0,5.519999999999996
2023-06-16,25.6,16.1,True,20.85,GHCN-Daily,69.53,0.0,4.530000000000001
2023-06-17,27.2,15.6,True,21.4,GHCN-Daily,70.52,0.0,5.519999999999996
2023-06-18,27.8,17.8,True,22.8,GHCN-Daily,73.03999999999999,0.0,8.039999999999992
2023-06-19,25.0,17.2,True,21.1,GHCN-Daily,69.98,0.0,4.980000000000004
2023-06-20,23.9,16.1,True,20.0,GHCN-Daily,68.0,0.0,3.0
2023-06-21,22.2,15.6,True,18.9,GHCN-Daily,66.02,0.0,1.019999999999996
2023-06-22,22.8,14.4,True,18.6,GHCN-Daily,65.48,0.0,0.480000000000004
2023-06-23,21.1,17.2,True,19.15,GHCN-Daily,66.47,0.0,1.4699999999999989
2023-06-24,24.4,18.9,True,21.65,GHCN-Daily,70.97,0.0,5.969999999999999
2023-06-25,28.3,18.3,True,23.3,GHCN-Daily,73.94,0.0,8.939999999999998
2023-06-26,27.2,20.0,True,23.6,GHCN-Daily,74.48,0.0,9.480000000000004
2023-06-27,25.6,18.9,True,22.25,GHCN-Daily,72.05000000000001,0.0,7.050000000000011
2023-06-28,28.3,19.4,True,23.85,GHCN-Daily,74.93,0.0,9.930000000000007
2023-06-29,27.8,18.3,True,23.05,GHCN-Daily,73.49000000000001,0.0,8.490000000000009
2023-06-30,28.3,19.4,True,23.85,GHCN-Daily,74.93,0.0,9.930000000000007
2023-07-01,26.7,18.3,True,22.5,GHCN-Daily,72.5,0.0,7.5
2023-07-02,28.9,20.6,True,24.75,GHCN-Daily,76.55000000000001,0.0,11.550000000000011
2023-07-03,30.6,22.8,True,26.700000000000003,GHCN-Daily,80.06,0.0,15.060000000000002
2023-07-04,27.8,22.2,True,25.0,GHCN-Daily,77.0,0.0,12.0
2023-07-05,31.1,21.1,True,26.1,GHCN-Daily,78.98,0.0,13.980000000000004
2023-07-06,28.9,21.7,True,25.299999999999997,GHCN-Daily,77.53999999999999,0.0,12.539999999999992
2023-07-07,28.9,23.3,True,26.1,GHCN-Daily,78.98,0.0,13.980000000000004
2023-07-08,28.9,22.8,True,25.85,GHCN-Daily,78.53,0.0,13.530000000000001
2023-07-09,27.2,23.3,True,25.25,GHCN-Daily,77.45,0.0,12.450000000000003
2023-07-10,30.6,21.7,True,26.15,GHCN-Daily,79.07,0.0,14.069999999999993
2023-07-11,30.0,21.1,True,25.55,GHCN-Daily,77.99000000000001,0.0,12.990000000000009
2023-07-12,32.2,22.2,True,27.200000000000003,GHCN-Daily,80.96000000000001,0.0,15.960000000000008
2023-07-13,29.4,22.2,True,25.799999999999997,GHCN-Daily,78.44,0.0,13.439999999999998
2023-07-14,28.9,21.7,True,25.299999999999997,GHCN-Daily,77.53999999999999,0.0,12.539999999999992
2023-07-15,30.0,22.2,True,26.1,GHCN-Daily,78.98,0.0,13.980000000000004
2023-07-16,27.2,23.3,True,25.25,GHCN-Daily,77.45,0.0,12.450000000000003
2023-07-17,31.1,23.3,True,27.200000000000003,GHCN-Daily,80.96000000000001,0.0,15.960000000000008
2023-07-18,28.3,21.1,True,24.700000000000003,GHCN-Daily,76.46000000000001,0.0,11.460000000000008
2023-07-19,25.6,21.1,True,23.35,GHCN-Daily,74.03,0.0,9.030000000000001
2023-07-20,28.9,21.1,True,25.0,GHCN-Daily,77.0,0.0,12.0
2023-07-21,28.3,22.8,True,25.55,GHCN-Daily,77.99000000000001,0.0,12.990000000000009
2023-07-22,30.0,21.1,True,25.55,GHCN-Daily,77.99000000000001,0.0,12.990000000000009
2023-07-23,30.0,20.0,True,25.0,GHCN-Daily,77.0,0.0,12.0
2023-07-24,28.3,21.7,True,25.0,GHCN-Daily,77.0,0.0,12.0
2023-07-25,28.9,20.6,True,24.75,GHCN-Daily,76.55000000000001,0.0,11.550000000000011
2023-07-26,28.9,20.0,True,24.45,GHCN-Daily,76.00999999999999,0.0,11.009999999999991
2023-07-27,33.3,22.8,True,28.049999999999997,GHCN-Daily,82.49,0.0,17.489999999999995
2023-07-28,32.8,24.4,True,28.599999999999998,GHCN-Daily,83.47999999999999,0.0,18.47999999999999
2023-07-29,32.2,21.1,True,26.650000000000002,GHCN-Daily,79.97,0.0,14.969999999999999
2023-07-30,27.2,18.9,True,23.049999999999997,GHCN-Daily,73.49,0.0,8.489999999999995
2023-07-31,28.3,17.8,True,23.05,GHCN-Daily,73.49000000000001,0.0,8.490000000000009
2023-08-01,27.2,18.9,True,23.049999999999997,GHCN-Daily,73.49,0.0,8.489999999999995
2023-08-02,25.6,16.7,True,21.15,GHCN-Daily,70.07,0.0,5.069999999999993
2023-08-03,25.6,17.2,True,21.4,GHCN-Daily,70.52,0.0,5.519999999999996
2023-08-04,24.4,21.1,True,22.75,GHCN-Daily,72.95,0.0,7.950000000000003
2023-08-05,28.9,20.6,True,24.75,GHCN-Daily,76.55000000000001,0.0,11.550000000000011
2023-08-06,27.2,19.4,True,23.299999999999997,GHCN-Daily,73.94,0.0,8.939999999999998
2023-08-07,26.1,20.0,True,23.05,GHCN-Daily,73.49000000000001,0.0,8.490000000000009
2023-08-08,27.8,21.7,True,24.75,GHCN-Daily,76.55000000000001,0.0,11.550000000000011
2023-08-09,30.6,20.6,True,25.6,GHCN-Daily,78.08000000000001,0.0,13.080000000000013
2023-08-10,25.6,20.6,True,23.1,GHCN-Daily,73.58000000000001,0.0,8.580000000000013
2023-08-11,30.0,19.4,True,24.7,GHCN-Daily,76.46000000000001,0.0,11.460000000000008
2023-08-12,27.2,18.9,True,23.049999999999997,GHCN-Daily,73.49,0.0,8.489999999999995
2023-08-13,31.7,20.0,True,25.85,GHCN-Daily,78.53,0.0,13.530000000000001
2023-08-14,28.3,20.6,True,24.450000000000003,GHCN-Daily,76.01,0.0,11.010000000000005
2023-08-15,27.2,21.7,True,24.45,GHCN-Daily,76.00999999999999,0.0,11.009999999999991
2023-08-16,27.2,20.6,True,23.9,GHCN-Daily,75.02,0.0,10.019999999999996
2023-08-17,24.4,21.7,True,23.049999999999997,GHCN-Daily,73.49,0.0,8.489999999999995
2023-08-18,28.3,20.0,True,24.15,GHCN-Daily,75.47,0.0,10.469999999999999
2023-08-19,26.1,17.2,True,21.65,GHCN-Daily,70.97,0.0,5.969999999999999
2023-08-20,27.8,17.2,True,22.5,GHCN-Daily,72.5,0.0,7.5
2023-08-21,31.1,21.1,True,26.1,GHCN-Daily,78.98,0.0,13.980000000000004
2023-08-22,26.1,18.9,True,22.5,GHCN-Daily,72.5,0.0,7.5
2023-08-23,25.0,17.2,True,21.1,GHCN-Daily,69.98,0.0,4.980000000000004
2023-08-24,22.8,20.0,True,21.4,GHCN-Daily,70.52,0.0,5.519999999999996
2023-08-25,25.0,21.1,True,23.05,GHCN-Daily,73.49000000000001,0.0,8.490000000000009
2023-08-26,30.0,20.6,True,25.3,GHCN-Daily,77.53999999999999,0.0,12.539999999999992
2023-08-27,28.3,20.0,True,24.15,GHCN-Daily,75.47,0.0,10.469999999999999
2023-08-28,23.3,19.4,True,21.35,GHCN-Daily,70.43,0.0,5.430000000000007
2023-08-29,27.2,19.4,True,23.299999999999997,GHCN-Daily,73.94,0.0,8.939999999999998
2023-08-30,29.4,20.0,True,24.7,GHCN-Daily,76.46000000000001,0.0,11.460000000000008
2023-08-31,25.0,17.2,True,21.1,GHCN-Daily,69.98,0.0,4.980000000000004
2023-09-01,24.4,15.0,True,19.7,GHCN-Daily,67.46000000000001,0.0,2.460000000000008
2023-09-02,23.9,15.6,True,19.75,GHCN-Daily,67.55000000000001,0.0,2.5500000000000114
2023-09-03,32.2,18.3,True,25.25,GHCN-Daily,77.45,0.0,12.450000000000003
2023-09-04,31.7,21.1,True,26.4,GHCN-Daily,79.52,0.0,14.519999999999996
2023-09-05,33.9,23.3,True,28.6,GHCN-Daily,83.48,0.0,18.480000000000004
2023-09-06,33.9,23.3,True,28.6,GHCN-Daily,83.48,0.0,18.480000000000004
2023-09-07,33.3,22.8,True,28.049999999999997,GHCN-Daily,82.49,0.0,17.489999999999995
2023-09-08,30.0,22.8,True,26.4,GHCN-Daily,79.52,0.0,14.519999999999996
2023-09-09,28.9,22.8,True,25.85,GHCN-Daily,78.53,0.0,13.530000000000001
2023-09-10,26.7,20.6,True,23.65,GHCN-Daily,74.57,0.0,9.569999999999993
2023-09-11,27.8,21.1,True,24.450000000000003,GHCN-Daily,76.01,0.0,11.010000000000005
2023-09-12,27.2,20.6,True,23.9,GHCN-Daily,75.02,0.0,10.019999999999996
2023-09-13,26.1,21.1,True,23.6,GHCN-Daily,74.48,0.0,9.480000000000004
2023-09-14,26.7,17.2,True,21.95,GHCN-Daily,71.50999999999999,0.0,6.509999999999991
2023-09-15,21.7,14.4,True,18.05,GHCN-Daily,64.49000000000001,0.5099999999999909,0.0
2023-09-16,25.6,16.1,True,20.85,GHCN-Daily,69.53,0.0,4.530000000000001
2023-09-17,22.8,13.3,True,18.05,GHCN-Daily,64.49000000000001,0.5099999999999909,0.0
2023-09-18,21.7,16.7,True,19.2,GHCN-Daily,66.56,0.0,1.5600000000000023
2023-09-19,24.4,15.0,True,19.7,GHCN-Daily,67.46000000000001,0.0,2.460000000000008
2023-09-20,24.4,13.3,True,18.85,GHCN-Daily,65.93,0.0,0.9300000000000068
2023-09-21,23.3,13.9,True,18.6,GHCN-Daily,65.48,0.0,0.480000000000004
2023-09-22,22.8,13.9,True,18.35,GHCN-Daily,65.03,0.0,0.030000000000001137
2023-09-23,17.2,14.4,True,15.8,GHCN-Daily,60.44,4.560000000000002,0.0
2023-09-24,18.3,16.7,True,17.5,GHCN-Daily,63.5,1.5,0.0
2023-09-25,16.7,13.9,True,15.3,GHCN-Daily,59.540000000000006,5.459999999999994,0.0
2023-09-26,16.1,11.7,True,13.9,GHCN-Daily,57.019999999999996,7.980000000000004,0.0
2023-09-27,19.4,10.6,True,15.0,GHCN-Daily,59.0,6.0,0.0
2023-09-28,19.4,12.2,True,15.799999999999999,GHCN-Daily,60.44,4.560000000000002,0.0
2023-09-29,16.1,13.9,True,15.0,GHCN-Daily,59.0,6.0,0.0
2023-09-30,20.0,13.3,True,16.65,GHCN-Daily,61.97,3.030000000000001,0.0
2023-10-01,25.0,15.0,True,20.0,GHCN-Daily,68.0,0.0,3.0
2023-10-02,25.6,16.1,True,20.85,GHCN-Daily,69.53,0.0,4.530000000000001
2023-10-03,23.9,13.3,True,18.6,GHCN-Daily,65.48,0.0,0.480000000000004
2023-10-04,25.6,16.1,True,20.85,GHCN-Daily,69.53,0.0,4.530000000000001
2023-10-05,23.3,13.9,True,18.6,GHCN-Daily,65.48,0.0,0.480000000000004
2023-10-06,22.2,17.8,True,20.0,GHCN-Daily,68.0,0.0,3.0
2023-10-07,19.4,12.2,True,15.799999999999999,GHCN-Daily,60.44,4.560000000000002,0.0
2023-10-08,16.1,10.0,True,13.05,GHCN-Daily,55.49,9.509999999999998,0.0
2023-10-09,16.7,9.4,True,13.05,GHCN-Daily,55.49,9.509999999999998,0.0
2023-10-10,17.8,10.6,True,14.2,GHCN-Daily,57.56,7.439999999999998,0.0
2023-10-11,20.6,10.6,True,15.600000000000001,GHCN-Daily,60.08,4.920000000000002,0.0
2023-10-12,20.0,10.6,True,15.3,GHCN-Daily,59.540000000000006,5.459999999999994,0.0
2023-10-13,18.3,10.0,True,14.15,GHCN-Daily,57.47,7.530000000000001,0.0
2023-10-14,12.8,10.0,True,11.4,GHCN-Daily,52.519999999999996,12.480000000000004,0.0
2023-10-15,16.7,10.0,True,13.35,GHCN-Daily,56.03,8.969999999999999,0.0
2023-10-16,18.9,8.3,True,13.6,GHCN-Daily,56.480000000000004,8.519999999999996,0.0
2023-10-17,18.3,9.4,True,13.850000000000001,GHCN-Daily,56.93000000000001,8.069999999999993,0.0
2023-10-18,18.3,10.0,True,14.15,GHCN-Daily,57.47,7.530000000000001,0.0
2023-10-19,17.8,10.0,True,13.9,GHCN-Daily,57.019999999999996,7.980000000000004,0.0
2023-10-20,17.8,15.6,True,16.7,GHCN-Daily,62.06,2.9399999999999977,0.0
2023-10-21,18.9,13.9,True,16.4,GHCN-Daily,61.519999999999996,3.480000000000004,0.0
2023-10-22,16.1,8.3,True,12.200000000000001,GHCN-Daily,53.96,11.04,0.0
2023-10-23,16.7,6.7,True,11.7,GHCN-Daily,53.06,11.939999999999998,0.0
2023-10-24,17.2,6.1,True,11.649999999999999,GHCN-Daily,52.97,12.030000000000001,0.0
2023-10-25,21.1,9.4,True,15.25,GHCN-Daily,59.45,5.549999999999997,0.0
2023-10-26,23.3,11.1,True,17.2,GHCN-Daily,62.96,2.039999999999999,0.0
2023-10-27,21.7,12.8,True,17.25,GHCN-Daily,63.05,1.9500000000000028,0.0
2023-10-28,27.2,14.4,True,20.8,GHCN-Daily,69.44,0.0,4.439999999999998
2023-10-29,17.8,11.1,True,14.45,GHCN-Daily,58.01,6.990000000000002,0.0
2023-10-30,16.7,10.0,True,13.35,GHCN-Daily,56.03,8.969999999999999,0.0
2023-10-31,11.7,7.2,True,9.45,GHCN-Daily,49.01,15.990000000000002,0.0
2023-11-01,10.0,3.3,True,6.65,GHCN-Daily,43.97,21.03,0.0
2023-11-02,10.0,1.1,True,5.55,GHCN-Daily,41.99,23.009999999999998,0.0
2023-11-03,12.8,3.9,True,8.35,GHCN-Daily,47.03,17.97,0.0
2023-11-04,14.4,6.7,True,10.55,GHCN-Daily,50.99,14.009999999999998,0.0
2023-11-05,18.3,6.1,True,12.2,GHCN-Daily,53.96,11.04,0.0
2023-11-06,13.3,6.1,True,9.7,GHCN-Daily,49.46,15.54,0.0
2023-11-07,17.2,11.7,True,14.45,GHCN-Daily,58.01,6.990000000000002,0.0
2023-11-08,11.7,4.4,True,8.05,GHCN-Daily,46.49,18.509999999999998,0.0
2023-11-09,15.0,3.3,True,9.15,GHCN-Daily,48.47,16.53,0.0
2023-11-10,11.7,5.6,True,8.649999999999999,GHCN-Daily,47.57,17.43,0.0
2023-11-11,13.3,3.9,True,8.6,GHCN-Daily,47.480000000000004,17.519999999999996,0.0
2023-11-12,7.8,1.7,True,4.75,GHCN-Daily,40.55,24.450000000000003,0.0
2023-11-13,8.9,-0.5,True,4.2,GHCN-Daily,39.56,25.439999999999998,0.0
2023-11-14,12.8,3.9,True,8.35,GHCN-Daily,47.03,17.97,0.0
2023-11-15,10.0,1.1,True,5.55,GHCN-Daily,41.99,23.009999999999998,0.0
2023-11-16,16.7,5.0,True,10.85,GHCN-Daily,51.53,13.469999999999999,0.0
2023-11-17,17.2,6.1,True,11.649999999999999,GHCN-Daily,52.97,12.030000000000001,0.0
2023-11-18,15.0,4.4,True,9.7,GHCN-Daily,49.46,15.54,0.0
2023-11-19,12.8,3.3,True,8.05,GHCN-Daily,46.49,18.509999999999998,0.0
2023-11-20,7.8,1.1,True,4.45,GHCN-Daily,40.01,24.990000000000002,0.0
2023-11-21,8.9,0.0,True,4.45,GHCN-Daily,40.01,24.990000000000002,0.0
2023-11-22,15.0,8.9,True,11.95,GHCN-Daily,53.51,11.490000000000002,0.0
2023-11-23,11.7,7.2,True,9.45,GHCN-Daily,49.01,15.990000000000002,0.0
2023-11-24,11.1,0.0,True,5.55,GHCN-Daily,41.99,23.009999999999998,0.0
2023-11-25,5.0,-2.7,True,1.15,GHCN-Daily,34.07,30.93,0.0
2023-11-26,12.8,-1.6,True,5.6000000000000005,GHCN-Daily,42.08,22.92,0.0
2023-11-27,12.8,2.8,True,7.800000000000001,GHCN-Daily,46.04,18.96,0.0
2023-11-28,5.0,-0.5,True,2.25,GHCN-Daily,36.05,28.950000000000003,0.0
2023-11-29,2.2,-3.2,True,-0.5,GHCN-Daily,31.1,33.9,0.0
2023-11-30,9.4,0.0,True,4.7,GHCN-Daily,40.46,24.54,0.0
2023-12-01,8.9,1.7,True,5.3,GHCN-Daily,41.54,23.46,0.0
2023-12-02,11.1,7.2,True,9.15,GHCN-Daily,48.47,16.53,0.0
2023-12-03,10.0,6.7,True,8.35,GHCN-Daily,47.03,17.97,0.0
2023-12-04,11.1,5.6,True,8.35,GHCN-Daily,47.03,17.97,0.0
2023-12-05,6.7,2.8,True,4.75,GHCN-Daily,40.55,24.450000000000003,0.0
2023-12-06,5.6,0.6,True,3.0999999999999996,GHCN-Daily,37.58,27.42,0.0
2023-12-07,3.9,-0.5,True,1.7,GHCN-Daily,35.06,29.939999999999998,0.0
2023-12-08,8.9,-1.0,True,3.95,GHCN-Daily,39.11,25.89,0.0
2023-12-09,12.8,1.7,True,7.25,GHCN-Daily,45.05,19.950000000000003,0.0
2023-12-10,13.9,6.1,True,10.0,GHCN-Daily,50.0,15.0,0.0
2023-12-11,11.7,2.2,True,6.949999999999999,GHCN-Daily,44.51,20.490000000000002,0.0
2023-12-12,6.1,0.6,True,3.3499999999999996,GHCN-Daily,38.03,26.97,0.0
2023-12-13,7.8,2.2,True,5.0,GHCN-Daily,41.0,24.0,0.0
2023-12-14,8.3,-0.5,True,3.9000000000000004,GHCN-Daily,39.02,25.979999999999997,0.0
2023-12-15,13.3,1.1,True,7.2,GHCN-Daily,44.96,20.04,0.0
2023-12-16,12.8,3.3,True,8.05,GHCN-Daily,46.49,18.509999999999998,0.0
2023-12-17,13.3,8.3,True,10.8,GHCN-Daily,51.44,13.560000000000002,0.0
2023-12-18,15.0,5.6,True,10.3,GHCN-Daily,50.540000000000006,14.459999999999994,0.0
2023-12-19,6.7,0.0,True,3.35,GHCN-Daily,38.03,26.97,0.0
2023-12-20,6.7,-1.6,True,2.55,GHCN-Daily,36.59,28.409999999999997,0.0
2023-12-21,5.6,-1.6,True,1.9999999999999998,GHCN-Daily,35.6,29.4,0.0
2023-12-22,4.4,-3.8,True,0.30000000000000027,GHCN-Daily,32.54,32.46,0.0
2023-12-23,6.1,-2.1,True,1.9999999999999998,GHCN-Daily,35.6,29.4,0.0
2023-12-24,8.9,4.4,True,6.65,GHCN-Daily,43.97,21.03,0.0
2023-12-25,9.4,3.9,True,6.65,GHCN-Daily,43.97,21.03,0.0
2023-12-26,7.2,3.9,True,5.55,GHCN-Daily,41.99,23.009999999999998,0.0
2023-12-27,9.4,4.4,True,6.9,GHCN-Daily,44.42,20.58,0.0
2023-12-28,12.2,8.3,True,10.25,GHCN-Daily,50.45,14.549999999999997,0.0
2023-12-29,11.7,7.2,True,9.45,GHCN-Daily,49.01,15.990000000000002,0.0
2023-12-30,8.3,3.3,True,5.800000000000001,GHCN-Daily,42.44,22.560000000000002,0.0
2023-12-31,6.1,3.3,True,4.699999999999999,GHCN-Daily,40.46,24.54,0.0
2024-01-01,8.3,1.7,True,5.0,GHCN-Daily,41.0,24.0,0.0
2024-01-02,5.6,-2.1,True,1.7499999999999998,GHCN-Daily,35.15,29.85,0.0
2024-01-03,7.2,0.6,True,3.9,GHCN-Daily,39.019999999999996,25.980000000000004,0.0
2024-01-04,7.8,-2.1,True,2.8499999999999996,GHCN-Daily,37.13,27.869999999999997,0.0
2024-01-05,3.3,-3.2,True,0.04999999999999982,GHCN-Daily,32.089999999999996,32.910000000000004,0.0
2024-01-06,3.9,-2.7,True,0.5999999999999999,GHCN-Daily,33.08,31.92,0.0
2024-01-07,3.9,1.7,True,2.8,GHCN-Daily,37.04,27.96,0.0
2024-01-08,7.2,0.0,True,3.6,GHCN-Daily,38.480000000000004,26.519999999999996,0.0
2024-01-09,12.2,-2.1,True,5.05,GHCN-Daily,41.09,23.909999999999997,0.0
2024-01-10,12.2,6.1,True,9.149999999999999,GHCN-Daily,48.47,16.53,0.0
2024-01-11,7.8,3.9,True,5.85,GHCN-Daily,42.53,22.47,0.0
2024-01-12,8.9,1.1,True,5.0,GHCN-Daily,41.0,24.0,0.0
2024-01-13,13.3,1.7,True,7.5,GHCN-Daily,45.5,19.5,0.0
2024-01-14,6.7,-3.2,True,1.75,GHCN-Daily,35.15,29.85,0.0
2024-01-15,-1.6,-4.9,True,-3.25,GHCN-Daily,26.15,38.85,0.0
2024-01-16,0.0,-5.5,True,-2.75,GHCN-Daily,27.05,37.95,0.0
2024-01-17,-4.3,-7.7,True,-6.0,GHCN-Daily,21.2,43.8,0.0
2024-01-18,0.6,-5.5,True,-2.45,GHCN-Daily,27.59,37.41,0.0
2024-01-19,0.6,-3.8,True,-1.5999999999999999,GHCN-Daily,29.12,35.879999999999995,0.0
2024-01-20,-3.2,-7.7,True,-5.45,GHCN-Daily,22.189999999999998,42.81,0.0
2024-01-21,0.0,-7.1,True,-3.55,GHCN-Daily,25.61,39.39,0.0
2024-01-22,2.2,-5.5,True,-1.65,GHCN-Daily,29.03,35.97,0.0
2024-01-23,4.4,0.0,True,2.2,GHCN-Daily,35.96,29.04,0.0
2024-01-24,7.2,2.2,True,4.7,GHCN-Daily,40.46,24.54,0.0
2024-01-25,12.8,6.1,True,9.45,GHCN-Daily,49.01,15.990000000000002,0.0
2024-01-26,7.8,5.0,True,6.4,GHCN-Daily,43.52,21.479999999999997,0.0
2024-01-27,8.9,5.0,True,6.95,GHCN-Daily,44.51,20.490000000000002,0.0
2024-01-28,5.0,2.8,True,3.9,GHCN-Daily,39.019999999999996,25.980000000000004,0.0
2024-01-29,4.4,1.7,True,3.0500000000000003,GHCN-Daily,37.49,27.509999999999998,0.0
2024-01-30,3.3,1.1,True,2.2,GHCN-Daily,35.96,29.04,0.0
2024-01-31,3.9,1.1,True,2.5,GHCN-Daily,36.5,28.5,0.0
2024-02-01,6.7,0.0,True,3.35,GHCN-Daily,38.03,26.97,0.0
2024-02-02,5.6,2.8,True,4.199999999999999,GHCN-Daily,39.56,25.439999999999998,0.0
2024-02-03,6.1,0.0,True,3.05,GHCN-Daily,37.49,27.509999999999998,0.0
2024-02-04,7.8,-1.0,True,3.4,GHCN-Daily,38.12,26.880000000000003,0.0
2024-02-05,7.2,-1.0,True,3.1,GHCN-Daily,37.58,27.42,0.0
2024-02-06,5.6,-2.7,True,1.4499999999999997,GHCN-Daily,34.61,30.39,0.0
2024-02-07,8.9,-1.6,True,3.6500000000000004,GHCN-Daily,38.57,26.43,0.0
2024-02-08,8.9,0.0,True,4.45,GHCN-Daily,40.01,24.990000000000002,0.0
2024-02-09,9.4,3.3,True,6.35,GHCN-Daily,43.43,21.57,0.0
2024-02-10,12.8,2.2,True,7.5,GHCN-Daily,45.5,19.5,0.0
2024-02-11,10.6,6.1,True,8.35,GHCN-Daily,47.03,17.97,0.0
2024-02-12,7.8,2.2,True,5.0,GHCN-Daily,41.0,24.0,0.0
2024-02-13,3.9,0.0,True,1.95,GHCN-Daily,35.51,29.490000000000002,0.0
2024-02-14,3.3,-2.1,True,0.5999999999999999,GHCN-Daily,33.08,31.92,0.0
2024-02-15,2.2,-3.2,True,-0.5,GHCN-Daily,31.1,33.9,0.0
2024-02-16,6.1,1.1,True,3.5999999999999996,GHCN-Daily,38.48,26.520000000000003,0.0
2024-02-17,2.2,-3.2,True,-0.5,GHCN-Daily,31.1,33.9,0.0
2024-02-18,4.4,-3.8,True,0.30000000000000027,GHCN-Daily,32.54,32.46,0.0
2024-02-19,5.0,-1.6,True,1.7,GHCN-Daily,35.06,29.939999999999998,0.0
2024-02-20,2.2,-3.8,True,-0.7999999999999998,GHCN-Daily,30.56,34.44,0.0
2024-02-21,3.9,-4.3,True,-0.19999999999999996,GHCN-Daily,31.64,33.36,0.0
2024-02-22,5.0,0.6,True,2.8,GHCN-Daily,37.04,27.96,0.0
2024-02-23,8.9,4.4,True,6.65,GHCN-Daily,43.97,21.03,0.0
2024-02-24,7.2,-2.1,True,2.55,GHCN-Daily,36.59,28.409999999999997,0.0
2024-02-25,2.2,-6.0,True,-1.9,GHCN-Daily,28.58,36.42,0.0
2024-02-26,8.9,0.0,True,4.45,GHCN-Daily,40.01,24.990000000000002,0.0
2024-02-27,11.1,1.1,True,6.1,GHCN-Daily,42.980000000000004,22.019999999999996,0.0
2024-02-28,13.3,6.7,True,10.0,GHCN-Daily,50.0,15.0,0.0
2024-02-29,6.7,-0.5,True,3.1,GHCN-Daily,37.58,27.42,0.0
2024-03-01,5.0,-2.1,True,1.45,GHCN-Daily,34.61,30.39,0.0
2024-03-02,11.7,5.0,True,8.35,GHCN-Daily,47.03,17.97,0.0
2024-03-03,20.0,8.3,True,14.15,GHCN-Daily,57.47,7.530000000000001,0.0
2024-03-04,12.8,5.6,True,9.2,GHCN-Daily,48.56,16.439999999999998,0.0
2024-03-05,8.9,5.6,True,7.25,GHCN-Daily,45.05,19.950000000000003,0.0
2024-03-06,10.6,7.2,True,8.9,GHCN-Daily,48.019999999999996,16.980000000000004,0.0
2024-03-07,12.8,6.7,True,9.75,GHCN-Daily,49.55,15.450000000000003,0.0
2024-03-08,18.9,3.9,True,11.399999999999999,GHCN-Daily,52.519999999999996,12.480000000000004,0.0
2024-03-09,9.4,4.4,True,6.9,GHCN-Daily,44.42,20.58,0.0
2024-03-10,11.7,2.8,True,7.25,GHCN-Daily,45.05,19.950000000000003,0.0
2024-03-11,11.7,1.7,True,6.699999999999999,GHCN-Daily,44.06,20.939999999999998,0.0
2024-03-12,19.4,5.0,True,12.2,GHCN-Daily,53.96,11.04,0.0
2024-03-13,13.9,5.0,True,9.45,GHCN-Daily,49.01,15.990000000000002,0.0
2024-03-14,18.9,5.0,True,11.95,GHCN-Daily,53.51,11.490000000000002,0.0
2024-03-15,22.2,9.4,True,15.8,GHCN-Daily,60.44,4.560000000000002,0.0
2024-03-16,12.8,6.1,True,9.45,GHCN-Daily,49.01,15.990000000000002,0.0
2024-03-17,17.2,8.3,True,12.75,GHCN-Daily,54.95,10.049999999999997,0.0
2024-03-18,11.7,3.3,True,7.5,GHCN-Daily,45.5,19.5,0.0
2024-03-19,8.9,1.7,True,5.3,GHCN-Daily,41.54,23.46,0.0
2024-03-20,11.7,1.1,True,6.3999999999999995,GHCN-Daily,43.519999999999996,21.480000000000004,0.0
2024-03-21,6.7,-1.0,True,2.85,GHCN-Daily,37.13,27.869999999999997,0.0
2024-03-22,5.0,-2.1,True,1.45,GHCN-Daily,34.61,30.39,0.0
2024-03-23,11.1,1.7,True,6.3999999999999995,GHCN-Daily,43.519999999999996,21.480000000000004,0.0
2024-03-24,7.8,-0.5,True,3.65,GHCN-Daily,38.57,26.43,0.0
2024-03-25,11.1,1.1,True,6.1,GHCN-Daily,42.980000000000004,22.019999999999996,0.0
2024-03-26,9.4,3.3,True,6.35,GHCN-Daily,43.43,21.57,0.0
2024-03-27,10.0,4.4,True,7.2,GHCN-Daily,44.96,20.04,0.0
2024-03-28,9.4,6.7,True,8.05,GHCN-Daily,46.49,18.509999999999998,0.0
2024-03-29,13.9,5.6,True,9.75,GHCN-Daily,49.55,15.450000000000003,0.0
2024-03-30,16.1,5.0,True,10.55,GHCN-Daily,50.99,14.009999999999998,0.0
2024-03-31,16.7,7.2,True,11.95,GHCN-Daily,53.51,11.490000000000002,0.0
2024-04-01,11.7,6.7,True,9.2,GHCN-Daily,48.56,16.439999999999998,0.0
2024-04-02,8.9,5.6,True,7.25,GHCN-Daily,45.05,19.950000000000003,0.0
2024-04-03,7.2,5.0,True,6.1,GHCN-Daily,42.980000000000004,22.019999999999996,0.0
2024-04-04,11.1,2.8,True,6.949999999999999,GHCN-Daily,44.51,20.490000000000002,0.0
2024-04-05,10.0,3.3,True,6.65,GHCN-Daily,43.97,21.03,0.0
2024-04-06,12.8,5.6,True,9.2,GHCN-Daily,48.56,16.439999999999998,0.0
2024-04-07,14.4,5.0,True,9.7,GHCN-Daily,49.46,15.54,0.0
2024-04-08,17.2,4.4,True,10.8,GHCN-Daily,51.44,13.560000000000002,0.0
2024-04-09,20.6,7.2,True,13.9,GHCN-Daily,57.019999999999996,7.980000000000004,0.0
2024-04-10,20.6,10.0,True,15.3,GHCN-Daily,59.540000000000006,5.459999999999994,0.0
2024-04-11,15.0,10.0,True,12.5,GHCN-Daily,54.5,10.5,0.0
2024-04-12,17.2,11.7,True,14.45,GHCN-Daily,58.01,6.990000000000002,0.0
2024-04-13,12.8,8.3,True,10.55,GHCN-Daily,50.99,14.009999999999998,0.0
2024-04-14,18.3,6.1,True,12.2,GHCN-Daily,53.96,11.04,0.0
2024-04-15,25.0,11.1,True,18.05,GHCN-Daily,64.49000000000001,0.5099999999999909,0.0
2024-04-16,22.2,10.0,True,16.1,GHCN-Daily,60.980000000000004,4.019999999999996,0.0
2024-04-17,13.9,7.8,True,10.85,GHCN-Daily,51.53,13.469999999999999,0.0
2024-04-18,9.4,7.2,True,8.3,GHCN-Daily,46.94,18.060000000000002,0.0
2024-04-19,12.8,6.7,True,9.75,GHCN-Daily,49.55,15.450000000000003,0.0
2024-04-20,19.4,8.3,True,13.85,GHCN-Daily,56.93,8.07,0.0
2024-04-21,11.7,5.0,True,8.35,GHCN-Daily,47.03,17.97,0.0
2024-04-22,16.7,5.6,True,11.149999999999999,GHCN-Daily,52.06999999999999,12.930000000000007,0.0
2024-04-23,13.9,5.0,True,9.45,GHCN-Daily,49.01,15.990000000000002,0.0
2024-04-24,20.0,9.4,True,14.7,GHCN-Daily,58.46,6.539999999999999,0.0
2024-04-25,11.7,5.6,True,8.649999999999999,GHCN-Daily,47.57,17.43,0.0
2024-04-26,12.8,2.8,True,7.800000000000001,GHCN-Daily,46.04,18.96,0.0
2024-04-27,13.3,5.6,True,9.45,GHCN-Daily,49.01,15.990000000000002,0.0
2024-04-28,20.0,10.0,True,15.0,GHCN-Daily,59.0,6.0,0.0
2024-04-29,27.8,14.4,True,21.1,GHCN-Daily,69.98,0.0,4.980000000000004
2024-04-30,19.4,11.1,True,15.25,GHCN-Daily,59.45,5.549999999999997,0.0
2024-05-01,21.7,10.6,True,16.15,GHCN-Daily,61.06999999999999,3.930000000000007,0.0
2024-05-02,18.9,10.0,True,14.45,GHCN-Daily,58.01,6.990000000000002,0.0
2024-05-03,17.2,9.4,True,13.3,GHCN-Daily,55.94,9.060000000000002,0.0
2024-05-04,16.1,8.9,True,12.5,GHCN-Daily,54.5,10.5,0.0
2024-05-05,12.2,9.4,True,10.8,GHCN-Daily,51.44,13.560000000000002,0.0
2024-05-06,21.7,12.2,True,16.95,GHCN-Daily,62.51,2.490000000000002,0.0
2024-05-07,25.0,13.9,True,19.45,GHCN-Daily,67.00999999999999,0.0,2.009999999999991
2024-05-08,26.7,14.4,True,20.55,GHCN-Daily,68.99000000000001,0.0,3.990000000000009
2024-05-09,21.7,12.2,True,16.95,GHCN-Daily,62.51,2.490000000000002,0.0
2024-05-10,12.8,9.4,True,11.100000000000001,GHCN-Daily,51.980000000000004,13.019999999999996,0.0
2024-05-11,15.6,8.3,True,11.95,GHCN-Daily,53.51,11.490000000000002,0.0
2024-05-12,12.8,9.4,True,11.100000000000001,GHCN-Daily,51.980000000000004,13.019999999999996,0.0
2024-05-13,17.8,8.9,True,13.350000000000001,GHCN-Daily,56.03,8.969999999999999,0.0
2024-05-14,19.4,11.7,True,15.549999999999999,GHCN-Daily,59.989999999999995,5.010000000000005,0.0
2024-05-15,18.9,14.4,True,16.65,GHCN-Daily,61.97,3.030000000000001,0.0
2024-05-16,20.0,15.0,True,17.5,GHCN-Daily,63.5,1.5,0.0
2024-05-17,22.8,14.4,True,18.6,GHCN-Daily,65.48,0.0,0.480000000000004
2024-05-18,21.7,15.0,True,18.35,GHCN-Daily,65.03,0.0,0.030000000000001137
2024-05-19,23.3,11.7,True,17.5,GHCN-Daily,63.5,1.5,0.0
2024-05-20,20.0,11.7,True,15.85,GHCN-Daily,60.53,4.469999999999999,0.0
2024-05-21,22.2,13.3,True,17.75,GHCN-Daily,63.95,1.0499999999999972,0.0
2024-05-22,24.4,15.6,True,20.0,GHCN-Daily,68.0,0.0,3.0
2024-05-23,26.1,16.7,True,21.4,GHCN-Daily,70.52,0.0,5.519999999999996
2024-05-24,29.4,15.0,True,22.2,GHCN-Daily,71.96000000000001,0.0,6.960000000000008
2024-05-25,25.0,15.6,True,20.3,GHCN-Daily,68.53999999999999,0.0,3.539999999999992
2024-05-26,24.4,17.2,True,20.799999999999997,GHCN-Daily,69.44,0.0,4.439999999999998
2024-05-27,24.4,18.3,True,21.35,GHCN-Daily,70.43,0.0,5.430000000000007
2024-05-28,27.8,17.2,True,22.5,GHCN-Daily,72.5,0.0,7.5
2024-05-29,24.4,16.7,True,20.549999999999997,GHCN-Daily,68.99,0.0,3.989999999999995
2024-05-30,22.8,14.4,True,18.6,GHCN-Daily,65.48,0.0,0.480000000000004
2024-05-31,25.6,15.6,True,20.6,GHCN-Daily,69.08000000000001,0.0,4.0800000000000125
2024-06-01,27.8,16.7,True,22.25,GHCN-Daily,72.05000000000001,0.0,7.050000000000011
2024-06-02,26.1,16.7,True,21.4,GHCN-Daily,70.52,0.0,5.519999999999996
2024-06-03,28.9,18.9,True,23.9,GHCN-Daily,75.02,0.0,10.019999999999996
2024-06-04,25.6,17.8,True,21.700000000000003,GHCN-Daily,71.06,0.0,6.060000000000002
2024-06-05,25.6,17.2,True,21.4,GHCN-Daily,70.52,0.0,5.519999999999996
2024-06-06,28.9,20.6,True,24.75,GHCN-Daily,76.55000000000001,0.0,11.550000000000011
2024-06-07,28.3,19.4,True,23.85,GHCN-Daily,74.93,0.0,9.930000000000007
2024-06-08,27.2,18.3,True,22.75,GHCN-Daily,72.95,0.0,7.950000000000003
2024-06-09,25.6,18.3,True,21.950000000000003,GHCN-Daily,71.51,0.0,6.510000000000005
2024-06-10,25.0,17.2,True,21.1,GHCN-Daily,69.98,0.0,4.980000000000004
2024-06-11,22.2,15.6,True,18.9,GHCN-Daily,66.02,0.0,1.019999999999996
2024-06-12,23.3,16.7,True,20.0,GHCN-Daily,68.0,0.0,3.0
2024-06-13,25.6,17.2,True,21.4,GHCN-Daily,70.52,0.0,5.519999999999996
2024-06-14,25.6,18.9,True,22.25,GHCN-Daily,72.05000000000001,0.0,7.050000000000011
2024-06-15,28.3,18.3,True,23.3,GHCN-Daily,73.94,0.0,8.939999999999998
2024-06-16,26.7,17.2,True,21.95,GHCN-Daily,71.50999999999999,0.0,6.509999999999991
2024-06-17,26.7,17.8,True,22.25,GHCN-Daily,72.05000000000001,0.0,7.050000000000011
2024-06-18,26.7,20.6,True,23.65,GHCN-Daily,74.57,0.0,9.569999999999993
2024-06-19,27.8,19.4,True,23.6,GHCN-Daily,74.48,0.0,9.480000000000004
2024-06-20,28.9,20.0,True,24.45,GHCN-Daily,76.00999999999999,0.0,11.009999999999991
2024-06-21,32.8,20.0,True,26.4,GHCN-Daily,79.52,0.0,14.519999999999996
2024-06-22,30.6,22.2,True,26.4,GHCN-Daily,79.52,0.0,14.519999999999996
2024-06-23,29.4,21.1,True,25.25,GHCN-Daily,77.45,0.0,12.450000000000003
2024-06-24,29.4,20.6,True,25.0,GHCN-Daily,77.0,0.0,12.0
2024-06-25,32.8,21.7,True,27.25,GHCN-Daily,81.05000000000001,0.0,16.05000000000001
2024-06-26,28.9,20.0,True,24.45,GHCN-Daily,76.00999999999999,0.0,11.009999999999991
2024-06-27,30.6,21.1,True,25.85,GHCN-Daily,78.53,0.0,13.530000000000001
2024-06-28,26.7,17.2,True,21.95,GHCN-Daily,71.50999999999999,0.0,6.509999999999991
2024-06-29,26.7,17.8,True,22.25,GHCN-Daily,72.05000000000001,0.0,7.050000000000011
2024-06-30,28.3,21.1,True,24.700000000000003,GHCN-Daily,76.46000000000001,0.0,11.460000000000008
2024-07-01,27.8,17.8,True,22.8,GHCN-Daily,73.03999999999999,0.0,8.039999999999992
2024-07-02,27.8,18.3,True,23.05,GHCN-Daily,73.49000000000001,0.0,8.490000000000009
2024-07-03,26.7,17.8,True,22.25,GHCN-Daily,72.05000000000001,0.0,7.050000000000011
2024-07-04,27.8,20.0,True,23.9,GHCN-Daily,75.02,0.0,10.019999999999996
2024-07-05,28.3,21.7,True,25.0,GHCN-Daily,77.0,0.0,12.0
2024-07-06,27.2,21.1,True,24.15,GHCN-Daily,75.47,0.0,10.469999999999999
2024-07-07,30.6,22.8,True,26.700000000000003,GHCN-Daily,80.06,0.0,15.060000000000002
2024-07-08,31.1,22.2,True,26.65,GHCN-Daily,79.97,0.0,14.969999999999999
2024-07-09,27.8,22.2,True,25.0,GHCN-Daily,77.0,0.0,12.0
2024-07-10,28.9,23.3,True,26.1,GHCN-Daily,78.98,0.0,13.980000000000004
2024-07-11,31.1,22.2,True,26.65,GHCN-Daily,79.97,0.0,14.969999999999999
2024-07-12,27.8,22.2,True,25.0,GHCN-Daily,77.0,0.0,12.0
2024-07-13,27.8,22.2,True,25.0,GHCN-Daily,77.0,0.0,12.0
2024-07-14,30.0,23.9,True,26.95,GHCN-Daily,80.50999999999999,0.0,15.509999999999991
2024-07-15,28.9,22.2,True,25.549999999999997,GHCN-Daily,77.99,0.0,12.989999999999995
2024-07-16,31.7,25.6,True,28.65,GHCN-Daily,83.57,0.0,18.569999999999993
2024-07-17,28.3,23.3,True,25.8,GHCN-Daily,78.44,0.0,13.439999999999998
2024-07-18,30.0,22.2,True,26.1,GHCN-Daily,78.98,0.0,13.980000000000004
2024-07-19,30.0,20.0,True,25.0,GHCN-Daily,77.0,0.0,12.0
2024-07-20,26.7,20.0,True,23.35,GHCN-Daily,74.03,0.0,9.030000000000001
2024-07-21,30.0,22.2,True,26.1,GHCN-Daily,78.98,0.0,13.980000000000004
2024-07-22,27.8,22.2,True,25.0,GHCN-Daily,77.0,0.0,12.0
2024-07-23,29.4,22.8,True,26.1,GHCN-Daily,78.98,0.0,13.980000000000004
2024-07-24,28.3,23.9,True,26.1,GHCN-Daily,78.98,0.0,13.980000000000004
2024-07-25,30.6,23.9,True,27.25,GHCN-Daily,81.05000000000001,0.0,16.05000000000001
2024-07-26,30.0,20.0,True,25.0,GHCN-Daily,77.0,0.0,12.0
2024-07-27,29.4,20.6,True,25.0,GHCN-Daily,77.0,0.0,12.0
2024-07-28,31.7,21.7,True,26.7,GHCN-Daily,80.06,0.0,15.060000000000002
2024-07-29,29.4,20.0,True,24.7,GHCN-Daily,76.46000000000001,0.0,11.460000000000008
2024-07-30,28.9,22.2,True,25.549999999999997,GHCN-Daily,77.99,0.0,12.989999999999995
2024-07-31,32.8,23.9,True,28.349999999999998,GHCN-Daily,83.03,0.0,18.03
2024-08-01,33.9,23.9,True,28.9,GHCN-Daily,84.02,0.0,19.019999999999996
2024-08-02,32.8,23.9,True,28.349999999999998,GHCN-Daily,83.03,0.0,18.03
2024-08-03,31.1,23.3,True,27.200000000000003,GHCN-Daily,80.96000000000001,0.0,15.960000000000008
2024-08-04,27.2,22.2,True,24.7,GHCN-Daily,76.46000000000001,0.0,11.460000000000008
2024-08-05,31.7,22.2,True,26.95,GHCN-Daily,80.50999999999999,0.0,15.509999999999991
2024-08-06,30.6,22.2,True,26.4,GHCN-Daily,79.52,0.0,14.519999999999996
2024-08-07,22.8,18.9,True,20.85,GHCN-Daily,69.53,0.0,4.530000000000001
2024-08-08,23.3,18.9,True,21.1,GHCN-Daily,69.98,0.0,4.980000000000004
2024-08-09,28.3,22.8,True,25.55,GHCN-Daily,77.99000000000001,0.0,12.990000000000009
2024-08-10,30.6,23.3,True,26.950000000000003,GHCN-Daily,80.51,0.0,15.510000000000005
2024-08-11,27.8,22.8,True,25.3,GHCN-Daily,77.53999999999999,0.0,12.539999999999992
2024-08-12,28.3,17.8,True,23.05,GHCN-Daily,73.49000000000001,0.0,8.490000000000009
2024-08-13,28.9,18.3,True,23.6,GHCN-Daily,74.48,0.0,9.480000000000004
2024-08-14,31.1,20.0,True,25.55,GHCN-Daily,77.99000000000001,0.0,12.990000000000009
2024-08-15,31.1,20.6,True,25.85,GHCN-Daily,78.53,0.0,13.530000000000001
2024-08-16,30.0,22.2,True,26.1,GHCN-Daily,78.98,0.0,13.980000000000004
2024-08-17,26.7,21.1,True,23.9,GHCN-Daily,75.02,0.0,10.019999999999996
2024-08-18,27.2,21.7,True,24.45,GHCN-Daily,76.00999999999999,0.0,11.009999999999991
2024-08-19,30.0,21.1,True,25.55,GHCN-Daily,77.99000000000001,0.0,12.990000000000009
2024-08-20,24.4,17.2,True,20.799999999999997,GHCN-Daily,69.44,0.0,4.439999999999998
2024-08-21,25.0,14.4,True,19.7,GHCN-Daily,67.46000000000001,0.0,2.460000000000008
2024-08-22,26.7,16.1,True,21.4,GHCN-Daily,70.52,0.0,5.519999999999996
2024-08-23,28.3,15.6,True,21.95,GHCN-Daily,71.50999999999999,0.0,6.509999999999991
2024-08-24,28.9,17.8,True,23.35,GHCN-Daily,74.03,0.0,9.030000000000001
2024-08-25,28.3,19.4,True,23.85,GHCN-Daily,74.93,0.0,9.930000000000007
2024-08-26,27.8,18.9,True,23.35,GHCN-Daily,74.03,0.0,9.030000000000001
2024-08-27,28.9,19.4,True,24.15,GHCN-Daily,75.47,0.0,10.469999999999999
2024-08-28,35.0,22.2,True,28.6,GHCN-Daily,83.48,0.0,18.480000000000004
2024-08-29,27.8,21.1,True,24.450000000000003,GHCN-Daily,76.01,0.0,11.010000000000005
2024-08-30,24.4,16.7,True,20.549999999999997,GHCN-Daily,68.99,0.0,3.989999999999995
2024-08-31,26.7,20.6,True,23.65,GHCN-Daily,74.57,0.0,9.569999999999993
2024-09-01,27.8,22.8,True,25.3,GHCN-Daily,77.53999999999999,0.0,12.539999999999992
2024-09-02,28.3,17.8,True,23.05,GHCN-Daily,73.49000000000001,0.0,8.490000000000009
2024-09-03,24.4,13.9,True,19.15,GHCN-Daily,66.47,0.0,1.4699999999999989
2024-09-04,25.0,13.9,True,19.45,GHCN-Daily,67.00999999999999,0.0,2.009999999999991
2024-09-05,25.6,13.9,True,19.75,GHCN-Daily,67.55000000000001,0.0,2.5500000000000114
2024-09-06,26.1,17.2,True,21.65,GHCN-Daily,70.97,0.0,5.969999999999999
2024-09-07,23.9,15.6,True,19.75,GHCN-Daily,67.55000000000001,0.0,2.5500000000000114
2024-09-08,23.3,13.3,True,18.3,GHCN-Daily,64.94,0.060000000000002274,0.0
2024-09-09,26.1,13.9,True,20.0,GHCN-Daily,68.0,0.0,3.0
2024-09-10,27.2,17.2,True,22.2,GHCN-Daily,71.96000000000001,0.0,6.960000000000008
2024-09-11,25.6,15.6,True,20.6,GHCN-Daily,69.08000000000001,0.0,4.0800000000000125
2024-09-12,25.6,15.0,True,20.3,GHCN-Daily,68.53999999999999,0.0,3.539999999999992
2024-09-13,26.1,15.6,True,20.85,GHCN-Daily,69.53,0.0,4.530000000000001
2024-09-14,29.4,17.2,True,23.299999999999997,GHCN-Daily,73.94,0.0,8.939999999999998
2024-09-15,27.2,15.6,True,21.4,GHCN-Daily,70.52,0.0,5.519999999999996
2024-09-16,25.6,14.4,True,20.0,GHCN-Daily,68.0,0.0,3.0
2024-09-17,27.2,18.3,True,22.75,GHCN-Daily,72.95,0.0,7.950000000000003
2024-09-18,26.7,19.4,True,23.049999999999997,GHCN-Daily,73.49,0.0,8.489999999999995
2024-09-19,30.6,20.6,True,25.6,GHCN-Daily,78.08000000000001,0.0,13.080000000000013
2024-09-20,28.9,19.4,True,24.15,GHCN-Daily,75.47,0.0,10.469999999999999
2024-09-21,27.2,17.8,True,22.5,GHCN-Daily,72.5,0.0,7.5
2024-09-22,25.0,16.7,True,20.85,GHCN-Daily,69.53,0.0,4.530000000000001
2024-09-23,21.7,15.6,True,18.65,GHCN-Daily,65.57,0.0,0.5699999999999932
2024-09-24,21.7,15.6,True,18.65,GHCN-Daily,65.57,0.0,0.5699999999999932
2024-09-25,20.6,16.7,True,18.65,GHCN-Daily,65.57,0.0,0.5699999999999932
2024-09-26,22.8,18.9,True,20.85,GHCN-Daily,69.53,0.0,4.530000000000001
2024-09-27,22.8,18.9,True,20.85,GHCN-Daily,69.53,0.0,4.530000000000001
2024-09-28,20.0,16.7,True,18.35,GHCN-Daily,65.03,0.0,0.030000000000001137
2024-09-29,17.8,16.1,True,16.950000000000003,GHCN-Daily,62.510000000000005,2.489999999999995,0.0
2024-09-30,22.8,16.1,True,19.450000000000003,GHCN-Daily,67.01,0.0,2.010000000000005
2024-10-01,22.2,15.0,True,18.6,GHCN-Daily,65.48,0.0,0.480000000000004
2024-10-02,20.6,13.3,True,16.950000000000003,GHCN-Daily,62.510000000000005,2.489999999999995,0.0
2024-10-03,22.8,16.1,True,19.450000000000003,GHCN-Daily,67.01,0.0,2.010000000000005
2024-10-04,23.3,13.9,True,18.6,GHCN-Daily,65.48,0.0,0.480000000000004
2024-10-05,25.6,15.6,True,20.6,GHCN-Daily,69.08000000000001,0.0,4.0800000000000125
2024-10-06,21.1,12.8,True,16.950000000000003,GHCN-Daily,62.510000000000005,2.489999999999995,0.0
2024-10-07,26.7,15.0,True,20.85,GHCN-Daily,69.53,0.0,4.530000000000001
2024-10-08,20.6,12.8,True,16.700000000000003,GHCN-Daily,62.06,2.9399999999999977,0.0
2024-10-09,21.7,12.2,True,16.95,GHCN-Daily,62.51,2.490000000000002,0.0
2024-10-10,18.3,7.2,True,12.75,GHCN-Daily,54.95,10.049999999999997,0.0
2024-10-11,22.2,5.6,True,13.899999999999999,GHCN-Daily,57.019999999999996,7.980000000000004,0.0
2024-10-12,25.6,11.1,True,18.35,GHCN-Daily,65.03,0.0,0.030000000000001137
2024-10-13,22.8,11.7,True,17.25,GHCN-Daily,63.05,1.9500000000000028,0.0
2024-10-14,21.7,9.4,True,15.55,GHCN-Daily,59.99,5.009999999999998,0.0
2024-10-15,15.6,7.8,True,11.7,GHCN-Daily,53.06,11.939999999999998,0.0
2024-10-16,16.7,7.2,True,11.95,GHCN-Daily,53.51,11.490000000000002,0.0
2024-10-17,17.2,6.1,True,11.649999999999999,GHCN-Daily,52.97,12.030000000000001,0.0
2024-10-18,20.6,8.9,True,14.75,GHCN-Daily,58.55,6.450000000000003,0.0
2024-10-19,19.4,8.3,True,13.85,GHCN-Daily,56.93,8.07,0.0
2024-10-20,22.8,10.0,True,16.4,GHCN-Daily,61.519999999999996,3.480000000000004,0.0
2024-10-21,25.6,10.6,True,18.1,GHCN-Daily,64.58000000000001,0.4199999999999875,0.0
2024-10-22,26.7,13.9,True,20.3,GHCN-Daily,68.53999999999999,0.0,3.539999999999992
2024-10-23,22.2,13.3,True,17.75,GHCN-Daily,63.95,1.0499999999999972,0.0
2024-10-24,22.2,12.2,True,17.2,GHCN-Daily,62.96,2.039999999999999,0.0
2024-10-25,17.2,8.3,True,12.75,GHCN-Daily,54.95,10.049999999999997,0.0
2024-10-26,20.6,11.1,True,15.850000000000001,GHCN-Daily,60.53,4.469999999999999,0.0
2024-10-27,15.6,7.2,True,11.4,GHCN-Daily,52.519999999999996,12.480000000000004,0.0
2024-10-28,16.7,6.1,True,11.399999999999999,GHCN-Daily,52.519999999999996,12.480000000000004,0.0
2024-10-29,19.4,10.6,True,15.0,GHCN-Daily,59.0,6.0,0.0
2024-10-30,22.8,13.3,True,18.05,GHCN-Daily,64.49000000000001,0.5099999999999909,0.0
2024-10-31,25.6,13.9,True,19.75,GHCN-Daily,67.55000000000001,0.0,2.5500000000000114
2024-11-01,27.8,13.9,True,20.85,GHCN-Daily,69.53,0.0,4.530000000000001
2024-11-02,17.8,7.8,True,12.8,GHCN-Daily,55.040000000000006,9.959999999999994,0.0
2024-11-03,13.9,4.4,True,9.15,GHCN-Daily,48.47,16.53,0.0
2024-11-04,15.6,3.9,True,9.75,GHCN-Daily,49.55,15.450000000000003,0.0
2024-11-05,21.7,11.7,True,16.7,GHCN-Daily,62.06,2.9399999999999977,0.0
2024-11-06,23.9,16.1,True,20.0,GHCN-Daily,68.0,0.0,3.0
2024-11-07,25.0,12.2,True,18.6,GHCN-Daily,65.48,0.0,0.480000000000004
2024-11-08,21.7,8.9,True,15.3,GHCN-Daily,59.540000000000006,5.459999999999994,0.0
2024-11-09,13.9,6.1,True,10.0,GHCN-Daily,50.0,15.0,0.0
2024-11-10,15.6,3.3,True,9.45,GHCN-Daily,49.01,15.990000000000002,0.0
2024-11-11,21.7,14.4,True,18.05,GHCN-Daily,64.49000000000001,0.5099999999999909,0.0
2024-11-12,16.1,5.6,True,10.850000000000001,GHCN-Daily,51.53,13.469999999999999,0.0
2024-11-13,11.1,2.8,True,6.949999999999999,GHCN-Daily,44.51,20.490000000000002,0.0
2024-11-14,9.4,1.1,True,5.25,GHCN-Daily,41.45,23.549999999999997,0.0
2024-11-15,15.6,5.0,True,10.3,GHCN-Daily,50.540000000000006,14.459999999999994,0.0
2024-11-16,18.9,6.7,True,12.799999999999999,GHCN-Daily,55.04,9.96,0.0
2024-11-17,18.9,6.7,True,12.799999999999999,GHCN-Daily,55.04,9.96,0.0
2024-11-18,21.1,8.9,True,15.0,GHCN-Daily,59.0,6.0,0.0
2024-11-19,16.1,7.8,True,11.950000000000001,GHCN-Daily,53.510000000000005,11.489999999999995,0.0
2024-11-20,16.1,11.1,True,13.600000000000001,GHCN-Daily,56.480000000000004,8.519999999999996,0.0
2024-11-21,12.8,4.4,True,8.600000000000001,GHCN-Daily,47.480000000000004,17.519999999999996,0.0
2024-11-22,6.7,3.3,True,5.0,GHCN-Daily,41.0,24.0,0.0
2024-11-23,11.7,2.8,True,7.25,GHCN-Daily,45.05,19.950000000000003,0.0
2024-11-24,13.3,7.8,True,10.55,GHCN-Daily,50.99,14.009999999999998,0.0
2024-11-25,12.8,5.6,True,9.2,GHCN-Daily,48.56,16.439999999999998,0.0
2024-11-26,16.7,7.8,True,12.25,GHCN-Daily,54.05,10.950000000000003,0.0
2024-11-27,12.2,5.0,True,8.6,GHCN-Daily,47.480000000000004,17.519999999999996,0.0
2024-11-28,13.3,6.1,True,9.7,GHCN-Daily,49.46,15.54,0.0
2024-11-29,10.6,2.2,True,6.4,GHCN-Daily,43.52,21.479999999999997,0.0
2024-11-30,5.6,0.0,True,2.8,GHCN-Daily,37.04,27.96,0.0
2024-12-01,4.4,-1.6,True,1.4000000000000001,GHCN-Daily,34.52,30.479999999999997,0.0
2024-12-02,6.1,-1.0,True,2.55,GHCN-Daily,36.59,28.409999999999997,0.0
2024-12-03,6.7,0.0,True,3.35,GHCN-Daily,38.03,26.97,0.0
2024-12-04,6.7,-1.6,True,2.55,GHCN-Daily,36.59,28.409999999999997,0.0
2024-12-05,6.7,0.0,True,3.35,GHCN-Daily,38.03,26.97,0.0
2024-12-06,3.3,-0.5,True,1.4,GHCN-Daily,34.52,30.479999999999997,0.0
2024-12-07,6.7,0.6,True,3.65,GHCN-Daily,38.57,26.43,0.0
2024-12-08,14.4,3.3,True,8.85,GHCN-Daily,47.93,17.07,0.0
2024-12-09,11.7,1.7,True,6.699999999999999,GHCN-Daily,44.06,20.939999999999998,0.0
2024-12-10,13.3,7.2,True,10.25,GHCN-Daily,50.45,14.549999999999997,0.0
2024-12-11,16.1,6.1,True,11.100000000000001,GHCN-Daily,51.980000000000004,13.019999999999996,0.0
2024-12-12,6.7,-0.5,True,3.1,GHCN-Daily,37.58,27.42,0.0
2024-12-13,2.8,-2.7,True,0.04999999999999982,GHCN-Daily,32.089999999999996,32.910000000000004,0.0
2024-12-14,2.8,-3.8,True,-0.5,GHCN-Daily,31.1,33.9,0.0
2024-12-15,6.1,-3.2,True,1.4499999999999997,GHCN-Daily,34.61,30.39,0.0
2024-12-16,11.7,3.9,True,7.8,GHCN-Daily,46.04,18.96,0.0
2024-12-17,14.4,6.7,True,10.55,GHCN-Daily,50.99,14.009999999999998,0.0
2024-12-18,12.2,2.8,True,7.5,GHCN-Daily,45.5,19.5,0.0
2024-12-19,9.4,3.3,True,6.35,GHCN-Daily,43.43,21.57,0.0
2024-12-20,4.4,1.7,True,3.0500000000000003,GHCN-Daily,37.49,27.509999999999998,0.0
2024-12-21,2.2,-6.0,True,-1.9,GHCN-Daily,28.58,36.42,0.0
2024-12-22,-4.9,-9.3,True,-7.1000000000000005,GHCN-Daily,19.22,45.78,0.0
2024-12-23,1.1,-11.0,True,-4.95,GHCN-Daily,23.09,41.91,0.0
2024-12-24,5.0,-0.5,True,2.25,GHCN-Daily,36.05,28.950000000000003,0.0
2024-12-25,3.9,-1.6,True,1.15,GHCN-Daily,34.07,30.93,0.0
2024-12-26,5.0,-3.8,True,0.6000000000000001,GHCN-Daily,33.08,31.92,0.0
2024-12-27,5.6,-3.2,True,1.1999999999999997,GHCN-Daily,34.16,30.840000000000003,0.0
2024-12-28,10.6,5.0,True,7.8,GHCN-Daily,46.04,18.96,0.0
2024-12-29,13.9,9.4,True,11.65,GHCN-Daily,52.97,12.030000000000001,0.0
2024-12-30,15.6,7.2,True,11.4,GHCN-Daily,52.519999999999996,12.480000000000004,0.0
2024-12-31,12.2,3.3,True,7.75,GHCN-Daily,45.95,19.049999999999997,0.0
2025-01-01,11.7,5.0,True,8.35,GHCN-Daily,47.03,17.97,0.0
2025-01-02,7.8,1.7,True,4.75,GHCN-Daily,40.55,24.450000000000003,0.0
2025-01-03,5.0,0.6,True,2.8,GHCN-Daily,37.04,27.96,0.0
2025-01-04,2.8,-1.0,True,0.8999999999999999,GHCN-Daily,33.62,31.380000000000003,0.0
2025-01-05,2.8,-1.6,True,0.5999999999999999,GHCN-Daily,33.08,31.92,0.0
2025-01-06,0.6,-4.3,True,-1.8499999999999999,GHCN-Daily,28.67,36.33,0.0
2025-01-07,2.2,-6.6,True,-2.1999999999999997,GHCN-Daily,28.04,36.96,0.0
2025-01-08,0.6,-4.3,True,-1.8499999999999999,GHCN-Daily,28.67,36.33,0.0
2025-01-09,2.8,-4.3,True,-0.75,GHCN-Daily,30.65,34.35,0.0
2025-01-10,6.7,-1.6,True,2.55,GHCN-Daily,36.59,28.409999999999997,0.0
2025-01-11,3.3,-1.0,True,1.15,GHCN-Daily,34.07,30.93,0.0
2025-01-12,7.8,-0.5,True,3.65,GHCN-Daily,38.57,26.43,0.0
2025-01-13,6.1,-1.0,True,2.55,GHCN-Daily,36.59,28.409999999999997,0.0
2025-01-14,3.3,-2.1,True,0.5999999999999999,GHCN-Daily,33.08,31.92,0.0
2025-01-15,2.2,-3.8,True,-0.7999999999999998,GHCN-Daily,30.56,34.44,0.0
2025-01-16,0.0,-3.8,True,-1.9,GHCN-Daily,28.58,36.42,0.0
2025-01-17,6.7,-2.7,True,2.0,GHCN-Daily,35.6,29.4,0.0
2025-01-18,8.9,1.7,True,5.3,GHCN-Daily,41.54,23.46,0.0
2025-01-19,6.1,-1.6,True,2.25,GHCN-Daily,36.05,28.950000000000003,0.0
2025-01-20,-1.6,-7.1,True,-4.35,GHCN-Daily,24.17,40.83,0.0
2025-01-21,-6.6,-9.9,True,-8.25,GHCN-Daily,17.15,47.85,0.0
2025-01-22,-4.9,-10.5,True,-7.7,GHCN-Daily,18.14,46.86,0.0
2025-01-23,-1.0,-8.8,True,-4.9,GHCN-Daily,23.18,41.82,0.0
2025-01-24,1.7,-6.6,True,-2.4499999999999997,GHCN-Daily,27.59,37.41,0.0
2025-01-25,0.6,-7.7,True,-3.5500000000000003,GHCN-Daily,25.61,39.39,0.0
2025-01-26,7.2,-1.6,True,2.8,GHCN-Daily,37.04,27.96,0.0
2025-01-27,5.6,-1.6,True,1.9999999999999998,GHCN-Daily,35.6,29.4,0.0
2025-01-28,7.8,-1.0,True,3.4,GHCN-Daily,38.12,26.880000000000003,0.0
2025-01-29,12.8,1.1,True,6.95,GHCN-Daily,44.51,20.490000000000002,0.0
2025-01-30,4.4,-3.2,True,0.6000000000000001,GHCN-Daily,33.08,31.92,0.0
2025-01-31,8.9,4.4,True,6.65,GHCN-Daily,43.97,21.03,0.0
2025-02-01,10.0,-4.9,True,2.55,GHCN-Daily,36.59,28.409999999999997,0.0
2025-02-02,3.9,-7.1,True,-1.5999999999999999,GHCN-Daily,29.12,35.879999999999995,0.0
2025-02-03,7.8,0.0,True,3.9,GHCN-Daily,39.019999999999996,25.980000000000004,0.0
2025-02-04,10.0,0.6,True,5.3,GHCN-Daily,41.54,23.46,0.0
2025-02-05,5.6,-1.6,True,1.9999999999999998,GHCN-Daily,35.6,29.4,0.0
2025-02-06,5.6,0.6,True,3.0999999999999996,GHCN-Daily,37.58,27.42,0.0
2025-02-07,8.9,-0.5,True,4.2,GHCN-Daily,39.56,25.439999999999998,0.0
2025-02-08,2.8,-2.7,True,0.04999999999999982,GHCN-Daily,32.089999999999996,32.910000000000004,0.0
2025-02-09,3.3,1.1,True,2.2,GHCN-Daily,35.96,29.04,0.0
2025-02-10,3.9,-1.0,True,1.45,GHCN-Daily,34.61,30.39,0.0
2025-02-11,3.3,-3.2,True,0.04999999999999982,GHCN-Daily,32.089999999999996,32.910000000000004,0.0
2025-02-12,3.3,0.6,True,1.95,GHCN-Daily,35.51,29.490000000000002,0.0
2025-02-13,9.4,3.3,True,6.35,GHCN-Daily,43.43,21.57,0.0
2025-02-14,4.4,0.0,True,2.2,GHCN-Daily,35.96,29.04,0.0
2025-02-15,3.3,-2.1,True,0.5999999999999999,GHCN-Daily,33.08,31.92,0.0
2025-02-16,11.1,2.2,True,6.65,GHCN-Daily,43.97,21.03,0.0
2025-02-17,3.9,-1.6,True,1.15,GHCN-Daily,34.07,30.93,0.0
2025-02-18,0.0,-5.5,True,-2.75,GHCN-Daily,27.05,37.95,0.0
2025-02-19,2.2,-6.6,True,-2.1999999999999997,GHCN-Daily,28.04,36.96,0.0
2025-02-20,1.1,-6.6,True,-2.75,GHCN-Daily,27.05,37.95,0.0
2025-02-21,4.4,-4.3,True,0.050000000000000266,GHCN-Daily,32.09,32.91,0.0
2025-02-22,5.0,-4.9,True,0.04999999999999982,GHCN-Daily,32.089999999999996,32.910000000000004,0.0
2025-02-23,10.0,0.6,True,5.3,GHCN-Daily,41.54,23.46,0.0
2025-02-24,10.0,0.6,True,5.3,GHCN-Daily,41.54,23.46,0.0
2025-02-25,12.8,3.9,True,8.35,GHCN-Daily,47.03,17.97,0.0
2025-02-26,15.6,3.9,True,9.75,GHCN-Daily,49.55,15.450000000000003,0.0
2025-02-27,11.7,6.7,True,9.2,GHCN-Daily,48.56,16.439999999999998,0.0
2025-02-28,12.8,5.6,True,9.2,GHCN-Daily,48.56,16.439999999999998,0.0
2025-03-01,19.4,-1.0,True,9.2,GHCN-Daily,48.56,16.439999999999998,0.0
2025-03-02,3.3,-4.9,True,-0.8000000000000003,GHCN-Daily,30.56,34.44,0.0
2025-03-03,4.4,-4.3,True,0.050000000000000266,GHCN-Daily,32.09,32.91,0.0
2025-03-04,9.4,-1.0,True,4.2,GHCN-Daily,39.56,25.439999999999998,0.0
2025-03-05,12.8,5.6,True,9.2,GHCN-Daily,48.56,16.439999999999998,0.0
2025-03-06,13.9,3.3,True,8.6,GHCN-Daily,47.480000000000004,17.519999999999996,0.0
2025-03-07,12.2,2.8,True,7.5,GHCN-Daily,45.5,19.5,0.0
2025-03-08,9.4,3.3,True,6.35,GHCN-Daily,43.43,21.57,0.0
2025-03-09,13.9,1.1,True,7.5,GHCN-Daily,45.5,19.5,0.0
2025-03-10,17.2,3.9,True,10.549999999999999,GHCN-Daily,50.989999999999995,14.010000000000005,0.0
2025-03-11,16.7,2.8,True,9.75,GHCN-Daily,49.55,15.450000000000003,0.0
2025-03-12,13.9,5.6,True,9.75,GHCN-Daily,49.55,15.450000000000003,0.0
2025-03-13,11.1,3.3,True,7.199999999999999,GHCN-Daily,44.96,20.04,0.0
2025-03-14,12.2,5.6,True,8.899999999999999,GHCN-Daily,48.019999999999996,16.980000000000004,0.0
2025-03-15,8.9,6.1,True,7.5,GHCN-Daily,45.5,19.5,0.0
2025-03-16,13.3,8.9,True,11.100000000000001,GHCN-Daily,51.980000000000004,13.019999999999996,0.0
2025-03-17,15.6,5.0,True,10.3,GHCN-Daily,50.540000000000006,14.459999999999994,0.0
2025-03-18,16.1,2.8,True,9.450000000000001,GHCN-Daily,49.010000000000005,15.989999999999995,0.0
2025-03-19,15.6,3.3,True,9.45,GHCN-Daily,49.01,15.990000000000002,0.0
2025-03-20,10.0,5.6,True,7.8,GHCN-Daily,46.04,18.96,0.0
2025-03-21,12.2,4.4,True,8.3,GHCN-Daily,46.94,18.060000000000002,0.0
2025-03-22,16.7,3.3,True,10.0,GHCN-Daily,50.0,15.0,0.0
2025-03-23,8.9,0.0,True,4.45,GHCN-Daily,40.01,24.990000000000002,0.0
2025-03-24,10.0,4.4,True,7.2,GHCN-Daily,44.96,20.04,0.0
2025-03-25,16.1,6.7,True,11.4,GHCN-Daily,52.519999999999996,12.480000000000004,0.0
2025-03-26,12.2,3.9,True,8.049999999999999,GHCN-Daily,46.489999999999995,18.510000000000005,0.0
2025-03-27,12.2,1.7,True,6.949999999999999,GHCN-Daily,44.51,20.490000000000002,0.0
2025-03-28,17.2,5.6,True,11.399999999999999,GHCN-Daily,52.519999999999996,12.480000000000004,0.0
2025-03-29,27.8,6.7,True,17.25,GHCN-Daily,63.05,1.9500000000000028,0.0
2025-03-30,10.0,6.7,True,8.35,GHCN-Daily,47.03,17.97,0.0
2025-03-31,16.7,8.9,True,12.8,GHCN-Daily,55.040000000000006,9.959999999999994,0.0
2025-04-01,13.9,6.1,True,10.0,GHCN-Daily,50.0,15.0,0.0
2025-04-02,8.9,2.8,True,5.85,GHCN-Daily,42.53,22.47,0.0
2025-04-03,15.6,7.2,True,11.4,GHCN-Daily,52.519999999999996,12.480000000000004,0.0
2025-04-04,21.7,13.9,True,17.8,GHCN-Daily,64.03999999999999,0.960000000000008,0.0
2025-04-05,14.4,7.2,True,10.8,GHCN-Daily,51.44,13.560000000000002,0.0
2025-04-06,15.0,7.2,True,11.1,GHCN-Daily,51.980000000000004,13.019999999999996,0.0
2025-04-07,11.1,4.4,True,7.75,GHCN-Daily,45.95,19.049999999999997,0.0
2025-04-08,9.4,2.2,True,5.800000000000001,GHCN-Daily,42.44,22.560000000000002,0.0
2025-04-09,9.4,0.0,True,4.7,GHCN-Daily,40.46,24.54,0.0
2025-04-10,10.0,3.9,True,6.95,GHCN-Daily,44.51,20.490000000000002,0.0
2025-04-11,9.4,4.4,True,6.9,GHCN-Daily,44.42,20.58,0.0
2025-04-12,5.0,3.3,True,4.15,GHCN-Daily,39.47,25.53,0.0
2025-04-13,15.0,4.4,True,9.7,GHCN-Daily,49.46,15.54,0.0
2025-04-14,16.7,6.1,True,11.399999999999999,GHCN-Daily,52.519999999999996,12.480000000000004,0.0
2025-04-15,21.7,8.3,True,15.0,GHCN-Daily,59.0,6.0,0.0
2025-04-16,11.1,7.2,True,9.15,GHCN-Daily,48.47,16.53,0.0
2025-04-17,18.9,6.1,True,12.5,GHCN-Daily,54.5,10.5,0.0
2025-04-18,16.7,4.4,True,10.55,GHCN-Daily,50.99,14.009999999999998,0.0
2025-04-19,25.6,11.1,True,18.35,GHCN-Daily,65.03,0.0,0.030000000000001137
2025-04-20,21.7,11.1,True,16.4,GHCN-Daily,61.519999999999996,3.480000000000004,0.0
2025-04-21,13.3,8.3,True,10.8,GHCN-Daily,51.44,13.560000000000002,0.0
2025-04-22,23.9,10.0,True,16.95,GHCN-Daily,62.51,2.490000000000002,0.0
2025-04-23,21.1,10.0,True,15.55,GHCN-Daily,59.99,5.009999999999998,0.0
2025-04-24,23.3,8.3,True,15.8,GHCN-Daily,60.44,4.560000000000002,0.0
2025-04-25,21.7,11.1,True,16.4,GHCN-Daily,61.519999999999996,3.480000000000004,0.0
2025-04-26,20.6,12.2,True,16.4,GHCN-Daily,61.519999999999996,3.480000000000004,0.0
2025-04-27,17.2,9.4,True,13.3,GHCN-Daily,55.94,9.060000000000002,0.0
2025-04-28,23.9,11.7,True,17.799999999999997,GHCN-Daily,64.03999999999999,0.960000000000008,0.0
2025-04-29,20.0,10.0,True,15.0,GHCN-Daily,59.0,6.0,0.0
2025-04-30,25.0,14.4,True,19.7,GHCN-Daily,67.46000000000001,0.0,2.460000000000008
2025-05-01,19.4,10.0,True,14.7,GHCN-Daily,58.46,6.539999999999999,0.0
2025-05-02,25.0,13.3,True,19.15,GHCN-Daily,66.47,0.0,1.4699999999999989
2025-05-03,21.7,12.8,True,17.25,GHCN-Daily,63.05,1.9500000000000028,0.0
2025-05-04,19.4,14.4,True,16.9,GHCN-Daily,62.42,2.5799999999999983,0.0
2025-05-05,18.9,15.0,True,16.95,GHCN-Daily,62.51,2.490000000000002,0.0
2025-05-06,18.3,12.2,True,15.25,GHCN-Daily,59.45,5.549999999999997,0.0
2025-05-07,22.2,12.2,True,17.2,GHCN-Daily,62.96,2.039999999999999,0.0
2025-05-08,23.3,14.4,True,18.85,GHCN-Daily,65.93,0.0,0.9300000000000068
2025-05-09,17.2,12.2,True,14.7,GHCN-Daily,58.46,6.539999999999999,0.0
2025-05-10,23.3,11.1,True,17.2,GHCN-Daily,62.96,2.039999999999999,0.0
2025-05-11,26.1,12.2,True,19.15,GHCN-Daily,66.47,0.0,1.4699999999999989
2025-05-12,21.1,11.1,True,16.1,GHCN-Daily,60.980000000000004,4.019999999999996,0.0
2025-05-13,22.2,15.0,True,18.6,GHCN-Daily,65.48,0.0,0.480000000000004
2025-05-14,18.3,15.6,True,16.95,GHCN-Daily,62.51,2.490000000000002,0.0
2025-05-15,22.2,16.1,True,19.15,GHCN-Daily,66.47,0.0,1.4699999999999989
2025-05-16,21.7,16.1,True,18.9,GHCN-Daily,66.02,0.0,1.019999999999996
2025-05-17,27.8,16.1,True,21.950000000000003,GHCN-Daily,71.51,0.0,6.510000000000005
2025-05-18,25.6,17.2,True,21.4,GHCN-Daily,70.52,0.0,5.519999999999996
2025-05-19,23.3,11.7,True,17.5,GHCN-Daily,63.5,1.5,0.0
2025-05-20,20.6,10.0,True,15.3,GHCN-Daily,59.540000000000006,5.459999999999994,0.0
2025-05-21,14.4,10.0,True,12.2,GHCN-Daily,53.96,11.04,0.0
2025-05-22,12.8,9.4,True,11.100000000000001,GHCN-Daily,51.980000000000004,13.019999999999996,0.0
2025-05-23,19.4,8.9,True,14.149999999999999,GHCN-Daily,57.47,7.530000000000001,0.0
2025-05-24,20.0,10.6,True,15.3,GHCN-Daily,59.540000000000006,5.459999999999994,0.0
2025-05-25,21.1,12.2,True,16.65,GHCN-Daily,61.97,3.030000000000001,0.0
2025-05-26,22.8,12.2,True,17.5,GHCN-Daily,63.5,1.5,0.0
2025-05-27,22.8,12.2,True,17.5,GHCN-Daily,63.5,1.5,0.0
2025-05-28,18.9,12.8,True,15.85,GHCN-Daily,60.53,4.469999999999999,0.0
2025-05-29,21.1,13.9,True,17.5,GHCN-Daily,63.5,1.5,0.0
2025-05-30,22.2,14.4,True,18.3,GHCN-Daily,64.94,0.060000000000002274,0.0
2025-05-31,22.8,12.8,True,17.8,GHCN-Daily,64.03999999999999,0.960000000000008,0.0
2025-06-01,21.1,11.1,True,16.1,GHCN-Daily,60.980000000000004,4.019999999999996,0.0
2025-06-02,22.2,11.1,True,16.65,GHCN-Daily,61.97,3.030000000000001,0.0
2025-06-03,24.4,12.2,True,18.299999999999997,GHCN-Daily,64.94,0.060000000000002274,0.0
2025-06-04,24.4,15.0,True,19.7,GHCN-Daily,67.46000000000001,0.0,2.460000000000008
2025-06-05,27.2,17.8,True,22.5,GHCN-Daily,72.5,0.0,7.5
2025-06-06,27.2,20.0,True,23.6,GHCN-Daily,74.48,0.0,9.480000000000004
2025-06-07,23.9,18.9,True,21.4,GHCN-Daily,70.52,0.0,5.519999999999996
2025-06-08,23.9,17.2,True,20.549999999999997,GHCN-Daily,68.99,0.0,3.989999999999995
2025-06-09,18.9,16.7,True,17.799999999999997,GHCN-Daily,64.03999999999999,0.960000000000008,0.0
2025-06-10,23.9,17.2,True,20.549999999999997,GHCN-Daily,68.99,0.0,3.989999999999995
2025-06-11,28.3,18.3,True,23.3,GHCN-Daily,73.94,0.0,8.939999999999998
2025-06-12,32.2,19.4,True,25.8,GHCN-Daily,78.44,0.0,13.439999999999998
2025-06-13,26.1,18.9,True,22.5,GHCN-Daily,72.5,0.0,7.5
2025-06-14,18.9,15.6,True,17.25,GHCN-Daily,63.05,1.9500000000000028,0.0
2025-06-15,17.2,15.0,True,16.1,GHCN-Daily,60.980000000000004,4.019999999999996,0.0
2025-06-16,21.7,16.1,True,18.9,GHCN-Daily,66.02,0.0,1.019999999999996
2025-06-17,18.9,17.8,True,18.35,GHCN-Daily,65.03,0.0,0.030000000000001137
2025-06-18,27.8,18.3,True,23.05,GHCN-Daily,73.49000000000001,0.0,8.490000000000009
2025-06-19,29.4,20.0,True,24.7,GHCN-Daily,76.46000000000001,0.0,11.460000000000008
2025-06-20,30.0,20.6,True,25.3,GHCN-Daily,77.53999999999999,0.0,12.539999999999992
2025-06-21,30.6,21.1,True,25.85,GHCN-Daily,78.53,0.0,13.530000000000001
2025-06-22,32.8,22.2,True,27.5,GHCN-Daily,81.5,0.0,16.5
2025-06-23,32.2,23.9,True,28.05,GHCN-Daily,82.49000000000001,0.0,17.49000000000001
2025-06-24,38.9,24.4,True,31.65,GHCN-Daily,88.97,0.0,23.97
2025-06-25,38.9,27.2,True,33.05,GHCN-Daily,91.49,0.0,26.489999999999995
2025-06-26,29.4,20.0,True,24.7,GHCN-Daily,76.46000000000001,0.0,11.460000000000008
2025-06-27,22.2,17.8,True,20.0,GHCN-Daily,68.0,0.0,3.0
2025-06-28,27.8,17.8,True,22.8,GHCN-Daily,73.03999999999999,0.0,8.039999999999992
2025-06-29,33.3,23.3,True,28.299999999999997,GHCN-Daily,82.94,0.0,17.939999999999998
2025-06-30,32.2,21.7,True,26.950000000000003,GHCN-Daily,80.51,0.0,15.510000000000005
2025-07-01,32.8,23.3,True,28.049999999999997,GHCN-Daily,82.49,0.0,17.489999999999995
2025-07-02,27.2,22.8,True,25.0,GHCN-Daily,77.0,0.0,12.0
2025-07-03,31.7,22.2,True,26.95,GHCN-Daily,80.50999999999999,0.0,15.509999999999991
2025-07-04,30.6,20.0,True,25.3,GHCN-Daily,77.53999999999999,0.0,12.539999999999992
2025-07-05,30.0,19.4,True,24.7,GHCN-Daily,76.46000000000001,0.0,11.460000000000008
2025-07-06,30.0,21.7,True,25.85,GHCN-Daily,78.53,0.0,13.530000000000001
2025-07-07,30.6,23.9,True,27.25,GHCN-Daily,81.05000000000001,0.0,16.05000000000001
2025-07-08,33.9,23.9,True,28.9,GHCN-Daily,84.02,0.0,19.019999999999996
2025-07-09,31.7,23.9,True,27.799999999999997,GHCN-Daily,82.03999999999999,0.0,17.039999999999992
2025-07-10,27.2,22.8,True,25.0,GHCN-Daily,77.0,0.0,12.0
2025-07-11,28.3,22.2,True,25.25,GHCN-Daily,77.45,0.0,12.450000000000003
2025-07-12,27.8,22.2,True,25.0,GHCN-Daily,77.0,0.0,12.0
2025-07-13,28.3,22.2,True,25.25,GHCN-Daily,77.45,0.0,12.450000000000003
2025-07-14,30.6,23.3,True,26.950000000000003,GHCN-Daily,80.51,0.0,15.510000000000005
2025-07-15,28.3,23.3,True,25.8,GHCN-Daily,78.44,0.0,13.439999999999998
2025-07-16,29.4,25.0,True,27.2,GHCN-Daily,80.96000000000001,0.0,15.960000000000008
2025-07-17,33.3,25.6,True,29.45,GHCN-Daily,85.00999999999999,0.0,20.00999999999999
2025-07-18,29.4,23.9,True,26.65,GHCN-Daily,79.97,0.0,14.969999999999999
2025-07-19,28.9,21.1,True,25.0,GHCN-Daily,77.0,0.0,12.0
2025-07-20,30.6,23.9,True,27.25,GHCN-Daily,81.05000000000001,0.0,16.05000000000001
2025-07-21,30.6,22.2,True,26.4,GHCN-Daily,79.52,0.0,14.519999999999996
2025-07-22,29.4,20.0,True,24.7,GHCN-Daily,76.46000000000001,0.0,11.460000000000008
2025-07-23,27.8,18.9,True,23.35,GHCN-Daily,74.03,0.0,9.030000000000001
2025-07-24,29.4,21.1,True,25.25,GHCN-Daily,77.45,0.0,12.450000000000003
2025-07-25,33.9,23.3,True,28.6,GHCN-Daily,83.48,0.0,18.480000000000004
2025-07-26,29.4,23.9,True,26.65,GHCN-Daily,79.97,0.0,14.969999999999999
2025-07-27,29.4,22.2,True,25.799999999999997,GHCN-Daily,78.44,0.0,13.439999999999998
2025-07-28,33.9,22.8,True,28.35,GHCN-Daily,83.03,0.0,18.03
2025-07-29,35.6,23.9,True,29.75,GHCN-Daily,85.55000000000001,0.0,20.55000000000001
2025-07-30,35.0,26.7,True,30.85,GHCN-Daily,87.53,0.0,22.53
2025-07-31,32.8,19.4,True,26.099999999999998,GHCN-Daily,78.97999999999999,0.0,13.97999999999999
2025-08-01,23.3,18.3,True,20.8,GHCN-Daily,69.44,0.0,4.439999999999998
2025-08-02,26.7,16.7,True,21.7,GHCN-Daily,71.06,0.0,6.060000000000002
2025-08-03,28.3,17.2,True,22.75,GHCN-Daily,72.95,0.0,7.950000000000003
2025-08-04,30.0,18.9,True,24.45,GHCN-Daily,76.00999999999999,0.0,11.009999999999991
2025-08-05,29.4,20.0,True,24.7,GHCN-Daily,76.46000000000001,0.0,11.460000000000008
2025-08-06,26.7,19.4,True,23.049999999999997,GHCN-Daily,73.49,0.0,8.489999999999995
2025-08-07,26.1,17.8,True,21.950000000000003,GHCN-Daily,71.51,0.0,6.510000000000005
2025-08-08,25.6,15.6,True,20.6,GHCN-Daily,69.08000000000001,0.0,4.0800000000000125
2025-08-09,27.8,14.4,True,21.1,GHCN-Daily,69.98,0.0,4.980000000000004
2025-08-10,29.4,18.9,True,24.15,GHCN-Daily,75.47,0.0,10.469999999999999
2025-08-11,30.0,20.0,True,25.0,GHCN-Daily,77.0,0.0,12.0
2025-08-12,29.4,20.0,True,24.7,GHCN-Daily,76.46000000000001,0.0,11.460000000000008
2025-08-13,29.4,22.2,True,25.799999999999997,GHCN-Daily,78.44,0.0,13.439999999999998
2025-08-14,30.0,23.3,True,26.65,GHCN-Daily,79.97,0.0,14.969999999999999
2025-08-15,29.4,23.3,True,26.35,GHCN-Daily,79.43,0.0,14.430000000000007
2025-08-16,27.2,23.3,True,25.25,GHCN-Daily,77.45,0.0,12.450000000000003
2025-08-17,29.4,22.2,True,25.799999999999997,GHCN-Daily,78.44,0.0,13.439999999999998
2025-08-18,25.6,17.8,True,21.700000000000003,GHCN-Daily,71.06,0.0,6.060000000000002
2025-08-19,23.9,16.7,True,20.299999999999997,GHCN-Daily,68.53999999999999,0.0,3.539999999999992
2025-08-20,21.1,16.1,True,18.6,GHCN-Daily,65.48,0.0,0.480000000000004
2025-08-21,23.9,16.1,True,20.0,GHCN-Daily,68.0,0.0,3.0
2025-08-22,27.8,15.6,True,21.7,GHCN-Daily,71.06,0.0,6.060000000000002
2025-08-23,26.1,18.3,True,22.200000000000003,GHCN-Daily,71.96000000000001,0.0,6.960000000000008
2025-08-24,26.7,20.0,True,23.35,GHCN-Daily,74.03,0.0,9.030000000000001
2025-08-25,30.0,20.0,True,25.0,GHCN-Daily,77.0,0.0,12.0
2025-08-26,25.6,17.2,True,21.4,GHCN-Daily,70.52,0.0,5.519999999999996
2025-08-27,25.0,17.2,True,21.1,GHCN-Daily,69.98,0.0,4.980000000000004
2025-08-28,25.0,15.6,True,20.3,GHCN-Daily,68.53999999999999,0.0,3.539999999999992
2025-08-29,25.6,18.3,True,21.950000000000003,GHCN-Daily,71.51,0.0,6.510000000000005
2025-08-30,25.0,14.4,True,19.7,GHCN-Daily,67.46000000000001,0.0,2.460000000000008
2025-08-31,25.0,15.0,True,20.0,GHCN-Daily,68.0,0.0,3.0
2025-09-01,26.1,15.0,True,20.55,GHCN-Daily,68.99000000000001,0.0,3.990000000000009
2025-09-02,24.4,15.0,True,19.7,GHCN-Daily,67.46000000000001,0.0,2.460000000000008
2025-09-03,23.9,15.0,True,19.45,GHCN-Daily,67.00999999999999,0.0,2.009999999999991
2025-09-04,25.0,17.2,True,21.1,GHCN-Daily,69.98,0.0,4.980000000000004
2025-09-05,27.2,18.9,True,23.049999999999997,GHCN-Daily,73.49,0.0,8.489999999999995
2025-09-06,27.2,18.3,True,22.75,GHCN-Daily,72.95,0.0,7.950000000000003
2025-09-07,20.6,15.6,True,18.1,GHCN-Daily,64.58000000000001,0.4199999999999875,0.0
2025-09-08,23.3,13.3,True,18.3,GHCN-Daily,64.94,0.060000000000002274,0.0
2025-09-09,23.3,12.8,True,18.05,GHCN-Daily,64.49000000000001,0.5099999999999909,0.0
2025-09-10,22.8,16.1,True,19.450000000000003,GHCN-Daily,67.01,0.0,2.010000000000005
2025-09-11,26.7,15.0,True,20.85,GHCN-Daily,69.53,0.0,4.530000000000001
2025-09-12,25.6,16.1,True,20.85,GHCN-Daily,69.53,0.0,4.530000000000001
2025-09-13,23.9,15.6,True,19.75,GHCN-Daily,67.55000000000001,0.0,2.5500000000000114
2025-09-14,26.1,17.2,True,21.65,GHCN-Daily,70.97,0.0,5.969999999999999
2025-09-15,27.2,17.2,True,22.2,GHCN-Daily,71.96000000000001,0.0,6.960000000000008
2025-09-16,24.4,17.2,True,20.799999999999997,GHCN-Daily,69.44,0.0,4.439999999999998
2025-09-17,22.2,17.2,True,19.7,GHCN-Daily,67.46000000000001,0.0,2.460000000000008
2025-09-18,26.1,18.3,True,22.200000000000003,GHCN-Daily,71.96000000000001,0.0,6.960000000000008
2025-09-19,30.0,18.9,True,24.45,GHCN-Daily,76.00999999999999,0.0,11.009999999999991
2025-09-20,23.3,14.4,True,18.85,GHCN-Daily,65.93,0.0,0.9300000000000068
2025-09-21,21.1,12.8,True,16.950000000000003,GHCN-Daily,62.510000000000005,2.489999999999995,0.0
2025-09-22,21.7,11.1,True,16.4,GHCN-Daily,61.519999999999996,3.480000000000004,0.0
2025-09-23,25.6,18.3,True,21.950000000000003,GHCN-Daily,71.51,0.0,6.510000000000005
2025-09-24,25.6,20.0,True,22.8,GHCN-Daily,73.03999999999999,0.0,8.039999999999992
2025-09-25,23.9,21.1,True,22.5,GHCN-Daily,72.5,0.0,7.5
2025-09-26,27.8,20.0,True,23.9,GHCN-Daily,75.02,0.0,10.019999999999996
2025-09-27,24.4,18.3,True,21.35,GHCN-Daily,70.43,0.0,5.430000000000007
2025-09-28,26.1,18.3,True,22.200000000000003,GHCN-Daily,71.96000000000001,0.0,6.960000000000008
2025-09-29,25.6,18.9,True,22.25,GHCN-Daily,72.05000000000001,0.0,7.050000000000011
2025-09-30,27.2,17.8,True,22.5,GHCN-Daily,72.5,0.0,7.5
2025-10-01,21.1,12.8,True,16.950000000000003,GHCN-Daily,62.510000000000005,2.489999999999995,0.0
2025-10-02,18.9,11.1,True,15.0,GHCN-Daily,59.0,6.0,0.0
2025-10-03,20.6,10.6,True,15.600000000000001,GHCN-Daily,60.08,4.920000000000002,0.0
2025-10-04,25.6,13.9,True,19.75,GHCN-Daily,67.55000000000001,0.0,2.5500000000000114
2025-10-05,26.1,15.6,True,20.85,GHCN-Daily,69.53,0.0,4.530000000000001
2025-10-06,23.9,16.1,True,20.0,GHCN-Daily,68.0,0.0,3.0
2025-10-07,25.0,17.8,True,21.4,GHCN-Daily,70.52,0.0,5.519999999999996
2025-10-08,22.2,13.9,True,18.05,GHCN-Daily,64.49000000000001,0.5099999999999909,0.0
2025-10-09,15.6,7.8,True,11.7,GHCN-Daily,53.06,11.939999999999998,0.0
2025-10-10,17.2,6.1,True,11.649999999999999,GHCN-Daily,52.97,12.030000000000001,0.0
2025-10-11,19.4,14.4,True,16.9,GHCN-Daily,62.42,2.5799999999999983,0.0
2025-10-12,17.8,13.3,True,15.55,GHCN-Daily,59.99,5.009999999999998,0.0
2025-10-13,15.6,12.8,True,14.2,GHCN-Daily,57.56,7.439999999999998,0.0
2025-10-14,16.7,12.2,True,14.45,GHCN-Daily,58.01,6.990000000000002,0.0
2025-10-15,21.1,11.7,True,16.4,GHCN-Daily,61.519999999999996,3.480000000000004,0.0
2025-10-16,16.7,7.8,True,12.25,GHCN-Daily,54.05,10.950000000000003,0.0
2025-10-17,17.8,8.3,True,13.05,GHCN-Daily,55.49,9.509999999999998,0.0
2025-10-18,18.3,8.3,True,13.3,GHCN-Daily,55.94,9.060000000000002,0.0
2025-10-19,21.1,10.0,True,15.55,GHCN-Daily,59.99,5.009999999999998,0.0
2025-10-20,20.0,12.8,True,16.4,GHCN-Daily,61.519999999999996,3.480000000000004,0.0
2025-10-21,18.9,10.6,True,14.75,GHCN-Daily,58.55,6.450000000000003,0.0
2025-10-22,18.3,12.8,True,15.55,GHCN-Daily,59.99,5.009999999999998,0.0
2025-10-23,17.2,10.6,True,13.899999999999999,GHCN-Daily,57.019999999999996,7.980000000000004,0.0
2025-10-24,16.1,8.3,True,12.200000000000001,GHCN-Daily,53.96,11.04,0.0
2025-10-25,15.6,7.2,True,11.4,GHCN-Daily,52.519999999999996,12.480000000000004,0.0
2025-10-26,15.6,7.2,True,11.4,GHCN-Daily,52.519999999999996,12.480000000000004,0.0
2025-10-27,13.9,5.6,True,9.75,GHCN-Daily,49.55,15.450000000000003,0.0
2025-10-28,11.7,6.1,True,8.899999999999999,GHCN-Daily,48.019999999999996,16.980000000000004,0.0
2025-10-29,13.3,9.4,True,11.350000000000001,GHCN-Daily,52.43000000000001,12.569999999999993,0.0
2025-10-30,17.2,10.6,True,13.899999999999999,GHCN-Daily,57.019999999999996,7.980000000000004,0.0
2025-10-31,15.0,11.1,True,13.05,GHCN-Daily,55.49,9.509999999999998,0.0
2025-11-01,15.6,7.8,True,11.7,GHCN-Daily,53.06,11.939999999999998,0.0
2025-11-02,14.4,3.9,True,9.15,GHCN-Daily,48.47,16.53,0.0
2025-11-03,16.1,8.3,True,12.200000000000001,GHCN-Daily,53.96,11.04,0.0
2025-11-04,16.1,8.3,True,12.200000000000001,GHCN-Daily,53.96,11.04,0.0
2025-11-05,17.2,5.6,True,11.399999999999999,GHCN-Daily,52.519999999999996,12.480000000000004,0.0
2025-11-06,13.9,5.6,True,9.75,GHCN-Daily,49.55,15.450000000000003,0.0
2025-11-07,15.6,1.7,True,8.65,GHCN-Daily,47.57,17.43,0.0
2025-11-08,19.4,11.1,True,15.25,GHCN-Daily,59.45,5.549999999999997,0.0
2025-11-09,16.7,10.0,True,13.35,GHCN-Daily,56.03,8.969999999999999,0.0
2025-11-10,15.0,1.7,True,8.35,GHCN-Daily,47.03,17.97,0.0
2025-11-11,5.6,0.6,True,3.0999999999999996,GHCN-Daily,37.58,27.42,0.0
2025-11-12,10.6,3.9,True,7.25,GHCN-Daily,45.05,19.950000000000003,0.0
2025-11-13,11.1,6.7,True,8.9,GHCN-Daily,48.019999999999996,16.980000000000004,0.0
2025-11-14,11.1,4.4,True,7.75,GHCN-Daily,45.95,19.049999999999997,0.0
2025-11-15,12.2,1.7,True,6.949999999999999,GHCN-Daily,44.51,20.490000000000002,0.0
2025-11-16,14.4,5.6,True,10.0,GHCN-Daily,50.0,15.0,0.0
2025-11-17,7.2,2.8,True,5.0,GHCN-Daily,41.0,24.0,0.0
2025-11-18,8.3,2.8,True,5.550000000000001,GHCN-Daily,41.99,23.009999999999998,0.0
2025-11-19,7.8,2.8,True,5.3,GHCN-Daily,41.54,23.46,0.0
2025-11-20,8.3,1.7,True,5.0,GHCN-Daily,41.0,24.0,0.0
2025-11-21,11.1,3.9,True,7.5,GHCN-Daily,45.5,19.5,0.0
2025-11-22,10.6,3.9,True,7.25,GHCN-Daily,45.05,19.950000000000003,0.0
2025-11-23,10.0,0.0,True,5.0,GHCN-Daily,41.0,24.0,0.0
2025-11-24,11.7,5.0,True,8.35,GHCN-Daily,47.03,17.97,0.0
2025-11-25,13.9,4.4,True,9.15,GHCN-Daily,48.47,16.53,0.0
2025-11-26,15.0,10.0,True,12.5,GHCN-Daily,54.5,10.5,0.0
2025-11-27,10.0,2.2,True,6.1,GHCN-Daily,42.980000000000004,22.019999999999996,0.0
2025-11-28,6.7,0.6,True,3.65,GHCN-Daily,38.57,26.43,0.0
2025-11-29,6.1,0.6,True,3.3499999999999996,GHCN-Daily,38.03,26.97,0.0
2025-11-30,8.9,0.0,True,4.45,GHCN-Daily,40.01,24.990000000000002,0.0
2025-12-01,6.7,-1.1,True,2.8,GHCN-Daily,37.04,27.96,0.0
2025-12-02,7.2,-1.1,True,3.05,GHCN-Daily,37.49,27.509999999999998,0.0
2025-12-03,5.0,-0.6,True,2.2,GHCN-Daily,35.96,29.04,0.0
2025-12-04,6.1,-4.4,True,0.8499999999999996,GHCN-Daily,33.53,31.47,0.0
2025-12-05,1.1,-6.7,True,-2.8,GHCN-Daily,26.96,38.04,0.0
2025-12-06,5.6,0.6,True,3.0999999999999996,GHCN-Daily,37.58,27.42,0.0
2025-12-07,6.1,-1.7,True,2.1999999999999997,GHCN-Daily,35.96,29.04,0.0
2025-12-08,3.9,-5.6,True,-0.8499999999999999,GHCN-Daily,30.47,34.53,0.0
2025-12-09,2.2,-7.8,True,-2.8,GHCN-Daily,26.96,38.04,0.0
2025-12-10,7.8,0.0,True,3.9,GHCN-Daily,39.019999999999996,25.980000000000004,0.0
2025-12-11,4.4,-2.2,True,1.1,GHCN-Daily,33.98,31.020000000000003,0.0
2025-12-12,2.2,-3.9,True,-0.8499999999999999,GHCN-Daily,30.47,34.53,0.0
2025-12-13,6.1,-3.9,True,1.0999999999999999,GHCN-Daily,33.98,31.020000000000003,0.0
2025-12-14,0.6,-6.7,True,-3.0500000000000003,GHCN-Daily,26.509999999999998,38.49,0.0
2025-12-15,-1.7,-7.2,True,-4.45,GHCN-Daily,23.990000000000002,41.01,0.0
2025-12-16,-1.1,-4.4,True,-2.75,GHCN-Daily,27.05,37.95,0.0
2025-12-17,6.1,-2.8,True,1.65,GHCN-Daily,34.97,30.03,0.0
2025-12-18,10.0,-1.7,True,4.15,GHCN-Daily,39.47,25.53,0.0
2025-12-19,13.9,0.0,True,6.95,GHCN-Daily,44.51,20.490000000000002,0.0
2025-12-20,3.3,-2.2,True,0.5499999999999998,GHCN-Daily,32.99,32.01,0.0
2025-12-21,8.9,-1.7,True,3.6,GHCN-Daily,38.480000000000004,26.519999999999996,0.0
2025-12-22,3.9,-3.3,True,0.30000000000000004,GHCN-Daily,32.54,32.46,0.0
2025-12-23,4.4,1.7,True,3.0500000000000003,GHCN-Daily,37.49,27.509999999999998,0.0
2025-12-24,8.3,0.0,True,4.15,GHCN-Daily,39.47,25.53,0.0
2025-12-25,9.4,-2.8,True,3.3000000000000003,GHCN-Daily,37.94,27.060000000000002,0.0
2025-12-26,-2.2,-6.7,True,-4.45,GHCN-Daily,23.990000000000002,41.01,0.0
2025-12-27,-1.1,-4.4,True,-2.75,GHCN-Daily,27.05,37.95,0.0
2025-12-28,3.9,-6.1,True,-1.0999999999999999,GHCN-Daily,30.02,34.980000000000004,0.0
2025-12-29,8.9,0.0,True,4.45,GHCN-Daily,40.01,24.990000000000002,0.0
2025-12-30,1.7,-2.8,True,-0.5499999999999999,GHCN-Daily,31.01,33.989999999999995,0.0
2025-12-31,1.1,-2.8,True,-0.8499999999999999,GHCN-Daily,30.47,34.53,0.0
2026-01-01,2.2,-6.1,True,-1.9499999999999997,GHCN-Daily,28.490000000000002,36.51,0.0
2026-01-02,-1.1,-6.1,True,-3.5999999999999996,GHCN-Daily,25.52,39.480000000000004,0.0
2026-01-03,-1.1,-5.0,True,-3.05,GHCN-Daily,26.509999999999998,38.49,0.0
2026-01-04,2.2,-3.3,True,-0.5499999999999998,GHCN-Daily,31.01,33.989999999999995,0.0
2026-01-05,2.8,-4.4,True,-0.8000000000000003,GHCN-Daily,30.56,34.44,0.0
2026-01-06,5.6,-0.6,True,2.5,GHCN-Daily,36.5,28.5,0.0
2026-01-07,11.1,2.8,True,6.949999999999999,GHCN-Daily,44.51,20.490000000000002,0.0
2026-01-08,11.1,0.6,True,5.85,GHCN-Daily,42.53,22.47,0.0
2026-01-09,12.2,0.0,True,6.1,GHCN-Daily,42.980000000000004,22.019999999999996,0.0
2026-01-10,11.7,4.4,True,8.05,GHCN-Daily,46.49,18.509999999999998,0.0
2026-01-11,9.4,1.1,True,5.25,GHCN-Daily,41.45,23.549999999999997,0.0
2026-01-12,5.0,-0.6,True,2.2,GHCN-Daily,35.96,29.04,0.0
2026-01-13,7.8,-0.6,True,3.6,GHCN-Daily,38.480000000000004,26.519999999999996,0.0
2026-01-14,7.8,3.9,True,5.85,GHCN-Daily,42.53,22.47,0.0
2026-01-15,6.1,-4.4,True,0.8499999999999996,GHCN-Daily,33.53,31.47,0.0
2026-01-16,1.7,-5.6,True,-1.9499999999999997,GHCN-Daily,28.490000000000002,36.51,0.0
2026-01-17,4.4,-2.2,True,1.1,GHCN-Daily,33.98,31.020000000000003,0.0
2026-01-18,1.1,-1.7,True,-0.29999999999999993,GHCN-Daily,31.46,33.54,0.0
2026-01-19,0.0,-5.0,True,-2.5,GHCN-Daily,27.5,37.5,0.0
2026-01-20,-2.8,-8.3,True,-5.550000000000001,GHCN-Daily,22.009999999999998,42.99,0.0
2026-01-21,3.3,-8.9,True,-2.8000000000000003,GHCN-Daily,26.96,38.04,0.0
2026-01-22,8.9,1.7,True,5.3,GHCN-Daily,41.54,23.46,0.0
2026-01-23,3.9,-10.0,True,-3.05,GHCN-Daily,26.509999999999998,38.49,0.0
2026-01-24,-7.8,-12.2,True,-10.0,GHCN-Daily,14.0,51.0,0.0
2026-01-25,-4.4,-11.1,True,-7.75,GHCN-Daily,18.049999999999997,46.95,0.0
2026-01-26,-2.8,-8.3,True,-5.550000000000001,GHCN-Daily,22.009999999999998,42.99,0.0
2026-01-27,-5.6,-9.4,True,-7.5,GHCN-Daily,18.5,46.5,0.0
2026-01-28,-5.6,-9.4,True,-7.5,GHCN-Daily,18.5,46.5,0.0
2026-01-29,-5.6,-11.1,True,-8.35,GHCN-Daily,16.97,48.03,0.0
2026-01-30,-7.8,-12.8,True,-10.3,GHCN-Daily,13.459999999999997,51.540000000000006,0.0
2026-01-31,-5.6,-12.8,True,-9.2,GHCN-Daily,15.440000000000001,49.56,0.0
2026-02-01,-4.4,-11.7,True,-8.05,GHCN-Daily,17.509999999999998,47.49,0.0
2026-02-02,1.7,-10.0,True,-4.15,GHCN-Daily,24.53,40.47,0.0
2026-02-03,0.6,-6.7,True,-3.0500000000000003,GHCN-Daily,26.509999999999998,38.49,0.0
2026-02-04,0.0,-3.9,True,-1.95,GHCN-Daily,28.490000000000002,36.51,0.0
2026-02-05,0.0,-7.2,True,-3.6,GHCN-Daily,25.52,39.480000000000004,0.0
2026-02-06,-0.6,-7.8,True,-4.2,GHCN-Daily,24.439999999999998,40.56,0.0
2026-02-07,-2.2,-14.4,True,-8.3,GHCN-Daily,17.06,47.94,0.0
2026-02-08,-7.8,-16.1,True,-11.950000000000001,GHCN-Daily,10.489999999999998,54.510000000000005,0.0
2026-02-09,-0.6,-12.8,True,-6.7,GHCN-Daily,19.939999999999998,45.06,0.0
2026-02-10,2.2,-6.1,True,-1.9499999999999997,GHCN-Daily,28.490000000000002,36.51,0.0
2026-02-11,5.0,-2.8,True,1.1,GHCN-Daily,33.98,31.020000000000003,0.0
2026-02-12,1.7,-2.8,True,-0.5499999999999999,GHCN-Daily,31.01,33.989999999999995,0.0
2026-02-13,2.8,-6.1,True,-1.65,GHCN-Daily,29.03,35.97,0.0
2026-02-14,7.2,-4.4,True,1.4,GHCN-Daily,34.52,30.479999999999997,0.0
2026-02-15,4.4,-2.8,True,0.8000000000000003,GHCN-Daily,33.44,31.560000000000002,0.0
2026-02-16,3.3,-1.7,True,0.7999999999999999,GHCN-Daily,33.44,31.560000000000002,0.0
2026-02-17,4.4,-1.1,True,1.6500000000000001,GHCN-Daily,34.97,30.03,0.0
2026-02-18,3.9,0.0,True,1.95,GHCN-Daily,35.51,29.490000000000002,0.0
2026-02-19,4.4,1.7,True,3.0500000000000003,GHCN-Daily,37.49,27.509999999999998,0.0
2026-02-20,5.6,1.7,True,3.65,GHCN-Daily,38.57,26.43,0.0
2026-02-21,8.9,1.1,True,5.0,GHCN-Daily,41.0,24.0,0.0
2026-02-22,4.4,-1.1,True,1.6500000000000001,GHCN-Daily,34.97,30.03,0.0
2026-02-23,1.7,-1.7,True,0.0,GHCN-Daily,32.0,33.0,0.0
2026-02-24,-0.6,-5.6,True,-3.0999999999999996,GHCN-Daily,26.42,38.58,0.0
2026-02-25,3.3,-4.4,True,-0.5500000000000003,GHCN-Daily,31.009999999999998,33.99,0.0
2026-02-26,6.7,-1.1,True,2.8,GHCN-Daily,37.04,27.96,0.0
2026-02-27,3.3,-3.9,True,-0.30000000000000004,GHCN-Daily,31.46,33.54,0.0
2026-02-28,9.4,-2.2,True,3.6,GHCN-Daily,38.480000000000004,26.519999999999996,0.0
2026-03-01,5.6,-1.7,True,1.9499999999999997,GHCN-Daily,35.51,29.490000000000002,0.0
2026-03-02,-0.6,-6.1,True,-3.3499999999999996,GHCN-Daily,25.97,39.03,0.0
2026-03-03,2.2,-2.8,True,-0.2999999999999998,GHCN-Daily,31.46,33.54,0.0
2026-03-04,7.2,1.7,True,4.45,GHCN-Daily,40.01,24.990000000000002,0.0
2026-03-05,6.1,3.3,True,4.699999999999999,GHCN-Daily,40.46,24.54,0.0
2026-03-06,5.6,2.8,True,4.199999999999999,GHCN-Daily,39.56,25.439999999999998,0.0
2026-03-07,6.7,2.8,True,4.75,GHCN-Daily,40.55,24.450000000000003,0.0
2026-03-08,19.4,5.0,True,12.2,GHCN-Daily,53.96,11.04,0.0
2026-03-09,19.4,3.9,True,11.649999999999999,GHCN-Daily,52.97,12.030000000000001,0.0
2026-03-10,17.8,3.3,True,10.55,GHCN-Daily,50.99,14.009999999999998,0.0
2026-03-11,15.0,6.7,True,10.85,GHCN-Daily,51.53,13.469999999999999,0.0
2026-03-12,13.3,1.1,True,7.2,GHCN-Daily,44.96,20.04,0.0
2026-03-13,5.0,-0.6,True,2.2,GHCN-Daily,35.96,29.04,0.0
2026-03-14,11.7,1.1,True,6.3999999999999995,GHCN-Daily,43.519999999999996,21.480000000000004,0.0
2026-03-15,7.8,1.7,True,4.75,GHCN-Daily,40.55,24.450000000000003,0.0
2026-03-16,11.1,7.2,True,9.15,GHCN-Daily,48.47,16.53,0.0
2026-03-17,8.3,0.0,True,4.15,GHCN-Daily,39.47,25.53,0.0
2026-03-18,1.7,-3.9,True,-1.1,GHCN-Daily,30.02,34.980000000000004,0.0
2026-03-19,4.4,-0.6,True,1.9000000000000001,GHCN-Daily,35.42,29.58,0.0
2026-03-20,9.4,1.1,True,5.25,GHCN-Daily,41.45,23.549999999999997,0.0
2026-03-21,14.4,4.4,True,9.4,GHCN-Daily,48.92,16.08,0.0
2026-03-22,12.8,5.0,True,8.9,GHCN-Daily,48.019999999999996,16.980000000000004,0.0
2026-03-23,10.0,1.7,True,5.85,GHCN-Daily,42.53,22.47,0.0
2026-03-24,7.8,-0.6,True,3.6,GHCN-Daily,38.480000000000004,26.519999999999996,0.0
2026-03-25,9.4,1.1,True,5.25,GHCN-Daily,41.45,23.549999999999997,0.0
2026-03-26,18.3,5.6,True,11.95,GHCN-Daily,53.51,11.490000000000002,0.0
2026-03-27,16.1,3.9,True,10.0,GHCN-Daily,50.0,15.0,0.0
2026-03-28,7.2,0.0,True,3.6,GHCN-Daily,38.480000000000004,26.519999999999996,0.0
2026-03-29,9.4,-1.7,True,3.85,GHCN-Daily,38.93,26.07,0.0
2026-03-30,18.3,5.6,True,11.95,GHCN-Daily,53.51,11.490000000000002,0.0
2026-03-31,20.0,8.9,True,14.45,GHCN-Daily,58.01,6.990000000000002,0.0
2026-04-01,25.6,10.0,True,17.8,GHCN-Daily,64.03999999999999,0.960000000000008,0.0
2026-04-02,11.1,5.0,True,8.05,GHCN-Daily,46.49,18.509999999999998,0.0
2026-04-03,14.4,5.0,True,9.7,GHCN-Daily,49.46,15.54,0.0
2026-04-04,21.1,5.0,True,13.05,GHCN-Daily,55.49,9.509999999999998,0.0
2026-04-05,13.9,5.6,True,9.75,GHCN-Daily,49.55,15.450000000000003,0.0
2026-04-06,13.9,5.0,True,9.45,GHCN-Daily,49.01,15.990000000000002,0.0
2026-04-07,13.3,0.6,True,6.95,GHCN-Daily,44.51,20.490000000000002,0.0
2026-04-08,7.2,-1.1,True,3.05,GHCN-Daily,37.49,27.509999999999998,0.0
2026-04-09,8.3,0.0,True,4.15,GHCN-Daily,39.47,25.53,0.0
2026-04-10,11.1,3.9,True,7.5,GHCN-Daily,45.5,19.5,0.0
2026-04-11,17.8,8.3,True,13.05,GHCN-Daily,55.49,9.509999999999998,0.0
2026-04-12,11.1,5.0,True,8.05,GHCN-Daily,46.49,18.509999999999998,0.0
2026-04-13,23.9,7.8,True,15.85,GHCN-Daily,60.53,4.469999999999999,0.0
2026-04-14,26.7,12.8,True,19.75,GHCN-Daily,67.55000000000001,0.0,2.5500000000000114
2026-04-15,26.1,15.6,True,20.85,GHCN-Daily,69.53,0.0,4.530000000000001
2026-04-16,26.7,13.9,True,20.3,GHCN-Daily,68.53999999999999,0.0,3.539999999999992
2026-04-17,26.1,11.1,True,18.6,GHCN-Daily,65.48,0.0,0.480000000000004
2026-04-18,16.7,8.3,True,12.5,GHCN-Daily,54.5,10.5,0.0
2026-04-19,12.2,5.0,True,8.6,GHCN-Daily,47.480000000000004,17.519999999999996,0.0
2026-04-20,12.2,2.2,True,7.199999999999999,GHCN-Daily,44.96,20.04,0.0
2026-04-21,9.4,1.1,True,5.25,GHCN-Daily,41.45,23.549999999999997,0.0
2026-04-22,11.1,7.2,True,9.15,GHCN-Daily,48.47,16.53,0.0
2026-04-23,23.9,5.6,True,14.75,GHCN-Daily,58.55,6.450000000000003,0.0
2026-04-24,18.9,8.9,True,13.899999999999999,GHCN-Daily,57.019999999999996,7.980000000000004,0.0
2026-04-25,10.0,5.0,True,7.5,GHCN-Daily,45.5,19.5,0.0
2026-04-26,14.4,5.0,True,9.7,GHCN-Daily,49.46,15.54,0.0
2026-04-27,18.9,5.6,True,12.25,GHCN-Daily,54.05,10.950000000000003,0.0
2026-04-28,16.7,7.2,True,11.95,GHCN-Daily,53.51,11.490000000000002,0.0
2026-04-29,14.4,8.9,True,11.65,GHCN-Daily,52.97,12.030000000000001,0.0
2026-04-30,15.6,8.3,True,11.95,GHCN-Daily,53.51,11.490000000000002,0.0
2026-05-01,16.7,8.3,True,12.5,GHCN-Daily,54.5,10.5,0.0
2026-05-02,17.8,10.6,True,14.2,GHCN-Daily,57.56,7.439999999999998,0.0
2026-05-03,15.6,7.8,True,11.7,GHCN-Daily,53.06,11.939999999999998,0.0
2026-05-04,18.9,10.0,True,14.45,GHCN-Daily,58.01,6.990000000000002,0.0
2026-05-05,18.9,11.1,True,15.0,GHCN-Daily,59.0,6.0,0.0
2026-05-06,15.6,12.2,True,13.899999999999999,GHCN-Daily,57.019999999999996,7.980000000000004,0.0
2026-05-07,18.9,10.0,True,14.45,GHCN-Daily,58.01,6.990000000000002,0.0
2026-05-08,18.9,8.9,True,13.899999999999999,GHCN-Daily,57.019999999999996,7.980000000000004,0.0
2026-05-09,16.1,10.6,True,13.350000000000001,GHCN-Daily,56.03,8.969999999999999,0.0
2026-05-10,18.3,10.6,True,14.45,GHCN-Daily,58.01,6.990000000000002,0.0
2026-05-11,17.2,9.4,True,13.3,GHCN-Daily,55.94,9.060000000000002,0.0
2026-05-12,18.3,7.8,True,13.05,GHCN-Daily,55.49,9.509999999999998,0.0
2026-05-13,18.9,9.4,True,14.149999999999999,GHCN-Daily,57.47,7.530000000000001,0.0
2026-05-14,18.9,11.7,True,15.299999999999999,GHCN-Daily,59.54,5.460000000000001,0.0
2026-05-15,20.0,10.0,True,15.0,GHCN-Daily,59.0,6.0,0.0
2026-05-16,21.7,10.0,True,15.85,GHCN-Daily,60.53,4.469999999999999,0.0
2026-05-17,29.4,15.0,True,22.2,GHCN-Daily,71.96000000000001,0.0,6.960000000000008
2026-05-18,26.7,16.7,True,21.7,GHCN-Daily,71.06,0.0,6.060000000000002
2026-05-19,26.7,16.1,True,21.4,GHCN-Daily,70.52,0.0,5.519999999999996
2026-05-20,33.9,17.8,True,25.85,GHCN-Daily,78.53,0.0,13.530000000000001
2026-05-21,20.0,13.3,True,16.65,GHCN-Daily,61.97,3.030000000000001,0.0
2026-05-22,19.4,13.3,True,16.35,GHCN-Daily,61.43000000000001,3.569999999999993,0.0
2026-05-23,14.4,10.0,True,12.2,GHCN-Daily,53.96,11.04,0.0
2026-05-24,14.4,10.6,True,12.5,GHCN-Daily,54.5,10.5,0.0
2026-05-25,20.6,13.3,True,16.950000000000003,GHCN-Daily,62.510000000000005,2.489999999999995,0.0
2026-05-26,25.0,15.0,True,20.0,GHCN-Daily,68.0,0.0,3.0
2026-05-27,26.7,16.7,True,21.7,GHCN-Daily,71.06,0.0,6.060000000000002
2026-05-28,25.0,16.1,True,20.55,GHCN-Daily,68.99000000000001,0.0,3.990000000000009
2026-05-29,24.4,14.4,True,19.4,GHCN-Daily,66.92,0.0,1.9200000000000017
2026-05-30,19.4,8.3,True,13.85,GHCN-Daily,56.93,8.07,0.0
2026-05-31,25.0,8.9,True,16.95,GHCN-Daily,62.51,2.490000000000002,0.0
2026-06-01,22.2,10.6,True,16.4,GHCN-Daily,61.519999999999996,3.480000000000004,0.0
2026-06-02,26.1,10.0,True,18.05,GHCN-Daily,64.49000000000001,0.5099999999999909,0.0
2026-06-03,28.3,16.1,True,22.200000000000003,GHCN-Daily,71.96000000000001,0.0,6.960000000000008
2026-06-04,29.4,15.0,True,22.2,GHCN-Daily,71.96000000000001,0.0,6.960000000000008
2026-06-05,30.0,15.0,True,22.5,GHCN-Daily,72.5,0.0,7.5
2026-06-06,29.4,18.9,True,24.15,GHCN-Daily,75.47,0.0,10.469999999999999
2026-06-07,30.0,18.9,True,24.45,GHCN-Daily,76.00999999999999,0.0,11.009999999999991
2026-06-08,22.8,16.1,True,19.450000000000003,GHCN-Daily,67.01,0.0,2.010000000000005
2026-06-09,23.9,15.0,True,19.45,GHCN-Daily,67.00999999999999,0.0,2.009999999999991
2026-06-10,25.0,17.8,True,21.4,GHCN-Daily,70.52,0.0,5.519999999999996
2026-06-11,35.0,20.6,True,27.8,GHCN-Daily,82.03999999999999,0.0,17.039999999999992
2026-06-12,35.6,22.8,True,29.200000000000003,GHCN-Daily,84.56,0.0,19.560000000000002
2026-06-13,29.4,21.1,True,25.25,GHCN-Daily,77.45,0.0,12.450000000000003
2026-06-14,30.0,20.0,True,25.0,GHCN-Daily,77.0,0.0,12.0
2026-06-15,25.6,17.8,True,21.700000000000003,GHCN-Daily,71.06,0.0,6.060000000000002
2026-06-16,23.9,14.4,True,19.15,GHCN-Daily,66.47,0.0,1.4699999999999989
2026-06-17,24.4,16.1,True,20.25,GHCN-Daily,68.45,0.0,3.450000000000003
2026-06-18,31.7,19.4,True,25.549999999999997,GHCN-Daily,77.99,0.0,12.989999999999995
2026-06-19,28.9,21.7,True,25.299999999999997,GHCN-Daily,77.53999999999999,0.0,12.539999999999992
2026-06-20,29.4,20.0,True,24.7,GHCN-Daily,76.46000000000001,0.0,11.460000000000008
2026-06-21,27.8,17.8,True,22.8,GHCN-Daily,73.03999999999999,0.0,8.039999999999992
2026-06-22,23.3,17.8,True,20.55,GHCN-Daily,68.99000000000001,0.0,3.990000000000009
2026-06-23,21.7,19.4,True,20.549999999999997,GHCN-Daily,68.99,0.0,3.989999999999995
2026-06-24,29.4,18.3,True,23.85,GHCN-Daily,74.93,0.0,9.930000000000007
2026-06-25,27.2,17.2,True,22.2,GHCN-Daily,71.96000000000001,0.0,6.960000000000008
2026-06-26,26.1,19.4,True,22.75,GHCN-Daily,72.95,0.0,7.950000000000003
2026-06-27,26.1,20.0,True,23.05,GHCN-Daily,73.49000000000001,0.0,8.490000000000009
2026-06-28,27.2,19.4,True,23.299999999999997,GHCN-Daily,73.94,0.0,8.939999999999998
2026-06-29,28.9,18.3,True,23.6,GHCN-Daily,74.48,0.0,9.480000000000004
2026-06-30,29.4,20.6,True,25.0,GHCN-Daily,77.0,0.0,12.0
2026-07-01,30.6,22.2,True,26.4,GHCN-Daily,79.52,0.0,14.519999999999996
2026-07-02,38.9,23.9,True,31.4,GHCN-Daily,88.52,0.0,23.519999999999996
2026-07-03,37.8,25.0,True,31.4,GHCN-Daily,88.52,0.0,23.519999999999996
2026-07-04,37.8,23.9,True,30.849999999999998,GHCN-Daily,87.53,0.0,22.53
2026-07-05,30.0,21.7,True,25.85,GHCN-Daily,78.53,0.0,13.530000000000001
2026-07-06,22.2,18.9,True,20.549999999999997,GHCN-Daily,68.99,0.0,3.989999999999995
2026-07-07,23.3,17.8,True,20.55,GHCN-Daily,68.99000000000001,0.0,3.990000000000009
2026-07-08,27.2,17.8,True,22.5,GHCN-Daily,72.5,0.0,7.5
2026-07-09,27.8,21.1,True,24.450000000000003,GHCN-Daily,76.01,0.0,11.010000000000005
2026-07-10,31.7,22.2,True,26.95,GHCN-Daily,80.50999999999999,0.0,15.509999999999991
2026-07-11,27.2,20.6,True,23.9,GHCN-Daily,75.02,0.0,10.019999999999996
2026-07-12,28.3,19.4,True,23.85,GHCN-Daily,74.93,0.0,9.930000000000007
2026-07-13,27.8,19.4,True,23.6,GHCN-Daily,74.48,0.0,9.480000000000004
2026-07-14,32.2,21.7,True,26.950000000000003,GHCN-Daily,80.51,0.0,15.510000000000005
2026-07-15,36.7,23.9,True,30.3,GHCN-Daily,86.53999999999999,0.0,21.539999999999992
2026-07-16,30.6,23.3,True,26.950000000000003,GHCN-Daily,80.51,0.0,15.510000000000005
2026-07-17,30.0,22.2,True,26.1,GHCN-Daily,78.98,0.0,13.980000000000004
2026-07-18,25.6,21.1,True,23.35,GHCN-Daily,74.03,0.0,9.030000000000001
2026-07-19,27.8,21.1,True,24.450000000000003,GHCN-Daily,76.01,0.0,11.010000000000005
2026-07-20,26.1,17.2,True,21.65,GHCN-Daily,70.97,0.0,5.969999999999999
2026-07-21,27.2,22.2,True,24.7,GHCN-Daily,76.46000000000001,0.0,11.460000000000008
2026-07-22,30.6,22.2,True,26.4,GHCN-Daily,79.52,0.0,14.519999999999996
2026-07-23,26.1,18.3,True,22.200000000000003,GHCN-Daily,71.96000000000001,0.0,6.960000000000008
2026-07-24,26.7,16.7,True,21.7,GHCN-Daily,71.06,0.0,6.060000000000002
2026-07-25,26.1,16.7,True,21.4,GHCN-Daily,70.52,0.0,5.519999999999996
2026-07-26,27.2,16.7,True,21.95,GHCN-Daily,71.50999999999999,0.0,6.509999999999991
2026-07-27,28.3,20.0,True,24.15,GHCN-Daily,75.47,0.0,10.469999999999999
2026-07-28,26.7,21.7,True,24.2,GHCN-Daily,75.56,0.0,10.560000000000002
2026-07-29,28.9,20.6,True,24.75,GHCN-Daily,76.55000000000001,0.0,11.550000000000011
2026-07-30,25.6,20.0,True,22.8,GHCN-Daily,73.03999999999999,0.0,8.039999999999992
2026-07-31,28.3,20.0,True,24.15,GHCN-Daily,75.47,0.0,10.469999999999999
2026-08-01,29.4,21.1,True,25.25,GHCN-Daily,77.45,0.0,12.450000000000003
2026-08-02,28.3,23.9,True,26.1,GHCN-Daily,78.98,0.0,13.980000000000004
2026-08-03,28.9,21.7,True,25.299999999999997,GHCN-Daily,77.53999999999999,0.0,12.539999999999992
2026-08-04,28.3,18.9,True,23.6,GHCN-Daily,74.48,0.0,9.480000000000004
2026-08-05,27.8,20.6,True,24.200000000000003,GHCN-Daily,75.56,0.0,10.560000000000002
2026-08-06,30.6,23.9,True,27.25,GHCN-Daily,81.05000000000001,0.0,16.05000000000001
2026-08-07,32.2,22.2,True,27.200000000000003,GHCN-Daily,80.96000000000001,0.0,15.960000000000008
2026-08-08,31.7,23.3,True,27.5,GHCN-Daily,81.5,0.0,16.5
2026-08-09,33.3,23.3,True,28.299999999999997,GHCN-Daily,82.94,0.0,17.939999999999998
2026-08-10,30.6,21.1,True,25.85,GHCN-Daily,78.53,0.0,13.530000000000001
2026-08-11,30.0,23.3,True,26.65,GHCN-Daily,79.97,0.0,14.969999999999999
2026-08-12,29.4,22.8,True,26.1,GHCN-Daily,78.98,0.0,13.980000000000004
2026-08-13,31.1,22.8,True,26.950000000000003,GHCN-Daily,80.51,0.0,15.510000000000005
2026-08-14,28.3,21.1,True,24.700000000000003,GHCN-Daily,76.46000000000001,0.0,11.460000000000008
2026-08-15,27.8,19.4,True,23.6,GHCN-Daily,74.48,0.0,9.480000000000004
2026-08-16,27.2,20.0,True,23.6,GHCN-Daily,74.48,0.0,9.480000000000004
2026-08-17,27.8,21.1,True,24.450000000000003,GHCN-Daily,76.01,0.0,11.010000000000005
2026-08-18,29.4,22.2,True,25.799999999999997,GHCN-Daily,78.44,0.0,13.439999999999998
2026-08-19,30.0,21.1,True,25.55,GHCN-Daily,77.99000000000001,0.0,12.990000000000009
2026-08-20,28.3,18.3,True,23.3,GHCN-Daily,73.94,0.0,8.939999999999998
2026-08-21,26.1,17.8,True,21.950000000000003,GHCN-Daily,71.51,0.0,6.510000000000005
2026-08-22,27.2,19.4,True,23.299999999999997,GHCN-Daily,73.94,0.0,8.939999999999998
2026-08-23,27.8,20.0,True,23.9,GHCN-Daily,75.02,0.0,10.019999999999996
2026-08-24,27.2,18.3,True,22.75,GHCN-Daily,72.95,0.0,7.950000000000003
2026-08-25,26.7,18.3,True,22.5,GHCN-Daily,72.5,0.0,7.5
2026-08-26,26.7,18.9,True,22.799999999999997,GHCN-Daily,73.03999999999999,0.0,8.039999999999992
2026-08-27,26.1,21.1,True,23.6,GHCN-Daily,74.48,0.0,9.480000000000004
2026-08-28,28.9,21.7,True,25.299999999999997,GHCN-Daily,77.53999999999999,0.0,12.539999999999992
2026-08-29,25.6,17.8,True,21.700000000000003,GHCN-Daily,71.06,0.0,6.060000000000002
2026-08-30,25.6,18.9,True,22.25,GHCN-Daily,72.05000000000001,0.0,7.050000000000011
2026-08-31,25.6,21.7,True,23.65,GHCN-Daily,74.57,0.0,9.569999999999993
2026-09-01,26.7,20.0,True,23.35,GHCN-Daily,74.03,0.0,9.030000000000001
2026-09-02,22.8,18.9,True,20.85,GHCN-Daily,69.53,0.0,4.530000000000001
2026-09-03,30.0,20.6,True,25.3,GHCN-Daily,77.53999999999999,0.0,12.539999999999992
2026-09-04,30.0,24.4,True,27.2,GHCN-Daily,80.96000000000001,0.0,15.960000000000008
2026-09-05,27.2,20.6,True,23.9,GHCN-Daily,75.02,0.0,10.019999999999996
2026-09-06,22.8,17.2,True,20.0,GHCN-Daily,68.0,0.0,3.0
2026-09-07,26.7,15.6,True,21.15,GHCN-Daily,70.07,0.0,5.069999999999993
2026-09-08,27.8,18.3,True,23.05,GHCN-Daily,73.49000000000001,0.0,8.490000000000009
2026-09-09,26.7,18.9,True,22.799999999999997,GHCN-Daily,73.03999999999999,0.0,8.039999999999992
2026-09-10,31.1,22.2,True,26.65,GHCN-Daily,79.97,0.0,14.969999999999999
2026-09-11,26.1,18.9,True,22.5,GHCN-Daily,72.5,0.0,7.5
2026-09-12,25.0,16.7,True,20.85,GHCN-Daily,69.53,0.0,4.530000000000001
2026-09-13,26.7,21.7,True,24.2,GHCN-Daily,75.56,0.0,10.560000000000002
2026-09-14,25.0,16.7,True,20.85,GHCN-Daily,69.53,0.0,4.530000000000001
2026-09-15,21.1,13.3,True,17.200000000000003,GHCN-Daily,62.96000000000001,2.039999999999992,0.0
2026-09-16,,,False,,GHCN-Daily,,,
2026-09-17,,,False,,GHCN-Daily,,,
2026-09-18,,,False,,GHCN-Daily,,,
