icaoId,receiptTime,obsTime,reportTime,temp,dewp,wdir,wspd,wgst,visib,altim,slp,qcField,metarType,rawOb,lat,lon,elev,name,cover,clouds,fltCat,presTend,maxT,minT,maxT24,minT24,pcp6hr,precip,pcp3hr,wxString,pcp24hr,vertVis,time_utc,receipt_utc,temp_c,plausible_temp,accepted_temp_c
KJFK,2026-08-18T21:54:11.766Z,1787089860,2026-08-18T22:00:00.000Z,25.6,22.2,190,8,,10+,1011.6,1011.6,12,METAR,METAR KJFK 182151Z 19008KT 10SM FEW020 BKN048 BKN060 BKN250 26/22 A2987 RMK AO2 RAB05E16 SLP116 VCSH S P0000 T02560222 $,40.6392,-73.7639,3,"New York/JF Kennedy Intl, NY, US",BKN,"[{'cover': 'FEW', 'base': 2000}, {'cover': 'BKN', 'base': 4800}, {'cover': 'BKN', 'base': 6000}, {'cover': 'BKN', 'base': 25000}]",VFR,,,,,,,0.005,,,,,2026-08-18 21:51:00+00:00,2026-08-18 21:54:11.766000+00:00,25.6,True,25.6
KJFK,2026-08-18T22:54:06.260Z,1787093460,2026-08-18T23:00:00.000Z,25.0,22.8,190,8,,10+,1011.6,1011.5,12,METAR,METAR KJFK 182251Z 19008KT 10SM BKN050 BKN070 BKN250 25/23 A2987 RMK AO2 SLP115 T02500228 $,40.6392,-73.7639,3,"New York/JF Kennedy Intl, NY, US",BKN,"[{'cover': 'BKN', 'base': 5000}, {'cover': 'BKN', 'base': 7000}, {'cover': 'BKN', 'base': 25000}]",VFR,,,,,,,,,,,,2026-08-18 22:51:00+00:00,2026-08-18 22:54:06.260000+00:00,25.0,True,25.0
KJFK,2026-08-18T23:56:21.522Z,1787097060,2026-08-19T00:00:00.000Z,24.4,22.2,190,7,,10+,1011.9,1011.9,13,METAR,METAR KJFK 182351Z COR 19007KT 10SM BKN060 BKN250 24/22 A2988 RMK AO2 SLP119 60000 T02440222 10294 20244 53004 $,40.6392,-73.7639,3,"New York/JF Kennedy Intl, NY, US",BKN,"[{'cover': 'BKN', 'base': 6000}, {'cover': 'BKN', 'base': 25000}]",VFR,0.4,29.4,24.4,,,0.005,,,,,,2026-08-18 23:51:00+00:00,2026-08-18 23:56:21.522000+00:00,24.4,True,24.4
KJFK,2026-08-19T00:54:10.053Z,1787100660,2026-08-19T01:00:00.000Z,24.4,22.2,200,8,,10+,1012.6,1012.4,12,METAR,METAR KJFK 190051Z 20008KT 10SM SCT047 BKN060 BKN250 24/22 A2990 RMK AO2 SLP124 T02440222 $,40.6392,-73.7639,3,"New York/JF Kennedy Intl, NY, US",BKN,"[{'cover': 'SCT', 'base': 4700}, {'cover': 'BKN', 'base': 6000}, {'cover': 'BKN', 'base': 25000}]",VFR,,,,,,,,,,,,2026-08-19 00:51:00+00:00,2026-08-19 00:54:10.053000+00:00,24.4,True,24.4
KJFK,2026-08-19T01:54:07.393Z,1787104260,2026-08-19T02:00:00.000Z,24.4,22.2,200,6,,10+,1012.6,1012.4,12,METAR,METAR KJFK 190151Z 20006KT 10SM FEW047 BKN070 BKN250 24/22 A2990 RMK AO2 SLP124 T02440222 $,40.6392,-73.7639,3,"New York/JF Kennedy Intl, NY, US",BKN,"[{'cover': 'FEW', 'base': 4700}, {'cover': 'BKN', 'base': 7000}, {'cover': 'BKN', 'base': 25000}]",VFR,,,,,,,,,,,,2026-08-19 01:51:00+00:00,2026-08-19 01:54:07.393000+00:00,24.4,True,24.4
KJFK,2026-08-19T02:56:56.263Z,1787107860,2026-08-19T03:00:00.000Z,24.4,22.8,210,5,,10+,1012.6,1012.4,12,METAR,METAR KJFK 190251Z 21005KT 10SM FEW050 BKN070 BKN250 24/23 A2990 RMK AO2 SLP124 T02440228 50005 $,40.6392,-73.7639,3,"New York/JF Kennedy Intl, NY, US",BKN,"[{'cover': 'FEW', 'base': 5000}, {'cover': 'BKN', 'base': 7000}, {'cover': 'BKN', 'base': 25000}]",VFR,0.5,,,,,,,,,,,2026-08-19 02:51:00+00:00,2026-08-19 02:56:56.263000+00:00,24.4,True,24.4
KJFK,2026-08-19T03:54:08.440Z,1787111460,2026-08-19T04:00:00.000Z,23.9,22.8,220,4,,10+,1012.3,1012.2,12,METAR,METAR KJFK 190351Z 22004KT 10SM FEW055 BKN070 BKN250 24/23 A2989 RMK AO2 SLP122 T02390228 $,40.6392,-73.7639,3,"New York/JF Kennedy Intl, NY, US",BKN,"[{'cover': 'FEW', 'base': 5500}, {'cover': 'BKN', 'base': 7000}, {'cover': 'BKN', 'base': 25000}]",VFR,,,,,,,,,,,,2026-08-19 03:51:00+00:00,2026-08-19 03:54:08.440000+00:00,23.9,True,23.9
KJFK,2026-08-19T04:54:16.527Z,1787115060,2026-08-19T05:00:00.000Z,23.3,22.2,0,0,,10+,1012.3,1012.2,12,METAR,METAR KJFK 190451Z 00000KT 10SM FEW075 SCT250 23/22 A2989 RMK AO2 SLP122 T02330222 402940222 $,40.6392,-73.7639,3,"New York/JF Kennedy Intl, NY, US",SCT,"[{'cover': 'FEW', 'base': 7500}, {'cover': 'SCT', 'base': 25000}]",VFR,,,,29.4,22.2,,,,,,,2026-08-19 04:51:00+00:00,2026-08-19 04:54:16.527000+00:00,23.3,True,23.3
KJFK,2026-08-19T05:54:10.857Z,1787118660,2026-08-19T06:00:00.000Z,22.8,18.9,0,0,,10+,1012.3,1012.1,12,METAR,METAR KJFK 190551Z 00000KT 10SM FEW065 SCT250 23/19 A2989 RMK AO2 SLP121 T02280189 10250 20228 56002 $,40.6392,-73.7639,3,"New York/JF Kennedy Intl, NY, US",SCT,"[{'cover': 'FEW', 'base': 6500}, {'cover': 'SCT', 'base': 25000}]",VFR,-0.2,25.0,22.8,,,,,,,,,2026-08-19 05:51:00+00:00,2026-08-19 05:54:10.857000+00:00,22.8,True,22.8
KJFK,2026-08-19T06:54:10.721Z,1787122260,2026-08-19T07:00:00.000Z,23.3,15.0,310,4,,10+,1012.3,1012.1,12,METAR,METAR KJFK 190651Z 31004KT 10SM BKN070 BKN250 23/15 A2989 RMK AO2 SLP121 T02330150 $,40.6392,-73.7639,3,"New York/JF Kennedy Intl, NY, US",BKN,"[{'cover': 'BKN', 'base': 7000}, {'cover': 'BKN', 'base': 25000}]",VFR,,,,,,,,,,,,2026-08-19 06:51:00+00:00,2026-08-19 06:54:10.721000+00:00,23.3,True,23.3
KJFK,2026-08-19T07:54:08.220Z,1787125860,2026-08-19T08:00:00.000Z,23.9,14.4,330,7,,10+,1012.3,1012.1,12,METAR,METAR KJFK 190751Z 33007KT 10SM BKN085 BKN250 24/14 A2989 RMK AO2 SLP121 T02390144 $,40.6392,-73.7639,3,"New York/JF Kennedy Intl, NY, US",BKN,"[{'cover': 'BKN', 'base': 8500}, {'cover': 'BKN', 'base': 25000}]",VFR,,,,,,,,,,,,2026-08-19 07:51:00+00:00,2026-08-19 07:54:08.220000+00:00,23.9,True,23.9
KJFK,2026-08-19T08:54:10.527Z,1787129460,2026-08-19T09:00:00.000Z,22.2,15.0,360,5,,10+,1012.3,1012.3,12,METAR,METAR KJFK 190851Z 36005KT 10SM BKN080 BKN250 22/15 A2989 RMK AO2 SLP123 T02220150 53001 $,40.6392,-73.7639,3,"New York/JF Kennedy Intl, NY, US",BKN,"[{'cover': 'BKN', 'base': 8000}, {'cover': 'BKN', 'base': 25000}]",VFR,0.1,,,,,,,,,,,2026-08-19 08:51:00+00:00,2026-08-19 08:54:10.527000+00:00,22.2,True,22.2
KJFK,2026-08-19T09:54:18.149Z,1787133060,2026-08-19T10:00:00.000Z,22.2,15.0,360,4,,10+,1012.3,1012.3,12,METAR,METAR KJFK 190951Z 36004KT 10SM BKN085 BKN250 22/15 A2989 RMK AO2 SLP123 T02220150 $,40.6392,-73.7639,3,"New York/JF Kennedy Intl, NY, US",BKN,"[{'cover': 'BKN', 'base': 8500}, {'cover': 'BKN', 'base': 25000}]",VFR,,,,,,,,,,,,2026-08-19 09:51:00+00:00,2026-08-19 09:54:18.149000+00:00,22.2,True,22.2
KJFK,2026-08-19T10:54:09.417Z,1787136660,2026-08-19T11:00:00.000Z,22.2,15.6,0,0,,10+,1013.0,1012.6,12,METAR,METAR KJFK 191051Z 00000KT 10SM FEW032 BKN080 BKN250 22/16 A2991 RMK AO2 SLP126 T02220156 $,40.6392,-73.7639,3,"New York/JF Kennedy Intl, NY, US",BKN,"[{'cover': 'FEW', 'base': 3200}, {'cover': 'BKN', 'base': 8000}, {'cover': 'BKN', 'base': 25000}]",VFR,,,,,,,,,,,,2026-08-19 10:51:00+00:00,2026-08-19 10:54:09.417000+00:00,22.2,True,22.2
KJFK,2026-08-19T11:54:11.486Z,1787140260,2026-08-19T12:00:00.000Z,23.9,16.1,VRB,3,,10+,1013.0,1012.7,12,METAR,METAR KJFK 191151Z VRB03KT 10SM FEW035 SCT080 SCT250 24/16 A2991 RMK AO2 SLP127 70001 T02390161 10244 20211 53004 $,40.6392,-73.7639,3,"New York/JF Kennedy Intl, NY, US",SCT,"[{'cover': 'FEW', 'base': 3500}, {'cover': 'SCT', 'base': 8000}, {'cover': 'SCT', 'base': 25000}]",VFR,0.4,24.4,21.1,,,,,,,0.01,,2026-08-19 11:51:00+00:00,2026-08-19 11:54:11.486000+00:00,23.9,True,23.9
KJFK,2026-08-19T12:54:14.543Z,1787143860,2026-08-19T13:00:00.000Z,25.6,15.6,VRB,4,,10+,1013.0,1012.7,4,METAR,METAR KJFK 191251Z VRB04KT 10SM FEW038 SCT080 SCT250 26/16 A2991 RMK AO2 SLP127 T02560156,40.6392,-73.7639,3,"New York/JF Kennedy Intl, NY, US",SCT,"[{'cover': 'FEW', 'base': 3800}, {'cover': 'SCT', 'base': 8000}, {'cover': 'SCT', 'base': 25000}]",VFR,,,,,,,,,,,,2026-08-19 12:51:00+00:00,2026-08-19 12:54:14.543000+00:00,25.6,True,25.6
KJFK,2026-08-19T13:54:11.183Z,1787147460,2026-08-19T14:00:00.000Z,26.7,16.7,0,0,,10+,1012.6,1012.5,12,METAR,METAR KJFK 191351Z 00000KT 10SM FEW043 FEW080 FEW250 27/17 A2990 RMK AO2 SLP125 T02670167 $,40.6392,-73.7639,3,"New York/JF Kennedy Intl, NY, US",FEW,"[{'cover': 'FEW', 'base': 4300}, {'cover': 'FEW', 'base': 8000}, {'cover': 'FEW', 'base': 25000}]",VFR,,,,,,,,,,,,2026-08-19 13:51:00+00:00,2026-08-19 13:54:11.183000+00:00,26.7,True,26.7
KJFK,2026-08-19T14:54:09.587Z,1787151060,2026-08-19T15:00:00.000Z,27.8,16.7,170,6,,10+,1012.6,1012.5,12,METAR,METAR KJFK 191451Z 17006KT 10SM FEW045 FEW250 28/17 A2990 RMK AO2 SLP125 T02780167 58002 $,40.6392,-73.7639,3,"New York/JF Kennedy Intl, NY, US",FEW,"[{'cover': 'FEW', 'base': 4500}, {'cover': 'FEW', 'base': 25000}]",VFR,-0.2,,,,,,,,,,,2026-08-19 14:51:00+00:00,2026-08-19 14:54:09.587000+00:00,27.8,True,27.8
KJFK,2026-08-19T15:54:15.705Z,1787154660,2026-08-19T16:00:00.000Z,27.8,17.8,190,9,,10+,1012.6,1012.5,12,METAR,METAR KJFK 191551Z 19009KT 10SM FEW048 FEW250 28/18 A2990 RMK AO2 SLP125 T02780178 $,40.6392,-73.7639,3,"New York/JF Kennedy Intl, NY, US",FEW,"[{'cover': 'FEW', 'base': 4800}, {'cover': 'FEW', 'base': 25000}]",VFR,,,,,,,,,,,,2026-08-19 15:51:00+00:00,2026-08-19 15:54:15.705000+00:00,27.8,True,27.8
KJFK,2026-08-19T16:54:14.193Z,1787158260,2026-08-19T17:00:00.000Z,27.8,16.7,190,8,,10+,1012.6,1012.3,12,METAR,METAR KJFK 191651Z 19008KT 10SM SCT050 28/17 A2990 RMK AO2 SLP123 T02780167 $,40.6392,-73.7639,3,"New York/JF Kennedy Intl, NY, US",SCT,"[{'cover': 'SCT', 'base': 5000}]",VFR,,,,,,,,,,,,2026-08-19 16:51:00+00:00,2026-08-19 16:54:14.193000+00:00,27.8,True,27.8
KJFK,2026-08-19T17:54:10.954Z,1787161860,2026-08-19T18:00:00.000Z,28.3,18.3,210,11,,10+,1012.3,1012.0,12,METAR,METAR KJFK 191751Z 21011KT 10SM SCT055 SCT250 28/18 A2989 RMK AO2 SLP120 T02830183 10283 20239 58005 $,40.6392,-73.7639,3,"New York/JF Kennedy Intl, NY, US",SCT,"[{'cover': 'SCT', 'base': 5500}, {'cover': 'SCT', 'base': 25000}]",VFR,-0.5,28.3,23.9,,,,,,,,,2026-08-19 17:51:00+00:00,2026-08-19 17:54:10.954000+00:00,28.3,True,28.3
KJFK,2026-08-19T18:54:09.662Z,1787165460,2026-08-19T19:00:00.000Z,28.9,17.2,190,9,,10+,1011.9,1011.8,12,METAR,METAR KJFK 191851Z 19009KT 10SM SCT055 SCT250 29/17 A2988 RMK AO2 SLP118 T02890172 $,40.6392,-73.7639,3,"New York/JF Kennedy Intl, NY, US",SCT,"[{'cover': 'SCT', 'base': 5500}, {'cover': 'SCT', 'base': 25000}]",VFR,,,,,,,,,,,,2026-08-19 18:51:00+00:00,2026-08-19 18:54:09.662000+00:00,28.9,True,28.9
KJFK,2026-08-19T19:54:12.857Z,1787169060,2026-08-19T20:00:00.000Z,28.3,18.3,200,12,,10+,1011.9,1011.6,12,METAR,METAR KJFK 191951Z 20012KT 10SM FEW055 SCT250 28/18 A2988 RMK AO2 SLP116 T02830183 $,40.6392,-73.7639,3,"New York/JF Kennedy Intl, NY, US",SCT,"[{'cover': 'FEW', 'base': 5500}, {'cover': 'SCT', 'base': 25000}]",VFR,,,,,,,,,,,,2026-08-19 19:51:00+00:00,2026-08-19 19:54:12.857000+00:00,28.3,True,28.3
KJFK,2026-08-19T20:54:08.585Z,1787172660,2026-08-19T21:00:00.000Z,27.2,18.3,190,11,,10+,1011.9,1011.9,12,METAR,METAR KJFK 192051Z 19011KT 10SM FEW065 FEW090 BKN250 27/18 A2988 RMK AO2 SLP119 T02720183 55002 $,40.6392,-73.7639,3,"New York/JF Kennedy Intl, NY, US",BKN,"[{'cover': 'FEW', 'base': 6500}, {'cover': 'FEW', 'base': 9000}, {'cover': 'BKN', 'base': 25000}]",VFR,-0.2,,,,,,,,,,,2026-08-19 20:51:00+00:00,2026-08-19 20:54:08.585000+00:00,27.2,True,27.2
KJFK,2026-08-19T21:54:08.177Z,1787176260,2026-08-19T22:00:00.000Z,27.2,17.8,210,12,,10+,1012.3,1012.3,12,METAR,METAR KJFK 192151Z 21012KT 10SM FEW065 FEW180 BKN250 27/18 A2989 RMK AO2 SLP123 T02720178 $,40.6392,-73.7639,3,"New York/JF Kennedy Intl, NY, US",BKN,"[{'cover': 'FEW', 'base': 6500}, {'cover': 'FEW', 'base': 18000}, {'cover': 'BKN', 'base': 25000}]",VFR,,,,,,,,,,,,2026-08-19 21:51:00+00:00,2026-08-19 21:54:08.177000+00:00,27.2,True,27.2
KJFK,2026-08-19T22:54:09.896Z,1787179860,2026-08-19T23:00:00.000Z,26.7,17.2,210,13,,10+,1012.6,1012.3,12,METAR,METAR KJFK 192251Z 21013KT 10SM FEW065 BKN250 27/17 A2990 RMK AO2 SLP123 T02670172 $,40.6392,-73.7639,3,"New York/JF Kennedy Intl, NY, US",BKN,"[{'cover': 'FEW', 'base': 6500}, {'cover': 'BKN', 'base': 25000}]",VFR,,,,,,,,,,,,2026-08-19 22:51:00+00:00,2026-08-19 22:54:09.896000+00:00,26.7,True,26.7
KJFK,2026-08-19T23:54:08.985Z,1787183460,2026-08-20T00:00:00.000Z,25.6,20.0,200,11,,10+,1012.6,1012.4,12,METAR,METAR KJFK 192351Z 20011KT 10SM FEW065 BKN250 26/20 A2990 RMK AO2 SLP124 T02560200 51005 $,40.6392,-73.7639,3,"New York/JF Kennedy Intl, NY, US",BKN,"[{'cover': 'FEW', 'base': 6500}, {'cover': 'BKN', 'base': 25000}]",VFR,0.5,,,,,,,,,,,2026-08-19 23:51:00+00:00,2026-08-19 23:54:08.985000+00:00,25.6,True,25.6
KJFK,2026-08-20T00:55:38.190Z,1787187060,2026-08-20T01:00:00.000Z,25.0,20.6,200,8,,10+,1013.0,1012.9,12,METAR,METAR KJFK 200051Z 20008KT 10SM FEW065 SCT250 25/21 A2991 RMK AO2 SLP129 T02500206 $,40.6392,-73.7639,3,"New York/JF Kennedy Intl, NY, US",SCT,"[{'cover': 'FEW', 'base': 6500}, {'cover': 'SCT', 'base': 25000}]",VFR,,,,,,,,,,,,2026-08-20 00:51:00+00:00,2026-08-20 00:55:38.190000+00:00,25.0,True,25.0
KJFK,2026-08-20T01:54:07.545Z,1787190660,2026-08-20T02:00:00.000Z,24.4,21.7,200,6,,10+,1013.3,1013.1,12,METAR,METAR KJFK 200151Z 20006KT 10SM SCT210 BKN250 24/22 A2992 RMK AO2 SLP131 T02440217 $,40.6392,-73.7639,3,"New York/JF Kennedy Intl, NY, US",BKN,"[{'cover': 'SCT', 'base': 21000}, {'cover': 'BKN', 'base': 25000}]",VFR,,,,,,,,,,,,2026-08-20 01:51:00+00:00,2026-08-20 01:54:07.545000+00:00,24.4,True,24.4
KJFK,2026-08-20T02:57:11.314Z,1787194260,2026-08-20T03:00:00.000Z,23.9,22.2,190,4,,10+,1013.0,1013.0,12,METAR,METAR KJFK 200251Z 19004KT 10SM BKN250 24/22 A2991 RMK AO2 SLP130 T02390222 50005 $,40.6392,-73.7639,3,"New York/JF Kennedy Intl, NY, US",BKN,"[{'cover': 'BKN', 'base': 25000}]",VFR,0.5,,,,,,,,,,,2026-08-20 02:51:00+00:00,2026-08-20 02:57:11.314000+00:00,23.9,True,23.9
KJFK,2026-08-20T03:54:07.068Z,1787197860,2026-08-20T04:00:00.000Z,23.9,21.1,220,6,,10+,1013.3,1013.3,12,METAR,METAR KJFK 200351Z 22006KT 10SM FEW200 BKN250 24/21 A2992 RMK AO2 SLP133 T02390211 $,40.6392,-73.7639,3,"New York/JF Kennedy Intl, NY, US",BKN,"[{'cover': 'FEW', 'base': 20000}, {'cover': 'BKN', 'base': 25000}]",VFR,,,,,,,,,,,,2026-08-20 03:51:00+00:00,2026-08-20 03:54:07.068000+00:00,23.9,True,23.9
KJFK,2026-08-20T04:54:08.621Z,1787201460,2026-08-20T05:00:00.000Z,23.3,20.6,230,6,,10+,1013.6,1013.5,12,METAR,METAR KJFK 200451Z 23006KT 10SM BKN250 23/21 A2993 RMK AO2 SLP135 T02330206 403000211 $,40.6392,-73.7639,3,"New York/JF Kennedy Intl, NY, US",BKN,"[{'cover': 'BKN', 'base': 25000}]",VFR,,,,30.0,21.1,,,,,,,2026-08-20 04:51:00+00:00,2026-08-20 04:54:08.621000+00:00,23.3,True,23.3
KJFK,2026-08-20T05:54:10.790Z,1787205060,2026-08-20T06:00:00.000Z,23.9,20.0,240,7,,10+,1014.0,1013.7,12,METAR,METAR KJFK 200551Z 24007KT 10SM SCT250 24/20 A2994 RMK AO2 SLP137 T02390200 10256 20233 51007 $,40.6392,-73.7639,3,"New York/JF Kennedy Intl, NY, US",SCT,"[{'cover': 'SCT', 'base': 25000}]",VFR,0.7,25.6,23.3,,,,,,,,,2026-08-20 05:51:00+00:00,2026-08-20 05:54:10.790000+00:00,23.9,True,23.9
KJFK,2026-08-20T06:54:15.578Z,1787208660,2026-08-20T07:00:00.000Z,23.3,19.4,260,5,,10+,1014.0,1013.7,12,METAR,METAR KJFK 200651Z 26005KT 10SM BKN250 23/19 A2994 RMK AO2 SLP137 T02330194 $,40.6392,-73.7639,3,"New York/JF Kennedy Intl, NY, US",BKN,"[{'cover': 'BKN', 'base': 25000}]",VFR,,,,,,,,,,,,2026-08-20 06:51:00+00:00,2026-08-20 06:54:15.578000+00:00,23.3,True,23.3
KJFK,2026-08-20T07:54:10.741Z,1787212260,2026-08-20T08:00:00.000Z,23.3,18.9,0,0,,10+,1014.3,1014.2,12,METAR,METAR KJFK 200751Z 00000KT 10SM FEW180 BKN250 23/19 A2995 RMK AO2 SLP142 T02330189 $,40.6392,-73.7639,3,"New York/JF Kennedy Intl, NY, US",BKN,"[{'cover': 'FEW', 'base': 18000}, {'cover': 'BKN', 'base': 25000}]",VFR,,,,,,,,,,,,2026-08-20 07:51:00+00:00,2026-08-20 07:54:10.741000+00:00,23.3,True,23.3
KJFK,2026-08-20T08:54:08.914Z,1787215860,2026-08-20T09:00:00.000Z,22.8,19.4,250,5,,10+,1014.3,1014.2,12,METAR,METAR KJFK 200851Z 25005KT 10SM BKN250 23/19 A2995 RMK AO2 SLP142 T02280194 52005 $,40.6392,-73.7639,3,"New York/JF Kennedy Intl, NY, US",BKN,"[{'cover': 'BKN', 'base': 25000}]",VFR,0.5,,,,,,,,,,,2026-08-20 08:51:00+00:00,2026-08-20 08:54:08.914000+00:00,22.8,True,22.8
KJFK,2026-08-20T09:54:08.829Z,1787219460,2026-08-20T10:00:00.000Z,22.8,18.9,300,4,,10+,1014.3,1014.2,12,METAR,METAR KJFK 200951Z 30004KT 10SM FEW200 BKN250 23/19 A2995 RMK AO2 SLP142 T02280189 $,40.6392,-73.7639,3,"New York/JF Kennedy Intl, NY, US",BKN,"[{'cover': 'FEW', 'base': 20000}, {'cover': 'BKN', 'base': 25000}]",VFR,,,,,,,,,,,,2026-08-20 09:51:00+00:00,2026-08-20 09:54:08.829000+00:00,22.8,True,22.8
KJFK,2026-08-20T10:54:11.924Z,1787223060,2026-08-20T11:00:00.000Z,22.8,18.3,330,3,,10+,1015.0,1015.0,12,METAR,METAR KJFK 201051Z 33003KT 10SM FEW160 SCT250 23/18 A2997 RMK AO2 SLP150 T02280183 $,40.6392,-73.7639,3,"New York/JF Kennedy Intl, NY, US",SCT,"[{'cover': 'FEW', 'base': 16000}, {'cover': 'SCT', 'base': 25000}]",VFR,,,,,,,,,,,,2026-08-20 10:51:00+00:00,2026-08-20 10:54:11.924000+00:00,22.8,True,22.8
KJFK,2026-08-20T11:54:08.857Z,1787226660,2026-08-20T12:00:00.000Z,25.6,18.9,20,3,,10+,1015.7,1015.3,12,METAR,METAR KJFK 201151Z 02003KT 10SM SCT140 SCT250 26/19 A2999 RMK AO2 SLP153 T02560189 10256 20222 53011 $,40.6392,-73.7639,3,"New York/JF Kennedy Intl, NY, US",SCT,"[{'cover': 'SCT', 'base': 14000}, {'cover': 'SCT', 'base': 25000}]",VFR,1.1,25.6,22.2,,,,,,,,,2026-08-20 11:51:00+00:00,2026-08-20 11:54:08.857000+00:00,25.6,True,25.6
KJFK,2026-08-20T12:54:06.364Z,1787230260,2026-08-20T13:00:00.000Z,26.7,17.8,0,0,,10+,1015.3,1015.1,4,METAR,METAR KJFK 201251Z 00000KT 10SM FEW100 FEW140 SCT250 27/18 A2998 RMK AO2 SLP151 T02670178,40.6392,-73.7639,3,"New York/JF Kennedy Intl, NY, US",SCT,"[{'cover': 'FEW', 'base': 10000}, {'cover': 'FEW', 'base': 14000}, {'cover': 'SCT', 'base': 25000}]",VFR,,,,,,,,,,,,2026-08-20 12:51:00+00:00,2026-08-20 12:54:06.364000+00:00,26.7,True,26.7
KJFK,2026-08-20T14:01:39.517Z,1787233860,2026-08-20T14:00:00.000Z,27.2,17.8,VRB,3,,10+,1015.3,1015.3,4,METAR,METAR KJFK 201351Z VRB03KT 10SM FEW085 FEW140 SCT250 27/18 A2998 RMK AO2 SLP153 T02720178,40.6392,-73.7639,3,"New York/JF Kennedy Intl, NY, US",SCT,"[{'cover': 'FEW', 'base': 8500}, {'cover': 'FEW', 'base': 14000}, {'cover': 'SCT', 'base': 25000}]",VFR,,,,,,,,,,,,2026-08-20 13:51:00+00:00,2026-08-20 14:01:39.517000+00:00,27.2,True,27.2
KJFK,2026-08-20T14:54:07.766Z,1787237460,2026-08-20T15:00:00.000Z,28.3,19.4,200,8,,10+,1016.0,1015.9,4,METAR,METAR KJFK 201451Z 20008KT 10SM FEW045 SCT140 BKN250 28/19 A3000 RMK AO2 SLP159 T02830194 53006,40.6392,-73.7639,3,"New York/JF Kennedy Intl, NY, US",BKN,"[{'cover': 'FEW', 'base': 4500}, {'cover': 'SCT', 'base': 14000}, {'cover': 'BKN', 'base': 25000}]",VFR,0.6,,,,,,,,,,,2026-08-20 14:51:00+00:00,2026-08-20 14:54:07.766000+00:00,28.3,True,28.3
KJFK,2026-08-20T15:54:09.279Z,1787241060,2026-08-20T16:00:00.000Z,27.2,18.3,190,8,,10+,1016.0,1015.8,4,METAR,METAR KJFK 201551Z 19008KT 10SM FEW050 FEW110 BKN140 BKN250 27/18 A3000 RMK AO2 SLP158 T02720183,40.6392,-73.7639,3,"New York/JF Kennedy Intl, NY, US",BKN,"[{'cover': 'FEW', 'base': 5000}, {'cover': 'FEW', 'base': 11000}, {'cover': 'BKN', 'base': 14000}, {'cover': 'BKN', 'base': 25000}]",VFR,,,,,,,,,,,,2026-08-20 15:51:00+00:00,2026-08-20 15:54:09.279000+00:00,27.2,True,27.2
KJFK,2026-08-20T16:54:15.577Z,1787244660,2026-08-20T17:00:00.000Z,27.2,19.4,180,5,,10+,1016.0,1015.9,12,METAR,METAR KJFK 201651Z 18005KT 10SM FEW050 BKN110 BKN140 OVC250 27/19 A3000 RMK AO2 SLP159 T02720194 $,40.6392,-73.7639,3,"New York/JF Kennedy Intl, NY, US",OVC,"[{'cover': 'FEW', 'base': 5000}, {'cover': 'BKN', 'base': 11000}, {'cover': 'BKN', 'base': 14000}, {'cover': 'OVC', 'base': 25000}]",VFR,,,,,,,,,,,,2026-08-20 16:51:00+00:00,2026-08-20 16:54:15.577000+00:00,27.2,True,27.2
KJFK,2026-08-20T17:54:13.458Z,1787248260,2026-08-20T18:00:00.000Z,27.2,19.4,170,8,,10+,1015.7,1015.4,12,METAR,METAR KJFK 201751Z 17008KT 10SM -RA FEW046 BKN100 OVC200 27/19 A2999 RMK AO2 RAB37 SLP154 P0000 60000 T02720194 10283 20256 58005 $,40.6392,-73.7639,3,"New York/JF Kennedy Intl, NY, US",OVC,"[{'cover': 'FEW', 'base': 4600}, {'cover': 'BKN', 'base': 10000}, {'cover': 'OVC', 'base': 20000}]",VFR,-0.5,28.3,25.6,,,0.005,0.005,,-RA,,,2026-08-20 17:51:00+00:00,2026-08-20 17:54:13.458000+00:00,27.2,True,27.2
KJFK,2026-08-20T18:54:09.310Z,1787251860,2026-08-20T19:00:00.000Z,26.1,20.6,160,8,,10+,1014.6,1014.6,4,METAR,METAR KJFK 201851Z 16008KT 10SM FEW046 BKN070 BKN100 OVC200 26/21 A2996 RMK AO2 RAE1752 SLP146 VCSH NW T02610206,40.6392,-73.7639,3,"New York/JF Kennedy Intl, NY, US",OVC,"[{'cover': 'FEW', 'base': 4600}, {'cover': 'BKN', 'base': 7000}, {'cover': 'BKN', 'base': 10000}, {'cover': 'OVC', 'base': 20000}]",VFR,,,,,,,,,,,,2026-08-20 18:51:00+00:00,2026-08-20 18:54:09.310000+00:00,26.1,True,26.1
KJFK,2026-08-20T19:54:11.086Z,1787255460,2026-08-20T20:00:00.000Z,25.6,21.1,140,6,,10+,1014.0,1013.9,4,METAR,METAR KJFK 201951Z 14006KT 10SM FEW050 BKN070 OVC100 26/21 A2994 RMK AO2 SLP139 T02560211,40.6392,-73.7639,3,"New York/JF Kennedy Intl, NY, US",OVC,"[{'cover': 'FEW', 'base': 5000}, {'cover': 'BKN', 'base': 7000}, {'cover': 'OVC', 'base': 10000}]",VFR,,,,,,,,,,,,2026-08-20 19:51:00+00:00,2026-08-20 19:54:11.086000+00:00,25.6,True,25.6
KJFK,2026-08-20T20:54:10.054Z,1787259060,2026-08-20T21:00:00.000Z,24.4,22.2,120,8,,10+,1012.6,1012.5,4,METAR,METAR KJFK 202051Z 12008KT 10SM FEW030 SCT047 OVC060 24/22 A2990 RMK AO2 RAB02E46 SLP125 VCSH W P0000 60000 T02440222 58029,40.6392,-73.7639,3,"New York/JF Kennedy Intl, NY, US",OVC,"[{'cover': 'FEW', 'base': 3000}, {'cover': 'SCT', 'base': 4700}, {'cover': 'OVC', 'base': 6000}]",VFR,-2.9,,,,,,0.005,0.005,,,,2026-08-20 20:51:00+00:00,2026-08-20 20:54:10.054000+00:00,24.4,True,24.4
KJFK,2026-08-20T21:50:14.592Z,1787262420,2026-08-20T21:47:00.000Z,24.0,22.0,90,5,,10+,1012.3,,4,SPECI,SPECI KJFK 202147Z 09005KT 10SM -RA SCT016 BKN024 OVC044 24/22 A2989 RMK AO2 RAB2053 P0015,40.6392,-73.7639,3,"New York/JF Kennedy Intl, NY, US",OVC,"[{'cover': 'SCT', 'base': 1600}, {'cover': 'BKN', 'base': 2400}, {'cover': 'OVC', 'base': 4400}]",MVFR,,,,,,,0.15,,-RA,,,2026-08-20 21:47:00+00:00,2026-08-20 21:50:14.592000+00:00,24.0,True,24.0
KJFK,2026-08-20T21:54:08.177Z,1787262660,2026-08-20T22:00:00.000Z,23.9,22.2,100,5,,10+,1011.9,1011.9,4,METAR,METAR KJFK 202151Z 10005KT 10SM -RA SCT016 BKN029 OVC044 24/22 A2988 RMK AO2 RAB2053 SLP119 P0015 T02390222,40.6392,-73.7639,3,"New York/JF Kennedy Intl, NY, US",OVC,"[{'cover': 'SCT', 'base': 1600}, {'cover': 'BKN', 'base': 2900}, {'cover': 'OVC', 'base': 4400}]",MVFR,,,,,,,0.15,,-RA,,,2026-08-20 21:51:00+00:00,2026-08-20 21:54:08.177000+00:00,23.9,True,23.9
KJFK,2026-08-20T22:32:07.802Z,1787264940,2026-08-20T22:29:00.000Z,23.3,21.7,20,13,,1.5,1011.9,,12,SPECI,SPECI KJFK 202229Z 02013KT 1 1/2SM R04R/3500VP6000FT +RA BR BKN015 OVC070 23/22 A2988 RMK AO2 SFC VIS 2 RAE2153B16 P0003 T02330217 $,40.6392,-73.7639,3,"New York/JF Kennedy Intl, NY, US",OVC,"[{'cover': 'BKN', 'base': 1500}, {'cover': 'OVC', 'base': 7000}]",IFR,,,,,,,0.03,,+RA BR,,,2026-08-20 22:29:00+00:00,2026-08-20 22:32:07.802000+00:00,23.3,True,23.3
KJFK,2026-08-20T22:48:03.584Z,1787265840,2026-08-20T22:44:00.000Z,22.8,21.7,270,16,27.0,0.75,1013.0,,12,SPECI,SPECI KJFK 202244Z 27016G27KT 250V320 3/4SM R04R/4500VP6000FT +RA BR BKN015 OVC027CB 23/22 A2991 RMK AO2 PK WND 03027/2238 TWR VIS 1 1/2 CB OHD-W MOV E RAE2153B16 P0036 T02280217 $,40.6392,-73.7639,3,"New York/JF Kennedy Intl, NY, US",OVC,"[{'cover': 'BKN', 'base': 1500}, {'cover': 'OVC', 'base': 2700}]",LIFR,,,,,,,0.36,,+RA BR,,,2026-08-20 22:44:00+00:00,2026-08-20 22:48:03.584000+00:00,22.8,True,22.8
KJFK,2026-08-20T22:54:07.310Z,1787266260,2026-08-20T23:00:00.000Z,21.7,20.0,320,33,41.0,0.75,1012.6,1012.4,12,METAR,METAR KJFK 202251Z 32033G41KT 3/4SM R04R/2400VP6000FT +RA BR BKN015 OVC027CB 22/20 A2990 RMK AO2 PK WND 33041/2251 WSHFT 2234 TWR VIS 1 1/2 SLP124 CB OHD-W MOV E RAE2153B16 P0054 T02170200 $,40.6392,-73.7639,3,"New York/JF Kennedy Intl, NY, US",OVC,"[{'cover': 'BKN', 'base': 1500}, {'cover': 'OVC', 'base': 2700}]",LIFR,,,,,,,0.54,,+RA BR,,,2026-08-20 22:51:00+00:00,2026-08-20 22:54:07.310000+00:00,21.7,True,21.7
KJFK,2026-08-20T22:58:16.671Z,1787266500,2026-08-20T22:55:00.000Z,21.1,20.0,360,31,42.0,1.5,1013.0,,12,SPECI,SPECI KJFK 202255Z 36031G42KT 1 1/2SM R04R/2800VP6000FT +RA BR FEW005 BKN012 OVC040CB 21/20 A2991 RMK AO2 PK WND 36042/2254 WSHFT 2238 SFC VIS 2 CB NE-S MOV E P0016 T02110200 $,40.6392,-73.7639,3,"New York/JF Kennedy Intl, NY, US",OVC,"[{'cover': 'FEW', 'base': 500}, {'cover': 'BKN', 'base': 1200}, {'cover': 'OVC', 'base': 4000}]",IFR,,,,,,,0.16,,+RA BR,,,2026-08-20 22:55:00+00:00,2026-08-20 22:58:16.671000+00:00,21.1,True,21.1
KJFK,2026-08-20T23:24:02.709Z,1787268000,2026-08-20T23:20:00.000Z,20.6,19.4,10,20,31.0,2,1013.3,,12,SPECI,SPECI KJFK 202320Z 01020G31KT 2SM RA BR FEW009 SCT021 OVC038 21/19 A2992 RMK AO2 PK WND 36042/2254 WSHFT 2238 SFC VIS 6 P0031 T02060194 $,40.6392,-73.7639,3,"New York/JF Kennedy Intl, NY, US",OVC,"[{'cover': 'FEW', 'base': 900}, {'cover': 'SCT', 'base': 2100}, {'cover': 'OVC', 'base': 3800}]",IFR,,,,,,,0.31,,RA BR,,,2026-08-20 23:20:00+00:00,2026-08-20 23:24:02.709000+00:00,20.6,True,20.6
KJFK,2026-08-20T23:54:10.235Z,1787269860,2026-08-21T00:00:00.000Z,20.0,18.9,30,18,27.0,2,1013.6,1013.6,12,METAR,METAR KJFK 202351Z 03018G27KT 2SM R04R/5500VP6000FT +RA BR SCT009 SCT021 OVC040 20/19 A2993 RMK AO2 PK WND 36042/2254 WSHFT 2238 SFC VIS 4 SLP136 P0043 60112 T02000189 10272 20200 53016 $,40.6392,-73.7639,3,"New York/JF Kennedy Intl, NY, US",OVC,"[{'cover': 'SCT', 'base': 900}, {'cover': 'SCT', 'base': 2100}, {'cover': 'OVC', 'base': 4000}]",IFR,1.6,27.2,20.0,,,1.12,0.43,,+RA BR,,,2026-08-20 23:51:00+00:00,2026-08-20 23:54:10.235000+00:00,20.0,True,20.0
KJFK,2026-08-21T00:24:04.615Z,1787271600,2026-08-21T00:20:00.000Z,19.4,18.3,30,15,29.0,2,1014.3,,12,SPECI,SPECI KJFK 210020Z 03015G29KT 2SM RA BR SCT009 BKN013 OVC038 19/18 A2995 RMK AO2 PK WND 02029/0013 SFC VIS 4 CIG 009 W P0017 T01940183 $,40.6392,-73.7639,3,"New York/JF Kennedy Intl, NY, US",OVC,"[{'cover': 'SCT', 'base': 900}, {'cover': 'BKN', 'base': 1300}, {'cover': 'OVC', 'base': 3800}]",IFR,,,,,,,0.17,,RA BR,,,2026-08-21 00:20:00+00:00,2026-08-21 00:24:04.615000+00:00,19.4,True,19.4
KJFK,2026-08-21T00:32:06.939Z,1787272080,2026-08-21T00:28:00.000Z,19.4,18.3,40,27,34.0,6,1014.0,,12,SPECI,SPECI KJFK 210028Z 04027G34KT 6SM RA BR SCT006 BKN013 OVC042 19/18 A2994 RMK AO2 PK WND 04034/0027 P0020 T01940183 $,40.6392,-73.7639,3,"New York/JF Kennedy Intl, NY, US",OVC,"[{'cover': 'SCT', 'base': 600}, {'cover': 'BKN', 'base': 1300}, {'cover': 'OVC', 'base': 4200}]",MVFR,,,,,,,0.2,,RA BR,,,2026-08-21 00:28:00+00:00,2026-08-21 00:32:06.939000+00:00,19.4,True,19.4
KJFK,2026-08-21T00:54:07.208Z,1787273460,2026-08-21T01:00:00.000Z,19.4,17.8,40,19,25.0,5,1015.0,1014.7,12,METAR,METAR KJFK 210051Z 04019G25KT 5SM RA BR SCT008 BKN011 OVC038 19/18 A2997 RMK AO2 PK WND 04034/0027 PRESRR SLP147 P0028 T01940178 $,40.6392,-73.7639,3,"New York/JF Kennedy Intl, NY, US",OVC,"[{'cover': 'SCT', 'base': 800}, {'cover': 'BKN', 'base': 1100}, {'cover': 'OVC', 'base': 3800}]",MVFR,,,,,,,0.28,,RA BR,,,2026-08-21 00:51:00+00:00,2026-08-21 00:54:07.208000+00:00,19.4,True,19.4
KJFK,2026-08-21T01:54:13.950Z,1787277060,2026-08-21T02:00:00.000Z,18.9,17.2,20,18,26.0,8,1015.7,1015.3,12,METAR,METAR KJFK 210151Z 02018G26KT 8SM -RA BKN014 OVC032 19/17 A2999 RMK AO2 PK WND 01026/0142 SLP153 P0010 T01890172 $,40.6392,-73.7639,3,"New York/JF Kennedy Intl, NY, US",OVC,"[{'cover': 'BKN', 'base': 1400}, {'cover': 'OVC', 'base': 3200}]",MVFR,,,,,,,0.1,,-RA,,,2026-08-21 01:51:00+00:00,2026-08-21 01:54:13.950000+00:00,18.9,True,18.9
KJFK,2026-08-21T02:54:08.129Z,1787280660,2026-08-21T03:00:00.000Z,18.3,16.7,40,17,26.0,4,1015.3,1015.1,12,METAR,METAR KJFK 210251Z 04017G26KT 4SM RA BR SCT025 OVC034 18/17 A2998 RMK AO2 PK WND 04026/0246 VIS 2 1/2 W SLP151 P0003 60041 T01830167 50015 $,40.6392,-73.7639,3,"New York/JF Kennedy Intl, NY, US",OVC,"[{'cover': 'SCT', 'base': 2500}, {'cover': 'OVC', 'base': 3400}]",MVFR,1.5,,,,,,0.03,0.41,RA BR,,,2026-08-21 02:51:00+00:00,2026-08-21 02:54:08.129000+00:00,18.3,True,18.3
KJFK,2026-08-21T03:54:12.729Z,1787284260,2026-08-21T04:00:00.000Z,18.3,17.2,30,14,,10+,1015.0,1014.8,12,METAR,METAR KJFK 210351Z 03014KT 10SM SCT008 BKN029 OVC042 18/17 A2997 RMK AO2 RAE42 SLP148 P0048 T01830172 $,40.6392,-73.7639,3,"New York/JF Kennedy Intl, NY, US",OVC,"[{'cover': 'SCT', 'base': 800}, {'cover': 'BKN', 'base': 2900}, {'cover': 'OVC', 'base': 4200}]",MVFR,,,,,,,0.48,,,,,2026-08-21 03:51:00+00:00,2026-08-21 03:54:12.729000+00:00,18.3,True,18.3
KJFK,2026-08-21T04:54:11.338Z,1787287860,2026-08-21T05:00:00.000Z,18.9,17.8,10,12,,10+,1015.0,1014.7,12,METAR,METAR KJFK 210451Z 01012KT 10SM BKN008 OVC013 19/18 A2997 RMK AO2 SLP147 T01890178 402830183 $,40.6392,-73.7639,3,"New York/JF Kennedy Intl, NY, US",OVC,"[{'cover': 'BKN', 'base': 800}, {'cover': 'OVC', 'base': 1300}]",IFR,,,,28.3,18.3,,,,,,,2026-08-21 04:51:00+00:00,2026-08-21 04:54:11.338000+00:00,18.9,True,18.9
KJFK,2026-08-21T05:54:08.626Z,1787291460,2026-08-21T06:00:00.000Z,18.9,17.2,360,15,,10+,1015.0,1014.7,12,METAR,METAR KJFK 210551Z 36015KT 10SM FEW009 BKN012 OVC045 19/17 A2997 RMK AO2 SLP147 60089 T01890172 10200 20183 55004 $,40.6392,-73.7639,3,"New York/JF Kennedy Intl, NY, US",OVC,"[{'cover': 'FEW', 'base': 900}, {'cover': 'BKN', 'base': 1200}, {'cover': 'OVC', 'base': 4500}]",MVFR,-0.4,20.0,18.3,,,0.89,,,,,,2026-08-21 05:51:00+00:00,2026-08-21 05:54:08.626000+00:00,18.9,True,18.9
KJFK,2026-08-21T06:54:07.678Z,1787295060,2026-08-21T07:00:00.000Z,18.3,17.2,360,14,20.0,10+,1015.0,1014.9,12,METAR,METAR KJFK 210651Z 36014G20KT 10SM BKN012 OVC050 18/17 A2997 RMK AO2 SLP149 T01830172 $,40.6392,-73.7639,3,"New York/JF Kennedy Intl, NY, US",OVC,"[{'cover': 'BKN', 'base': 1200}, {'cover': 'OVC', 'base': 5000}]",MVFR,,,,,,,,,,,,2026-08-21 06:51:00+00:00,2026-08-21 06:54:07.678000+00:00,18.3,True,18.3
KJFK,2026-08-21T07:54:13.147Z,1787298660,2026-08-21T08:00:00.000Z,17.8,16.1,360,14,,10+,1015.3,1015.2,12,METAR,METAR KJFK 210751Z 36014KT 10SM BKN010 OVC019 18/16 A2998 RMK AO2 SLP152 T01780161 $,40.6392,-73.7639,3,"New York/JF Kennedy Intl, NY, US",OVC,"[{'cover': 'BKN', 'base': 1000}, {'cover': 'OVC', 'base': 1900}]",MVFR,,,,,,,,,,,,2026-08-21 07:51:00+00:00,2026-08-21 07:54:13.147000+00:00,17.8,True,17.8
KJFK,2026-08-21T08:56:09.007Z,1787302260,2026-08-21T09:00:00.000Z,18.3,16.1,360,15,,10+,1015.7,1015.6,12,METAR,METAR KJFK 210851Z 36015KT 10SM FEW012 OVC021 18/16 A2999 RMK AO2 SLP156 T01830161 53009 $,40.6392,-73.7639,3,"New York/JF Kennedy Intl, NY, US",OVC,"[{'cover': 'FEW', 'base': 1200}, {'cover': 'OVC', 'base': 2100}]",MVFR,0.9,,,,,,,,,,,2026-08-21 08:51:00+00:00,2026-08-21 08:56:09.007000+00:00,18.3,True,18.3
KJFK,2026-08-21T09:54:08.322Z,1787305860,2026-08-21T10:00:00.000Z,18.3,15.6,360,17,,10+,1016.3,1016.3,12,METAR,METAR KJFK 210951Z 36017KT 10SM FEW015 OVC024 18/16 A3001 RMK AO2 SLP163 T01830156 $,40.6392,-73.7639,3,"New York/JF Kennedy Intl, NY, US",OVC,"[{'cover': 'FEW', 'base': 1500}, {'cover': 'OVC', 'base': 2400}]",MVFR,,,,,,,,,,,,2026-08-21 09:51:00+00:00,2026-08-21 09:54:08.322000+00:00,18.3,True,18.3
KJFK,2026-08-21T10:54:11.351Z,1787309460,2026-08-21T11:00:00.000Z,18.3,15.6,10,11,,10+,1017.0,1017.0,12,METAR,METAR KJFK 211051Z 01011KT 10SM SCT024 BKN037 BKN055 18/16 A3003 RMK AO2 SLP170 T01830156 $,40.6392,-73.7639,3,"New York/JF Kennedy Intl, NY, US",BKN,"[{'cover': 'SCT', 'base': 2400}, {'cover': 'BKN', 'base': 3700}, {'cover': 'BKN', 'base': 5500}]",VFR,,,,,,,,,,,,2026-08-21 10:51:00+00:00,2026-08-21 10:54:11.351000+00:00,18.3,True,18.3
KJFK,2026-08-21T11:54:08.671Z,1787313060,2026-08-21T12:00:00.000Z,19.4,15.0,10,15,,10+,1017.4,1017.2,12,METAR,METAR KJFK 211151Z 01015KT 10SM BKN033 BKN048 BKN055 BKN180 19/15 A3004 RMK AO2 SLP172 70201 T01940150 10194 20178 51016 $,40.6392,-73.7639,3,"New York/JF Kennedy Intl, NY, US",BKN,"[{'cover': 'BKN', 'base': 3300}, {'cover': 'BKN', 'base': 4800}, {'cover': 'BKN', 'base': 5500}, {'cover': 'BKN', 'base': 18000}]",VFR,1.6,19.4,17.8,,,,,,,2.01,,2026-08-21 11:51:00+00:00,2026-08-21 11:54:08.671000+00:00,19.4,True,19.4
KJFK,2026-08-21T12:54:08.688Z,1787316660,2026-08-21T13:00:00.000Z,21.1,15.6,30,12,,10+,1017.7,1017.4,4,METAR,METAR KJFK 211251Z 03012KT 10SM FEW015 BKN036 BKN046 BKN250 21/16 A3005 RMK AO2 SLP174 T02110156,40.6392,-73.7639,3,"New York/JF Kennedy Intl, NY, US",BKN,"[{'cover': 'FEW', 'base': 1500}, {'cover': 'BKN', 'base': 3600}, {'cover': 'BKN', 'base': 4600}, {'cover': 'BKN', 'base': 25000}]",VFR,,,,,,,,,,,,2026-08-21 12:51:00+00:00,2026-08-21 12:54:08.688000+00:00,21.1,True,21.1
KJFK,2026-08-21T13:54:12.123Z,1787320260,2026-08-21T14:00:00.000Z,22.2,16.1,20,12,,10+,1018.0,1017.8,4,METAR,METAR KJFK 211351Z 02012KT 10SM SCT019 BKN045 BKN250 22/16 A3006 RMK AO2 SLP178 T02220161,40.6392,-73.7639,3,"New York/JF Kennedy Intl, NY, US",BKN,"[{'cover': 'SCT', 'base': 1900}, {'cover': 'BKN', 'base': 4500}, {'cover': 'BKN', 'base': 25000}]",VFR,,,,,,,,,,,,2026-08-21 13:51:00+00:00,2026-08-21 13:54:12.123000+00:00,22.2,True,22.2
KJFK,2026-08-21T14:54:09.974Z,1787323860,2026-08-21T15:00:00.000Z,22.8,16.1,30,12,21.0,10+,1018.0,1017.9,4,METAR,METAR KJFK 211451Z 03012G21KT 10SM SCT025 BKN050 BKN250 23/16 A3006 RMK AO2 SLP179 T02280161 51006,40.6392,-73.7639,3,"New York/JF Kennedy Intl, NY, US",BKN,"[{'cover': 'SCT', 'base': 2500}, {'cover': 'BKN', 'base': 5000}, {'cover': 'BKN', 'base': 25000}]",VFR,0.6,,,,,,,,,,,2026-08-21 14:51:00+00:00,2026-08-21 14:54:09.974000+00:00,22.8,True,22.8
KJFK,2026-08-21T15:46:05.174Z,1787326920,2026-08-21T15:42:00.000Z,23.3,16.7,20,14,20.0,10+,1018.4,,4,SPECI,SPECI KJFK 211542Z 02014G20KT 10SM BKN026 BKN050 BKN250 23/17 A3007 RMK AO2 T02330167,40.6392,-73.7639,3,"New York/JF Kennedy Intl, NY, US",BKN,"[{'cover': 'BKN', 'base': 2600}, {'cover': 'BKN', 'base': 5000}, {'cover': 'BKN', 'base': 25000}]",MVFR,,,,,,,,,,,,2026-08-21 15:42:00+00:00,2026-08-21 15:46:05.174000+00:00,23.3,True,23.3
KJFK,2026-08-21T15:54:06.820Z,1787327460,2026-08-21T16:00:00.000Z,23.9,16.7,40,10,20.0,10+,1018.4,1018.3,4,METAR,METAR KJFK 211551Z 04010G20KT 10SM BKN026 BKN050 BKN250 24/17 A3007 RMK AO2 SLP183 T02390167,40.6392,-73.7639,3,"New York/JF Kennedy Intl, NY, US",BKN,"[{'cover': 'BKN', 'base': 2600}, {'cover': 'BKN', 'base': 5000}, {'cover': 'BKN', 'base': 25000}]",MVFR,,,,,,,,,,,,2026-08-21 15:51:00+00:00,2026-08-21 15:54:06.820000+00:00,23.9,True,23.9
KJFK,2026-08-21T16:54:11.096Z,1787331060,2026-08-21T17:00:00.000Z,23.9,17.2,40,9,,10+,1018.4,1018.2,12,METAR,METAR KJFK 211651Z 04009KT 10SM BKN026 BKN045 BKN250 24/17 A3007 RMK AO2 SLP182 T02390172 $,40.6392,-73.7639,3,"New York/JF Kennedy Intl, NY, US",BKN,"[{'cover': 'BKN', 'base': 2600}, {'cover': 'BKN', 'base': 4500}, {'cover': 'BKN', 'base': 25000}]",MVFR,,,,,,,,,,,,2026-08-21 16:51:00+00:00,2026-08-21 16:54:11.096000+00:00,23.9,True,23.9
KJFK,2026-08-21T17:54:15.713Z,1787334660,2026-08-21T18:00:00.000Z,24.4,17.2,30,9,,10+,1018.4,1018.1,12,METAR,METAR KJFK 211751Z 03009KT 10SM BKN029 BKN050 BKN250 24/17 A3007 RMK AO2 SLP181 T02440172 10244 20194 50002 $,40.6392,-73.7639,3,"New York/JF Kennedy Intl, NY, US",BKN,"[{'cover': 'BKN', 'base': 2900}, {'cover': 'BKN', 'base': 5000}, {'cover': 'BKN', 'base': 25000}]",MVFR,0.2,24.4,19.4,,,,,,,,,2026-08-21 17:51:00+00:00,2026-08-21 17:54:15.713000+00:00,24.4,True,24.4
KJFK,2026-08-21T19:00:14.815Z,1787338260,2026-08-21T19:00:00.000Z,24.4,17.2,60,9,,10+,1018.0,1017.8,13,METAR,METAR KJFK 211851Z COR 06009KT 10SM BKN034 BKN065 24/17 A3006 RMK AO2 SLP178 T02440172 $,40.6392,-73.7639,3,"New York/JF Kennedy Intl, NY, US",BKN,"[{'cover': 'BKN', 'base': 3400}, {'cover': 'BKN', 'base': 6500}]",VFR,,,,,,,,,,,,2026-08-21 18:51:00+00:00,2026-08-21 19:00:14.815000+00:00,24.4,True,24.4
KJFK,2026-08-21T19:54:11.062Z,1787341860,2026-08-21T20:00:00.000Z,25.6,17.2,30,8,17.0,10+,1017.4,1017.2,12,METAR,METAR KJFK 211951Z 03008G17KT 010V070 10SM SCT034 BKN045 BKN065 26/17 A3004 RMK AO2 SLP172 T02560172 $,40.6392,-73.7639,3,"New York/JF Kennedy Intl, NY, US",BKN,"[{'cover': 'SCT', 'base': 3400}, {'cover': 'BKN', 'base': 4500}, {'cover': 'BKN', 'base': 6500}]",VFR,,,,,,,,,,,,2026-08-21 19:51:00+00:00,2026-08-21 19:54:11.062000+00:00,25.6,True,25.6
KJFK,2026-08-21T20:54:08.936Z,1787345460,2026-08-21T21:00:00.000Z,25.0,17.2,30,11,,10+,1017.4,1017.1,12,METAR,METAR KJFK 212051Z 03011KT 10SM SCT035 BKN044 25/17 A3004 RMK AO2 SLP171 T02500172 56010 $,40.6392,-73.7639,3,"New York/JF Kennedy Intl, NY, US",BKN,"[{'cover': 'SCT', 'base': 3500}, {'cover': 'BKN', 'base': 4400}]",VFR,-1.0,,,,,,,,,,,2026-08-21 20:51:00+00:00,2026-08-21 20:54:08.936000+00:00,25.0,True,25.0
KJFK,2026-08-21T21:54:10.348Z,1787349060,2026-08-21T22:00:00.000Z,25.0,16.7,40,8,,10+,1017.7,1017.4,4,METAR,METAR KJFK 212151Z 04008KT 10SM SCT047 BKN055 BKN065 25/17 A3005 RMK AO2 SLP174 T02500167,40.6392,-73.7639,3,"New York/JF Kennedy Intl, NY, US",BKN,"[{'cover': 'SCT', 'base': 4700}, {'cover': 'BKN', 'base': 5500}, {'cover': 'BKN', 'base': 6500}]",VFR,,,,,,,,,,,,2026-08-21 21:51:00+00:00,2026-08-21 21:54:10.348000+00:00,25.0,True,25.0
KJFK,2026-08-21T22:54:12.532Z,1787352660,2026-08-21T23:00:00.000Z,24.4,16.7,50,8,,10+,1017.4,1017.2,4,METAR,METAR KJFK 212251Z 05008KT 10SM SCT060 BKN075 24/17 A3004 RMK AO2 SLP172 T02440167,40.6392,-73.7639,3,"New York/JF Kennedy Intl, NY, US",BKN,"[{'cover': 'SCT', 'base': 6000}, {'cover': 'BKN', 'base': 7500}]",VFR,,,,,,,,,,,,2026-08-21 22:51:00+00:00,2026-08-21 22:54:12.532000+00:00,24.4,True,24.4
KJFK,2026-08-21T23:54:08.789Z,1787356260,2026-08-22T00:00:00.000Z,22.8,17.8,80,7,,10+,1017.7,1017.4,4,METAR,METAR KJFK 212351Z 08007KT 10SM SCT045 BKN060 BKN250 23/18 A3005 RMK AO2 SLP174 T02280178 10261 20228 51003,40.6392,-73.7639,3,"New York/JF Kennedy Intl, NY, US",BKN,"[{'cover': 'SCT', 'base': 4500}, {'cover': 'BKN', 'base': 6000}, {'cover': 'BKN', 'base': 25000}]",VFR,0.3,26.1,22.8,,,,,,,,,2026-08-21 23:51:00+00:00,2026-08-21 23:54:08.789000+00:00,22.8,True,22.8
KJFK,2026-08-22T00:54:09.474Z,1787359860,2026-08-22T01:00:00.000Z,21.7,17.2,80,6,,10+,1017.7,1017.7,4,METAR,METAR KJFK 220051Z 08006KT 10SM FEW060 SCT250 22/17 A3005 RMK AO2 SLP177 T02170172,40.6392,-73.7639,3,"New York/JF Kennedy Intl, NY, US",SCT,"[{'cover': 'FEW', 'base': 6000}, {'cover': 'SCT', 'base': 25000}]",VFR,,,,,,,,,,,,2026-08-22 00:51:00+00:00,2026-08-22 00:54:09.474000+00:00,21.7,True,21.7
KJFK,2026-08-22T01:58:43.047Z,1787363460,2026-08-22T02:00:00.000Z,21.1,17.2,80,4,,10+,1018.4,1018.3,4,METAR,METAR KJFK 220151Z 08004KT 10SM FEW060 SCT250 21/17 A3007 RMK AO2 SLP183 T02110172,40.6392,-73.7639,3,"New York/JF Kennedy Intl, NY, US",SCT,"[{'cover': 'FEW', 'base': 6000}, {'cover': 'SCT', 'base': 25000}]",VFR,,,,,,,,,,,,2026-08-22 01:51:00+00:00,2026-08-22 01:58:43.047000+00:00,21.1,True,21.1
KJFK,2026-08-22T02:54:07.241Z,1787367060,2026-08-22T03:00:00.000Z,20.6,17.2,110,3,,10+,1018.7,1018.4,4,METAR,METAR KJFK 220251Z 11003KT 10SM SCT070 BKN250 21/17 A3008 RMK AO2 SLP184 T02060172 51009,40.6392,-73.7639,3,"New York/JF Kennedy Intl, NY, US",BKN,"[{'cover': 'SCT', 'base': 7000}, {'cover': 'BKN', 'base': 25000}]",VFR,0.9,,,,,,,,,,,2026-08-22 02:51:00+00:00,2026-08-22 02:54:07.241000+00:00,20.6,True,20.6
KJFK,2026-08-22T04:02:12.523Z,1787370660,2026-08-22T04:00:00.000Z,20.0,17.2,120,3,,10+,1018.7,1018.5,4,METAR,METAR KJFK 220351Z 12003KT 10SM FEW055 BKN070 BKN250 20/17 A3008 RMK AO2 SLP185 T02000172,40.6392,-73.7639,3,"New York/JF Kennedy Intl, NY, US",BKN,"[{'cover': 'FEW', 'base': 5500}, {'cover': 'BKN', 'base': 7000}, {'cover': 'BKN', 'base': 25000}]",VFR,,,,,,,,,,,,2026-08-22 03:51:00+00:00,2026-08-22 04:02:12.523000+00:00,20.0,True,20.0
KJFK,2026-08-22T04:54:14.045Z,1787374260,2026-08-22T05:00:00.000Z,20.0,16.7,0,0,,10+,1018.4,1018.3,4,METAR,METAR KJFK 220451Z 00000KT 10SM FEW070 BKN250 20/17 A3007 RMK AO2 SLP183 T02000167 402610178,40.6392,-73.7639,3,"New York/JF Kennedy Intl, NY, US",BKN,"[{'cover': 'FEW', 'base': 7000}, {'cover': 'BKN', 'base': 25000}]",VFR,,,,26.1,17.8,,,,,,,2026-08-22 04:51:00+00:00,2026-08-22 04:54:14.045000+00:00,20.0,True,20.0
KJFK,2026-08-22T05:54:14.621Z,1787377860,2026-08-22T06:00:00.000Z,20.0,16.7,0,0,,10+,1018.4,1018.1,4,METAR,METAR KJFK 220551Z 00000KT 10SM FEW070 SCT200 BKN250 20/17 A3007 RMK AO2 SLP181 T02000167 10228 20194 58002,40.6392,-73.7639,3,"New York/JF Kennedy Intl, NY, US",BKN,"[{'cover': 'FEW', 'base': 7000}, {'cover': 'SCT', 'base': 20000}, {'cover': 'BKN', 'base': 25000}]",VFR,-0.2,22.8,19.4,,,,,,,,,2026-08-22 05:51:00+00:00,2026-08-22 05:54:14.621000+00:00,20.0,True,20.0
KJFK,2026-08-22T06:54:08.222Z,1787381460,2026-08-22T07:00:00.000Z,20.0,17.2,20,4,,10+,1017.7,1017.7,4,METAR,METAR KJFK 220651Z 02004KT 10SM BKN160 BKN250 20/17 A3005 RMK AO2 SLP177 T02000172,40.6392,-73.7639,3,"New York/JF Kennedy Intl, NY, US",BKN,"[{'cover': 'BKN', 'base': 16000}, {'cover': 'BKN', 'base': 25000}]",VFR,,,,,,,,,,,,2026-08-22 06:51:00+00:00,2026-08-22 06:54:08.222000+00:00,20.0,True,20.0
KJFK,2026-08-22T07:54:06.952Z,1787385060,2026-08-22T08:00:00.000Z,20.0,17.8,50,4,,10+,1017.7,1017.4,4,METAR,METAR KJFK 220751Z 05004KT 10SM BKN160 OVC250 20/18 A3005 RMK AO2 SLP174 T02000178,40.6392,-73.7639,3,"New York/JF Kennedy Intl, NY, US",OVC,"[{'cover': 'BKN', 'base': 16000}, {'cover': 'OVC', 'base': 25000}]",VFR,,,,,,,,,,,,2026-08-22 07:51:00+00:00,2026-08-22 07:54:06.952000+00:00,20.0,True,20.0
KJFK,2026-08-22T08:54:06.324Z,1787388660,2026-08-22T09:00:00.000Z,20.0,17.2,60,3,,10+,1017.4,1017.3,4,METAR,METAR KJFK 220851Z 06003KT 10SM BKN160 BKN250 20/17 A3004 RMK AO2 SLP173 T02000172 56008,40.6392,-73.7639,3,"New York/JF Kennedy Intl, NY, US",BKN,"[{'cover': 'BKN', 'base': 16000}, {'cover': 'BKN', 'base': 25000}]",VFR,-0.8,,,,,,,,,,,2026-08-22 08:51:00+00:00,2026-08-22 08:54:06.324000+00:00,20.0,True,20.0
KJFK,2026-08-22T09:54:10.686Z,1787392260,2026-08-22T10:00:00.000Z,20.0,16.7,30,3,,10+,1017.4,1017.2,4,METAR,METAR KJFK 220951Z 03003KT 10SM BKN170 BKN250 20/17 A3004 RMK AO2 SLP172 T02000167,40.6392,-73.7639,3,"New York/JF Kennedy Intl, NY, US",BKN,"[{'cover': 'BKN', 'base': 17000}, {'cover': 'BKN', 'base': 25000}]",VFR,,,,,,,,,,,,2026-08-22 09:51:00+00:00,2026-08-22 09:54:10.686000+00:00,20.0,True,20.0
KJFK,2026-08-22T10:54:07.830Z,1787395860,2026-08-22T11:00:00.000Z,20.0,17.2,0,0,,10+,1018.0,1017.9,4,METAR,METAR KJFK 221051Z 00000KT 10SM BKN035 BKN170 BKN220 20/17 A3006 RMK AO2 SLP179 T02000172,40.6392,-73.7639,3,"New York/JF Kennedy Intl, NY, US",BKN,"[{'cover': 'BKN', 'base': 3500}, {'cover': 'BKN', 'base': 17000}, {'cover': 'BKN', 'base': 22000}]",VFR,,,,,,,,,,,,2026-08-22 10:51:00+00:00,2026-08-22 10:54:07.830000+00:00,20.0,True,20.0
KJFK,2026-08-22T11:54:09.344Z,1787399460,2026-08-22T12:00:00.000Z,21.1,17.2,20,5,,10+,1018.0,1017.9,4,METAR,METAR KJFK 221151Z 02005KT 10SM BKN035 BKN070 BKN220 21/17 A3006 RMK AO2 SLP179 T02110172 10211 20194 52006,40.6392,-73.7639,3,"New York/JF Kennedy Intl, NY, US",BKN,"[{'cover': 'BKN', 'base': 3500}, {'cover': 'BKN', 'base': 7000}, {'cover': 'BKN', 'base': 22000}]",VFR,0.6,21.1,19.4,,,,,,,,,2026-08-22 11:51:00+00:00,2026-08-22 11:54:09.344000+00:00,21.1,True,21.1
KJFK,2026-08-22T12:54:09.652Z,1787403060,2026-08-22T13:00:00.000Z,21.7,17.2,80,4,,10+,1018.0,1017.8,4,METAR,METAR KJFK 221251Z 08004KT 10SM SCT025 BKN035 BKN070 BKN170 BKN220 22/17 A3006 RMK AO2 SLP178 T02170172,40.6392,-73.7639,3,"New York/JF Kennedy Intl, NY, US",BKN,"[{'cover': 'SCT', 'base': 2500}, {'cover': 'BKN', 'base': 3500}, {'cover': 'BKN', 'base': 7000}, {'cover': 'BKN', 'base': 17000}]",VFR,,,,,,,,,,,,2026-08-22 12:51:00+00:00,2026-08-22 12:54:09.652000+00:00,21.7,True,21.7
KJFK,2026-08-22T13:54:12.210Z,1787406660,2026-08-22T14:00:00.000Z,21.7,16.7,80,6,,10+,1017.7,1017.5,4,METAR,METAR KJFK 221351Z 08006KT 10SM SCT028 BKN035 BKN070 BKN170 BKN230 22/17 A3005 RMK AO2 SLP175 T02170167,40.6392,-73.7639,3,"New York/JF Kennedy Intl, NY, US",BKN,"[{'cover': 'SCT', 'base': 2800}, {'cover': 'BKN', 'base': 3500}, {'cover': 'BKN', 'base': 7000}, {'cover': 'BKN', 'base': 17000}]",VFR,,,,,,,,,,,,2026-08-22 13:51:00+00:00,2026-08-22 13:54:12.210000+00:00,21.7,True,21.7
KJFK,2026-08-22T14:54:10.890Z,1787410260,2026-08-22T15:00:00.000Z,22.8,17.2,0,0,,10+,1018.0,1017.7,4,METAR,METAR KJFK 221451Z 00000KT 10SM SCT025 BKN031 BKN180 23/17 A3006 RMK AO2 SLP177 T02280172 55002,40.6392,-73.7639,3,"New York/JF Kennedy Intl, NY, US",BKN,"[{'cover': 'SCT', 'base': 2500}, {'cover': 'BKN', 'base': 3100}, {'cover': 'BKN', 'base': 18000}]",VFR,-0.2,,,,,,,,,,,2026-08-22 14:51:00+00:00,2026-08-22 14:54:10.890000+00:00,22.8,True,22.8
KJFK,2026-08-22T15:54:08.171Z,1787413860,2026-08-22T16:00:00.000Z,22.8,16.7,0,0,,10+,1017.7,1017.5,4,METAR,METAR KJFK 221551Z 00000KT 10SM BKN025 BKN030 OVC180 23/17 A3005 RMK AO2 SLP175 T02280167,40.6392,-73.7639,3,"New York/JF Kennedy Intl, NY, US",OVC,"[{'cover': 'BKN', 'base': 2500}, {'cover': 'BKN', 'base': 3000}, {'cover': 'OVC', 'base': 18000}]",MVFR,,,,,,,,,,,,2026-08-22 15:51:00+00:00,2026-08-22 15:54:08.171000+00:00,22.8,True,22.8
KJFK,2026-08-22T16:54:06.611Z,1787417460,2026-08-22T17:00:00.000Z,23.3,17.8,110,4,,10+,1017.4,1017.1,4,METAR,METAR KJFK 221651Z 11004KT 10SM BKN024 BKN032 BKN150 23/18 A3004 RMK AO2 SLP171 T02330178,40.6392,-73.7639,3,"New York/JF Kennedy Intl, NY, US",BKN,"[{'cover': 'BKN', 'base': 2400}, {'cover': 'BKN', 'base': 3200}, {'cover': 'BKN', 'base': 15000}]",MVFR,,,,,,,,,,,,2026-08-22 16:51:00+00:00,2026-08-22 16:54:06.611000+00:00,23.3,True,23.3
KJFK,2026-08-22T17:54:12.028Z,1787421060,2026-08-22T18:00:00.000Z,23.3,18.3,150,5,,10+,1017.0,1016.8,4,METAR,METAR KJFK 221751Z 15005KT 10SM SCT025 BKN037 BKN047 BKN150 BKN250 23/18 A3003 RMK AO2 SLP168 T02330183 10233 20211 58009,40.6392,-73.7639,3,"New York/JF Kennedy Intl, NY, US",BKN,"[{'cover': 'SCT', 'base': 2500}, {'cover': 'BKN', 'base': 3700}, {'cover': 'BKN', 'base': 4700}, {'cover': 'BKN', 'base': 15000}]",VFR,-0.9,23.3,21.1,,,,,,,,,2026-08-22 17:51:00+00:00,2026-08-22 17:54:12.028000+00:00,23.3,True,23.3
KJFK,2026-08-22T18:54:12.900Z,1787424660,2026-08-22T19:00:00.000Z,23.9,18.3,150,5,,10+,1016.3,1016.2,12,METAR,METAR KJFK 221851Z 15005KT 10SM SCT020 BKN038 BKN047 BKN150 BKN250 24/18 A3001 RMK AO2 SLP162 T02390183 $,40.6392,-73.7639,3,"New York/JF Kennedy Intl, NY, US",BKN,"[{'cover': 'SCT', 'base': 2000}, {'cover': 'BKN', 'base': 3800}, {'cover': 'BKN', 'base': 4700}, {'cover': 'BKN', 'base': 15000}]",VFR,,,,,,,,,,,,2026-08-22 18:51:00+00:00,2026-08-22 18:54:12.900000+00:00,23.9,True,23.9
KJFK,2026-08-22T19:54:08.799Z,1787428260,2026-08-22T20:00:00.000Z,24.4,19.4,170,7,,10+,1015.7,1015.4,12,METAR,METAR KJFK 221951Z 17007KT 10SM FEW025 FEW044 SCT055 SCT180 BKN250 24/19 A2999 RMK AO2 SLP154 T02440194 $,40.6392,-73.7639,3,"New York/JF Kennedy Intl, NY, US",SCT,"[{'cover': 'FEW', 'base': 2500}, {'cover': 'FEW', 'base': 4400}, {'cover': 'SCT', 'base': 5500}, {'cover': 'SCT', 'base': 18000}]",VFR,,,,,,,,,,,,2026-08-22 19:51:00+00:00,2026-08-22 19:54:08.799000+00:00,24.4,True,24.4
KJFK,2026-08-22T20:54:09.656Z,1787431860,2026-08-22T21:00:00.000Z,24.4,19.4,140,8,,10+,1015.3,1015.0,12,METAR,METAR KJFK 222051Z 14008KT 10SM FEW028 SCT055 SCT210 BKN250 24/19 A2998 RMK AO2 SLP150 TCU DSNT N T02440194 56018 $,40.6392,-73.7639,3,"New York/JF Kennedy Intl, NY, US",BKN,"[{'cover': 'FEW', 'base': 2800}, {'cover': 'SCT', 'base': 5500}, {'cover': 'SCT', 'base': 21000}, {'cover': 'BKN', 'base': 25000}]",VFR,-1.8,,,,,,,,,,,2026-08-22 20:51:00+00:00,2026-08-22 20:54:09.656000+00:00,24.4,True,24.4
KJFK,2026-08-22T21:54:07.170Z,1787435460,2026-08-22T22:00:00.000Z,23.9,19.4,140,8,,10+,1014.6,1014.6,12,METAR,METAR KJFK 222151Z 14008KT 10SM SCT025 SCT055 SCT200 BKN250 24/19 A2996 RMK AO2 SLP146 TCU DSNT NE T02390194 $,40.6392,-73.7639,3,"New York/JF Kennedy Intl, NY, US",BKN,"[{'cover': 'SCT', 'base': 2500}, {'cover': 'SCT', 'base': 5500}, {'cover': 'SCT', 'base': 20000}, {'cover': 'BKN', 'base': 25000}]",VFR,,,,,,,,,,,,2026-08-22 21:51:00+00:00,2026-08-22 21:54:07.170000+00:00,23.9,True,23.9
KJFK,2026-08-22T22:54:10.446Z,1787439060,2026-08-22T23:00:00.000Z,22.8,18.9,130,8,,10+,1014.3,1014.3,12,METAR,METAR KJFK 222251Z 13008KT 10SM SCT016 SCT028 BKN055 BKN200 BKN250 23/19 A2995 RMK AO2 SLP143 T02280189 $,40.6392,-73.7639,3,"New York/JF Kennedy Intl, NY, US",BKN,"[{'cover': 'SCT', 'base': 1600}, {'cover': 'SCT', 'base': 2800}, {'cover': 'BKN', 'base': 5500}, {'cover': 'BKN', 'base': 20000}]",VFR,,,,,,,,,,,,2026-08-22 22:51:00+00:00,2026-08-22 22:54:10.446000+00:00,22.8,True,22.8
KJFK,2026-08-22T23:54:09.160Z,1787442660,2026-08-23T00:00:00.000Z,21.1,19.4,130,8,,10+,1014.3,1014.3,12,METAR,METAR KJFK 222351Z 13008KT 10SM SCT012 SCT021 BKN060 BKN200 BKN250 21/19 A2995 RMK AO2 SLP143 T02110194 56007 $,40.6392,-73.7639,3,"New York/JF Kennedy Intl, NY, US",BKN,"[{'cover': 'SCT', 'base': 1200}, {'cover': 'SCT', 'base': 2100}, {'cover': 'BKN', 'base': 6000}, {'cover': 'BKN', 'base': 20000}]",VFR,-0.7,,,,,,,,,,,2026-08-22 23:51:00+00:00,2026-08-22 23:54:09.160000+00:00,21.1,True,21.1
KJFK,2026-08-23T00:54:07.071Z,1787446260,2026-08-23T01:00:00.000Z,21.1,18.9,140,7,,10+,1014.6,1014.6,12,METAR,METAR KJFK 230051Z 14007KT 10SM SCT012 SCT022 BKN065 BKN200 BKN250 21/19 A2996 RMK AO2 SLP146 T02110189 $,40.6392,-73.7639,3,"New York/JF Kennedy Intl, NY, US",BKN,"[{'cover': 'SCT', 'base': 1200}, {'cover': 'SCT', 'base': 2200}, {'cover': 'BKN', 'base': 6500}, {'cover': 'BKN', 'base': 20000}]",VFR,,,,,,,,,,,,2026-08-23 00:51:00+00:00,2026-08-23 00:54:07.071000+00:00,21.1,True,21.1
KJFK,2026-08-23T01:54:10.613Z,1787449860,2026-08-23T02:00:00.000Z,21.7,18.9,130,6,,10+,1014.6,1014.4,12,METAR,METAR KJFK 230151Z 13006KT 10SM SCT012 SCT022 BKN095 BKN200 BKN250 22/19 A2996 RMK AO2 SLP144 T02170189 $,40.6392,-73.7639,3,"New York/JF Kennedy Intl, NY, US",BKN,"[{'cover': 'SCT', 'base': 1200}, {'cover': 'SCT', 'base': 2200}, {'cover': 'BKN', 'base': 9500}, {'cover': 'BKN', 'base': 20000}]",VFR,,,,,,,,,,,,2026-08-23 01:51:00+00:00,2026-08-23 01:54:10.613000+00:00,21.7,True,21.7
KJFK,2026-08-23T02:54:20.669Z,1787453460,2026-08-23T03:00:00.000Z,21.1,18.9,140,6,,10+,1014.3,1014.1,12,METAR,METAR KJFK 230251Z 14006KT 10SM SCT013 SCT021 BKN090 BKN250 21/19 A2995 RMK AO2 SLP141 T02110189 58002 $,40.6392,-73.7639,3,"New York/JF Kennedy Intl, NY, US",BKN,"[{'cover': 'SCT', 'base': 1300}, {'cover': 'SCT', 'base': 2100}, {'cover': 'BKN', 'base': 9000}, {'cover': 'BKN', 'base': 25000}]",VFR,-0.2,,,,,,,,,,,2026-08-23 02:51:00+00:00,2026-08-23 02:54:20.669000+00:00,21.1,True,21.1
KJFK,2026-08-23T03:54:10.731Z,1787457060,2026-08-23T04:00:00.000Z,21.1,19.4,110,4,,10+,1013.6,1013.4,12,METAR,METAR KJFK 230351Z 11004KT 10SM FEW013 BKN070 BKN250 21/19 A2993 RMK AO2 SLP134 T02110194 $,40.6392,-73.7639,3,"New York/JF Kennedy Intl, NY, US",BKN,"[{'cover': 'FEW', 'base': 1300}, {'cover': 'BKN', 'base': 7000}, {'cover': 'BKN', 'base': 25000}]",VFR,,,,,,,,,,,,2026-08-23 03:51:00+00:00,2026-08-23 03:54:10.731000+00:00,21.1,True,21.1
KJFK,2026-08-23T04:54:11.692Z,1787460660,2026-08-23T05:00:00.000Z,21.1,19.4,100,5,,10+,1012.6,1012.6,12,METAR,METAR KJFK 230451Z 10005KT 10SM SCT012 BKN095 BKN250 21/19 A2990 RMK AO2 SLP126 T02110194 402720194 $,40.6392,-73.7639,3,"New York/JF Kennedy Intl, NY, US",BKN,"[{'cover': 'SCT', 'base': 1200}, {'cover': 'BKN', 'base': 9500}, {'cover': 'BKN', 'base': 25000}]",VFR,,,,27.2,19.4,,,,,,,2026-08-23 04:51:00+00:00,2026-08-23 04:54:11.692000+00:00,21.1,True,21.1
KJFK,2026-08-23T05:42:33.948Z,1787463480,2026-08-23T05:38:00.000Z,21.1,20.0,100,5,,10+,1012.6,,12,SPECI,SPECI KJFK 230538Z 10005KT 10SM SCT012 BKN022 OVC090 21/20 A2990 RMK AO2 T02110200 $,40.6392,-73.7639,3,"New York/JF Kennedy Intl, NY, US",OVC,"[{'cover': 'SCT', 'base': 1200}, {'cover': 'BKN', 'base': 2200}, {'cover': 'OVC', 'base': 9000}]",MVFR,,,,,,,,,,,,2026-08-23 05:38:00+00:00,2026-08-23 05:42:33.948000+00:00,21.1,True,21.1
KJFK,2026-08-23T06:00:20.021Z,1787464260,2026-08-23T06:00:00.000Z,21.7,20.0,100,4,,10+,1012.3,1012.2,13,METAR,METAR KJFK 230551Z COR 10004KT 10SM SCT012 BKN060 BKN090 BKN250 22/20 A2989 RMK AO2 SLP122 T02170200 10217 20211 56019 $,40.6392,-73.7639,3,"New York/JF Kennedy Intl, NY, US",BKN,"[{'cover': 'SCT', 'base': 1200}, {'cover': 'BKN', 'base': 6000}, {'cover': 'BKN', 'base': 9000}, {'cover': 'BKN', 'base': 25000}]",VFR,-1.9,21.7,21.1,,,,,,,,,2026-08-23 05:51:00+00:00,2026-08-23 06:00:20.021000+00:00,21.7,True,21.7
KJFK,2026-08-23T06:54:09.470Z,1787467860,2026-08-23T07:00:00.000Z,21.7,20.0,90,3,,10+,1011.6,1011.4,12,METAR,METAR KJFK 230651Z 09003KT 10SM SCT012 BKN031 BKN080 OVC200 22/20 A2987 RMK AO2 SLP114 T02170200 $,40.6392,-73.7639,3,"New York/JF Kennedy Intl, NY, US",OVC,"[{'cover': 'SCT', 'base': 1200}, {'cover': 'BKN', 'base': 3100}, {'cover': 'BKN', 'base': 8000}, {'cover': 'OVC', 'base': 20000}]",VFR,,,,,,,,,,,,2026-08-23 06:51:00+00:00,2026-08-23 06:54:09.470000+00:00,21.7,True,21.7
KJFK,2026-08-23T07:56:47.820Z,1787471460,2026-08-23T08:00:00.000Z,21.7,20.0,120,5,,10+,1010.6,1010.5,12,METAR,METAR KJFK 230751Z 12005KT 10SM FEW011 BKN060 BKN130 OVC200 22/20 A2984 RMK AO2 SLP105 T02170200 $,40.6392,-73.7639,3,"New York/JF Kennedy Intl, NY, US",OVC,"[{'cover': 'FEW', 'base': 1100}, {'cover': 'BKN', 'base': 6000}, {'cover': 'BKN', 'base': 13000}, {'cover': 'OVC', 'base': 20000}]",VFR,,,,,,,,,,,,2026-08-23 07:51:00+00:00,2026-08-23 07:56:47.820000+00:00,21.7,True,21.7
KJFK,2026-08-23T08:54:13.157Z,1787475060,2026-08-23T09:00:00.000Z,21.7,20.0,110,5,,10+,1009.9,1009.8,12,METAR,METAR KJFK 230851Z 11005KT 10SM FEW011 SCT050 BKN075 OVC170 22/20 A2982 RMK AO2 SLP098 T02170200 56024 $,40.6392,-73.7639,3,"New York/JF Kennedy Intl, NY, US",OVC,"[{'cover': 'FEW', 'base': 1100}, {'cover': 'SCT', 'base': 5000}, {'cover': 'BKN', 'base': 7500}, {'cover': 'OVC', 'base': 17000}]",VFR,-2.4,,,,,,,,,,,2026-08-23 08:51:00+00:00,2026-08-23 08:54:13.157000+00:00,21.7,True,21.7
KJFK,2026-08-23T09:54:12.087Z,1787478660,2026-08-23T10:00:00.000Z,21.7,20.6,110,10,16.0,10+,1009.2,1009.0,12,METAR,METAR KJFK 230951Z 11010G16KT 10SM SCT013 BKN042 BKN095 OVC140 22/21 A2980 RMK AO2 SLP090 T02170206 $,40.6392,-73.7639,3,"New York/JF Kennedy Intl, NY, US",OVC,"[{'cover': 'SCT', 'base': 1300}, {'cover': 'BKN', 'base': 4200}, {'cover': 'BKN', 'base': 9500}, {'cover': 'OVC', 'base': 14000}]",VFR,,,,,,,,,,,,2026-08-23 09:51:00+00:00,2026-08-23 09:54:12.087000+00:00,21.7,True,21.7
KJFK,2026-08-23T10:08:10.831Z,1787479500,2026-08-23T10:05:00.000Z,22.2,20.6,110,9,,10+,1008.9,,12,SPECI,SPECI KJFK 231005Z 11009KT 10SM SCT009 BKN016 BKN042 BKN140 22/21 A2979 RMK AO2 T02220206 $,40.6392,-73.7639,3,"New York/JF Kennedy Intl, NY, US",BKN,"[{'cover': 'SCT', 'base': 900}, {'cover': 'BKN', 'base': 1600}, {'cover': 'BKN', 'base': 4200}, {'cover': 'BKN', 'base': 14000}]",MVFR,,,,,,,,,,,,2026-08-23 10:05:00+00:00,2026-08-23 10:08:10.831000+00:00,22.2,True,22.2
KJFK,2026-08-23T10:46:14.524Z,1787481720,2026-08-23T10:42:00.000Z,22.2,20.0,130,11,,1.5,1009.2,,12,SPECI,SPECI KJFK 231042Z 13011KT 1 1/2SM -RA BR FEW009 BKN020 OVC049 22/20 A2980 RMK AO2 RAB38 P0000 T02220200 $,40.6392,-73.7639,3,"New York/JF Kennedy Intl, NY, US",OVC,"[{'cover': 'FEW', 'base': 900}, {'cover': 'BKN', 'base': 2000}, {'cover': 'OVC', 'base': 4900}]",IFR,,,,,,,0.005,,-RA BR,,,2026-08-23 10:42:00+00:00,2026-08-23 10:46:14.524000+00:00,22.2,True,22.2
KJFK,2026-08-23T10:54:11.299Z,1787482260,2026-08-23T11:00:00.000Z,21.7,20.6,130,12,,1.25,1009.2,1009.0,12,METAR,METAR KJFK 231051Z 13012KT 1 1/4SM R04R/3500VP6000FT +RA BR FEW009 BKN022 OVC040 22/21 A2980 RMK AO2 RAB38 SLP090 P0007 T02170206 $,40.6392,-73.7639,3,"New York/JF Kennedy Intl, NY, US",OVC,"[{'cover': 'FEW', 'base': 900}, {'cover': 'BKN', 'base': 2200}, {'cover': 'OVC', 'base': 4000}]",IFR,,,,,,,0.07,,+RA BR,,,2026-08-23 10:51:00+00:00,2026-08-23 10:54:11.299000+00:00,21.7,True,21.7
KJFK,2026-08-23T11:22:10.979Z,1787483940,2026-08-23T11:19:00.000Z,20.0,18.9,240,11,,2,1010.2,,12,SPECI,SPECI KJFK 231119Z 24011KT 2SM RA BR SCT010 BKN031 OVC047 20/19 A2983 RMK AO2 WSHFT 1104 CIG 023 W P0042 T02000189 $,40.6392,-73.7639,3,"New York/JF Kennedy Intl, NY, US",OVC,"[{'cover': 'SCT', 'base': 1000}, {'cover': 'BKN', 'base': 3100}, {'cover': 'OVC', 'base': 4700}]",IFR,,,,,,,0.42,,RA BR,,,2026-08-23 11:19:00+00:00,2026-08-23 11:22:10.979000+00:00,20.0,True,20.0
KJFK,2026-08-23T11:46:06.146Z,1787485320,2026-08-23T11:42:00.000Z,20.0,18.9,0,0,,2.5,1009.6,,12,SPECI,SPECI KJFK 231142Z 00000KT 2 1/2SM RA BR FEW009 BKN030 BKN070 BKN150 20/19 A2981 RMK AO2 WSHFT 1104 P0046 T02000189 $,40.6392,-73.7639,3,"New York/JF Kennedy Intl, NY, US",BKN,"[{'cover': 'FEW', 'base': 900}, {'cover': 'BKN', 'base': 3000}, {'cover': 'BKN', 'base': 7000}, {'cover': 'BKN', 'base': 15000}]",IFR,,,,,,,0.46,,RA BR,,,2026-08-23 11:42:00+00:00,2026-08-23 11:46:06.146000+00:00,20.0,True,20.0
KJFK,2026-08-23T11:54:07.549Z,1787485860,2026-08-23T12:00:00.000Z,20.0,18.9,110,3,,4,1009.6,1009.5,12,METAR,METAR KJFK 231151Z 11003KT 4SM -RA BR SCT009 SCT030 BKN065 BKN150 20/19 A2981 RMK AO2 WSHFT 1104 SLP095 P0047 60054 70054 T02000189 10222 20200 55003 $,40.6392,-73.7639,3,"New York/JF Kennedy Intl, NY, US",BKN,"[{'cover': 'SCT', 'base': 900}, {'cover': 'SCT', 'base': 3000}, {'cover': 'BKN', 'base': 6500}, {'cover': 'BKN', 'base': 15000}]",MVFR,-0.3,22.2,20.0,,,0.54,0.47,,-RA BR,0.54,,2026-08-23 11:51:00+00:00,2026-08-23 11:54:07.549000+00:00,20.0,True,20.0
KJFK,2026-08-23T12:26:22.742Z,1787487780,2026-08-23T12:23:00.000Z,21.1,19.4,210,9,,10+,1010.2,,12,SPECI,SPECI KJFK 231223Z 21009KT 10SM BKN009 BKN050 BKN120 21/19 A2983 RMK AO2 RAE05 P0000 T02110194 $,40.6392,-73.7639,3,"New York/JF Kennedy Intl, NY, US",BKN,"[{'cover': 'BKN', 'base': 900}, {'cover': 'BKN', 'base': 5000}, {'cover': 'BKN', 'base': 12000}]",IFR,,,,,,,0.005,,,,,2026-08-23 12:23:00+00:00,2026-08-23 12:26:22.742000+00:00,21.1,True,21.1
KJFK,2026-08-23T12:54:08.956Z,1787489460,2026-08-23T13:00:00.000Z,21.7,20.0,230,10,,10+,1009.9,1009.9,12,METAR,METAR KJFK 231251Z 23010KT 10SM BKN010 BKN050 BKN090 22/20 A2982 RMK AO2 RAE05 SLP099 P0000 T02170200 $,40.6392,-73.7639,3,"New York/JF Kennedy Intl, NY, US",BKN,"[{'cover': 'BKN', 'base': 1000}, {'cover': 'BKN', 'base': 5000}, {'cover': 'BKN', 'base': 9000}]",MVFR,,,,,,,0.005,,,,,2026-08-23 12:51:00+00:00,2026-08-23 12:54:08.956000+00:00,21.7,True,21.7
KJFK,2026-08-23T13:24:06.240Z,1787491260,2026-08-23T13:21:00.000Z,22.8,20.0,240,9,,10+,1009.9,,12,SPECI,SPECI KJFK 231321Z 24009KT 10SM SCT011 SCT050 BKN090 BKN250 23/20 A2982 RMK AO2 T02280200 $,40.6392,-73.7639,3,"New York/JF Kennedy Intl, NY, US",BKN,"[{'cover': 'SCT', 'base': 1100}, {'cover': 'SCT', 'base': 5000}, {'cover': 'BKN', 'base': 9000}, {'cover': 'BKN', 'base': 25000}]",VFR,,,,,,,,,,,,2026-08-23 13:21:00+00:00,2026-08-23 13:24:06.240000+00:00,22.8,True,22.8
KJFK,2026-08-23T13:54:08.414Z,1787493060,2026-08-23T14:00:00.000Z,22.8,19.4,240,7,,10+,1010.2,1010.2,12,METAR,METAR KJFK 231351Z 24007KT 10SM SCT011 BKN050 BKN130 BKN250 23/19 A2983 RMK AO2 SLP102 T02280194 $,40.6392,-73.7639,3,"New York/JF Kennedy Intl, NY, US",BKN,"[{'cover': 'SCT', 'base': 1100}, {'cover': 'BKN', 'base': 5000}, {'cover': 'BKN', 'base': 13000}, {'cover': 'BKN', 'base': 25000}]",VFR,,,,,,,,,,,,2026-08-23 13:51:00+00:00,2026-08-23 13:54:08.414000+00:00,22.8,True,22.8
KJFK,2026-08-23T14:54:09.917Z,1787496660,2026-08-23T15:00:00.000Z,23.9,20.0,230,8,,10+,1010.6,1010.5,12,METAR,METAR KJFK 231451Z 23008KT 10SM FEW012 BKN043 BKN055 BKN250 24/20 A2984 RMK AO2 SLP105 60000 T02390200 51010 $,40.6392,-73.7639,3,"New York/JF Kennedy Intl, NY, US",BKN,"[{'cover': 'FEW', 'base': 1200}, {'cover': 'BKN', 'base': 4300}, {'cover': 'BKN', 'base': 5500}, {'cover': 'BKN', 'base': 25000}]",VFR,1.0,,,,,,,0.005,,,,2026-08-23 14:51:00+00:00,2026-08-23 14:54:09.917000+00:00,23.9,True,23.9
KJFK,2026-08-23T15:54:10.933Z,1787500260,2026-08-23T16:00:00.000Z,25.6,20.0,240,6,,10+,1009.9,1009.9,12,METAR,METAR KJFK 231551Z 24006KT 10SM FEW012 SCT035 BKN060 BKN250 26/20 A2982 RMK AO2 SLP099 T02560200 $,40.6392,-73.7639,3,"New York/JF Kennedy Intl, NY, US",BKN,"[{'cover': 'FEW', 'base': 1200}, {'cover': 'SCT', 'base': 3500}, {'cover': 'BKN', 'base': 6000}, {'cover': 'BKN', 'base': 25000}]",VFR,,,,,,,,,,,,2026-08-23 15:51:00+00:00,2026-08-23 15:54:10.933000+00:00,25.6,True,25.6
KJFK,2026-08-23T16:54:12.031Z,1787503860,2026-08-23T17:00:00.000Z,26.7,19.4,240,11,,10+,1010.2,1010.0,12,METAR,METAR KJFK 231651Z 24011KT 10SM FEW022 SCT045 SCT250 27/19 A2983 RMK AO2 SLP100 T02670194 $,40.6392,-73.7639,3,"New York/JF Kennedy Intl, NY, US",SCT,"[{'cover': 'FEW', 'base': 2200}, {'cover': 'SCT', 'base': 4500}, {'cover': 'SCT', 'base': 25000}]",VFR,,,,,,,,,,,,2026-08-23 16:51:00+00:00,2026-08-23 16:54:12.031000+00:00,26.7,True,26.7
KJFK,2026-08-23T17:54:11.033Z,1787507460,2026-08-23T18:00:00.000Z,27.2,19.4,240,16,,10+,1009.9,1009.8,12,METAR,METAR KJFK 231751Z 24016KT 10SM FEW025 SCT048 SCT250 27/19 A2982 RMK AO2 SLP098 60000 T02720194 10272 20200 56007 $,40.6392,-73.7639,3,"New York/JF Kennedy Intl, NY, US",SCT,"[{'cover': 'FEW', 'base': 2500}, {'cover': 'SCT', 'base': 4800}, {'cover': 'SCT', 'base': 25000}]",VFR,-0.7,27.2,20.0,,,0.005,,,,,,2026-08-23 17:51:00+00:00,2026-08-23 17:54:11.033000+00:00,27.2,True,27.2
KJFK,2026-08-23T18:54:10.602Z,1787511060,2026-08-23T19:00:00.000Z,27.2,19.4,250,13,,10+,1009.6,1009.6,12,METAR,METAR KJFK 231851Z 25013KT 10SM FEW028 SCT045 BKN250 27/19 A2981 RMK AO2 SLP096 T02720194 $,40.6392,-73.7639,3,"New York/JF Kennedy Intl, NY, US",BKN,"[{'cover': 'FEW', 'base': 2800}, {'cover': 'SCT', 'base': 4500}, {'cover': 'BKN', 'base': 25000}]",VFR,,,,,,,,,,,,2026-08-23 18:51:00+00:00,2026-08-23 18:54:10.602000+00:00,27.2,True,27.2
KJFK,2026-08-23T19:54:07.111Z,1787514660,2026-08-23T20:00:00.000Z,26.7,20.0,190,11,,10+,1009.6,1009.3,12,METAR,METAR KJFK 231951Z 19011KT 10SM SCT032 SCT048 BKN250 27/20 A2981 RMK AO2 SLP093 T02670200 $,40.6392,-73.7639,3,"New York/JF Kennedy Intl, NY, US",BKN,"[{'cover': 'SCT', 'base': 3200}, {'cover': 'SCT', 'base': 4800}, {'cover': 'BKN', 'base': 25000}]",VFR,,,,,,,,,,,,2026-08-23 19:51:00+00:00,2026-08-23 19:54:07.111000+00:00,26.7,True,26.7
KJFK,2026-08-23T20:54:11.466Z,1787518260,2026-08-23T21:00:00.000Z,26.7,20.0,200,11,,10+,1009.2,1009.2,12,METAR,METAR KJFK 232051Z 20011KT 10SM FEW050 SCT065 SCT250 27/20 A2980 RMK AO2 SLP092 T02670200 56006 $,40.6392,-73.7639,3,"New York/JF Kennedy Intl, NY, US",SCT,"[{'cover': 'FEW', 'base': 5000}, {'cover': 'SCT', 'base': 6500}, {'cover': 'SCT', 'base': 25000}]",VFR,-0.6,,,,,,,,,,,2026-08-23 20:51:00+00:00,2026-08-23 20:54:11.466000+00:00,26.7,True,26.7
KJFK,2026-08-23T21:54:11.879Z,1787521860,2026-08-23T22:00:00.000Z,26.1,19.4,190,12,,10+,1009.6,1009.5,12,METAR,METAR KJFK 232151Z 19012KT 10SM FEW055 FEW080 SCT250 26/20 A2981 RMK AO2 SLP095 T02610194 $,40.6392,-73.7639,3,"New York/JF Kennedy Intl, NY, US",SCT,"[{'cover': 'FEW', 'base': 5500}, {'cover': 'FEW', 'base': 8000}, {'cover': 'SCT', 'base': 25000}]",VFR,,,,,,,,,,,,2026-08-23 21:51:00+00:00,2026-08-23 21:54:11.879000+00:00,26.1,True,26.1
KJFK,2026-08-23T22:54:09.146Z,1787525460,2026-08-23T23:00:00.000Z,25.6,16.1,230,16,,10+,1009.9,1009.8,12,METAR,METAR KJFK 232251Z 23016KT 10SM FEW070 SCT250 26/16 A2982 RMK AO2 SLP098 T02560161 $,40.6392,-73.7639,3,"New York/JF Kennedy Intl, NY, US",SCT,"[{'cover': 'FEW', 'base': 7000}, {'cover': 'SCT', 'base': 25000}]",VFR,,,,,,,,,,,,2026-08-23 22:51:00+00:00,2026-08-23 22:54:09.146000+00:00,25.6,True,25.6
KJFK,2026-08-23T23:54:11.611Z,1787529060,2026-08-24T00:00:00.000Z,25.6,16.1,250,11,,10+,1010.6,1010.4,12,METAR,METAR KJFK 232351Z 25011KT 10SM FEW065 FEW250 26/16 A2984 RMK AO2 SLP104 T02560161 10278 20250 53012 $,40.6392,-73.7639,3,"New York/JF Kennedy Intl, NY, US",FEW,"[{'cover': 'FEW', 'base': 6500}, {'cover': 'FEW', 'base': 25000}]",VFR,1.2,27.8,25.0,,,,,,,,,2026-08-23 23:51:00+00:00,2026-08-23 23:54:11.611000+00:00,25.6,True,25.6
KJFK,2026-08-24T00:54:13.043Z,1787532660,2026-08-24T01:00:00.000Z,25.6,15.6,270,13,,10+,1011.3,1011.1,12,METAR,METAR KJFK 240051Z 27013KT 10SM SCT100 SCT250 26/16 A2986 RMK AO2 SLP111 T02560156 $,40.6392,-73.7639,3,"New York/JF Kennedy Intl, NY, US",SCT,"[{'cover': 'SCT', 'base': 10000}, {'cover': 'SCT', 'base': 25000}]",VFR,,,,,,,,,,,,2026-08-24 00:51:00+00:00,2026-08-24 00:54:13.043000+00:00,25.6,True,25.6
KJFK,2026-08-24T01:54:11.158Z,1787536260,2026-08-24T02:00:00.000Z,25.0,14.4,250,10,,10+,1011.9,1011.9,12,METAR,METAR KJFK 240151Z 25010KT 10SM FEW070 FEW120 SCT250 25/14 A2988 RMK AO2 SLP119 T02500144 $,40.6392,-73.7639,3,"New York/JF Kennedy Intl, NY, US",SCT,"[{'cover': 'FEW', 'base': 7000}, {'cover': 'FEW', 'base': 12000}, {'cover': 'SCT', 'base': 25000}]",VFR,,,,,,,,,,,,2026-08-24 01:51:00+00:00,2026-08-24 01:54:11.158000+00:00,25.0,True,25.0
KJFK,2026-08-24T02:54:23.757Z,1787539860,2026-08-24T03:00:00.000Z,23.9,16.1,260,9,,10+,1012.3,1012.3,12,METAR,METAR KJFK 240251Z 26009KT 10SM BKN100 BKN250 24/16 A2989 RMK AO2 SLP123 T02390161 51019 $,40.6392,-73.7639,3,"New York/JF Kennedy Intl, NY, US",BKN,"[{'cover': 'BKN', 'base': 10000}, {'cover': 'BKN', 'base': 25000}]",VFR,1.9,,,,,,,,,,,2026-08-24 02:51:00+00:00,2026-08-24 02:54:23.757000+00:00,23.9,True,23.9
KJFK,2026-08-24T03:54:08.733Z,1787543460,2026-08-24T04:00:00.000Z,23.3,15.6,260,7,,10+,1012.6,1012.3,12,METAR,METAR KJFK 240351Z 26007KT 10SM SCT110 BKN250 23/16 A2990 RMK AO2 SLP123 T02330156 $,40.6392,-73.7639,3,"New York/JF Kennedy Intl, NY, US",BKN,"[{'cover': 'SCT', 'base': 11000}, {'cover': 'BKN', 'base': 25000}]",VFR,,,,,,,,,,,,2026-08-24 03:51:00+00:00,2026-08-24 03:54:08.733000+00:00,23.3,True,23.3
KJFK,2026-08-24T04:54:21.312Z,1787547060,2026-08-24T05:00:00.000Z,21.7,16.1,250,7,,10+,1012.6,1012.5,12,METAR,METAR KJFK 240451Z 25007KT 10SM FEW250 22/16 A2990 RMK AO2 SLP125 T02170161 402780200 $,40.6392,-73.7639,3,"New York/JF Kennedy Intl, NY, US",FEW,"[{'cover': 'FEW', 'base': 25000}]",VFR,,,,27.8,20.0,,,,,,,2026-08-24 04:51:00+00:00,2026-08-24 04:54:21.312000+00:00,21.7,True,21.7
KJFK,2026-08-24T05:54:16.080Z,1787550660,2026-08-24T06:00:00.000Z,21.1,16.7,240,7,,10+,1013.0,1012.6,12,METAR,METAR KJFK 240551Z 24007KT 10SM FEW250 21/17 A2991 RMK AO2 SLP126 T02110167 10256 20206 53004 $,40.6392,-73.7639,3,"New York/JF Kennedy Intl, NY, US",FEW,"[{'cover': 'FEW', 'base': 25000}]",VFR,0.4,25.6,20.6,,,,,,,,,2026-08-24 05:51:00+00:00,2026-08-24 05:54:16.080000+00:00,21.1,True,21.1
KJFK,2026-08-24T06:54:08.552Z,1787554260,2026-08-24T07:00:00.000Z,21.1,15.6,250,7,,10+,1013.0,1012.8,12,METAR,METAR KJFK 240651Z 25007KT 10SM FEW250 21/16 A2991 RMK AO2 SLP128 T02110156 $,40.6392,-73.7639,3,"New York/JF Kennedy Intl, NY, US",FEW,"[{'cover': 'FEW', 'base': 25000}]",VFR,,,,,,,,,,,,2026-08-24 06:51:00+00:00,2026-08-24 06:54:08.552000+00:00,21.1,True,21.1
KJFK,2026-08-24T07:54:08.384Z,1787557860,2026-08-24T08:00:00.000Z,20.0,14.4,250,6,,10+,1013.0,1012.9,12,METAR,METAR KJFK 240751Z 25006KT 10SM CLR 20/14 A2991 RMK AO2 SLP129 T02000144 $,40.6392,-73.7639,3,"New York/JF Kennedy Intl, NY, US",CLR,[],VFR,,,,,,,,,,,,2026-08-24 07:51:00+00:00,2026-08-24 07:54:08.384000+00:00,20.0,True,20.0
KJFK,2026-08-24T08:54:07.246Z,1787561460,2026-08-24T09:00:00.000Z,20.0,14.4,260,5,,10+,1013.0,1012.9,12,METAR,METAR KJFK 240851Z 26005KT 10SM FEW100 20/14 A2991 RMK AO2 SLP129 T02000144 50002 $,40.6392,-73.7639,3,"New York/JF Kennedy Intl, NY, US",FEW,"[{'cover': 'FEW', 'base': 10000}]",VFR,0.2,,,,,,,,,,,2026-08-24 08:51:00+00:00,2026-08-24 08:54:07.246000+00:00,20.0,True,20.0
KJFK,2026-08-24T09:54:15.090Z,1787565060,2026-08-24T10:00:00.000Z,18.9,14.4,220,6,,10+,1013.3,1013.1,12,METAR,METAR KJFK 240951Z 22006KT 10SM FEW100 19/14 A2992 RMK AO2 SLP131 T01890144 $,40.6392,-73.7639,3,"New York/JF Kennedy Intl, NY, US",FEW,"[{'cover': 'FEW', 'base': 10000}]",VFR,,,,,,,,,,,,2026-08-24 09:51:00+00:00,2026-08-24 09:54:15.090000+00:00,18.9,True,18.9
KJFK,2026-08-24T10:54:13.493Z,1787568660,2026-08-24T11:00:00.000Z,20.0,17.2,240,5,,10+,1013.6,1013.6,12,METAR,METAR KJFK 241051Z 24005KT 10SM FEW100 FEW250 20/17 A2993 RMK AO2 SLP136 T02000172 $,40.6392,-73.7639,3,"New York/JF Kennedy Intl, NY, US",FEW,"[{'cover': 'FEW', 'base': 10000}, {'cover': 'FEW', 'base': 25000}]",VFR,,,,,,,,,,,,2026-08-24 10:51:00+00:00,2026-08-24 10:54:13.493000+00:00,20.0,True,20.0
KJFK,2026-08-24T11:54:18.153Z,1787572260,2026-08-24T12:00:00.000Z,22.2,16.7,240,4,,10+,1014.0,1013.8,12,METAR,METAR KJFK 241151Z 24004KT 10SM FEW100 FEW250 22/17 A2994 RMK AO2 SLP138 T02220167 10222 20183 53009 $,40.6392,-73.7639,3,"New York/JF Kennedy Intl, NY, US",FEW,"[{'cover': 'FEW', 'base': 10000}, {'cover': 'FEW', 'base': 25000}]",VFR,0.9,22.2,18.3,,,,,,,,,2026-08-24 11:51:00+00:00,2026-08-24 11:54:18.153000+00:00,22.2,True,22.2
KJFK,2026-08-24T12:54:17.910Z,1787575860,2026-08-24T13:00:00.000Z,23.9,16.1,210,5,,10+,1014.3,1014.0,12,METAR,METAR KJFK 241251Z 21005KT 10SM FEW120 FEW250 24/16 A2995 RMK AO2 SLP140 T02390161 $,40.6392,-73.7639,3,"New York/JF Kennedy Intl, NY, US",FEW,"[{'cover': 'FEW', 'base': 12000}, {'cover': 'FEW', 'base': 25000}]",VFR,,,,,,,,,,,,2026-08-24 12:51:00+00:00,2026-08-24 12:54:17.910000+00:00,23.9,True,23.9
KJFK,2026-08-24T13:54:15.492Z,1787579460,2026-08-24T14:00:00.000Z,25.0,16.1,190,9,,10+,1014.3,1014.1,12,METAR,METAR KJFK 241351Z 19009KT 10SM FEW065 SCT120 SCT250 25/16 A2995 RMK AO2 SLP141 T02500161 $,40.6392,-73.7639,3,"New York/JF Kennedy Intl, NY, US",SCT,"[{'cover': 'FEW', 'base': 6500}, {'cover': 'SCT', 'base': 12000}, {'cover': 'SCT', 'base': 25000}]",VFR,,,,,,,,,,,,2026-08-24 13:51:00+00:00,2026-08-24 13:54:15.492000+00:00,25.0,True,25.0
KJFK,2026-08-24T14:54:19.210Z,1787583060,2026-08-24T15:00:00.000Z,25.0,15.0,210,10,,10+,1014.6,1014.4,4,METAR,METAR KJFK 241451Z 21010KT 10SM FEW065 BKN110 25/15 A2996 RMK AO2 SLP144 T02500150 53005,40.6392,-73.7639,3,"New York/JF Kennedy Intl, NY, US",BKN,"[{'cover': 'FEW', 'base': 6500}, {'cover': 'BKN', 'base': 11000}]",VFR,0.5,,,,,,,,,,,2026-08-24 14:51:00+00:00,2026-08-24 14:54:19.210000+00:00,25.0,True,25.0
KJFK,2026-08-24T15:54:19.870Z,1787586660,2026-08-24T16:00:00.000Z,25.0,16.1,210,10,,10+,1014.3,1014.1,4,METAR,METAR KJFK 241551Z 21010KT 10SM FEW065 BKN100 BKN250 25/16 A2995 RMK AO2 SLP141 VCSH N T02500161,40.6392,-73.7639,3,"New York/JF Kennedy Intl, NY, US",BKN,"[{'cover': 'FEW', 'base': 6500}, {'cover': 'BKN', 'base': 10000}, {'cover': 'BKN', 'base': 25000}]",VFR,,,,,,,,,,,,2026-08-24 15:51:00+00:00,2026-08-24 15:54:19.870000+00:00,25.0,True,25.0
KJFK,2026-08-24T16:54:15.611Z,1787590260,2026-08-24T17:00:00.000Z,26.1,15.0,260,14,,10+,1014.0,1013.8,12,METAR,METAR KJFK 241651Z 26014KT 10SM FEW060 SCT110 SCT250 26/15 A2994 RMK AO2 SLP138 T02610150 $,40.6392,-73.7639,3,"New York/JF Kennedy Intl, NY, US",SCT,"[{'cover': 'FEW', 'base': 6000}, {'cover': 'SCT', 'base': 11000}, {'cover': 'SCT', 'base': 25000}]",VFR,,,,,,,,,,,,2026-08-24 16:51:00+00:00,2026-08-24 16:54:15.611000+00:00,26.1,True,26.1
KJFK,2026-08-24T17:54:19.928Z,1787593860,2026-08-24T18:00:00.000Z,26.7,15.0,250,9,,10+,1013.6,1013.4,12,METAR,METAR KJFK 241751Z 25009KT 10SM FEW060 SCT250 27/15 A2993 RMK AO2 SLP134 CB DSNT SE T02670150 58009 $,40.6392,-73.7639,3,"New York/JF Kennedy Intl, NY, US",SCT,"[{'cover': 'FEW', 'base': 6000}, {'cover': 'SCT', 'base': 25000}]",VFR,-0.9,,,,,,,,,,,2026-08-24 17:51:00+00:00,2026-08-24 17:54:19.928000+00:00,26.7,True,26.7
KJFK,2026-08-24T18:54:17.950Z,1787597460,2026-08-24T19:00:00.000Z,27.2,14.4,240,13,,10+,1013.6,1013.4,12,METAR,METAR KJFK 241851Z 24013KT 10SM SCT060 SCT250 27/14 A2993 RMK AO2 SLP134 TCU DSNT SE T02720144 $,40.6392,-73.7639,3,"New York/JF Kennedy Intl, NY, US",SCT,"[{'cover': 'SCT', 'base': 6000}, {'cover': 'SCT', 'base': 25000}]",VFR,,,,,,,,,,,,2026-08-24 18:51:00+00:00,2026-08-24 18:54:17.950000+00:00,27.2,True,27.2
KJFK,2026-08-24T19:54:17.886Z,1787601060,2026-08-24T20:00:00.000Z,26.7,17.2,180,13,,10+,1013.6,1013.4,12,METAR,METAR KJFK 241951Z 18013KT 10SM SCT060 SCT090 SCT250 27/17 A2993 RMK AO2 SLP134 T02670172 $,40.6392,-73.7639,3,"New York/JF Kennedy Intl, NY, US",SCT,"[{'cover': 'SCT', 'base': 6000}, {'cover': 'SCT', 'base': 9000}, {'cover': 'SCT', 'base': 25000}]",VFR,,,,,,,,,,,,2026-08-24 19:51:00+00:00,2026-08-24 19:54:17.886000+00:00,26.7,True,26.7
KJFK,2026-08-24T20:54:16.337Z,1787604660,2026-08-24T21:00:00.000Z,26.1,16.1,200,9,,10+,1013.6,1013.4,12,METAR,METAR KJFK 242051Z 20009KT 10SM SCT065 SCT090 BKN250 26/16 A2993 RMK AO2 SLP134 T02610161 57000 $,40.6392,-73.7639,3,"New York/JF Kennedy Intl, NY, US",BKN,"[{'cover': 'SCT', 'base': 6500}, {'cover': 'SCT', 'base': 9000}, {'cover': 'BKN', 'base': 25000}]",VFR,,,,,,,,,,,,2026-08-24 20:51:00+00:00,2026-08-24 20:54:16.337000+00:00,26.1,True,26.1
KJFK,2026-08-24T21:54:21.521Z,1787608260,2026-08-24T22:00:00.000Z,25.0,17.2,170,8,,10+,1013.6,1013.5,12,METAR,METAR KJFK 242151Z 17008KT 10SM SCT065 SCT095 BKN250 25/17 A2993 RMK AO2 SLP135 T02500172 $,40.6392,-73.7639,3,"New York/JF Kennedy Intl, NY, US",BKN,"[{'cover': 'SCT', 'base': 6500}, {'cover': 'SCT', 'base': 9500}, {'cover': 'BKN', 'base': 25000}]",VFR,,,,,,,,,,,,2026-08-24 21:51:00+00:00,2026-08-24 21:54:21.521000+00:00,25.0,True,25.0
KJFK,2026-08-24T22:54:16.697Z,1787611860,2026-08-24T23:00:00.000Z,25.0,15.0,260,11,,10+,1013.6,1013.5,12,METAR,METAR KJFK 242251Z 26011KT 10SM FEW033 SCT065 SCT090 SCT250 25/15 A2993 RMK AO2 RAB11E27 SLP135 P0000 T02500150 $,40.6392,-73.7639,3,"New York/JF Kennedy Intl, NY, US",SCT,"[{'cover': 'FEW', 'base': 3300}, {'cover': 'SCT', 'base': 6500}, {'cover': 'SCT', 'base': 9000}, {'cover': 'SCT', 'base': 25000}]",VFR,,,,,,,0.005,,,,,2026-08-24 22:51:00+00:00,2026-08-24 22:54:16.697000+00:00,25.0,True,25.0
KJFK,2026-08-24T23:54:16.355Z,1787615460,2026-08-25T00:00:00.000Z,24.4,11.7,290,11,,10+,1014.3,1014.1,12,METAR,METAR KJFK 242351Z 29011KT 10SM FEW065 SCT080 SCT250 24/12 A2995 RMK AO2 SLP141 60000 T02440117 53007 $,40.6392,-73.7639,3,"New York/JF Kennedy Intl, NY, US",SCT,"[{'cover': 'FEW', 'base': 6500}, {'cover': 'SCT', 'base': 8000}, {'cover': 'SCT', 'base': 25000}]",VFR,0.7,,,,,0.005,,,,,,2026-08-24 23:51:00+00:00,2026-08-24 23:54:16.355000+00:00,24.4,True,24.4
KJFK,2026-08-25T00:54:14.980Z,1787619060,2026-08-25T01:00:00.000Z,23.9,11.7,290,11,,10+,1015.0,1014.9,12,METAR,METAR KJFK 250051Z 29011KT 10SM FEW080 FEW250 24/12 A2997 RMK AO2 SLP149 T02390117 $,40.6392,-73.7639,3,"New York/JF Kennedy Intl, NY, US",FEW,"[{'cover': 'FEW', 'base': 8000}, {'cover': 'FEW', 'base': 25000}]",VFR,,,,,,,,,,,,2026-08-25 00:51:00+00:00,2026-08-25 00:54:14.980000+00:00,23.9,True,23.9
KJFK,2026-08-25T01:54:18.269Z,1787622660,2026-08-25T02:00:00.000Z,23.3,11.7,280,9,,10+,1015.7,1015.4,12,METAR,METAR KJFK 250151Z 28009KT 10SM FEW080 FEW250 23/12 A2999 RMK AO2 SLP154 T02330117 $,40.6392,-73.7639,3,"New York/JF Kennedy Intl, NY, US",FEW,"[{'cover': 'FEW', 'base': 8000}, {'cover': 'FEW', 'base': 25000}]",VFR,,,,,,,,,,,,2026-08-25 01:51:00+00:00,2026-08-25 01:54:18.269000+00:00,23.3,True,23.3
KJFK,2026-08-25T02:54:15.873Z,1787626260,2026-08-25T03:00:00.000Z,22.8,11.7,310,9,,10+,1015.7,1015.5,12,METAR,METAR KJFK 250251Z 31009KT 10SM FEW090 SCT250 23/12 A2999 RMK AO2 SLP155 T02280117 51015 $,40.6392,-73.7639,3,"New York/JF Kennedy Intl, NY, US",SCT,"[{'cover': 'FEW', 'base': 9000}, {'cover': 'SCT', 'base': 25000}]",VFR,1.5,,,,,,,,,,,2026-08-25 02:51:00+00:00,2026-08-25 02:54:15.873000+00:00,22.8,True,22.8
KJFK,2026-08-25T03:54:20.990Z,1787629860,2026-08-25T04:00:00.000Z,21.7,11.7,310,7,,10+,1015.7,1015.6,12,METAR,METAR KJFK 250351Z 31007KT 10SM FEW160 FEW250 22/12 A2999 RMK AO2 SLP156 T02170117 $,40.6392,-73.7639,3,"New York/JF Kennedy Intl, NY, US",FEW,"[{'cover': 'FEW', 'base': 16000}, {'cover': 'FEW', 'base': 25000}]",VFR,,,,,,,,,,,,2026-08-25 03:51:00+00:00,2026-08-25 03:54:20.990000+00:00,21.7,True,21.7
KJFK,2026-08-25T04:54:16.788Z,1787633460,2026-08-25T05:00:00.000Z,21.1,11.7,290,6,,10+,1015.7,1015.5,12,METAR,METAR KJFK 250451Z 29006KT 10SM FEW170 FEW250 21/12 A2999 RMK AO2 SLP155 T02110117 402720183 $,40.6392,-73.7639,3,"New York/JF Kennedy Intl, NY, US",FEW,"[{'cover': 'FEW', 'base': 17000}, {'cover': 'FEW', 'base': 25000}]",VFR,,,,27.2,18.3,,,,,,,2026-08-25 04:51:00+00:00,2026-08-25 04:54:16.788000+00:00,21.1,True,21.1
KJFK,2026-08-25T05:54:20.503Z,1787637060,2026-08-25T06:00:00.000Z,21.1,11.1,300,9,,10+,1015.3,1015.0,12,METAR,METAR KJFK 250551Z 30009KT 10SM FEW250 21/11 A2998 RMK AO2 SLP150 T02110111 10244 20211 58005 $,40.6392,-73.7639,3,"New York/JF Kennedy Intl, NY, US",FEW,"[{'cover': 'FEW', 'base': 25000}]",VFR,-0.5,24.4,21.1,,,,,,,,,2026-08-25 05:51:00+00:00,2026-08-25 05:54:20.503000+00:00,21.1,True,21.1
KJFK,2026-08-25T06:54:19.215Z,1787640660,2026-08-25T07:00:00.000Z,20.6,11.1,290,5,,10+,1015.3,1015.0,12,METAR,METAR KJFK 250651Z 29005KT 10SM FEW150 SCT250 21/11 A2998 RMK AO2 SLP150 T02060111 $,40.6392,-73.7639,3,"New York/JF Kennedy Intl, NY, US",SCT,"[{'cover': 'FEW', 'base': 15000}, {'cover': 'SCT', 'base': 25000}]",VFR,,,,,,,,,,,,2026-08-25 06:51:00+00:00,2026-08-25 06:54:19.215000+00:00,20.6,True,20.6
KJFK,2026-08-25T07:54:26.012Z,1787644260,2026-08-25T08:00:00.000Z,20.0,11.7,290,8,,10+,1015.0,1014.9,12,METAR,METAR KJFK 250751Z 29008KT 10SM SCT250 20/12 A2997 RMK AO2 SLP149 T02000117 $,40.6392,-73.7639,3,"New York/JF Kennedy Intl, NY, US",SCT,"[{'cover': 'SCT', 'base': 25000}]",VFR,,,,,,,,,,,,2026-08-25 07:51:00+00:00,2026-08-25 07:54:26.012000+00:00,20.0,True,20.0
KJFK,2026-08-25T08:54:15.881Z,1787647860,2026-08-25T09:00:00.000Z,18.9,12.2,310,7,,10+,1015.0,1015.0,12,METAR,METAR KJFK 250851Z 31007KT 10SM FEW160 SCT250 19/12 A2997 RMK AO2 SLP150 T01890122 55001 $,40.6392,-73.7639,3,"New York/JF Kennedy Intl, NY, US",SCT,"[{'cover': 'FEW', 'base': 16000}, {'cover': 'SCT', 'base': 25000}]",VFR,-0.1,,,,,,,,,,,2026-08-25 08:51:00+00:00,2026-08-25 08:54:15.881000+00:00,18.9,True,18.9
KJFK,2026-08-25T09:54:17.923Z,1787651460,2026-08-25T10:00:00.000Z,18.3,12.2,310,4,,10+,1016.0,1015.7,12,METAR,METAR KJFK 250951Z 31004KT 10SM FEW150 FEW250 18/12 A3000 RMK AO2 SLP157 T01830122 $,40.6392,-73.7639,3,"New York/JF Kennedy Intl, NY, US",FEW,"[{'cover': 'FEW', 'base': 15000}, {'cover': 'FEW', 'base': 25000}]",VFR,,,,,,,,,,,,2026-08-25 09:51:00+00:00,2026-08-25 09:54:17.923000+00:00,18.3,True,18.3
KJFK,2026-08-25T10:54:08.471Z,1787655060,2026-08-25T11:00:00.000Z,18.9,12.8,260,7,,10+,1016.3,1016.1,12,METAR,METAR KJFK 251051Z 26007KT 10SM FEW150 FEW250 19/13 A3001 RMK AO2 SLP161 T01890128 $,40.6392,-73.7639,3,"New York/JF Kennedy Intl, NY, US",FEW,"[{'cover': 'FEW', 'base': 15000}, {'cover': 'FEW', 'base': 25000}]",VFR,,,,,,,,,,,,2026-08-25 10:51:00+00:00,2026-08-25 10:54:08.471000+00:00,18.9,True,18.9
KJFK,2026-08-25T11:54:12.995Z,1787658660,2026-08-25T12:00:00.000Z,20.0,12.8,280,7,,10+,1016.3,1016.2,12,METAR,METAR KJFK 251151Z 28007KT 10SM FEW250 20/13 A3001 RMK AO2 SLP162 T02000128 10211 20183 51013 $,40.6392,-73.7639,3,"New York/JF Kennedy Intl, NY, US",FEW,"[{'cover': 'FEW', 'base': 25000}]",VFR,1.3,21.1,18.3,,,,,,,,,2026-08-25 11:51:00+00:00,2026-08-25 11:54:12.995000+00:00,20.0,True,20.0
KJFK,2026-08-25T12:54:07.842Z,1787662260,2026-08-25T13:00:00.000Z,21.7,13.3,270,7,,10+,1016.3,1016.3,12,METAR,METAR KJFK 251251Z 27007KT 10SM FEW060 FEW250 22/13 A3001 RMK AO2 SLP163 T02170133 $,40.6392,-73.7639,3,"New York/JF Kennedy Intl, NY, US",FEW,"[{'cover': 'FEW', 'base': 6000}, {'cover': 'FEW', 'base': 25000}]",VFR,,,,,,,,,,,,2026-08-25 12:51:00+00:00,2026-08-25 12:54:07.842000+00:00,21.7,True,21.7
KJFK,2026-08-25T13:54:14.955Z,1787665860,2026-08-25T14:00:00.000Z,22.2,13.9,330,8,,10+,1016.7,1016.4,12,METAR,METAR KJFK 251351Z 33008KT 10SM FEW060 FEW250 22/14 A3002 RMK AO2 SLP164 T02220139 $,40.6392,-73.7639,3,"New York/JF Kennedy Intl, NY, US",FEW,"[{'cover': 'FEW', 'base': 6000}, {'cover': 'FEW', 'base': 25000}]",VFR,,,,,,,,,,,,2026-08-25 13:51:00+00:00,2026-08-25 13:54:14.955000+00:00,22.2,True,22.2
KJFK,2026-08-25T14:54:11.440Z,1787669460,2026-08-25T15:00:00.000Z,23.3,13.9,280,8,,10+,1016.7,1016.5,12,METAR,METAR KJFK 251451Z 28008KT 10SM FEW060 FEW250 23/14 A3002 RMK AO2 SLP165 T02330139 53003 $,40.6392,-73.7639,3,"New York/JF Kennedy Intl, NY, US",FEW,"[{'cover': 'FEW', 'base': 6000}, {'cover': 'FEW', 'base': 25000}]",VFR,0.3,,,,,,,,,,,2026-08-25 14:51:00+00:00,2026-08-25 14:54:11.440000+00:00,23.3,True,23.3
KJFK,2026-08-25T15:54:08.683Z,1787673060,2026-08-25T16:00:00.000Z,24.4,14.4,290,9,,10+,1016.3,1016.2,12,METAR,METAR KJFK 251551Z 29009KT 10SM SCT040 SCT065 SCT250 24/14 A3001 RMK AO2 SLP162 T02440144 $,40.6392,-73.7639,3,"New York/JF Kennedy Intl, NY, US",SCT,"[{'cover': 'SCT', 'base': 4000}, {'cover': 'SCT', 'base': 6500}, {'cover': 'SCT', 'base': 25000}]",VFR,,,,,,,,,,,,2026-08-25 15:51:00+00:00,2026-08-25 15:54:08.683000+00:00,24.4,True,24.4
KJFK,2026-08-25T16:54:13.654Z,1787676660,2026-08-25T17:00:00.000Z,23.9,13.9,290,9,,10+,1015.7,1015.7,12,METAR,METAR KJFK 251651Z 29009KT 10SM BKN042 BKN065 24/14 A2999 RMK AO2 SLP157 T02390139 $,40.6392,-73.7639,3,"New York/JF Kennedy Intl, NY, US",BKN,"[{'cover': 'BKN', 'base': 4200}, {'cover': 'BKN', 'base': 6500}]",VFR,,,,,,,,,,,,2026-08-25 16:51:00+00:00,2026-08-25 16:54:13.654000+00:00,23.9,True,23.9
KJFK,2026-08-25T17:54:08.233Z,1787680260,2026-08-25T18:00:00.000Z,23.3,15.0,240,9,,10+,1015.7,1015.5,12,METAR,METAR KJFK 251751Z 24009KT 10SM BKN046 BKN065 23/15 A2999 RMK AO2 SLP155 T02330150 10250 20200 56010 $,40.6392,-73.7639,3,"New York/JF Kennedy Intl, NY, US",BKN,"[{'cover': 'BKN', 'base': 4600}, {'cover': 'BKN', 'base': 6500}]",VFR,-1.0,25.0,20.0,,,,,,,,,2026-08-25 17:51:00+00:00,2026-08-25 17:54:08.233000+00:00,23.3,True,23.3
KJFK,2026-08-25T18:56:28.279Z,1787683860,2026-08-25T19:00:00.000Z,25.0,13.9,290,7,,10+,1015.3,1015.2,13,METAR,METAR KJFK 251851Z COR 29007KT 10SM BKN049 BKN070 25/14 A2998 RMK AO2 SLP152 T02500139 $,40.6392,-73.7639,3,"New York/JF Kennedy Intl, NY, US",BKN,"[{'cover': 'BKN', 'base': 4900}, {'cover': 'BKN', 'base': 7000}]",VFR,,,,,,,,,,,,2026-08-25 18:51:00+00:00,2026-08-25 18:56:28.279000+00:00,25.0,True,25.0
KJFK,2026-08-25T19:54:09.000Z,1787687460,2026-08-25T20:00:00.000Z,26.7,13.9,280,13,,10+,1015.0,1014.7,12,METAR,METAR KJFK 251951Z 28013KT 10SM SCT055 SCT070 27/14 A2997 RMK AO2 SLP147 T02670139 $,40.6392,-73.7639,3,"New York/JF Kennedy Intl, NY, US",SCT,"[{'cover': 'SCT', 'base': 5500}, {'cover': 'SCT', 'base': 7000}]",VFR,,,,,,,,,,,,2026-08-25 19:51:00+00:00,2026-08-25 19:54:09+00:00,26.7,True,26.7
KJFK,2026-08-25T20:54:08.464Z,1787691060,2026-08-25T21:00:00.000Z,26.7,14.4,260,7,,10+,1015.0,1014.9,12,METAR,METAR KJFK 252051Z 26007KT 10SM SCT055 BKN075 27/14 A2997 RMK AO2 SLP149 T02670144 55006 $,40.6392,-73.7639,3,"New York/JF Kennedy Intl, NY, US",BKN,"[{'cover': 'SCT', 'base': 5500}, {'cover': 'BKN', 'base': 7500}]",VFR,-0.6,,,,,,,,,,,2026-08-25 20:51:00+00:00,2026-08-25 20:54:08.464000+00:00,26.7,True,26.7
KJFK,2026-08-25T21:54:09.089Z,1787694660,2026-08-25T22:00:00.000Z,26.1,13.9,250,9,,10+,1015.0,1014.7,12,METAR,METAR KJFK 252151Z 25009KT 10SM SCT055 SCT075 26/14 A2997 RMK AO2 SLP147 T02610139 $,40.6392,-73.7639,3,"New York/JF Kennedy Intl, NY, US",SCT,"[{'cover': 'SCT', 'base': 5500}, {'cover': 'SCT', 'base': 7500}]",VFR,,,,,,,,,,,,2026-08-25 21:51:00+00:00,2026-08-25 21:54:09.089000+00:00,26.1,True,26.1
KJFK,2026-08-25T23:00:20.884Z,1787698260,2026-08-25T23:00:00.000Z,25.0,15.6,250,11,,10+,1015.0,1015.0,12,METAR,METAR KJFK 252251Z 25011KT 10SM SCT055 BKN075 BKN250 25/16 A2997 RMK AO2 SLP150 T02500156 $,40.6392,-73.7639,3,"New York/JF Kennedy Intl, NY, US",BKN,"[{'cover': 'SCT', 'base': 5500}, {'cover': 'BKN', 'base': 7500}, {'cover': 'BKN', 'base': 25000}]",VFR,,,,,,,,,,,,2026-08-25 22:51:00+00:00,2026-08-25 23:00:20.884000+00:00,25.0,True,25.0
KJFK,2026-08-25T23:54:10.043Z,1787701860,2026-08-26T00:00:00.000Z,24.4,13.9,280,11,,10+,1015.7,1015.5,12,METAR,METAR KJFK 252351Z 28011KT 10SM FEW055 SCT075 SCT250 24/14 A2999 RMK AO2 SLP155 T02440139 53006 $,40.6392,-73.7639,3,"New York/JF Kennedy Intl, NY, US",SCT,"[{'cover': 'FEW', 'base': 5500}, {'cover': 'SCT', 'base': 7500}, {'cover': 'SCT', 'base': 25000}]",VFR,0.6,,,,,,,,,,,2026-08-25 23:51:00+00:00,2026-08-25 23:54:10.043000+00:00,24.4,True,24.4
KJFK,2026-08-26T00:54:12.974Z,1787705460,2026-08-26T01:00:00.000Z,24.4,14.4,280,13,,10+,1016.7,1016.4,12,METAR,METAR KJFK 260051Z 28013KT 10SM FEW050 FEW075 FEW250 24/14 A3002 RMK AO2 SLP164 T02440144 $,40.6392,-73.7639,3,"New York/JF Kennedy Intl, NY, US",FEW,"[{'cover': 'FEW', 'base': 5000}, {'cover': 'FEW', 'base': 7500}, {'cover': 'FEW', 'base': 25000}]",VFR,,,,,,,,,,,,2026-08-26 00:51:00+00:00,2026-08-26 00:54:12.974000+00:00,24.4,True,24.4
KJFK,2026-08-26T01:54:09.300Z,1787709060,2026-08-26T02:00:00.000Z,23.9,15.0,280,8,,10+,1017.4,1017.0,12,METAR,METAR KJFK 260151Z 28008KT 10SM SCT050 SCT075 SCT250 24/15 A3004 RMK AO2 SLP170 T02390150 $,40.6392,-73.7639,3,"New York/JF Kennedy Intl, NY, US",SCT,"[{'cover': 'SCT', 'base': 5000}, {'cover': 'SCT', 'base': 7500}, {'cover': 'SCT', 'base': 25000}]",VFR,,,,,,,,,,,,2026-08-26 01:51:00+00:00,2026-08-26 01:54:09.300000+00:00,23.9,True,23.9
KJFK,2026-08-26T02:54:11.355Z,1787712660,2026-08-26T03:00:00.000Z,23.3,15.0,290,4,,10+,1017.4,1017.2,12,METAR,METAR KJFK 260251Z 29004KT 10SM FEW055 SCT085 SCT250 23/15 A3004 RMK AO2 SLP172 T02330150 51017 $,40.6392,-73.7639,3,"New York/JF Kennedy Intl, NY, US",SCT,"[{'cover': 'FEW', 'base': 5500}, {'cover': 'SCT', 'base': 8500}, {'cover': 'SCT', 'base': 25000}]",VFR,1.7,,,,,,,,,,,2026-08-26 02:51:00+00:00,2026-08-26 02:54:11.355000+00:00,23.3,True,23.3
KJFK,2026-08-26T03:54:08.809Z,1787716260,2026-08-26T04:00:00.000Z,22.2,13.9,340,7,,10+,1017.4,1017.3,12,METAR,METAR KJFK 260351Z 34007KT 10SM FEW055 FEW080 SCT250 22/14 A3004 RMK AO2 SLP173 T02220139 $,40.6392,-73.7639,3,"New York/JF Kennedy Intl, NY, US",SCT,"[{'cover': 'FEW', 'base': 5500}, {'cover': 'FEW', 'base': 8000}, {'cover': 'SCT', 'base': 25000}]",VFR,,,,,,,,,,,,2026-08-26 03:51:00+00:00,2026-08-26 03:54:08.809000+00:00,22.2,True,22.2
KJFK,2026-08-26T04:54:07.653Z,1787719860,2026-08-26T05:00:00.000Z,21.7,13.9,320,6,,10+,1017.7,1017.5,12,METAR,METAR KJFK 260451Z 32006KT 10SM FEW060 SCT250 22/14 A3005 RMK AO2 SLP175 T02170139 402670183 $,40.6392,-73.7639,3,"New York/JF Kennedy Intl, NY, US",SCT,"[{'cover': 'FEW', 'base': 6000}, {'cover': 'SCT', 'base': 25000}]",VFR,,,,26.7,18.3,,,,,,,2026-08-26 04:51:00+00:00,2026-08-26 04:54:07.653000+00:00,21.7,True,21.7
KJFK,2026-08-26T05:54:12.996Z,1787723460,2026-08-26T06:00:00.000Z,21.1,14.4,310,7,,10+,1017.7,1017.7,12,METAR,METAR KJFK 260551Z 31007KT 10SM FEW070 FEW250 21/14 A3005 RMK AO2 SLP177 T02110144 10244 20211 53005 $,40.6392,-73.7639,3,"New York/JF Kennedy Intl, NY, US",FEW,"[{'cover': 'FEW', 'base': 7000}, {'cover': 'FEW', 'base': 25000}]",VFR,0.5,24.4,21.1,,,,,,,,,2026-08-26 05:51:00+00:00,2026-08-26 05:54:12.996000+00:00,21.1,True,21.1
KJFK,2026-08-26T06:54:12.575Z,1787727060,2026-08-26T07:00:00.000Z,20.0,14.4,340,6,,10+,1017.7,1017.5,12,METAR,METAR KJFK 260651Z 34006KT 10SM FEW250 20/14 A3005 RMK AO2 SLP175 T02000144 $,40.6392,-73.7639,3,"New York/JF Kennedy Intl, NY, US",FEW,"[{'cover': 'FEW', 'base': 25000}]",VFR,,,,,,,,,,,,2026-08-26 06:51:00+00:00,2026-08-26 06:54:12.575000+00:00,20.0,True,20.0
KJFK,2026-08-26T07:54:17.378Z,1787730660,2026-08-26T08:00:00.000Z,20.0,14.4,310,9,,10+,1018.0,1017.7,12,METAR,METAR KJFK 260751Z 31009KT 10SM FEW250 20/14 A3006 RMK AO2 SLP177 T02000144 $,40.6392,-73.7639,3,"New York/JF Kennedy Intl, NY, US",FEW,"[{'cover': 'FEW', 'base': 25000}]",VFR,,,,,,,,,,,,2026-08-26 07:51:00+00:00,2026-08-26 07:54:17.378000+00:00,20.0,True,20.0
KJFK,2026-08-26T08:54:12.660Z,1787734260,2026-08-26T09:00:00.000Z,19.4,14.4,320,7,,10+,1018.0,1017.8,12,METAR,METAR KJFK 260851Z 32007KT 10SM SCT250 19/14 A3006 RMK AO2 SLP178 T01940144 53001 $,40.6392,-73.7639,3,"New York/JF Kennedy Intl, NY, US",SCT,"[{'cover': 'SCT', 'base': 25000}]",VFR,0.1,,,,,,,,,,,2026-08-26 08:51:00+00:00,2026-08-26 08:54:12.660000+00:00,19.4,True,19.4
KJFK,2026-08-26T09:54:10.457Z,1787737860,2026-08-26T10:00:00.000Z,18.9,14.4,330,5,,10+,1018.0,1018.0,12,METAR,METAR KJFK 260951Z 33005KT 10SM SCT250 19/14 A3006 RMK AO2 SLP180 T01890144 $,40.6392,-73.7639,3,"New York/JF Kennedy Intl, NY, US",SCT,"[{'cover': 'SCT', 'base': 25000}]",VFR,,,,,,,,,,,,2026-08-26 09:51:00+00:00,2026-08-26 09:54:10.457000+00:00,18.9,True,18.9
KJFK,2026-08-26T10:54:06.904Z,1787741460,2026-08-26T11:00:00.000Z,19.4,15.0,340,7,,10+,1018.7,1018.7,12,METAR,METAR KJFK 261051Z 34007KT 10SM SCT250 19/15 A3008 RMK AO2 SLP187 T01940150 $,40.6392,-73.7639,3,"New York/JF Kennedy Intl, NY, US",SCT,"[{'cover': 'SCT', 'base': 25000}]",VFR,,,,,,,,,,,,2026-08-26 10:51:00+00:00,2026-08-26 10:54:06.904000+00:00,19.4,True,19.4
KJFK,2026-08-26T11:54:05.528Z,1787745060,2026-08-26T12:00:00.000Z,21.1,15.0,20,3,,10+,1019.0,1019.0,12,METAR,METAR KJFK 261151Z 02003KT 10SM FEW210 SCT250 21/15 A3009 RMK AO2 SLP190 T02110150 10211 20189 53013 $,40.6392,-73.7639,3,"New York/JF Kennedy Intl, NY, US",SCT,"[{'cover': 'FEW', 'base': 21000}, {'cover': 'SCT', 'base': 25000}]",VFR,1.3,21.1,18.9,,,,,,,,,2026-08-26 11:51:00+00:00,2026-08-26 11:54:05.528000+00:00,21.1,True,21.1
KJFK,2026-08-26T12:54:12.125Z,1787748660,2026-08-26T13:00:00.000Z,22.2,15.0,320,4,,10+,1019.4,1019.2,12,METAR,METAR KJFK 261251Z 32004KT 10SM SCT250 22/15 A3010 RMK AO2 SLP192 T02220150 $,40.6392,-73.7639,3,"New York/JF Kennedy Intl, NY, US",SCT,"[{'cover': 'SCT', 'base': 25000}]",VFR,,,,,,,,,,,,2026-08-26 12:51:00+00:00,2026-08-26 12:54:12.125000+00:00,22.2,True,22.2
KJFK,2026-08-26T13:54:11.512Z,1787752260,2026-08-26T14:00:00.000Z,23.3,14.4,320,4,,10+,1019.0,1019.0,4,METAR,METAR KJFK 261351Z 32004KT 10SM FEW180 SCT250 23/14 A3009 RMK AO2 SLP190 T02330144,40.6392,-73.7639,3,"New York/JF Kennedy Intl, NY, US",SCT,"[{'cover': 'FEW', 'base': 18000}, {'cover': 'SCT', 'base': 25000}]",VFR,,,,,,,,,,,,2026-08-26 13:51:00+00:00,2026-08-26 13:54:11.512000+00:00,23.3,True,23.3
KJFK,2026-08-26T14:54:10.468Z,1787755860,2026-08-26T15:00:00.000Z,25.0,14.4,300,4,,10+,1019.4,1019.1,4,METAR,METAR KJFK 261451Z 30004KT 10SM FEW050 FEW180 SCT250 25/14 A3010 RMK AO2 SLP191 T02500144 51001,40.6392,-73.7639,3,"New York/JF Kennedy Intl, NY, US",SCT,"[{'cover': 'FEW', 'base': 5000}, {'cover': 'FEW', 'base': 18000}, {'cover': 'SCT', 'base': 25000}]",VFR,0.1,,,,,,,,,,,2026-08-26 14:51:00+00:00,2026-08-26 14:54:10.468000+00:00,25.0,True,25.0
KJFK,2026-08-26T15:54:11.039Z,1787759460,2026-08-26T16:00:00.000Z,25.0,13.9,230,7,,10+,1019.0,1019.0,12,METAR,METAR KJFK 261551Z 23007KT 10SM FEW050 SCT250 25/14 A3009 RMK AO2 SLP190 T02500139 $,40.6392,-73.7639,3,"New York/JF Kennedy Intl, NY, US",SCT,"[{'cover': 'FEW', 'base': 5000}, {'cover': 'SCT', 'base': 25000}]",VFR,,,,,,,,,,,,2026-08-26 15:51:00+00:00,2026-08-26 15:54:11.039000+00:00,25.0,True,25.0
KJFK,2026-08-26T16:54:07.187Z,1787763060,2026-08-26T17:00:00.000Z,25.6,14.4,200,8,,10+,1019.0,1018.9,12,METAR,METAR KJFK 261651Z 20008KT 10SM FEW055 FEW250 26/14 A3009 RMK AO2 SLP189 T02560144 $,40.6392,-73.7639,3,"New York/JF Kennedy Intl, NY, US",FEW,"[{'cover': 'FEW', 'base': 5500}, {'cover': 'FEW', 'base': 25000}]",VFR,,,,,,,,,,,,2026-08-26 16:51:00+00:00,2026-08-26 16:54:07.187000+00:00,25.6,True,25.6
KJFK,2026-08-26T17:54:06.817Z,1787766660,2026-08-26T18:00:00.000Z,25.0,16.7,210,12,,10+,1018.7,1018.4,12,METAR,METAR KJFK 261751Z 21012KT 10SM FEW055 FEW250 25/17 A3008 RMK AO2 SLP184 T02500167 58007 $,40.6392,-73.7639,3,"New York/JF Kennedy Intl, NY, US",FEW,"[{'cover': 'FEW', 'base': 5500}, {'cover': 'FEW', 'base': 25000}]",VFR,-0.7,,,,,,,,,,,2026-08-26 17:51:00+00:00,2026-08-26 17:54:06.817000+00:00,25.0,True,25.0
KJFK,2026-08-26T18:54:06.959Z,1787770260,2026-08-26T19:00:00.000Z,26.7,15.0,210,11,,10+,1018.0,1018.0,12,METAR,METAR KJFK 261851Z 21011KT 10SM FEW055 FEW250 27/15 A3006 RMK AO2 SLP180 T02670150 $,40.6392,-73.7639,3,"New York/JF Kennedy Intl, NY, US",FEW,"[{'cover': 'FEW', 'base': 5500}, {'cover': 'FEW', 'base': 25000}]",VFR,,,,,,,,,,,,2026-08-26 18:51:00+00:00,2026-08-26 18:54:06.959000+00:00,26.7,True,26.7
KJFK,2026-08-26T19:54:13.831Z,1787773860,2026-08-26T20:00:00.000Z,25.6,16.7,200,13,,10+,1018.0,1017.8,12,METAR,METAR KJFK 261951Z 20013KT 10SM FEW055 SCT250 26/17 A3006 RMK AO2 SLP178 T02560167 $,40.6392,-73.7639,3,"New York/JF Kennedy Intl, NY, US",SCT,"[{'cover': 'FEW', 'base': 5500}, {'cover': 'SCT', 'base': 25000}]",VFR,,,,,,,,,,,,2026-08-26 19:51:00+00:00,2026-08-26 19:54:13.831000+00:00,25.6,True,25.6
KJFK,2026-08-26T20:54:07.839Z,1787777460,2026-08-26T21:00:00.000Z,25.0,17.2,200,14,,10+,1018.0,1017.8,12,METAR,METAR KJFK 262051Z 20014KT 10SM FEW055 BKN250 25/17 A3006 RMK AO2 SLP178 T02500172 56006 $,40.6392,-73.7639,3,"New York/JF Kennedy Intl, NY, US",BKN,"[{'cover': 'FEW', 'base': 5500}, {'cover': 'BKN', 'base': 25000}]",VFR,-0.6,,,,,,,,,,,2026-08-26 20:51:00+00:00,2026-08-26 20:54:07.839000+00:00,25.0,True,25.0
KJFK,2026-08-26T21:54:06.223Z,1787781060,2026-08-26T22:00:00.000Z,23.3,17.2,200,14,,10+,1017.7,1017.7,12,METAR,METAR KJFK 262151Z 20014KT 10SM FEW060 BKN250 23/17 A3005 RMK AO2 SLP177 T02330172 $,40.6392,-73.7639,3,"New York/JF Kennedy Intl, NY, US",BKN,"[{'cover': 'FEW', 'base': 6000}, {'cover': 'BKN', 'base': 25000}]",VFR,,,,,,,,,,,,2026-08-26 21:51:00+00:00,2026-08-26 21:54:06.223000+00:00,23.3,True,23.3
KJFK,2026-08-26T22:54:11.042Z,1787784660,2026-08-26T23:00:00.000Z,23.3,18.9,190,11,,10+,1017.7,1017.5,12,METAR,METAR KJFK 262251Z 19011KT 10SM FEW060 BKN250 23/19 A3005 RMK AO2 SLP175 T02330189 $,40.6392,-73.7639,3,"New York/JF Kennedy Intl, NY, US",BKN,"[{'cover': 'FEW', 'base': 6000}, {'cover': 'BKN', 'base': 25000}]",VFR,,,,,,,,,,,,2026-08-26 22:51:00+00:00,2026-08-26 22:54:11.042000+00:00,23.3,True,23.3
KJFK,2026-08-26T23:54:08.767Z,1787788260,2026-08-27T00:00:00.000Z,22.8,19.4,180,10,,10+,1017.4,1017.2,12,METAR,METAR KJFK 262351Z 18010KT 10SM FEW060 BKN250 23/19 A3004 RMK AO2 SLP172 T02280194 58005 $,40.6392,-73.7639,3,"New York/JF Kennedy Intl, NY, US",BKN,"[{'cover': 'FEW', 'base': 6000}, {'cover': 'BKN', 'base': 25000}]",VFR,-0.5,,,,,,,,,,,2026-08-26 23:51:00+00:00,2026-08-26 23:54:08.767000+00:00,22.8,True,22.8
KJFK,2026-08-27T00:54:10.352Z,1787791860,2026-08-27T01:00:00.000Z,22.8,20.0,180,9,,10+,1017.7,1017.7,12,METAR,METAR KJFK 270051Z 18009KT 10SM FEW060 BKN250 23/20 A3005 RMK AO2 SLP177 T02280200 $,40.6392,-73.7639,3,"New York/JF Kennedy Intl, NY, US",BKN,"[{'cover': 'FEW', 'base': 6000}, {'cover': 'BKN', 'base': 25000}]",VFR,,,,,,,,,,,,2026-08-27 00:51:00+00:00,2026-08-27 00:54:10.352000+00:00,22.8,True,22.8
KJFK,2026-08-27T01:54:07.765Z,1787795460,2026-08-27T02:00:00.000Z,22.8,20.0,180,11,,10+,1018.0,1017.9,12,METAR,METAR KJFK 270151Z 18011KT 10SM FEW140 BKN250 23/20 A3006 RMK AO2 SLP179 T02280200 $,40.6392,-73.7639,3,"New York/JF Kennedy Intl, NY, US",BKN,"[{'cover': 'FEW', 'base': 14000}, {'cover': 'BKN', 'base': 25000}]",VFR,,,,,,,,,,,,2026-08-27 01:51:00+00:00,2026-08-27 01:54:07.765000+00:00,22.8,True,22.8
KJFK,2026-08-27T02:54:08.690Z,1787799060,2026-08-27T03:00:00.000Z,23.3,20.0,190,12,,10+,1018.0,1018.0,12,METAR,METAR KJFK 270251Z 19012KT 10SM SCT220 BKN250 23/20 A3006 RMK AO2 SLP180 T02330200 51008 $,40.6392,-73.7639,3,"New York/JF Kennedy Intl, NY, US",BKN,"[{'cover': 'SCT', 'base': 22000}, {'cover': 'BKN', 'base': 25000}]",VFR,0.8,,,,,,,,,,,2026-08-27 02:51:00+00:00,2026-08-27 02:54:08.690000+00:00,23.3,True,23.3
KJFK,2026-08-27T03:54:12.110Z,1787802660,2026-08-27T04:00:00.000Z,23.3,20.0,180,10,,10+,1018.0,1017.9,12,METAR,METAR KJFK 270351Z 18010KT 10SM SCT060 BKN080 BKN250 23/20 A3006 RMK AO2 SLP179 T02330200 $,40.6392,-73.7639,3,"New York/JF Kennedy Intl, NY, US",BKN,"[{'cover': 'SCT', 'base': 6000}, {'cover': 'BKN', 'base': 8000}, {'cover': 'BKN', 'base': 25000}]",VFR,,,,,,,,,,,,2026-08-27 03:51:00+00:00,2026-08-27 03:54:12.110000+00:00,23.3,True,23.3
KJFK,2026-08-27T04:54:18.372Z,1787806260,2026-08-27T05:00:00.000Z,23.3,21.1,190,4,,10+,1018.0,1017.9,12,METAR,METAR KJFK 270451Z 19004KT 10SM BKN050 BKN085 BKN250 23/21 A3006 RMK AO2 SLP179 T02330211 402670189 $,40.6392,-73.7639,3,"New York/JF Kennedy Intl, NY, US",BKN,"[{'cover': 'BKN', 'base': 5000}, {'cover': 'BKN', 'base': 8500}, {'cover': 'BKN', 'base': 25000}]",VFR,,,,26.7,18.9,,,,,,,2026-08-27 04:51:00+00:00,2026-08-27 04:54:18.372000+00:00,23.3,True,23.3
KJFK,2026-08-27T05:54:11.408Z,1787809860,2026-08-27T06:00:00.000Z,22.8,21.1,190,7,,10+,1017.7,1017.6,12,METAR,METAR KJFK 270551Z 19007KT 10SM FEW047 BKN060 BKN085 BKN220 23/21 A3005 RMK AO2 SLP176 T02280211 10233 20228 58004 $,40.6392,-73.7639,3,"New York/JF Kennedy Intl, NY, US",BKN,"[{'cover': 'FEW', 'base': 4700}, {'cover': 'BKN', 'base': 6000}, {'cover': 'BKN', 'base': 8500}, {'cover': 'BKN', 'base': 22000}]",VFR,-0.4,23.3,22.8,,,,,,,,,2026-08-27 05:51:00+00:00,2026-08-27 05:54:11.408000+00:00,22.8,True,22.8
KJFK,2026-08-27T06:54:08.068Z,1787813460,2026-08-27T07:00:00.000Z,23.3,21.1,200,7,,10+,1017.7,1017.5,12,METAR,METAR KJFK 270651Z 20007KT 10SM SCT080 BKN250 23/21 A3005 RMK AO2 SLP175 T02330211 $,40.6392,-73.7639,3,"New York/JF Kennedy Intl, NY, US",BKN,"[{'cover': 'SCT', 'base': 8000}, {'cover': 'BKN', 'base': 25000}]",VFR,,,,,,,,,,,,2026-08-27 06:51:00+00:00,2026-08-27 06:54:08.068000+00:00,23.3,True,23.3
KJFK,2026-08-27T07:54:07.783Z,1787817060,2026-08-27T08:00:00.000Z,22.8,20.6,210,9,,10+,1017.7,1017.5,12,METAR,METAR KJFK 270751Z 21009KT 10SM FEW085 BKN250 23/21 A3005 RMK AO2 SLP175 T02280206 $,40.6392,-73.7639,3,"New York/JF Kennedy Intl, NY, US",BKN,"[{'cover': 'FEW', 'base': 8500}, {'cover': 'BKN', 'base': 25000}]",VFR,,,,,,,,,,,,2026-08-27 07:51:00+00:00,2026-08-27 07:54:07.783000+00:00,22.8,True,22.8
KJFK,2026-08-27T08:54:08.454Z,1787820660,2026-08-27T09:00:00.000Z,22.2,20.6,210,4,,10+,1017.4,1017.3,12,METAR,METAR KJFK 270851Z 21004KT 10SM FEW080 BKN250 22/21 A3004 RMK AO2 SLP173 T02220206 56003 $,40.6392,-73.7639,3,"New York/JF Kennedy Intl, NY, US",BKN,"[{'cover': 'FEW', 'base': 8000}, {'cover': 'BKN', 'base': 25000}]",VFR,-0.3,,,,,,,,,,,2026-08-27 08:51:00+00:00,2026-08-27 08:54:08.454000+00:00,22.2,True,22.2
KJFK,2026-08-27T09:54:10.000Z,1787824260,2026-08-27T10:00:00.000Z,22.2,21.1,210,6,,10+,1017.7,1017.5,12,METAR,METAR KJFK 270951Z 21006KT 10SM FEW090 BKN250 22/21 A3005 RMK AO2 SLP175 T02220211 $,40.6392,-73.7639,3,"New York/JF Kennedy Intl, NY, US",BKN,"[{'cover': 'FEW', 'base': 9000}, {'cover': 'BKN', 'base': 25000}]",VFR,,,,,,,,,,,,2026-08-27 09:51:00+00:00,2026-08-27 09:54:10+00:00,22.2,True,22.2
KJFK,2026-08-27T10:54:07.424Z,1787827860,2026-08-27T11:00:00.000Z,22.2,21.1,200,6,,10+,1018.0,1017.9,12,METAR,METAR KJFK 271051Z 20006KT 10SM FEW037 FEW075 SCT160 BKN250 22/21 A3006 RMK AO2 SLP179 T02220211 $,40.6392,-73.7639,3,"New York/JF Kennedy Intl, NY, US",BKN,"[{'cover': 'FEW', 'base': 3700}, {'cover': 'FEW', 'base': 7500}, {'cover': 'SCT', 'base': 16000}, {'cover': 'BKN', 'base': 25000}]",VFR,,,,,,,,,,,,2026-08-27 10:51:00+00:00,2026-08-27 10:54:07.424000+00:00,22.2,True,22.2
KJFK,2026-08-27T11:54:09.184Z,1787831460,2026-08-27T12:00:00.000Z,24.4,21.7,190,9,,10+,1017.7,1017.6,12,METAR,METAR KJFK 271151Z 19009KT 10SM FEW033 FEW075 SCT180 BKN250 24/22 A3005 RMK AO2 SLP176 VCSH W T02440217 10244 20211 50003 $,40.6392,-73.7639,3,"New York/JF Kennedy Intl, NY, US",BKN,"[{'cover': 'FEW', 'base': 3300}, {'cover': 'FEW', 'base': 7500}, {'cover': 'SCT', 'base': 18000}, {'cover': 'BKN', 'base': 25000}]",VFR,0.3,24.4,21.1,,,,,,,,,2026-08-27 11:51:00+00:00,2026-08-27 11:54:09.184000+00:00,24.4,True,24.4
KJFK,2026-08-27T12:54:11.646Z,1787835060,2026-08-27T13:00:00.000Z,25.0,21.1,180,8,,10+,1018.0,1017.9,12,METAR,METAR KJFK 271251Z 18008KT 10SM FEW022 FEW037 BKN120 BKN250 25/21 A3006 RMK AO2 SLP179 CB DSNT W-DSNT NW MOV NE T02500211 $,40.6392,-73.7639,3,"New York/JF Kennedy Intl, NY, US",BKN,"[{'cover': 'FEW', 'base': 2200}, {'cover': 'FEW', 'base': 3700}, {'cover': 'BKN', 'base': 12000}, {'cover': 'BKN', 'base': 25000}]",VFR,,,,,,,,,,,,2026-08-27 12:51:00+00:00,2026-08-27 12:54:11.646000+00:00,25.0,True,25.0
KJFK,2026-08-27T13:54:10.944Z,1787838660,2026-08-27T14:00:00.000Z,26.1,21.1,160,9,,10+,1018.0,1017.8,12,METAR,METAR KJFK 271351Z 16009KT 10SM FEW026 FEW037 SCT065 BKN130 BKN250 26/21 A3006 RMK AO2 SLP178 TCU DSNT SW CB DSNT NW MOV NE T02610211 $,40.6392,-73.7639,3,"New York/JF Kennedy Intl, NY, US",BKN,"[{'cover': 'FEW', 'base': 2600}, {'cover': 'FEW', 'base': 3700}, {'cover': 'SCT', 'base': 6500}, {'cover': 'BKN', 'base': 13000}]",VFR,,,,,,,,,,,,2026-08-27 13:51:00+00:00,2026-08-27 13:54:10.944000+00:00,26.1,True,26.1
KJFK,2026-08-27T14:54:06.526Z,1787842260,2026-08-27T15:00:00.000Z,25.0,20.6,150,12,19.0,10+,1017.7,1017.5,4,METAR,METAR KJFK 271451Z 15012G19KT 10SM -RA FEW025 BKN060TCU BKN130 BKN250 25/21 A3005 RMK AO2 RAB46 SLP175 TCU N P0000 60000 T02500206 58001,40.6392,-73.7639,3,"New York/JF Kennedy Intl, NY, US",BKN,"[{'cover': 'FEW', 'base': 2500}, {'cover': 'BKN', 'base': 6000}, {'cover': 'BKN', 'base': 13000}, {'cover': 'BKN', 'base': 25000}]",VFR,-0.1,,,,,,0.005,0.005,-RA,,,2026-08-27 14:51:00+00:00,2026-08-27 14:54:06.526000+00:00,25.0,True,25.0
KJFK,2026-08-27T15:54:08.015Z,1787845860,2026-08-27T16:00:00.000Z,24.4,20.6,160,11,18.0,10+,1017.4,1017.3,4,METAR,METAR KJFK 271551Z 16011G18KT 10SM -RA FEW025 BKN047TCU BKN130 BKN250 24/21 A3004 RMK AO2 RAE09B35 SLP173 TCU OHD AND SW P0000 T02440206,40.6392,-73.7639,3,"New York/JF Kennedy Intl, NY, US",BKN,"[{'cover': 'FEW', 'base': 2500}, {'cover': 'BKN', 'base': 4700}, {'cover': 'BKN', 'base': 13000}, {'cover': 'BKN', 'base': 25000}]",VFR,,,,,,,0.005,,-RA,,,2026-08-27 15:51:00+00:00,2026-08-27 15:54:08.015000+00:00,24.4,True,24.4
KJFK,2026-08-27T16:54:11.145Z,1787849460,2026-08-27T17:00:00.000Z,23.9,21.7,140,10,,10+,1017.0,1016.7,4,METAR,METAR KJFK 271651Z 14010KT 10SM FEW022 BKN050 BKN090 OVC170 24/22 A3003 RMK AO2 RAE1554B16E47 SLP167 CB DSNT SW MOV NE VCSH SW-W P0000 T02390217,40.6392,-73.7639,3,"New York/JF Kennedy Intl, NY, US",OVC,"[{'cover': 'FEW', 'base': 2200}, {'cover': 'BKN', 'base': 5000}, {'cover': 'BKN', 'base': 9000}, {'cover': 'OVC', 'base': 17000}]",VFR,,,,,,,0.005,,,,,2026-08-27 16:51:00+00:00,2026-08-27 16:54:11.145000+00:00,23.9,True,23.9
KJFK,2026-08-27T17:06:06.370Z,1787850180,2026-08-27T17:03:00.000Z,23.9,21.1,150,9,,10+,1016.7,,4,SPECI,SPECI KJFK 271703Z 15009KT 10SM TS FEW020 BKN047CB BKN095 OVC150 24/21 A3002 RMK AO2 TSB03 OCNL LTGICCG SW TS SW MOV NE VCSH SW-W T02390211,40.6392,-73.7639,3,"New York/JF Kennedy Intl, NY, US",OVC,"[{'cover': 'FEW', 'base': 2000}, {'cover': 'BKN', 'base': 4700}, {'cover': 'BKN', 'base': 9500}, {'cover': 'OVC', 'base': 15000}]",VFR,,,,,,,,,TS,,,2026-08-27 17:03:00+00:00,2026-08-27 17:06:06.370000+00:00,23.9,True,23.9
KJFK,2026-08-27T17:54:10.606Z,1787853060,2026-08-27T18:00:00.000Z,23.3,21.7,170,11,20.0,7,1017.0,1017.0,4,METAR,METAR KJFK 271751Z 17011G20KT 7SM -TSRA FEW023 BKN043CB OVC110 23/22 A3003 RMK AO2 RAB16 TSB03 SLP170 OCNL LTGICCCCG OHD-SW AND NW TS OHD-SW AND NW MOV NE P0001 60001 T02330217 10261 20233 55005,40.6392,-73.7639,3,"New York/JF Kennedy Intl, NY, US",OVC,"[{'cover': 'FEW', 'base': 2300}, {'cover': 'BKN', 'base': 4300}, {'cover': 'OVC', 'base': 11000}]",VFR,-0.5,26.1,23.3,,,0.01,0.01,,-TSRA,,,2026-08-27 17:51:00+00:00,2026-08-27 17:54:10.606000+00:00,23.3,True,23.3
KJFK,2026-08-27T18:54:06.668Z,1787856660,2026-08-27T19:00:00.000Z,23.3,21.7,170,20,27.0,4,1017.0,1016.7,4,METAR,METAR KJFK 271851Z 17020G27KT 4SM -TSRA BR FEW015 BKN043CB BKN110 OVC130 23/22 A3003 RMK AO2 PK WND 17027/1851 SLP167 OCNL LTGICCCCG SE-SW TS SE-SW MOV NE P0005 T02330217,40.6392,-73.7639,3,"New York/JF Kennedy Intl, NY, US",OVC,"[{'cover': 'FEW', 'base': 1500}, {'cover': 'BKN', 'base': 4300}, {'cover': 'BKN', 'base': 11000}, {'cover': 'OVC', 'base': 13000}]",MVFR,,,,,,,0.05,,-TSRA BR,,,2026-08-27 18:51:00+00:00,2026-08-27 18:54:06.668000+00:00,23.3,True,23.3
KJFK,2026-08-27T19:36:17.411Z,1787859180,2026-08-27T19:33:00.000Z,22.2,20.0,170,18,28.0,10+,1016.3,,4,SPECI,SPECI KJFK 271933Z 17018G28KT 10SM FEW008 SCT042 BKN110 BKN170 BKN200 22/20 A3001 RMK AO2 PK WND 19031/1859 RAE31 TSE31 CB DSNT SE-S AND DSNT NW VCSH NW P0004 T02220200,40.6392,-73.7639,3,"New York/JF Kennedy Intl, NY, US",BKN,"[{'cover': 'FEW', 'base': 800}, {'cover': 'SCT', 'base': 4200}, {'cover': 'BKN', 'base': 11000}, {'cover': 'BKN', 'base': 17000}]",VFR,,,,,,,0.04,,,,,2026-08-27 19:33:00+00:00,2026-08-27 19:36:17.411000+00:00,22.2,True,22.2
KJFK,2026-08-27T19:54:11.058Z,1787860260,2026-08-27T20:00:00.000Z,22.2,20.0,170,19,29.0,10+,1016.3,1016.2,4,METAR,METAR KJFK 271951Z 17019G29KT 10SM FEW008 SCT042 SCT100 BKN170 BKN210 22/20 A3001 RMK AO2 PK WND 19031/1859 RAE31 TSE31 SLP162 CB DSNT NW VCSH NW P0004 T02220200,40.6392,-73.7639,3,"New York/JF Kennedy Intl, NY, US",BKN,"[{'cover': 'FEW', 'base': 800}, {'cover': 'SCT', 'base': 4200}, {'cover': 'SCT', 'base': 10000}, {'cover': 'BKN', 'base': 17000}]",VFR,,,,,,,0.04,,,,,2026-08-27 19:51:00+00:00,2026-08-27 19:54:11.058000+00:00,22.2,True,22.2
KJFK,2026-08-27T20:40:06.256Z,1787862960,2026-08-27T20:36:00.000Z,23.3,20.0,160,9,,10+,1016.7,,4,SPECI,SPECI KJFK 272036Z 16009KT 10SM TS SCT042CB BKN085 BKN110 OVC160 23/20 A3002 RMK AO2 PK WND 16027/1955 TSB34 OCNL LTGIC W-NW TS W-NW MOV NE VCSH W-NW T02330200,40.6392,-73.7639,3,"New York/JF Kennedy Intl, NY, US",OVC,"[{'cover': 'SCT', 'base': 4200}, {'cover': 'BKN', 'base': 8500}, {'cover': 'BKN', 'base': 11000}, {'cover': 'OVC', 'base': 16000}]",VFR,,,,,,,,,TS,,,2026-08-27 20:36:00+00:00,2026-08-27 20:40:06.256000+00:00,23.3,True,23.3
KJFK,2026-08-27T21:52:03.602Z,1787867280,2026-08-27T21:48:00.000Z,23.0,21.0,190,11,,10+,1015.3,,4,SPECI,SPECI KJFK 272148Z 19011KT 10SM FEW037 SCT050 BKN120 BKN250 23/21 A2998 RMK AO2 RAB17E48 TSE48 VCSH NW P0000,40.6392,-73.7639,3,"New York/JF Kennedy Intl, NY, US",BKN,"[{'cover': 'FEW', 'base': 3700}, {'cover': 'SCT', 'base': 5000}, {'cover': 'BKN', 'base': 12000}, {'cover': 'BKN', 'base': 25000}]",VFR,,,,,,,0.005,,,,,2026-08-27 21:48:00+00:00,2026-08-27 21:52:03.602000+00:00,23.0,True,23.0
KJFK,2026-08-27T21:54:10.632Z,1787867460,2026-08-27T22:00:00.000Z,23.3,21.1,190,11,,10+,1015.3,1015.1,4,METAR,METAR KJFK 272151Z 19011KT 10SM FEW037 SCT050 BKN120 BKN250 23/21 A2998 RMK AO2 RAB17E48 TSE48 SLP151 VCSH NW P0000 T02330211,40.6392,-73.7639,3,"New York/JF Kennedy Intl, NY, US",BKN,"[{'cover': 'FEW', 'base': 3700}, {'cover': 'SCT', 'base': 5000}, {'cover': 'BKN', 'base': 12000}, {'cover': 'BKN', 'base': 25000}]",VFR,,,,,,,0.005,,,,,2026-08-27 21:51:00+00:00,2026-08-27 21:54:10.632000+00:00,23.3,True,23.3
KJFK,2026-08-27T22:54:08.903Z,1787871060,2026-08-27T23:00:00.000Z,23.3,22.2,210,9,,10+,1015.0,1014.8,4,METAR,METAR KJFK 272251Z 21009KT 10SM -RA FEW017 SCT050 SCT100 BKN160 BKN250 23/22 A2997 RMK AO2 RAB32 SLP148 P0000 T02330222,40.6392,-73.7639,3,"New York/JF Kennedy Intl, NY, US",BKN,"[{'cover': 'FEW', 'base': 1700}, {'cover': 'SCT', 'base': 5000}, {'cover': 'SCT', 'base': 10000}, {'cover': 'BKN', 'base': 16000}]",VFR,,,,,,,0.005,,-RA,,,2026-08-27 22:51:00+00:00,2026-08-27 22:54:08.903000+00:00,23.3,True,23.3
KJFK,2026-08-28T00:22:04.845Z,1787874660,2026-08-28T00:00:00.000Z,23.3,22.2,220,14,,10+,1014.3,1014.1,4,METAR,METAR KJFK 272351Z 22014KT 10SM -RA FEW020 SCT050 BKN100 BKN150 BKN250 23/22 A2995 RMK AO2 RAE2257B33 SLP141 P0000 60009 T02330222 10239 20217 56021,40.6392,-73.7639,3,"New York/JF Kennedy Intl, NY, US",BKN,"[{'cover': 'FEW', 'base': 2000}, {'cover': 'SCT', 'base': 5000}, {'cover': 'BKN', 'base': 10000}, {'cover': 'BKN', 'base': 15000}]",VFR,-2.1,23.9,21.7,,,0.09,0.005,,-RA,,,2026-08-27 23:51:00+00:00,2026-08-28 00:22:04.845000+00:00,23.3,True,23.3
KJFK,2026-08-28T00:54:08.805Z,1787878260,2026-08-28T01:00:00.000Z,23.3,18.9,280,5,,10+,1015.3,1015.3,4,METAR,METAR KJFK 280051Z 28005KT 10SM FEW036 SCT050 SCT110 BKN160 BKN250 23/19 A2998 RMK AO2 RAE35 SLP153 P0000 T02330189,40.6392,-73.7639,3,"New York/JF Kennedy Intl, NY, US",BKN,"[{'cover': 'FEW', 'base': 3600}, {'cover': 'SCT', 'base': 5000}, {'cover': 'SCT', 'base': 11000}, {'cover': 'BKN', 'base': 16000}]",VFR,,,,,,,0.005,,,,,2026-08-28 00:51:00+00:00,2026-08-28 00:54:08.805000+00:00,23.3,True,23.3
KJFK,2026-08-28T01:54:08.967Z,1787881860,2026-08-28T02:00:00.000Z,22.2,18.9,40,4,,10+,1015.0,1015.0,4,METAR,METAR KJFK 280151Z 04004KT 10SM FEW040 SCT055 SCT110 BKN250 22/19 A2997 RMK AO2 SLP150 T02220189,40.6392,-73.7639,3,"New York/JF Kennedy Intl, NY, US",BKN,"[{'cover': 'FEW', 'base': 4000}, {'cover': 'SCT', 'base': 5500}, {'cover': 'SCT', 'base': 11000}, {'cover': 'BKN', 'base': 25000}]",VFR,,,,,,,,,,,,2026-08-28 01:51:00+00:00,2026-08-28 01:54:08.967000+00:00,22.2,True,22.2
KJFK,2026-08-28T02:54:09.119Z,1787885460,2026-08-28T03:00:00.000Z,21.7,19.4,80,3,,10+,1015.7,1015.6,4,METAR,METAR KJFK 280251Z 08003KT 10SM FEW050 FEW095 SCT150 BKN250 22/19 A2999 RMK AO2 SLP156 60000 T02170194 51015,40.6392,-73.7639,3,"New York/JF Kennedy Intl, NY, US",BKN,"[{'cover': 'FEW', 'base': 5000}, {'cover': 'FEW', 'base': 9500}, {'cover': 'SCT', 'base': 15000}, {'cover': 'BKN', 'base': 25000}]",VFR,1.5,,,,,,,0.005,,,,2026-08-28 02:51:00+00:00,2026-08-28 02:54:09.119000+00:00,21.7,True,21.7
KJFK,2026-08-28T03:54:07.776Z,1787889060,2026-08-28T04:00:00.000Z,22.2,20.0,100,3,,10+,1015.7,1015.4,4,METAR,METAR KJFK 280351Z 10003KT 10SM FEW065 SCT160 OVC250 22/20 A2999 RMK AO2 SLP154 T02220200,40.6392,-73.7639,3,"New York/JF Kennedy Intl, NY, US",OVC,"[{'cover': 'FEW', 'base': 6500}, {'cover': 'SCT', 'base': 16000}, {'cover': 'OVC', 'base': 25000}]",VFR,,,,,,,,,,,,2026-08-28 03:51:00+00:00,2026-08-28 03:54:07.776000+00:00,22.2,True,22.2
KJFK,2026-08-28T04:54:09.899Z,1787892660,2026-08-28T05:00:00.000Z,22.2,20.6,80,3,,10+,1015.7,1015.5,4,METAR,METAR KJFK 280451Z 08003KT 10SM FEW080 SCT120 OVC220 22/21 A2999 RMK AO2 SLP155 T02220206 402610211,40.6392,-73.7639,3,"New York/JF Kennedy Intl, NY, US",OVC,"[{'cover': 'FEW', 'base': 8000}, {'cover': 'SCT', 'base': 12000}, {'cover': 'OVC', 'base': 22000}]",VFR,,,,26.1,21.1,,,,,,,2026-08-28 04:51:00+00:00,2026-08-28 04:54:09.899000+00:00,22.2,True,22.2
KJFK,2026-08-28T05:54:07.967Z,1787896260,2026-08-28T06:00:00.000Z,22.2,21.1,0,0,,10+,1015.7,1015.6,4,METAR,METAR KJFK 280551Z 00000KT 10SM FEW080 BKN120 OVC210 22/21 A2999 RMK AO2 SLP156 60000 T02220211 10239 20217 53001,40.6392,-73.7639,3,"New York/JF Kennedy Intl, NY, US",OVC,"[{'cover': 'FEW', 'base': 8000}, {'cover': 'BKN', 'base': 12000}, {'cover': 'OVC', 'base': 21000}]",VFR,0.1,23.9,21.7,,,0.005,,,,,,2026-08-28 05:51:00+00:00,2026-08-28 05:54:07.967000+00:00,22.2,True,22.2
KJFK,2026-08-28T06:54:09.198Z,1787899860,2026-08-28T07:00:00.000Z,21.7,20.6,110,4,,10+,1014.6,1014.4,4,METAR,METAR KJFK 280651Z 11004KT 10SM SCT085 BKN130 OVC200 22/21 A2996 RMK AO2 SLP144 T02170206,40.6392,-73.7639,3,"New York/JF Kennedy Intl, NY, US",OVC,"[{'cover': 'SCT', 'base': 8500}, {'cover': 'BKN', 'base': 13000}, {'cover': 'OVC', 'base': 20000}]",VFR,,,,,,,,,,,,2026-08-28 06:51:00+00:00,2026-08-28 06:54:09.198000+00:00,21.7,True,21.7
KJFK,2026-08-28T07:34:15.384Z,1787902260,2026-08-28T07:31:00.000Z,21.7,21.1,120,4,,1.75,1014.0,,4,SPECI,SPECI KJFK 280731Z 12004KT 1 3/4SM BR FEW030 SCT130 BKN250 22/21 A2994 RMK AO2 T02170211,40.6392,-73.7639,3,"New York/JF Kennedy Intl, NY, US",BKN,"[{'cover': 'FEW', 'base': 3000}, {'cover': 'SCT', 'base': 13000}, {'cover': 'BKN', 'base': 25000}]",IFR,,,,,,,,,BR,,,2026-08-28 07:31:00+00:00,2026-08-28 07:34:15.384000+00:00,21.7,True,21.7
KJFK,2026-08-28T07:50:23.409Z,1787903220,2026-08-28T07:47:00.000Z,22.0,21.0,140,3,,0.5,1014.0,,4,SPECI,SPECI KJFK 280747Z 14003KT 1/2SM R04R/2200VP6000FT FG FEW030 SCT130 BKN250 22/21 A2994 RMK AO2,40.6392,-73.7639,3,"New York/JF Kennedy Intl, NY, US",BKN,"[{'cover': 'FEW', 'base': 3000}, {'cover': 'SCT', 'base': 13000}, {'cover': 'BKN', 'base': 25000}]",LIFR,,,,,,,,,FG,,,2026-08-28 07:47:00+00:00,2026-08-28 07:50:23.409000+00:00,22.0,True,22.0
KJFK,2026-08-28T07:54:08.498Z,1787903460,2026-08-28T08:00:00.000Z,21.7,21.7,140,5,,0.25,1014.0,1014.0,4,METAR,METAR KJFK 280751Z 14005KT 1/4SM R04R/1800V3000FT FG FEW030 SCT130 BKN250 22/22 A2994 RMK AO2 SLP140 T02170217,40.6392,-73.7639,3,"New York/JF Kennedy Intl, NY, US",BKN,"[{'cover': 'FEW', 'base': 3000}, {'cover': 'SCT', 'base': 13000}, {'cover': 'BKN', 'base': 25000}]",LIFR,,,,,,,,,FG,,,2026-08-28 07:51:00+00:00,2026-08-28 07:54:08.498000+00:00,21.7,True,21.7
KJFK,2026-08-28T08:00:07.496Z,1787903760,2026-08-28T07:56:00.000Z,21.7,21.7,140,5,,0.25,1014.3,,4,SPECI,SPECI KJFK 280756Z 14005KT 1/4SM R04R/1600V2200FT FG VV002 22/22 A2995 RMK AO2 T02170217,40.6392,-73.7639,3,"New York/JF Kennedy Intl, NY, US",OVX,"[{'cover': 'OVX', 'base': 200}]",LIFR,,,,,,,,,FG,,2.0,2026-08-28 07:56:00+00:00,2026-08-28 08:00:07.496000+00:00,21.7,True,21.7
KJFK,2026-08-28T08:24:06.196Z,1787905200,2026-08-28T08:20:00.000Z,22.2,22.2,0,0,,0.25,1014.3,,4,SPECI,SPECI KJFK 280820Z 00000KT 1/4SM R04R/2000V3000FT FG VV002 22/22 A2995 RMK AO2 T02220222,40.6392,-73.7639,3,"New York/JF Kennedy Intl, NY, US",OVX,"[{'cover': 'OVX', 'base': 200}]",LIFR,,,,,,,,,FG,,2.0,2026-08-28 08:20:00+00:00,2026-08-28 08:24:06.196000+00:00,22.2,True,22.2
KJFK,2026-08-28T08:52:03.643Z,1787906880,2026-08-28T08:48:00.000Z,22.0,22.0,0,0,,2.5,1014.6,,4,SPECI,SPECI KJFK 280848Z 00000KT 2 1/2SM R04R/3000V4500FT BR OVC002 22/22 A2996 RMK AO2,40.6392,-73.7639,3,"New York/JF Kennedy Intl, NY, US",OVC,"[{'cover': 'OVC', 'base': 200}]",LIFR,,,,,,,,,BR,,,2026-08-28 08:48:00+00:00,2026-08-28 08:52:03.643000+00:00,22.0,True,22.0
KJFK,2026-08-28T08:54:06.037Z,1787907060,2026-08-28T09:00:00.000Z,22.2,21.7,0,0,,2.5,1014.6,1014.5,4,METAR,METAR KJFK 280851Z 00000KT 2 1/2SM R04R/3000V5000FT BR OVC002 22/22 A2996 RMK AO2 SLP145 T02220217 53000,40.6392,-73.7639,3,"New York/JF Kennedy Intl, NY, US",OVC,"[{'cover': 'OVC', 'base': 200}]",LIFR,,,,,,,,,BR,,,2026-08-28 08:51:00+00:00,2026-08-28 08:54:06.037000+00:00,22.2,True,22.2
KJFK,2026-08-28T09:20:04.493Z,1787908560,2026-08-28T09:16:00.000Z,21.7,21.7,310,3,,5,1014.6,,4,SPECI,SPECI KJFK 280916Z 31003KT 5SM BR BKN005 BKN130 BKN250 22/22 A2996 RMK AO2 T02170217,40.6392,-73.7639,3,"New York/JF Kennedy Intl, NY, US",BKN,"[{'cover': 'BKN', 'base': 500}, {'cover': 'BKN', 'base': 13000}, {'cover': 'BKN', 'base': 25000}]",IFR,,,,,,,,,BR,,,2026-08-28 09:16:00+00:00,2026-08-28 09:20:04.493000+00:00,21.7,True,21.7
KJFK,2026-08-28T09:54:10.703Z,1787910660,2026-08-28T10:00:00.000Z,21.7,21.1,40,3,,6,1014.6,1014.6,4,METAR,METAR KJFK 280951Z 04003KT 6SM BR FEW007 BKN041 BKN250 22/21 A2996 RMK AO2 SLP146 T02170211,40.6392,-73.7639,3,"New York/JF Kennedy Intl, NY, US",BKN,"[{'cover': 'FEW', 'base': 700}, {'cover': 'BKN', 'base': 4100}, {'cover': 'BKN', 'base': 25000}]",VFR,,,,,,,,,BR,,,2026-08-28 09:51:00+00:00,2026-08-28 09:54:10.703000+00:00,21.7,True,21.7
KJFK,2026-08-28T10:54:10.867Z,1787914260,2026-08-28T11:00:00.000Z,21.7,21.1,50,3,,4,1015.3,1015.1,4,METAR,METAR KJFK 281051Z 05003KT 4SM BR FEW009 SCT035 BKN170 BKN250 22/21 A2998 RMK AO2 SLP151 T02170211,40.6392,-73.7639,3,"New York/JF Kennedy Intl, NY, US",BKN,"[{'cover': 'FEW', 'base': 900}, {'cover': 'SCT', 'base': 3500}, {'cover': 'BKN', 'base': 17000}, {'cover': 'BKN', 'base': 25000}]",MVFR,,,,,,,,,BR,,,2026-08-28 10:51:00+00:00,2026-08-28 10:54:10.867000+00:00,21.7,True,21.7
KJFK,2026-08-28T11:54:07.366Z,1787917860,2026-08-28T12:00:00.000Z,22.2,21.7,30,3,,4,1015.7,1015.5,4,METAR,METAR KJFK 281151Z 03003KT 4SM BR SCT030 BKN130 BKN170 BKN250 22/22 A2999 RMK AO2 SLP155 70010 T02220217 10228 20217 53010,40.6392,-73.7639,3,"New York/JF Kennedy Intl, NY, US",BKN,"[{'cover': 'SCT', 'base': 3000}, {'cover': 'BKN', 'base': 13000}, {'cover': 'BKN', 'base': 17000}, {'cover': 'BKN', 'base': 25000}]",MVFR,1.0,22.8,21.7,,,,,,BR,0.1,,2026-08-28 11:51:00+00:00,2026-08-28 11:54:07.366000+00:00,22.2,True,22.2
KJFK,2026-08-28T12:54:07.996Z,1787921460,2026-08-28T13:00:00.000Z,22.8,21.1,VRB,3,,6,1016.0,1015.9,4,METAR,METAR KJFK 281251Z VRB03KT 6SM BR FEW030 SCT130 BKN190 BKN250 23/21 A3000 RMK AO2 SLP159 T02280211,40.6392,-73.7639,3,"New York/JF Kennedy Intl, NY, US",BKN,"[{'cover': 'FEW', 'base': 3000}, {'cover': 'SCT', 'base': 13000}, {'cover': 'BKN', 'base': 19000}, {'cover': 'BKN', 'base': 25000}]",VFR,,,,,,,,,BR,,,2026-08-28 12:51:00+00:00,2026-08-28 12:54:07.996000+00:00,22.8,True,22.8
KJFK,2026-08-28T13:54:07.648Z,1787925060,2026-08-28T14:00:00.000Z,23.9,20.6,230,4,,8,1016.7,1016.5,4,METAR,METAR KJFK 281351Z 23004KT 8SM FEW030 SCT130 BKN170 BKN250 24/21 A3002 RMK AO2 SLP165 T02390206,40.6392,-73.7639,3,"New York/JF Kennedy Intl, NY, US",BKN,"[{'cover': 'FEW', 'base': 3000}, {'cover': 'SCT', 'base': 13000}, {'cover': 'BKN', 'base': 17000}, {'cover': 'BKN', 'base': 25000}]",VFR,,,,,,,,,,,,2026-08-28 13:51:00+00:00,2026-08-28 13:54:07.648000+00:00,23.9,True,23.9
KJFK,2026-08-28T14:54:13.701Z,1787928660,2026-08-28T15:00:00.000Z,26.1,20.6,240,3,,10+,1016.7,1016.5,4,METAR,METAR KJFK 281451Z 24003KT 10SM FEW030 BKN190 BKN250 26/21 A3002 RMK AO2 SLP165 T02610206 51010,40.6392,-73.7639,3,"New York/JF Kennedy Intl, NY, US",BKN,"[{'cover': 'FEW', 'base': 3000}, {'cover': 'BKN', 'base': 19000}, {'cover': 'BKN', 'base': 25000}]",VFR,1.0,,,,,,,,,,,2026-08-28 14:51:00+00:00,2026-08-28 14:54:13.701000+00:00,26.1,True,26.1
KJFK,2026-08-28T15:54:09.072Z,1787932260,2026-08-28T16:00:00.000Z,26.7,20.0,260,5,,10+,1016.3,1016.2,12,METAR,METAR KJFK 281551Z 26005KT 10SM FEW030 BKN190 BKN250 27/20 A3001 RMK AO2 SLP162 T02670200 $,40.6392,-73.7639,3,"New York/JF Kennedy Intl, NY, US",BKN,"[{'cover': 'FEW', 'base': 3000}, {'cover': 'BKN', 'base': 19000}, {'cover': 'BKN', 'base': 25000}]",VFR,,,,,,,,,,,,2026-08-28 15:51:00+00:00,2026-08-28 15:54:09.072000+00:00,26.7,True,26.7
KJFK,2026-08-28T16:54:10.030Z,1787935860,2026-08-28T17:00:00.000Z,27.8,20.6,250,7,,10+,1016.0,1015.8,12,METAR,METAR KJFK 281651Z 25007KT 10SM FEW030 SCT190 BKN250 28/21 A3000 RMK AO2 SLP158 T02780206 $,40.6392,-73.7639,3,"New York/JF Kennedy Intl, NY, US",BKN,"[{'cover': 'FEW', 'base': 3000}, {'cover': 'SCT', 'base': 19000}, {'cover': 'BKN', 'base': 25000}]",VFR,,,,,,,,,,,,2026-08-28 16:51:00+00:00,2026-08-28 16:54:10.030000+00:00,27.8,True,27.8
KJFK,2026-08-28T17:54:06.434Z,1787939460,2026-08-28T18:00:00.000Z,27.2,21.1,210,11,,10+,1016.3,1016.1,12,METAR,METAR KJFK 281751Z 21011KT 10SM SCT040 BKN190 BKN250 27/21 A3001 RMK AO2 SLP161 T02720211 55004 $,40.6392,-73.7639,3,"New York/JF Kennedy Intl, NY, US",BKN,"[{'cover': 'SCT', 'base': 4000}, {'cover': 'BKN', 'base': 19000}, {'cover': 'BKN', 'base': 25000}]",VFR,-0.4,,,,,,,,,,,2026-08-28 17:51:00+00:00,2026-08-28 17:54:06.434000+00:00,27.2,True,27.2
KJFK,2026-08-28T18:54:07.468Z,1787943060,2026-08-28T19:00:00.000Z,28.3,21.1,210,11,,10+,1016.0,1015.9,12,METAR,METAR KJFK 281851Z 21011KT 10SM SCT048 SCT190 BKN250 28/21 A3000 RMK AO2 SLP159 T02830211 $,40.6392,-73.7639,3,"New York/JF Kennedy Intl, NY, US",BKN,"[{'cover': 'SCT', 'base': 4800}, {'cover': 'SCT', 'base': 19000}, {'cover': 'BKN', 'base': 25000}]",VFR,,,,,,,,,,,,2026-08-28 18:51:00+00:00,2026-08-28 18:54:07.468000+00:00,28.3,True,28.3
KJFK,2026-08-28T19:54:07.149Z,1787946660,2026-08-28T20:00:00.000Z,28.9,20.0,200,11,,10+,1015.7,1015.6,12,METAR,METAR KJFK 281951Z 20011KT 10SM SCT050 SCT190 BKN250 29/20 A2999 RMK AO2 SLP156 T02890200 $,40.6392,-73.7639,3,"New York/JF Kennedy Intl, NY, US",BKN,"[{'cover': 'SCT', 'base': 5000}, {'cover': 'SCT', 'base': 19000}, {'cover': 'BKN', 'base': 25000}]",VFR,,,,,,,,,,,,2026-08-28 19:51:00+00:00,2026-08-28 19:54:07.149000+00:00,28.9,True,28.9
KJFK,2026-08-28T20:54:11.994Z,1787950260,2026-08-28T21:00:00.000Z,26.1,21.1,210,11,,10+,1016.0,1015.7,12,METAR,METAR KJFK 282051Z 21011KT 10SM SCT050 SCT080 SCT100 BKN250 26/21 A3000 RMK AO2 SLP157 T02610211 55004 $,40.6392,-73.7639,3,"New York/JF Kennedy Intl, NY, US",BKN,"[{'cover': 'SCT', 'base': 5000}, {'cover': 'SCT', 'base': 8000}, {'cover': 'SCT', 'base': 10000}, {'cover': 'BKN', 'base': 25000}]",VFR,-0.4,,,,,,,,,,,2026-08-28 20:51:00+00:00,2026-08-28 20:54:11.994000+00:00,26.1,True,26.1
KJFK,2026-08-28T21:54:08.989Z,1787953860,2026-08-28T22:00:00.000Z,24.4,21.7,200,15,,10+,1016.0,1016.0,12,METAR,METAR KJFK 282151Z 20015KT 10SM -RA BKN055 BKN070 BKN110 BKN250 24/22 A3000 RMK AO2 RAB46 SLP160 P0000 T02440217 $,40.6392,-73.7639,3,"New York/JF Kennedy Intl, NY, US",BKN,"[{'cover': 'BKN', 'base': 5500}, {'cover': 'BKN', 'base': 7000}, {'cover': 'BKN', 'base': 11000}, {'cover': 'BKN', 'base': 25000}]",VFR,,,,,,,0.005,,-RA,,,2026-08-28 21:51:00+00:00,2026-08-28 21:54:08.989000+00:00,24.4,True,24.4
KJFK,2026-08-28T22:54:09.584Z,1787957460,2026-08-28T23:00:00.000Z,25.0,21.7,200,5,,10+,1016.3,1016.1,12,METAR,METAR KJFK 282251Z 20005KT 10SM -RA BKN044TCU BKN065 BKN100 BKN250 25/22 A3001 RMK AO2 RAE18B47 SLP161 TCU OHD-N P0000 T02500217 $,40.6392,-73.7639,3,"New York/JF Kennedy Intl, NY, US",BKN,"[{'cover': 'BKN', 'base': 4400}, {'cover': 'BKN', 'base': 6500}, {'cover': 'BKN', 'base': 10000}, {'cover': 'BKN', 'base': 25000}]",VFR,,,,,,,0.005,,-RA,,,2026-08-28 22:51:00+00:00,2026-08-28 22:54:09.584000+00:00,25.0,True,25.0
KJFK,2026-08-28T23:54:10.356Z,1787961060,2026-08-29T00:00:00.000Z,24.4,22.2,140,4,,10+,1016.7,1016.4,12,METAR,METAR KJFK 282351Z 14004KT 10SM BKN046TCU BKN060 BKN090 BKN250 24/22 A3002 RMK AO2 RAE11 SLP164 TCU OHD-E P0002 60002 T02440222 52007 $,40.6392,-73.7639,3,"New York/JF Kennedy Intl, NY, US",BKN,"[{'cover': 'BKN', 'base': 4600}, {'cover': 'BKN', 'base': 6000}, {'cover': 'BKN', 'base': 9000}, {'cover': 'BKN', 'base': 25000}]",VFR,0.7,,,,,0.02,0.02,,,,,2026-08-28 23:51:00+00:00,2026-08-28 23:54:10.356000+00:00,24.4,True,24.4
KJFK,2026-08-29T00:54:09.846Z,1787964660,2026-08-29T01:00:00.000Z,23.9,21.7,0,0,,10+,1017.4,1017.2,12,METAR,METAR KJFK 290051Z 00000KT 10SM FEW045 FEW060 SCT080 BKN250 24/22 A3004 RMK AO2 SLP172 T02390217 $,40.6392,-73.7639,3,"New York/JF Kennedy Intl, NY, US",BKN,"[{'cover': 'FEW', 'base': 4500}, {'cover': 'FEW', 'base': 6000}, {'cover': 'SCT', 'base': 8000}, {'cover': 'BKN', 'base': 25000}]",VFR,,,,,,,,,,,,2026-08-29 00:51:00+00:00,2026-08-29 00:54:09.846000+00:00,23.9,True,23.9
KJFK,2026-08-29T01:54:08.191Z,1787968260,2026-08-29T02:00:00.000Z,24.4,15.6,340,13,19.0,10+,1018.0,1017.8,12,METAR,METAR KJFK 290151Z 34013G19KT 10SM FEW080 BKN250 24/16 A3006 RMK AO2 SLP178 T02440156 $,40.6392,-73.7639,3,"New York/JF Kennedy Intl, NY, US",BKN,"[{'cover': 'FEW', 'base': 8000}, {'cover': 'BKN', 'base': 25000}]",VFR,,,,,,,,,,,,2026-08-29 01:51:00+00:00,2026-08-29 01:54:08.191000+00:00,24.4,True,24.4
KJFK,2026-08-29T02:54:18.736Z,1787971860,2026-08-29T03:00:00.000Z,23.9,15.0,350,8,,10+,1018.0,1018.0,12,METAR,METAR KJFK 290251Z 35008KT 10SM FEW050 SCT070 SCT250 24/15 A3006 RMK AO2 SLP180 T02390150 51016 $,40.6392,-73.7639,3,"New York/JF Kennedy Intl, NY, US",SCT,"[{'cover': 'FEW', 'base': 5000}, {'cover': 'SCT', 'base': 7000}, {'cover': 'SCT', 'base': 25000}]",VFR,1.6,,,,,,,,,,,2026-08-29 02:51:00+00:00,2026-08-29 02:54:18.736000+00:00,23.9,True,23.9
KJFK,2026-08-29T03:54:09.463Z,1787975460,2026-08-29T04:00:00.000Z,22.8,13.9,350,10,,10+,1018.7,1018.6,12,METAR,METAR KJFK 290351Z 35010KT 10SM SCT070 SCT250 23/14 A3008 RMK AO2 SLP186 T02280139 $,40.6392,-73.7639,3,"New York/JF Kennedy Intl, NY, US",SCT,"[{'cover': 'SCT', 'base': 7000}, {'cover': 'SCT', 'base': 25000}]",VFR,,,,,,,,,,,,2026-08-29 03:51:00+00:00,2026-08-29 03:54:09.463000+00:00,22.8,True,22.8
KJFK,2026-08-29T04:54:09.408Z,1787979060,2026-08-29T05:00:00.000Z,21.7,13.9,360,8,,10+,1019.4,1019.3,12,METAR,METAR KJFK 290451Z 36008KT 10SM FEW070 SCT250 22/14 A3010 RMK AO2 SLP193 T02170139 402890217 $,40.6392,-73.7639,3,"New York/JF Kennedy Intl, NY, US",SCT,"[{'cover': 'FEW', 'base': 7000}, {'cover': 'SCT', 'base': 25000}]",VFR,,,,28.9,21.7,,,,,,,2026-08-29 04:51:00+00:00,2026-08-29 04:54:09.408000+00:00,21.7,True,21.7
KJFK,2026-08-29T05:54:06.869Z,1787982660,2026-08-29T06:00:00.000Z,21.1,14.4,360,10,,10+,1020.1,1019.9,12,METAR,METAR KJFK 290551Z 36010KT 10SM FEW070 SCT250 21/14 A3012 RMK AO2 SLP199 T02110144 10250 20211 51019 $,40.6392,-73.7639,3,"New York/JF Kennedy Intl, NY, US",SCT,"[{'cover': 'FEW', 'base': 7000}, {'cover': 'SCT', 'base': 25000}]",VFR,1.9,25.0,21.1,,,,,,,,,2026-08-29 05:51:00+00:00,2026-08-29 05:54:06.869000+00:00,21.1,True,21.1
KJFK,2026-08-29T06:54:07.825Z,1787986260,2026-08-29T07:00:00.000Z,20.0,14.4,20,12,,10+,1020.4,1020.3,12,METAR,METAR KJFK 290651Z 02012KT 10SM FEW250 20/14 A3013 RMK AO2 SLP203 T02000144 $,40.6392,-73.7639,3,"New York/JF Kennedy Intl, NY, US",FEW,"[{'cover': 'FEW', 'base': 25000}]",VFR,,,,,,,,,,,,2026-08-29 06:51:00+00:00,2026-08-29 06:54:07.825000+00:00,20.0,True,20.0
KJFK,2026-08-29T07:54:11.063Z,1787989860,2026-08-29T08:00:00.000Z,19.4,11.1,10,13,,10+,1021.1,1020.8,12,METAR,METAR KJFK 290751Z 01013KT 10SM FEW250 19/11 A3015 RMK AO2 SLP208 T01940111 $,40.6392,-73.7639,3,"New York/JF Kennedy Intl, NY, US",FEW,"[{'cover': 'FEW', 'base': 25000}]",VFR,,,,,,,,,,,,2026-08-29 07:51:00+00:00,2026-08-29 07:54:11.063000+00:00,19.4,True,19.4
KJFK,2026-08-29T08:54:08.334Z,1787993460,2026-08-29T09:00:00.000Z,18.9,11.1,10,11,,10+,1021.4,1021.3,12,METAR,METAR KJFK 290851Z 01011KT 10SM SCT250 19/11 A3016 RMK AO2 SLP213 T01890111 52014 $,40.6392,-73.7639,3,"New York/JF Kennedy Intl, NY, US",SCT,"[{'cover': 'SCT', 'base': 25000}]",VFR,1.4,,,,,,,,,,,2026-08-29 08:51:00+00:00,2026-08-29 08:54:08.334000+00:00,18.9,True,18.9
KJFK,2026-08-29T09:54:11.950Z,1787997060,2026-08-29T10:00:00.000Z,17.8,11.1,350,10,,10+,1022.1,1021.9,12,METAR,METAR KJFK 290951Z 35010KT 10SM FEW070 FEW250 18/11 A3018 RMK AO2 SLP219 T01780111 $,40.6392,-73.7639,3,"New York/JF Kennedy Intl, NY, US",FEW,"[{'cover': 'FEW', 'base': 7000}, {'cover': 'FEW', 'base': 25000}]",VFR,,,,,,,,,,,,2026-08-29 09:51:00+00:00,2026-08-29 09:54:11.950000+00:00,17.8,True,17.8
KJFK,2026-08-29T10:54:06.998Z,1788000660,2026-08-29T11:00:00.000Z,18.3,10.6,360,10,,10+,1022.8,1022.5,12,METAR,METAR KJFK 291051Z 36010KT 10SM FEW070 SCT250 18/11 A3020 RMK AO2 SLP225 T01830106 $,40.6392,-73.7639,3,"New York/JF Kennedy Intl, NY, US",SCT,"[{'cover': 'FEW', 'base': 7000}, {'cover': 'SCT', 'base': 25000}]",VFR,,,,,,,,,,,,2026-08-29 10:51:00+00:00,2026-08-29 10:54:06.998000+00:00,18.3,True,18.3
KJFK,2026-08-29T11:54:09.825Z,1788004260,2026-08-29T12:00:00.000Z,18.9,10.0,360,11,17.0,10+,1023.5,1023.2,12,METAR,METAR KJFK 291151Z 36011G17KT 10SM FEW060 SCT250 19/10 A3022 RMK AO2 SLP232 70002 T01890100 10211 20178 53019 $,40.6392,-73.7639,3,"New York/JF Kennedy Intl, NY, US",SCT,"[{'cover': 'FEW', 'base': 6000}, {'cover': 'SCT', 'base': 25000}]",VFR,1.9,21.1,17.8,,,,,,,0.02,,2026-08-29 11:51:00+00:00,2026-08-29 11:54:09.825000+00:00,18.9,True,18.9
KJFK,2026-08-29T12:54:07.150Z,1788007860,2026-08-29T13:00:00.000Z,20.6,10.0,10,13,,10+,1023.5,1023.3,12,METAR,METAR KJFK 291251Z 01013KT 10SM FEW060 FEW250 21/10 A3022 RMK AO2 SLP233 T02060100 $,40.6392,-73.7639,3,"New York/JF Kennedy Intl, NY, US",FEW,"[{'cover': 'FEW', 'base': 6000}, {'cover': 'FEW', 'base': 25000}]",VFR,,,,,,,,,,,,2026-08-29 12:51:00+00:00,2026-08-29 12:54:07.150000+00:00,20.6,True,20.6
KJFK,2026-08-29T13:54:06.553Z,1788011460,2026-08-29T14:00:00.000Z,21.7,11.1,10,11,,10+,1023.8,1023.7,12,METAR,METAR KJFK 291351Z 01011KT 10SM FEW060 FEW250 22/11 A3023 RMK AO2 SLP237 T02170111 $,40.6392,-73.7639,3,"New York/JF Kennedy Intl, NY, US",FEW,"[{'cover': 'FEW', 'base': 6000}, {'cover': 'FEW', 'base': 25000}]",VFR,,,,,,,,,,,,2026-08-29 13:51:00+00:00,2026-08-29 13:54:06.553000+00:00,21.7,True,21.7
KJFK,2026-08-29T14:54:09.909Z,1788015060,2026-08-29T15:00:00.000Z,22.8,11.7,30,9,,10+,1024.1,1024.0,12,METAR,METAR KJFK 291451Z 03009KT 10SM FEW060 SCT250 23/12 A3024 RMK AO2 SLP240 T02280117 53008 $,40.6392,-73.7639,3,"New York/JF Kennedy Intl, NY, US",SCT,"[{'cover': 'FEW', 'base': 6000}, {'cover': 'SCT', 'base': 25000}]",VFR,0.8,,,,,,,,,,,2026-08-29 14:51:00+00:00,2026-08-29 14:54:09.909000+00:00,22.8,True,22.8
KJFK,2026-08-29T15:54:09.247Z,1788018660,2026-08-29T16:00:00.000Z,22.8,10.6,40,7,,10+,1024.1,1023.9,12,METAR,METAR KJFK 291551Z 04007KT 10SM FEW060 SCT250 23/11 A3024 RMK AO2 SLP239 T02280106 $,40.6392,-73.7639,3,"New York/JF Kennedy Intl, NY, US",SCT,"[{'cover': 'FEW', 'base': 6000}, {'cover': 'SCT', 'base': 25000}]",VFR,,,,,,,,,,,,2026-08-29 15:51:00+00:00,2026-08-29 15:54:09.247000+00:00,22.8,True,22.8
KJFK,2026-08-29T16:54:08.147Z,1788022260,2026-08-29T17:00:00.000Z,23.9,8.9,40,3,,10+,1023.8,1023.8,12,METAR,METAR KJFK 291651Z 04003KT 10SM FEW060 SCT250 24/09 A3023 RMK AO2 SLP238 T02390089 $,40.6392,-73.7639,3,"New York/JF Kennedy Intl, NY, US",SCT,"[{'cover': 'FEW', 'base': 6000}, {'cover': 'SCT', 'base': 25000}]",VFR,,,,,,,,,,,,2026-08-29 16:51:00+00:00,2026-08-29 16:54:08.147000+00:00,23.9,True,23.9
KJFK,2026-08-29T17:54:08.069Z,1788025860,2026-08-29T18:00:00.000Z,25.0,10.0,40,5,,10+,1023.8,1023.5,12,METAR,METAR KJFK 291751Z 04005KT 10SM FEW060 SCT250 25/10 A3023 RMK AO2 SLP235 T02500100 58005 $,40.6392,-73.7639,3,"New York/JF Kennedy Intl, NY, US",SCT,"[{'cover': 'FEW', 'base': 6000}, {'cover': 'SCT', 'base': 25000}]",VFR,-0.5,,,,,,,,,,,2026-08-29 17:51:00+00:00,2026-08-29 17:54:08.069000+00:00,25.0,True,25.0
KJFK,2026-08-29T18:54:08.918Z,1788029460,2026-08-29T19:00:00.000Z,25.6,9.4,300,5,,10+,1023.1,1023.0,12,METAR,METAR KJFK 291851Z 30005KT 10SM FEW060 SCT250 26/09 A3021 RMK AO2 SLP230 T02560094 $,40.6392,-73.7639,3,"New York/JF Kennedy Intl, NY, US",SCT,"[{'cover': 'FEW', 'base': 6000}, {'cover': 'SCT', 'base': 25000}]",VFR,,,,,,,,,,,,2026-08-29 18:51:00+00:00,2026-08-29 18:54:08.918000+00:00,25.6,True,25.6
KJFK,2026-08-29T19:54:08.164Z,1788033060,2026-08-29T20:00:00.000Z,25.0,12.2,180,12,,10+,1022.8,1022.7,12,METAR,METAR KJFK 291951Z 18012KT 10SM FEW060 SCT250 25/12 A3020 RMK AO2 SLP227 T02500122 $,40.6392,-73.7639,3,"New York/JF Kennedy Intl, NY, US",SCT,"[{'cover': 'FEW', 'base': 6000}, {'cover': 'SCT', 'base': 25000}]",VFR,,,,,,,,,,,,2026-08-29 19:51:00+00:00,2026-08-29 19:54:08.164000+00:00,25.0,True,25.0
KJFK,2026-08-29T20:54:09.890Z,1788036660,2026-08-29T21:00:00.000Z,25.0,11.1,220,10,,10+,1022.8,1022.5,12,METAR,METAR KJFK 292051Z 22010KT 10SM FEW060 SCT250 25/11 A3020 RMK AO2 SLP225 T02500111 56010 $,40.6392,-73.7639,3,"New York/JF Kennedy Intl, NY, US",SCT,"[{'cover': 'FEW', 'base': 6000}, {'cover': 'SCT', 'base': 25000}]",VFR,-1.0,,,,,,,,,,,2026-08-29 20:51:00+00:00,2026-08-29 20:54:09.890000+00:00,25.0,True,25.0
KJFK,2026-08-29T21:54:10.391Z,1788040260,2026-08-29T22:00:00.000Z,25.0,10.6,210,10,,10+,1021.8,1021.5,12,METAR,METAR KJFK 292151Z 21010KT 10SM FEW250 25/11 A3017 RMK AO2 SLP215 T02500106 $,40.6392,-73.7639,3,"New York/JF Kennedy Intl, NY, US",FEW,"[{'cover': 'FEW', 'base': 25000}]",VFR,,,,,,,,,,,,2026-08-29 21:51:00+00:00,2026-08-29 21:54:10.391000+00:00,25.0,True,25.0
KJFK,2026-08-29T22:54:12.755Z,1788043860,2026-08-29T23:00:00.000Z,24.4,10.6,230,10,,10+,1022.1,1021.9,12,METAR,METAR KJFK 292251Z 23010KT 10SM FEW250 24/11 A3018 RMK AO2 SLP219 T02440106 $,40.6392,-73.7639,3,"New York/JF Kennedy Intl, NY, US",FEW,"[{'cover': 'FEW', 'base': 25000}]",VFR,,,,,,,,,,,,2026-08-29 22:51:00+00:00,2026-08-29 22:54:12.755000+00:00,24.4,True,24.4
KJFK,2026-08-29T23:54:09.738Z,1788047460,2026-08-30T00:00:00.000Z,21.7,12.8,220,7,,10+,1022.4,1022.2,12,METAR,METAR KJFK 292351Z 22007KT 10SM FEW150 FEW250 22/13 A3019 RMK AO2 SLP222 T02170128 55003 $,40.6392,-73.7639,3,"New York/JF Kennedy Intl, NY, US",FEW,"[{'cover': 'FEW', 'base': 15000}, {'cover': 'FEW', 'base': 25000}]",VFR,-0.3,,,,,,,,,,,2026-08-29 23:51:00+00:00,2026-08-29 23:54:09.738000+00:00,21.7,True,21.7
KJFK,2026-08-30T00:54:08.885Z,1788051060,2026-08-30T01:00:00.000Z,21.1,14.4,190,8,,10+,1022.1,1022.0,12,METAR,METAR KJFK 300051Z 19008KT 10SM FEW250 21/14 A3018 RMK AO2 SLP220 T02110144 $,40.6392,-73.7639,3,"New York/JF Kennedy Intl, NY, US",FEW,"[{'cover': 'FEW', 'base': 25000}]",VFR,,,,,,,,,,,,2026-08-30 00:51:00+00:00,2026-08-30 00:54:08.885000+00:00,21.1,True,21.1
KJFK,2026-08-30T01:54:14.239Z,1788054660,2026-08-30T02:00:00.000Z,21.1,14.4,230,8,,10+,1022.8,1022.5,12,METAR,METAR KJFK 300151Z 23008KT 10SM FEW250 21/14 A3020 RMK AO2 SLP225 T02110144 $,40.6392,-73.7639,3,"New York/JF Kennedy Intl, NY, US",FEW,"[{'cover': 'FEW', 'base': 25000}]",VFR,,,,,,,,,,,,2026-08-30 01:51:00+00:00,2026-08-30 01:54:14.239000+00:00,21.1,True,21.1
KJFK,2026-08-30T02:54:10.005Z,1788058260,2026-08-30T03:00:00.000Z,20.6,15.6,220,9,,10+,1022.8,1022.6,12,METAR,METAR KJFK 300251Z 22009KT 10SM FEW250 21/16 A3020 RMK AO2 SLP226 T02060156 53004 $,40.6392,-73.7639,3,"New York/JF Kennedy Intl, NY, US",FEW,"[{'cover': 'FEW', 'base': 25000}]",VFR,0.4,,,,,,,,,,,2026-08-30 02:51:00+00:00,2026-08-30 02:54:10.005000+00:00,20.6,True,20.6
KJFK,2026-08-30T03:54:07.615Z,1788061860,2026-08-30T04:00:00.000Z,20.6,15.6,240,8,,10+,1022.8,1022.7,12,METAR,METAR KJFK 300351Z 24008KT 10SM FEW150 FEW250 21/16 A3020 RMK AO2 SLP227 T02060156 $,40.6392,-73.7639,3,"New York/JF Kennedy Intl, NY, US",FEW,"[{'cover': 'FEW', 'base': 15000}, {'cover': 'FEW', 'base': 25000}]",VFR,,,,,,,,,,,,2026-08-30 03:51:00+00:00,2026-08-30 03:54:07.615000+00:00,20.6,True,20.6
KJFK,2026-08-30T04:54:17.672Z,1788065460,2026-08-30T05:00:00.000Z,20.6,16.7,260,8,,10+,1022.8,1022.8,12,METAR,METAR KJFK 300451Z 26008KT 10SM FEW150 SCT250 21/17 A3020 RMK AO2 SLP228 T02060167 $,40.6392,-73.7639,3,"New York/JF Kennedy Intl, NY, US",SCT,"[{'cover': 'FEW', 'base': 15000}, {'cover': 'SCT', 'base': 25000}]",VFR,,,,,,,,,,,,2026-08-30 04:51:00+00:00,2026-08-30 04:54:17.672000+00:00,20.6,True,20.6
KJFK,2026-08-30T05:54:12.885Z,1788069060,2026-08-30T06:00:00.000Z,20.6,16.7,260,9,,10+,1023.1,1022.9,12,METAR,METAR KJFK 300551Z 26009KT 10SM FEW150 SCT250 21/17 A3021 RMK AO2 SLP229 T02060167 10217 20200 52003 $,40.6392,-73.7639,3,"New York/JF Kennedy Intl, NY, US",SCT,"[{'cover': 'FEW', 'base': 15000}, {'cover': 'SCT', 'base': 25000}]",VFR,0.3,21.7,20.0,,,,,,,,,2026-08-30 05:51:00+00:00,2026-08-30 05:54:12.885000+00:00,20.6,True,20.6
KJFK,2026-08-30T06:54:08.203Z,1788072660,2026-08-30T07:00:00.000Z,20.0,16.7,240,9,,10+,1023.1,1023.1,12,METAR,METAR KJFK 300651Z 24009KT 10SM FEW150 SCT250 20/17 A3021 RMK AO2 SLP231 T02000167 $,40.6392,-73.7639,3,"New York/JF Kennedy Intl, NY, US",SCT,"[{'cover': 'FEW', 'base': 15000}, {'cover': 'SCT', 'base': 25000}]",VFR,,,,,,,,,,,,2026-08-30 06:51:00+00:00,2026-08-30 06:54:08.203000+00:00,20.0,True,20.0
KJFK,2026-08-30T07:54:13.760Z,1788076260,2026-08-30T08:00:00.000Z,20.0,17.2,250,9,,10+,1023.1,1023.0,12,METAR,METAR KJFK 300751Z 25009KT 10SM FEW150 SCT250 20/17 A3021 RMK AO2 SLP230 T02000172 $,40.6392,-73.7639,3,"New York/JF Kennedy Intl, NY, US",SCT,"[{'cover': 'FEW', 'base': 15000}, {'cover': 'SCT', 'base': 25000}]",VFR,,,,,,,,,,,,2026-08-30 07:51:00+00:00,2026-08-30 07:54:13.760000+00:00,20.0,True,20.0
KJFK,2026-08-30T08:54:09.540Z,1788079860,2026-08-30T09:00:00.000Z,19.4,17.2,260,5,,10+,1022.8,1022.5,12,METAR,METAR KJFK 300851Z 26005KT 10SM FEW150 SCT250 19/17 A3020 RMK AO2 SLP225 T01940172 58004 $,40.6392,-73.7639,3,"New York/JF Kennedy Intl, NY, US",SCT,"[{'cover': 'FEW', 'base': 15000}, {'cover': 'SCT', 'base': 25000}]",VFR,-0.4,,,,,,,,,,,2026-08-30 08:51:00+00:00,2026-08-30 08:54:09.540000+00:00,19.4,True,19.4
KJFK,2026-08-30T09:54:08.279Z,1788083460,2026-08-30T10:00:00.000Z,19.4,16.1,250,6,,10+,1022.8,1022.5,12,METAR,METAR KJFK 300951Z 25006KT 10SM SCT150 BKN250 19/16 A3020 RMK AO2 SLP225 T01940161 $,40.6392,-73.7639,3,"New York/JF Kennedy Intl, NY, US",BKN,"[{'cover': 'SCT', 'base': 15000}, {'cover': 'BKN', 'base': 25000}]",VFR,,,,,,,,,,,,2026-08-30 09:51:00+00:00,2026-08-30 09:54:08.279000+00:00,19.4,True,19.4
KJFK,2026-08-30T10:54:08.264Z,1788087060,2026-08-30T11:00:00.000Z,19.4,15.6,260,5,,10+,1022.8,1022.7,12,METAR,METAR KJFK 301051Z 26005KT 10SM FEW150 SCT190 BKN220 19/16 A3020 RMK AO2 SLP227 T01940156 $,40.6392,-73.7639,3,"New York/JF Kennedy Intl, NY, US",BKN,"[{'cover': 'FEW', 'base': 15000}, {'cover': 'SCT', 'base': 19000}, {'cover': 'BKN', 'base': 22000}]",VFR,,,,,,,,,,,,2026-08-30 10:51:00+00:00,2026-08-30 10:54:08.264000+00:00,19.4,True,19.4
KJFK,2026-08-30T11:58:25.887Z,1788090660,2026-08-30T12:00:00.000Z,21.1,16.7,230,7,,10+,1023.1,1022.8,8,METAR,METAR KJFK 301151Z 23007KT 10SM FEW150 BKN200 BKN250 21/17 A3021 RMK SLP228 T02110167 10211 20189 53003 $,40.6392,-73.7639,3,"New York/JF Kennedy Intl, NY, US",BKN,"[{'cover': 'FEW', 'base': 15000}, {'cover': 'BKN', 'base': 20000}, {'cover': 'BKN', 'base': 25000}]",VFR,0.3,21.1,18.9,,,,,,,,,2026-08-30 11:51:00+00:00,2026-08-30 11:58:25.887000+00:00,21.1,True,21.1
KJFK,2026-08-30T12:54:10.305Z,1788094260,2026-08-30T13:00:00.000Z,22.2,15.0,240,7,,10+,1022.8,1022.7,8,METAR,METAR KJFK 301251Z 24007KT 10SM FEW070 FEW150 SCT200 BKN250 22/15 A3020 RMK SLP227 T02220150 $,40.6392,-73.7639,3,"New York/JF Kennedy Intl, NY, US",BKN,"[{'cover': 'FEW', 'base': 7000}, {'cover': 'FEW', 'base': 15000}, {'cover': 'SCT', 'base': 20000}, {'cover': 'BKN', 'base': 25000}]",VFR,,,,,,,,,,,,2026-08-30 12:51:00+00:00,2026-08-30 12:54:10.305000+00:00,22.2,True,22.2
KJFK,2026-08-30T13:54:08.773Z,1788097860,2026-08-30T14:00:00.000Z,23.3,15.6,240,9,,10+,1022.4,1022.4,8,METAR,METAR KJFK 301351Z 24009KT 10SM FEW080 FEW200 BKN250 23/16 A3019 RMK SLP224 T02330156 $,40.6392,-73.7639,3,"New York/JF Kennedy Intl, NY, US",BKN,"[{'cover': 'FEW', 'base': 8000}, {'cover': 'FEW', 'base': 20000}, {'cover': 'BKN', 'base': 25000}]",VFR,,,,,,,,,,,,2026-08-30 13:51:00+00:00,2026-08-30 13:54:08.773000+00:00,23.3,True,23.3
KJFK,2026-08-30T14:54:12.517Z,1788101460,2026-08-30T15:00:00.000Z,24.4,16.7,210,10,,10+,1022.1,1022.0,8,METAR,METAR KJFK 301451Z 21010KT 10SM SCT050 SCT080 BKN200 BKN250 24/17 A3018 RMK SLP220 T02440167 58008 $,40.6392,-73.7639,3,"New York/JF Kennedy Intl, NY, US",BKN,"[{'cover': 'SCT', 'base': 5000}, {'cover': 'SCT', 'base': 8000}, {'cover': 'BKN', 'base': 20000}, {'cover': 'BKN', 'base': 25000}]",VFR,-0.8,,,,,,,,,,,2026-08-30 14:51:00+00:00,2026-08-30 14:54:12.517000+00:00,24.4,True,24.4
KJFK,2026-08-30T15:58:05.639Z,1788105060,2026-08-30T16:00:00.000Z,25.0,18.3,240,9,,10+,1021.4,1021.2,8,METAR,METAR KJFK 301551Z 24009KT 10SM SCT050 BKN080 BKN200 BKN250 25/18 A3016 RMK SLP212 T02500183 $,40.6392,-73.7639,3,"New York/JF Kennedy Intl, NY, US",BKN,"[{'cover': 'SCT', 'base': 5000}, {'cover': 'BKN', 'base': 8000}, {'cover': 'BKN', 'base': 20000}, {'cover': 'BKN', 'base': 25000}]",VFR,,,,,,,,,,,,2026-08-30 15:51:00+00:00,2026-08-30 15:58:05.639000+00:00,25.0,True,25.0
KJFK,2026-08-30T16:54:10.087Z,1788108660,2026-08-30T17:00:00.000Z,25.0,18.3,240,9,,10+,1021.1,1020.9,8,METAR,METAR KJFK 301651Z 24009KT 10SM SCT036 BKN050 BKN080 BKN200 BKN250 25/18 A3015 RMK SLP209 T02500183 $,40.6392,-73.7639,3,"New York/JF Kennedy Intl, NY, US",BKN,"[{'cover': 'SCT', 'base': 3600}, {'cover': 'BKN', 'base': 5000}, {'cover': 'BKN', 'base': 8000}, {'cover': 'BKN', 'base': 20000}]",VFR,,,,,,,,,,,,2026-08-30 16:51:00+00:00,2026-08-30 16:54:10.087000+00:00,25.0,True,25.0
KJFK,2026-08-30T17:54:08.233Z,1788112260,2026-08-30T18:00:00.000Z,25.6,18.3,180,7,,10+,1020.4,1020.4,8,METAR,METAR KJFK 301751Z 18007KT 10SM BKN030 BKN041 BKN060 BKN200 BKN250 26/18 A3013 RMK SLP204 T02560183 10256 20211 56016 $,40.6392,-73.7639,3,"New York/JF Kennedy Intl, NY, US",BKN,"[{'cover': 'BKN', 'base': 3000}, {'cover': 'BKN', 'base': 4100}, {'cover': 'BKN', 'base': 6000}, {'cover': 'BKN', 'base': 20000}]",MVFR,-1.6,25.6,21.1,,,,,,,,,2026-08-30 17:51:00+00:00,2026-08-30 17:54:08.233000+00:00,25.6,True,25.6
KJFK,2026-08-30T19:00:12.646Z,1788115860,2026-08-30T19:00:00.000Z,24.4,20.0,190,8,,10+,1020.1,1021.9,8,METAR,METAR KJFK 301851Z 19008KT 10SM OVC035 24/20 A3012 RMK SLP2198 T02440200 $,40.6392,-73.7639,3,"New York/JF Kennedy Intl, NY, US",OVC,"[{'cover': 'OVC', 'base': 3500}]",VFR,,,,,,,,,,,,2026-08-30 18:51:00+00:00,2026-08-30 19:00:12.646000+00:00,24.4,True,24.4
KJFK,2026-08-30T20:02:46.847Z,1788119460,2026-08-30T20:00:00.000Z,25.0,20.6,190,11,,10+,1019.0,1018.8,8,METAR,METAR KJFK 301951Z 19011KT 10SM BKN035 BKN046 BKN250 25/21 A3009 RMK RAB09E19 SLP188 P0000 T02500206 $,40.6392,-73.7639,3,"New York/JF Kennedy Intl, NY, US",BKN,"[{'cover': 'BKN', 'base': 3500}, {'cover': 'BKN', 'base': 4600}, {'cover': 'BKN', 'base': 25000}]",VFR,,,,,,,0.005,,,,,2026-08-30 19:51:00+00:00,2026-08-30 20:02:46.847000+00:00,25.0,True,25.0
KJFK,2026-08-30T20:54:08.076Z,1788123060,2026-08-30T21:00:00.000Z,25.6,21.1,190,10,,10+,1018.4,1018.3,8,METAR,METAR KJFK 302051Z 19010KT 10SM BKN037 BKN045 BKN250 26/21 A3007 RMK SLP183 TCU DSNT S 60000 T02560211 56020 $,40.6392,-73.7639,3,"New York/JF Kennedy Intl, NY, US",BKN,"[{'cover': 'BKN', 'base': 3700}, {'cover': 'BKN', 'base': 4500}, {'cover': 'BKN', 'base': 25000}]",VFR,-2.0,,,,,,,0.005,,,,2026-08-30 20:51:00+00:00,2026-08-30 20:54:08.076000+00:00,25.6,True,25.6
KJFK,2026-08-30T22:00:21.196Z,1788126660,2026-08-30T22:00:00.000Z,24.4,21.1,190,8,,10+,1018.4,1018.1,8,METAR,METAR KJFK 302151Z 19008KT 10SM SCT035 BKN047 BKN250 24/21 A3007 RMK SLP181 T02440211 $,40.6392,-73.7639,3,"New York/JF Kennedy Intl, NY, US",BKN,"[{'cover': 'SCT', 'base': 3500}, {'cover': 'BKN', 'base': 4700}, {'cover': 'BKN', 'base': 25000}]",VFR,,,,,,,,,,,,2026-08-30 21:51:00+00:00,2026-08-30 22:00:21.196000+00:00,24.4,True,24.4
KJFK,2026-08-30T22:54:10.438Z,1788130260,2026-08-30T23:00:00.000Z,24.4,21.1,190,6,,10+,1018.0,1017.9,8,METAR,METAR KJFK 302251Z 19006KT 10SM FEW033 BKN045 BKN070 BKN130 BKN250 24/21 A3006 RMK SLP179 T02440211 $,40.6392,-73.7639,3,"New York/JF Kennedy Intl, NY, US",BKN,"[{'cover': 'FEW', 'base': 3300}, {'cover': 'BKN', 'base': 4500}, {'cover': 'BKN', 'base': 7000}, {'cover': 'BKN', 'base': 13000}]",VFR,,,,,,,,,,,,2026-08-30 22:51:00+00:00,2026-08-30 22:54:10.438000+00:00,24.4,True,24.4
KJFK,2026-08-31T00:02:20.049Z,1788133860,2026-08-31T00:00:00.000Z,23.9,21.7,200,7,,10+,1018.0,1018.0,8,METAR,METAR KJFK 302351Z 20007KT 10SM FEW033 BKN070 OVC110 24/22 A3006 RMK SLP180 60000 T02390217 10256 20239 55003 $,40.6392,-73.7639,3,"New York/JF Kennedy Intl, NY, US",OVC,"[{'cover': 'FEW', 'base': 3300}, {'cover': 'BKN', 'base': 7000}, {'cover': 'OVC', 'base': 11000}]",VFR,-0.3,25.6,23.9,,,0.005,,,,,,2026-08-30 23:51:00+00:00,2026-08-31 00:02:20.049000+00:00,23.9,True,23.9
KJFK,2026-08-31T00:56:33.662Z,1788137460,2026-08-31T01:00:00.000Z,23.9,21.7,210,5,,10+,1018.7,1018.6,8,METAR,METAR KJFK 310051Z 21005KT 10SM -RA FEW033 OVC095 24/22 A3008 RMK RAB20 SLP186 P0000 T02390217 $,40.6392,-73.7639,3,"New York/JF Kennedy Intl, NY, US",OVC,"[{'cover': 'FEW', 'base': 3300}, {'cover': 'OVC', 'base': 9500}]",VFR,,,,,,,0.005,,-RA,,,2026-08-31 00:51:00+00:00,2026-08-31 00:56:33.662000+00:00,23.9,True,23.9
KJFK,2026-08-31T01:54:16.485Z,1788141060,2026-08-31T02:00:00.000Z,25.6,20.6,290,5,,10+,1019.0,1018.9,8,METAR,METAR KJFK 310151Z 29005KT 10SM SCT043 OVC100 26/21 A3009 RMK RAE32 SLP189 P0000 T02560206 $,40.6392,-73.7639,3,"New York/JF Kennedy Intl, NY, US",OVC,"[{'cover': 'SCT', 'base': 4300}, {'cover': 'OVC', 'base': 10000}]",VFR,,,,,,,0.005,,,,,2026-08-31 01:51:00+00:00,2026-08-31 01:54:16.485000+00:00,25.6,True,25.6
KJFK,2026-08-31T02:52:10.484Z,1788144660,2026-08-31T03:00:00.000Z,24.4,21.1,310,7,,10+,1019.0,1018.7,8,METAR,METAR KJFK 310251Z 31007KT 10SM FEW042 BKN080 OVC110 24/21 A3009 RMK RAB0156E39 SLP187 P0002 60002 T02440211 55003 $,40.6392,-73.7639,3,"New York/JF Kennedy Intl, NY, US",OVC,"[{'cover': 'FEW', 'base': 4200}, {'cover': 'BKN', 'base': 8000}, {'cover': 'OVC', 'base': 11000}]",VFR,-0.3,,,,,,0.02,0.02,,,,2026-08-31 02:51:00+00:00,2026-08-31 02:52:10.484000+00:00,24.4,True,24.4
KJFK,2026-08-31T03:54:09.359Z,1788148260,2026-08-31T04:00:00.000Z,24.4,20.0,310,8,,10+,1018.7,1018.5,8,METAR,METAR KJFK 310351Z 31008KT 10SM FEW045 SCT095 OVC110 24/20 A3008 RMK SLP185 T02440200 $,40.6392,-73.7639,3,"New York/JF Kennedy Intl, NY, US",OVC,"[{'cover': 'FEW', 'base': 4500}, {'cover': 'SCT', 'base': 9500}, {'cover': 'OVC', 'base': 11000}]",VFR,,,,,,,,,,,,2026-08-31 03:51:00+00:00,2026-08-31 03:54:09.359000+00:00,24.4,True,24.4
KJFK,2026-08-31T04:58:19.922Z,1788151860,2026-08-31T05:00:00.000Z,23.9,19.4,330,5,,10+,1019.0,1018.8,8,METAR,METAR KJFK 310451Z 33005KT 10SM FEW025 BKN055 BKN110 24/19 A3009 RMK SLP188 T02390194 402560189 $,40.6392,-73.7639,3,"New York/JF Kennedy Intl, NY, US",BKN,"[{'cover': 'FEW', 'base': 2500}, {'cover': 'BKN', 'base': 5500}, {'cover': 'BKN', 'base': 11000}]",VFR,,,,25.6,18.9,,,,,,,2026-08-31 04:51:00+00:00,2026-08-31 04:58:19.922000+00:00,23.9,True,23.9
KJFK,2026-08-31T05:54:11.046Z,1788155460,2026-08-31T06:00:00.000Z,23.3,17.8,330,7,,10+,1019.0,1018.8,8,METAR,METAR KJFK 310551Z 33007KT 10SM FEW046 BKN065 BKN120 23/18 A3009 RMK SLP188 60002 T02330178 10256 20233 50007 $,40.6392,-73.7639,3,"New York/JF Kennedy Intl, NY, US",BKN,"[{'cover': 'FEW', 'base': 4600}, {'cover': 'BKN', 'base': 6500}, {'cover': 'BKN', 'base': 12000}]",VFR,0.7,25.6,23.3,,,0.02,,,,,,2026-08-31 05:51:00+00:00,2026-08-31 05:54:11.046000+00:00,23.3,True,23.3
KJFK,2026-08-31T06:52:09.196Z,1788159060,2026-08-31T07:00:00.000Z,22.8,17.8,0,0,,10+,1019.0,1018.9,8,METAR,METAR KJFK 310651Z 00000KT 10SM FEW044 BKN060 BKN250 23/18 A3009 RMK SLP189 T02280178 $,40.6392,-73.7639,3,"New York/JF Kennedy Intl, NY, US",BKN,"[{'cover': 'FEW', 'base': 4400}, {'cover': 'BKN', 'base': 6000}, {'cover': 'BKN', 'base': 25000}]",VFR,,,,,,,,,,,,2026-08-31 06:51:00+00:00,2026-08-31 06:52:09.196000+00:00,22.8,True,22.8
KJFK,2026-08-31T07:52:06.384Z,1788162660,2026-08-31T08:00:00.000Z,22.8,17.2,360,8,,10+,1018.7,1018.7,8,METAR,METAR KJFK 310751Z 36008KT 10SM BKN095 OVC120 23/17 A3008 RMK SLP187 T02280172 $,40.6392,-73.7639,3,"New York/JF Kennedy Intl, NY, US",OVC,"[{'cover': 'BKN', 'base': 9500}, {'cover': 'OVC', 'base': 12000}]",VFR,,,,,,,,,,,,2026-08-31 07:51:00+00:00,2026-08-31 07:52:06.384000+00:00,22.8,True,22.8
KJFK,2026-08-31T08:52:06.611Z,1788166260,2026-08-31T09:00:00.000Z,21.7,17.2,20,4,,10+,1018.7,1018.6,8,METAR,METAR KJFK 310851Z 02004KT 10SM FEW070 SCT080 OVC100 22/17 A3008 RMK SLP186 T02170172 53001 $,40.6392,-73.7639,3,"New York/JF Kennedy Intl, NY, US",OVC,"[{'cover': 'FEW', 'base': 7000}, {'cover': 'SCT', 'base': 8000}, {'cover': 'OVC', 'base': 10000}]",VFR,0.1,,,,,,,,,,,2026-08-31 08:51:00+00:00,2026-08-31 08:52:06.611000+00:00,21.7,True,21.7
KJFK,2026-08-31T09:52:06.807Z,1788169860,2026-08-31T10:00:00.000Z,21.7,17.8,30,5,,10+,1019.0,1018.9,8,METAR,METAR KJFK 310951Z 03005KT 10SM BKN065 BKN090 BKN250 22/18 A3009 RMK SLP189 T02170178 $,40.6392,-73.7639,3,"New York/JF Kennedy Intl, NY, US",BKN,"[{'cover': 'BKN', 'base': 6500}, {'cover': 'BKN', 'base': 9000}, {'cover': 'BKN', 'base': 25000}]",VFR,,,,,,,,,,,,2026-08-31 09:51:00+00:00,2026-08-31 09:52:06.807000+00:00,21.7,True,21.7
KJFK,2026-08-31T10:54:05.788Z,1788173460,2026-08-31T11:00:00.000Z,21.7,17.2,20,9,,10+,1019.7,1019.7,8,METAR,METAR KJFK 311051Z 02009KT 10SM BKN060 BKN095 BKN250 22/17 A3011 RMK SLP197 T02170172 $,40.6392,-73.7639,3,"New York/JF Kennedy Intl, NY, US",BKN,"[{'cover': 'BKN', 'base': 6000}, {'cover': 'BKN', 'base': 9500}, {'cover': 'BKN', 'base': 25000}]",VFR,,,,,,,,,,,,2026-08-31 10:51:00+00:00,2026-08-31 10:54:05.788000+00:00,21.7,True,21.7
KJFK,2026-08-31T11:54:08.250Z,1788177060,2026-08-31T12:00:00.000Z,21.7,16.7,50,7,,10+,1020.4,1020.1,8,METAR,METAR KJFK 311151Z 05007KT 10SM SCT070 BKN140 BKN250 22/17 A3013 RMK SLP201 70002 T02170167 10233 20217 53014 $,40.6392,-73.7639,3,"New York/JF Kennedy Intl, NY, US",BKN,"[{'cover': 'SCT', 'base': 7000}, {'cover': 'BKN', 'base': 14000}, {'cover': 'BKN', 'base': 25000}]",VFR,1.4,23.3,21.7,,,,,,,0.02,,2026-08-31 11:51:00+00:00,2026-08-31 11:54:08.250000+00:00,21.7,True,21.7
KJFK,2026-08-31T12:54:07.198Z,1788180660,2026-08-31T13:00:00.000Z,21.7,16.7,40,6,,10+,1020.4,1020.2,8,METAR,METAR KJFK 311251Z 04006KT 10SM FEW070 BKN130 BKN250 22/17 A3013 RMK SLP202 T02170167 $,40.6392,-73.7639,3,"New York/JF Kennedy Intl, NY, US",BKN,"[{'cover': 'FEW', 'base': 7000}, {'cover': 'BKN', 'base': 13000}, {'cover': 'BKN', 'base': 25000}]",VFR,,,,,,,,,,,,2026-08-31 12:51:00+00:00,2026-08-31 12:54:07.198000+00:00,21.7,True,21.7
KJFK,2026-08-31T14:00:45.203Z,1788184260,2026-08-31T14:00:00.000Z,22.2,16.7,30,5,,10+,1020.7,1020.4,0,METAR,METAR KJFK 311351Z 03005KT 10SM SCT060 BKN130 BKN250 22/17 A3014 RMK SLP204 T02220167,40.6392,-73.7639,3,"New York/JF Kennedy Intl, NY, US",BKN,"[{'cover': 'SCT', 'base': 6000}, {'cover': 'BKN', 'base': 13000}, {'cover': 'BKN', 'base': 25000}]",VFR,,,,,,,,,,,,2026-08-31 13:51:00+00:00,2026-08-31 14:00:45.203000+00:00,22.2,True,22.2
KJFK,2026-08-31T14:54:09.918Z,1788187860,2026-08-31T15:00:00.000Z,22.8,17.2,60,5,,10+,1020.7,1020.6,0,METAR,METAR KJFK 311451Z 06005KT 10SM FEW055 BKN130 BKN250 23/17 A3014 RMK SLP206 T02280172 52005,40.6392,-73.7639,3,"New York/JF Kennedy Intl, NY, US",BKN,"[{'cover': 'FEW', 'base': 5500}, {'cover': 'BKN', 'base': 13000}, {'cover': 'BKN', 'base': 25000}]",VFR,0.5,,,,,,,,,,,2026-08-31 14:51:00+00:00,2026-08-31 14:54:09.918000+00:00,22.8,True,22.8
KJFK,2026-08-31T15:54:11.136Z,1788191460,2026-08-31T16:00:00.000Z,23.9,17.2,130,5,,10+,1020.4,1020.4,8,METAR,METAR KJFK 311551Z 13005KT 10SM FEW055 BKN120 BKN250 24/17 A3013 RMK SLP204 T02390172 $,40.6392,-73.7639,3,"New York/JF Kennedy Intl, NY, US",BKN,"[{'cover': 'FEW', 'base': 5500}, {'cover': 'BKN', 'base': 12000}, {'cover': 'BKN', 'base': 25000}]",VFR,,,,,,,,,,,,2026-08-31 15:51:00+00:00,2026-08-31 15:54:11.136000+00:00,23.9,True,23.9
KJFK,2026-08-31T16:54:08.622Z,1788195060,2026-08-31T17:00:00.000Z,25.6,17.2,180,7,,10+,1020.4,1020.2,8,METAR,METAR KJFK 311651Z 18007KT 10SM SCT038 SCT120 BKN250 26/17 A3013 RMK SLP202 T02560172 $,40.6392,-73.7639,3,"New York/JF Kennedy Intl, NY, US",BKN,"[{'cover': 'SCT', 'base': 3800}, {'cover': 'SCT', 'base': 12000}, {'cover': 'BKN', 'base': 25000}]",VFR,,,,,,,,,,,,2026-08-31 16:51:00+00:00,2026-08-31 16:54:08.622000+00:00,25.6,True,25.6
KJFK,2026-08-31T17:54:11.453Z,1788198660,2026-08-31T18:00:00.000Z,25.6,17.2,150,7,,10+,1020.1,1020.1,8,METAR,METAR KJFK 311751Z 15007KT 10SM FEW040 SCT095 SCT120 BKN250 26/17 A3012 RMK SLP201 T02560172 56005 $,40.6392,-73.7639,3,"New York/JF Kennedy Intl, NY, US",BKN,"[{'cover': 'FEW', 'base': 4000}, {'cover': 'SCT', 'base': 9500}, {'cover': 'SCT', 'base': 12000}, {'cover': 'BKN', 'base': 25000}]",VFR,-0.5,,,,,,,,,,,2026-08-31 17:51:00+00:00,2026-08-31 17:54:11.453000+00:00,25.6,True,25.6
KJFK,2026-08-31T18:56:26.431Z,1788202260,2026-08-31T19:00:00.000Z,25.0,17.8,160,10,,10+,1020.1,1020.0,8,METAR,METAR KJFK 311851Z 16010KT 10SM SCT040 SCT100 BKN160 BKN250 25/18 A3012 RMK SLP200 T02500178 $,40.6392,-73.7639,3,"New York/JF Kennedy Intl, NY, US",BKN,"[{'cover': 'SCT', 'base': 4000}, {'cover': 'SCT', 'base': 10000}, {'cover': 'BKN', 'base': 16000}, {'cover': 'BKN', 'base': 25000}]",VFR,,,,,,,,,,,,2026-08-31 18:51:00+00:00,2026-08-31 18:56:26.431000+00:00,25.0,True,25.0
KJFK,2026-08-31T19:57:01.900Z,1788205860,2026-08-31T20:00:00.000Z,23.3,17.8,160,8,,10+,1019.7,1019.7,8,METAR,METAR KJFK 311951Z 16008KT 10SM FEW040 SCT065 BKN100 BKN160 BKN250 23/18 A3011 RMK SLP197 T02330178 $,40.6392,-73.7639,3,"New York/JF Kennedy Intl, NY, US",BKN,"[{'cover': 'FEW', 'base': 4000}, {'cover': 'SCT', 'base': 6500}, {'cover': 'BKN', 'base': 10000}, {'cover': 'BKN', 'base': 16000}]",VFR,,,,,,,,,,,,2026-08-31 19:51:00+00:00,2026-08-31 19:57:01.900000+00:00,23.3,True,23.3
KJFK,2026-08-31T20:58:16.176Z,1788209460,2026-08-31T21:00:00.000Z,22.8,18.3,170,7,,10+,1019.4,1019.1,8,METAR,METAR KJFK 312051Z 17007KT 10SM FEW045 SCT070 SCT090 BKN180 OVC250 23/18 A3010 RMK SLP191 T02280183 58010 $,40.6392,-73.7639,3,"New York/JF Kennedy Intl, NY, US",BKN,"[{'cover': 'FEW', 'base': 4500}, {'cover': 'SCT', 'base': 7000}, {'cover': 'SCT', 'base': 9000}, {'cover': 'BKN', 'base': 18000}]",VFR,-1.0,,,,,,,,,,,2026-08-31 20:51:00+00:00,2026-08-31 20:58:16.176000+00:00,22.8,True,22.8
KJFK,2026-08-31T21:56:29.637Z,1788213060,2026-08-31T22:00:00.000Z,22.8,18.3,160,6,,10+,1019.0,1018.8,8,METAR,METAR KJFK 312151Z 16006KT 10SM FEW030 SCT048 SCT080 BKN170 BKN250 23/18 A3009 RMK SLP188 T02280183 $,40.6392,-73.7639,3,"New York/JF Kennedy Intl, NY, US",BKN,"[{'cover': 'FEW', 'base': 3000}, {'cover': 'SCT', 'base': 4800}, {'cover': 'SCT', 'base': 8000}, {'cover': 'BKN', 'base': 17000}]",VFR,,,,,,,,,,,,2026-08-31 21:51:00+00:00,2026-08-31 21:56:29.637000+00:00,22.8,True,22.8
KJFK,2026-08-31T22:56:32.968Z,1788216660,2026-08-31T23:00:00.000Z,22.2,18.3,150,4,,10+,1018.7,1018.6,8,METAR,METAR KJFK 312251Z 15004KT 10SM FEW030 FEW048 SCT070 BKN170 BKN250 22/18 A3008 RMK SLP186 T02220183 $,40.6392,-73.7639,3,"New York/JF Kennedy Intl, NY, US",BKN,"[{'cover': 'FEW', 'base': 3000}, {'cover': 'FEW', 'base': 4800}, {'cover': 'SCT', 'base': 7000}, {'cover': 'BKN', 'base': 17000}]",VFR,,,,,,,,,,,,2026-08-31 22:51:00+00:00,2026-08-31 22:56:32.968000+00:00,22.2,True,22.2
KJFK,2026-08-31T23:56:09.253Z,1788220260,2026-09-01T00:00:00.000Z,22.2,18.9,140,6,,10+,1018.7,1018.5,8,METAR,METAR KJFK 312351Z 14006KT 10SM FEW030 BKN065 BKN170 BKN250 22/19 A3008 RMK SLP185 T02220189 56006 $,40.6392,-73.7639,3,"New York/JF Kennedy Intl, NY, US",BKN,"[{'cover': 'FEW', 'base': 3000}, {'cover': 'BKN', 'base': 6500}, {'cover': 'BKN', 'base': 17000}, {'cover': 'BKN', 'base': 25000}]",VFR,-0.6,,,,,,,,,,,2026-08-31 23:51:00+00:00,2026-08-31 23:56:09.253000+00:00,22.2,True,22.2
KJFK,2026-09-01T00:56:35.531Z,1788223860,2026-09-01T01:00:00.000Z,22.2,18.9,150,7,,10+,1018.7,1018.5,8,METAR,METAR KJFK 010051Z 15007KT 10SM FEW030 OVC065 22/19 A3008 RMK SLP185 T02220189 $,40.6392,-73.7639,3,"New York/JF Kennedy Intl, NY, US",OVC,"[{'cover': 'FEW', 'base': 3000}, {'cover': 'OVC', 'base': 6500}]",VFR,,,,,,,,,,,,2026-09-01 00:51:00+00:00,2026-09-01 00:56:35.531000+00:00,22.2,True,22.2
KJFK,2026-09-01T01:56:18.905Z,1788227460,2026-09-01T02:00:00.000Z,22.2,18.9,160,5,,10+,1018.7,1018.6,8,METAR,METAR KJFK 010151Z 16005KT 10SM OVC050 22/19 A3008 RMK SLP186 T02220189 $,40.6392,-73.7639,3,"New York/JF Kennedy Intl, NY, US",OVC,"[{'cover': 'OVC', 'base': 5000}]",VFR,,,,,,,,,,,,2026-09-01 01:51:00+00:00,2026-09-01 01:56:18.905000+00:00,22.2,True,22.2
KJFK,2026-09-01T02:56:21.637Z,1788231060,2026-09-01T03:00:00.000Z,22.2,18.9,170,5,,10+,1018.7,1018.4,8,METAR,METAR KJFK 010251Z 17005KT 10SM BKN047 OVC060 22/19 A3008 RMK SLP184 T02220189 58000 $,40.6392,-73.7639,3,"New York/JF Kennedy Intl, NY, US",OVC,"[{'cover': 'BKN', 'base': 4700}, {'cover': 'OVC', 'base': 6000}]",VFR,,,,,,,,,,,,2026-09-01 02:51:00+00:00,2026-09-01 02:56:21.637000+00:00,22.2,True,22.2
KJFK,2026-09-01T03:54:10.430Z,1788234660,2026-09-01T04:00:00.000Z,22.2,19.4,170,6,,10+,1018.0,1017.9,8,METAR,METAR KJFK 010351Z 17006KT 10SM SCT045 BKN065 OVC095 22/19 A3006 RMK SLP179 T02220194 $,40.6392,-73.7639,3,"New York/JF Kennedy Intl, NY, US",OVC,"[{'cover': 'SCT', 'base': 4500}, {'cover': 'BKN', 'base': 6500}, {'cover': 'OVC', 'base': 9500}]",VFR,,,,,,,,,,,,2026-09-01 03:51:00+00:00,2026-09-01 03:54:10.430000+00:00,22.2,True,22.2
KJFK,2026-09-01T04:54:06.895Z,1788238260,2026-09-01T05:00:00.000Z,22.2,20.0,180,7,,10+,1018.0,1017.7,8,METAR,METAR KJFK 010451Z 18007KT 10SM BKN043 OVC050 22/20 A3006 RMK SLP177 T02220200 402560217 $,40.6392,-73.7639,3,"New York/JF Kennedy Intl, NY, US",OVC,"[{'cover': 'BKN', 'base': 4300}, {'cover': 'OVC', 'base': 5000}]",VFR,,,,25.6,21.7,,,,,,,2026-09-01 04:51:00+00:00,2026-09-01 04:54:06.895000+00:00,22.2,True,22.2
KJFK,2026-09-01T05:10:06.085Z,1788239100,2026-09-01T05:05:00.000Z,22.2,20.0,200,8,,10+,1017.7,,8,SPECI,SPECI KJFK 010505Z 20008KT 10SM -RA BKN024 BKN040 OVC060 22/20 A3005 RMK RAB03 P0000 T02220200 $,40.6392,-73.7639,3,"New York/JF Kennedy Intl, NY, US",OVC,"[{'cover': 'BKN', 'base': 2400}, {'cover': 'BKN', 'base': 4000}, {'cover': 'OVC', 'base': 6000}]",MVFR,,,,,,,0.005,,-RA,,,2026-09-01 05:05:00+00:00,2026-09-01 05:10:06.085000+00:00,22.2,True,22.2
KJFK,2026-09-01T05:54:03.784Z,1788241860,2026-09-01T06:00:00.000Z,22.2,20.0,200,6,,9,1017.7,1017.4,8,METAR,METAR KJFK 010551Z 20006KT 9SM -RA OVC023 22/20 A3005 RMK RAB03E18B35 SLP174 P0000 60000 T02220200 10222 20222 58000 $,40.6392,-73.7639,3,"New York/JF Kennedy Intl, NY, US",OVC,"[{'cover': 'OVC', 'base': 2300}]",MVFR,,22.2,22.2,,,0.005,0.005,,-RA,,,2026-09-01 05:51:00+00:00,2026-09-01 05:54:03.784000+00:00,22.2,True,22.2
KJFK,2026-09-01T06:52:09.008Z,1788245460,2026-09-01T07:00:00.000Z,22.2,20.0,190,6,,10+,1017.0,1016.8,8,METAR,METAR KJFK 010651Z 19006KT 10SM SCT016 OVC020 22/20 A3003 RMK RAE10 SLP168 P0001 T02220200 $,40.6392,-73.7639,3,"New York/JF Kennedy Intl, NY, US",OVC,"[{'cover': 'SCT', 'base': 1600}, {'cover': 'OVC', 'base': 2000}]",MVFR,,,,,,,0.01,,,,,2026-09-01 06:51:00+00:00,2026-09-01 06:52:09.008000+00:00,22.2,True,22.2
KJFK,2026-09-01T07:54:10.325Z,1788249060,2026-09-01T08:00:00.000Z,22.2,21.1,210,3,,10+,1016.7,1016.5,8,METAR,METAR KJFK 010751Z 21003KT 10SM OVC010 22/21 A3002 RMK RAB18E41 SLP165 P0001 T02220211 $,40.6392,-73.7639,3,"New York/JF Kennedy Intl, NY, US",OVC,"[{'cover': 'OVC', 'base': 1000}]",MVFR,,,,,,,0.01,,,,,2026-09-01 07:51:00+00:00,2026-09-01 07:54:10.325000+00:00,22.2,True,22.2
KJFK,2026-09-01T08:54:05.624Z,1788252660,2026-09-01T09:00:00.000Z,22.2,21.1,220,5,,9,1016.3,1016.3,8,METAR,METAR KJFK 010851Z 22005KT 9SM -RA OVC010 22/21 A3001 RMK RAB16 SLP163 P0001 T02220211 $,40.6392,-73.7639,3,"New York/JF Kennedy Intl, NY, US",OVC,"[{'cover': 'OVC', 'base': 1000}]",MVFR,,,,,,,0.01,,-RA,,,2026-09-01 08:51:00+00:00,2026-09-01 08:54:05.624000+00:00,22.2,True,22.2
KJFK,2026-09-01T09:54:05.661Z,1788256260,2026-09-01T10:00:00.000Z,22.8,21.1,190,4,,10+,1016.0,1015.8,8,METAR,METAR KJFK 010951Z 19004KT 10SM OVC009 23/21 A3000 RMK RAE0853 SLP158 P0000 T02280211 $,40.6392,-73.7639,3,"New York/JF Kennedy Intl, NY, US",OVC,"[{'cover': 'OVC', 'base': 900}]",IFR,,,,,,,0.005,,,,,2026-09-01 09:51:00+00:00,2026-09-01 09:54:05.661000+00:00,22.8,True,22.8
KJFK,2026-09-01T10:54:13.708Z,1788259860,2026-09-01T11:00:00.000Z,22.2,21.7,240,6,,6,1016.3,1016.2,8,METAR,METAR KJFK 011051Z 24006KT 6SM BR BKN011 BKN080 BKN220 22/22 A3001 RMK SLP162 CIG 009V013 T02220217 $,40.6392,-73.7639,3,"New York/JF Kennedy Intl, NY, US",BKN,"[{'cover': 'BKN', 'base': 1100}, {'cover': 'BKN', 'base': 8000}, {'cover': 'BKN', 'base': 22000}]",MVFR,,,,,,,,,BR,,,2026-09-01 10:51:00+00:00,2026-09-01 10:54:13.708000+00:00,22.2,True,22.2
KJFK,2026-09-01T11:56:16.441Z,1788263460,2026-09-01T12:00:00.000Z,22.8,21.7,210,5,,5,1016.3,1016.0,8,METAR,METAR KJFK 011151Z 21005KT 5SM -RA BR BKN010 BKN037 BKN080 BKN220 23/22 A3001 RMK RAB48 SLP160 BKN010 V SCT P0000 60004 70004 T02280217 10228 20217 56002 $,40.6392,-73.7639,3,"New York/JF Kennedy Intl, NY, US",BKN,"[{'cover': 'BKN', 'base': 1000}, {'cover': 'BKN', 'base': 3700}, {'cover': 'BKN', 'base': 8000}, {'cover': 'BKN', 'base': 22000}]",MVFR,-0.2,22.8,21.7,,,0.04,0.005,,-RA BR,0.04,,2026-09-01 11:51:00+00:00,2026-09-01 11:56:16.441000+00:00,22.8,True,22.8
KJFK,2026-09-01T12:56:32.203Z,1788267060,2026-09-01T13:00:00.000Z,23.3,22.2,200,6,,4,1016.0,1015.7,0,METAR,METAR KJFK 011251Z 20006KT 4SM BR SCT008 BKN034 BKN120 BKN190 23/22 A3000 RMK RAE26 SLP157 SCT V BKN P0001 T02330222,40.6392,-73.7639,3,"New York/JF Kennedy Intl, NY, US",BKN,"[{'cover': 'SCT', 'base': 800}, {'cover': 'BKN', 'base': 3400}, {'cover': 'BKN', 'base': 12000}, {'cover': 'BKN', 'base': 19000}]",MVFR,,,,,,,0.01,,BR,,,2026-09-01 12:51:00+00:00,2026-09-01 12:56:32.203000+00:00,23.3,True,23.3
KJFK,2026-09-01T13:28:03.687Z,1788269040,2026-09-01T13:24:00.000Z,23.3,22.2,210,4,,4,1016.3,,0,SPECI,SPECI KJFK 011324Z 21004KT 4SM BR BKN007 BKN100 BKN190 23/22 A3001 RMK T02330222,40.6392,-73.7639,3,"New York/JF Kennedy Intl, NY, US",BKN,"[{'cover': 'BKN', 'base': 700}, {'cover': 'BKN', 'base': 10000}, {'cover': 'BKN', 'base': 19000}]",IFR,,,,,,,,,BR,,,2026-09-01 13:24:00+00:00,2026-09-01 13:28:03.687000+00:00,23.3,True,23.3
KJFK,2026-09-01T13:54:05.669Z,1788270660,2026-09-01T14:00:00.000Z,23.3,22.2,250,4,,4,1016.0,1016.0,0,METAR,METAR KJFK 011351Z 25004KT 4SM BR BKN007 OVC120 23/22 A3000 RMK SLP160 T02330222,40.6392,-73.7639,3,"New York/JF Kennedy Intl, NY, US",OVC,"[{'cover': 'BKN', 'base': 700}, {'cover': 'OVC', 'base': 12000}]",IFR,,,,,,,,,BR,,,2026-09-01 13:51:00+00:00,2026-09-01 13:54:05.669000+00:00,23.3,True,23.3
KJFK,2026-09-01T14:56:25.767Z,1788274260,2026-09-01T15:00:00.000Z,23.9,22.2,0,0,,5,1016.3,1016.3,8,METAR,METAR KJFK 011451Z 00000KT 5SM BR BKN009 BKN047 OVC110 24/22 A3001 RMK SLP163 CIG 007V011 60001 T02390222 53003 $,40.6392,-73.7639,3,"New York/JF Kennedy Intl, NY, US",OVC,"[{'cover': 'BKN', 'base': 900}, {'cover': 'BKN', 'base': 4700}, {'cover': 'OVC', 'base': 11000}]",IFR,0.3,,,,,,,0.01,BR,,,2026-09-01 14:51:00+00:00,2026-09-01 14:56:25.767000+00:00,23.9,True,23.9
KJFK,2026-09-01T15:36:05.679Z,1788276660,2026-09-01T15:31:00.000Z,23.3,22.2,180,4,,4,1016.3,,8,SPECI,SPECI KJFK 011531Z 18004KT 4SM -RA BR FEW006 BKN013 BKN065 OVC140 23/22 A3001 RMK RAB1453E08B30 P0000 T02330222 $,40.6392,-73.7639,3,"New York/JF Kennedy Intl, NY, US",OVC,"[{'cover': 'FEW', 'base': 600}, {'cover': 'BKN', 'base': 1300}, {'cover': 'BKN', 'base': 6500}, {'cover': 'OVC', 'base': 14000}]",MVFR,,,,,,,0.005,,-RA BR,,,2026-09-01 15:31:00+00:00,2026-09-01 15:36:05.679000+00:00,23.3,True,23.3
KJFK,2026-09-01T15:54:09.508Z,1788277860,2026-09-01T16:00:00.000Z,23.3,22.2,190,3,,3,1016.3,1016.3,8,METAR,METAR KJFK 011551Z 19003KT 3SM -RA BR FEW006 BKN010 OVC120 23/22 A3001 RMK RAB1453E08B30 SLP163 P0002 T02330222 $,40.6392,-73.7639,3,"New York/JF Kennedy Intl, NY, US",OVC,"[{'cover': 'FEW', 'base': 600}, {'cover': 'BKN', 'base': 1000}, {'cover': 'OVC', 'base': 12000}]",MVFR,,,,,,,0.02,,-RA BR,,,2026-09-01 15:51:00+00:00,2026-09-01 15:54:09.508000+00:00,23.3,True,23.3
KJFK,2026-09-01T16:54:12.347Z,1788281460,2026-09-01T17:00:00.000Z,23.3,22.8,200,8,,3,1015.0,1014.9,8,METAR,METAR KJFK 011651Z 20008KT 3SM -RA BR FEW005 SCT023 BKN042 OVC130 23/23 A2997 RMK SLP149 P0003 T02330228 $,40.6392,-73.7639,3,"New York/JF Kennedy Intl, NY, US",OVC,"[{'cover': 'FEW', 'base': 500}, {'cover': 'SCT', 'base': 2300}, {'cover': 'BKN', 'base': 4200}, {'cover': 'OVC', 'base': 13000}]",MVFR,,,,,,,0.03,,-RA BR,,,2026-09-01 16:51:00+00:00,2026-09-01 16:54:12.347000+00:00,23.3,True,23.3
KJFK,2026-09-01T17:38:14.727Z,1788283920,2026-09-01T17:32:00.000Z,23.9,22.8,VRB,3,,4,1015.0,,8,SPECI,SPECI KJFK 011732Z VRB03KT 4SM BR BKN006 BKN045 BKN120 OVC180 24/23 A2997 RMK RAE1657 P0000 T02390228 $,40.6392,-73.7639,3,"New York/JF Kennedy Intl, NY, US",OVC,"[{'cover': 'BKN', 'base': 600}, {'cover': 'BKN', 'base': 4500}, {'cover': 'BKN', 'base': 12000}, {'cover': 'OVC', 'base': 18000}]",IFR,,,,,,,0.005,,BR,,,2026-09-01 17:32:00+00:00,2026-09-01 17:38:14.727000+00:00,23.9,True,23.9
KJFK,2026-09-01T17:56:17.753Z,1788285060,2026-09-01T18:00:00.000Z,23.9,22.8,170,8,,4,1014.3,1014.0,8,METAR,METAR KJFK 011751Z 17008KT 4SM BR SCT006 SCT047 BKN110 BKN200 24/23 A2995 RMK RAE1657 SLP140 P0000 60006 T02390228 10239 20228 58023 $,40.6392,-73.7639,3,"New York/JF Kennedy Intl, NY, US",BKN,"[{'cover': 'SCT', 'base': 600}, {'cover': 'SCT', 'base': 4700}, {'cover': 'BKN', 'base': 11000}, {'cover': 'BKN', 'base': 20000}]",MVFR,-2.3,23.9,22.8,,,0.06,0.005,,BR,,,2026-09-01 17:51:00+00:00,2026-09-01 17:56:17.753000+00:00,23.9,True,23.9
KJFK,2026-09-01T18:56:10.799Z,1788288660,2026-09-01T19:00:00.000Z,25.6,23.9,190,5,,7,1014.3,1014.2,8,METAR,METAR KJFK 011851Z 19005KT 7SM FEW009 SCT047 BKN085 BKN250 26/24 A2995 RMK SLP142 T02560239 PNO $,40.6392,-73.7639,3,"New York/JF Kennedy Intl, NY, US",BKN,"[{'cover': 'FEW', 'base': 900}, {'cover': 'SCT', 'base': 4700}, {'cover': 'BKN', 'base': 8500}, {'cover': 'BKN', 'base': 25000}]",VFR,,,,,,,,,,,,2026-09-01 18:51:00+00:00,2026-09-01 18:56:10.799000+00:00,25.6,True,25.6
KJFK,2026-09-01T19:56:23.125Z,1788292260,2026-09-01T20:00:00.000Z,26.7,23.9,110,4,,10+,1014.0,1014.0,8,METAR,METAR KJFK 011951Z 11004KT 10SM FEW010 SCT047 BKN085 BKN250 27/24 A2994 RMK SLP140 T02670239 $,40.6392,-73.7639,3,"New York/JF Kennedy Intl, NY, US",BKN,"[{'cover': 'FEW', 'base': 1000}, {'cover': 'SCT', 'base': 4700}, {'cover': 'BKN', 'base': 8500}, {'cover': 'BKN', 'base': 25000}]",VFR,,,,,,,,,,,,2026-09-01 19:51:00+00:00,2026-09-01 19:56:23.125000+00:00,26.7,True,26.7
KJFK,2026-09-01T20:58:14.695Z,1788295860,2026-09-01T21:00:00.000Z,26.1,23.3,150,8,,10+,1014.3,1014.1,8,METAR,METAR KJFK 012051Z 15008KT 10SM FEW010 SCT045 SCT085 BKN250 26/23 A2995 RMK SLP141 6//// T02610233 52001 $,40.6392,-73.7639,3,"New York/JF Kennedy Intl, NY, US",BKN,"[{'cover': 'FEW', 'base': 1000}, {'cover': 'SCT', 'base': 4500}, {'cover': 'SCT', 'base': 8500}, {'cover': 'BKN', 'base': 25000}]",VFR,0.1,,,,,,,,,,,2026-09-01 20:51:00+00:00,2026-09-01 20:58:14.695000+00:00,26.1,True,26.1
KJFK,2026-09-01T21:56:32.921Z,1788299460,2026-09-01T22:00:00.000Z,25.6,22.8,130,7,,9,1014.3,1014.1,8,METAR,METAR KJFK 012151Z 13007KT 9SM SCT035 SCT055 SCT085 BKN250 26/23 A2995 RMK SLP141 CB DSNT SE TCU DSNT N T02560228 $,40.6392,-73.7639,3,"New York/JF Kennedy Intl, NY, US",BKN,"[{'cover': 'SCT', 'base': 3500}, {'cover': 'SCT', 'base': 5500}, {'cover': 'SCT', 'base': 8500}, {'cover': 'BKN', 'base': 25000}]",VFR,,,,,,,,,,,,2026-09-01 21:51:00+00:00,2026-09-01 21:56:32.921000+00:00,25.6,True,25.6
KJFK,2026-09-01T22:42:13.955Z,1788302280,2026-09-01T22:38:00.000Z,25.0,22.2,120,7,,9,1014.3,,0,SPECI,SPECI KJFK 012238Z 12007KT 9SM TS SCT040CB SCT080 SCT120 BKN190 BKN250 25/22 A2995 RMK TSB38 OCNL LTGIC W-NW TS W-NW MOV SE CB DSNT N VCSH W-NW T02500222,40.6392,-73.7639,3,"New York/JF Kennedy Intl, NY, US",BKN,"[{'cover': 'SCT', 'base': 4000}, {'cover': 'SCT', 'base': 8000}, {'cover': 'SCT', 'base': 12000}, {'cover': 'BKN', 'base': 19000}]",VFR,,,,,,,,,TS,,,2026-09-01 22:38:00+00:00,2026-09-01 22:42:13.955000+00:00,25.0,True,25.0
KJFK,2026-09-01T22:58:10.178Z,1788303060,2026-09-01T23:00:00.000Z,24.4,22.2,140,6,,5,1014.6,1014.5,8,METAR,METAR KJFK 012251Z 14006KT 5SM -TSRA BR BKN035CB BKN075 BKN110 OVC190 24/22 A2996 RMK RAB46 TSB38 SLP145 OCNL LTGIC W-N TS W-N MOV SE P0000 T02440222 $,40.6392,-73.7639,3,"New York/JF Kennedy Intl, NY, US",OVC,"[{'cover': 'BKN', 'base': 3500}, {'cover': 'BKN', 'base': 7500}, {'cover': 'BKN', 'base': 11000}, {'cover': 'OVC', 'base': 19000}]",MVFR,,,,,,,0.005,,-TSRA BR,,,2026-09-01 22:51:00+00:00,2026-09-01 22:58:10.178000+00:00,24.4,True,24.4
KJFK,2026-09-01T23:40:09.194Z,1788305640,2026-09-01T23:34:00.000Z,23.3,22.2,100,6,,7,1014.6,,8,SPECI,SPECI KJFK 012334Z 10006KT 7SM SCT035 BKN060 BKN170 BKN220 23/22 A2996 RMK RAE33 TSE33 CB DSNT SW-NW P0026 T02330222 $,40.6392,-73.7639,3,"New York/JF Kennedy Intl, NY, US",BKN,"[{'cover': 'SCT', 'base': 3500}, {'cover': 'BKN', 'base': 6000}, {'cover': 'BKN', 'base': 17000}, {'cover': 'BKN', 'base': 22000}]",VFR,,,,,,,0.26,,,,,2026-09-01 23:34:00+00:00,2026-09-01 23:40:09.194000+00:00,23.3,True,23.3
KJFK,2026-09-01T23:56:23.911Z,1788306660,2026-09-02T00:00:00.000Z,23.9,22.2,70,4,,7,1015.0,1014.9,8,METAR,METAR KJFK 012351Z 07004KT 7SM -RA SCT035 BKN070 BKN120 BKN170 BKN230 24/22 A2997 RMK RAE33B49 TSE33 SLP149 OCNL LTGIC DSNT SE-SW CB DSNT SE-SW P0026 6//// T02390222 53008 $,40.6392,-73.7639,3,"New York/JF Kennedy Intl, NY, US",BKN,"[{'cover': 'SCT', 'base': 3500}, {'cover': 'BKN', 'base': 7000}, {'cover': 'BKN', 'base': 12000}, {'cover': 'BKN', 'base': 17000}]",VFR,0.8,,,,,,0.26,,-RA,,,2026-09-01 23:51:00+00:00,2026-09-01 23:56:23.911000+00:00,23.9,True,23.9
KJFK,2026-09-02T00:26:05.304Z,1788308520,2026-09-02T00:22:00.000Z,23.3,22.8,100,4,,7,1015.0,,8,SPECI,SPECI KJFK 020022Z 10004KT 7SM BKN013 BKN035 BKN080 OVC130 23/23 A2997 RMK RAE20 P0002 T02330228 $,40.6392,-73.7639,3,"New York/JF Kennedy Intl, NY, US",OVC,"[{'cover': 'BKN', 'base': 1300}, {'cover': 'BKN', 'base': 3500}, {'cover': 'BKN', 'base': 8000}, {'cover': 'OVC', 'base': 13000}]",MVFR,,,,,,,0.02,,,,,2026-09-02 00:22:00+00:00,2026-09-02 00:26:05.304000+00:00,23.3,True,23.3
KJFK,2026-09-02T00:48:03.843Z,1788309840,2026-09-02T00:44:00.000Z,23.9,22.8,30,10,,6,1015.3,,8,SPECI,SPECI KJFK 020044Z 03010KT 6SM BR OVC009 24/23 A2998 RMK RAE20 P0002 T02390228 $,40.6392,-73.7639,3,"New York/JF Kennedy Intl, NY, US",OVC,"[{'cover': 'OVC', 'base': 900}]",IFR,,,,,,,0.02,,BR,,,2026-09-02 00:44:00+00:00,2026-09-02 00:48:03.843000+00:00,23.9,True,23.9
KJFK,2026-09-02T00:56:29.169Z,1788310260,2026-09-02T01:00:00.000Z,23.3,22.2,30,9,,7,1015.3,1015.1,8,METAR,METAR KJFK 020051Z 03009KT 7SM OVC009 23/22 A2998 RMK RAE20 SLP151 P0002 T02330222 $,40.6392,-73.7639,3,"New York/JF Kennedy Intl, NY, US",OVC,"[{'cover': 'OVC', 'base': 900}]",IFR,,,,,,,0.02,,,,,2026-09-02 00:51:00+00:00,2026-09-02 00:56:29.169000+00:00,23.3,True,23.3
KJFK,2026-09-02T01:58:27.905Z,1788313860,2026-09-02T02:00:00.000Z,21.1,20.6,40,9,,8,1016.3,1016.2,8,METAR,METAR KJFK 020151Z 04009KT 8SM BKN006 OVC055 21/21 A3001 RMK SLP162 T02110206 $,40.6392,-73.7639,3,"New York/JF Kennedy Intl, NY, US",OVC,"[{'cover': 'BKN', 'base': 600}, {'cover': 'OVC', 'base': 5500}]",IFR,,,,,,,,,,,,2026-09-02 01:51:00+00:00,2026-09-02 01:58:27.905000+00:00,21.1,True,21.1
KJFK,2026-09-02T02:56:32.387Z,1788317460,2026-09-02T03:00:00.000Z,20.6,19.4,70,7,,5,1017.7,1017.5,8,METAR,METAR KJFK 020251Z 07007KT 5SM BR OVC006 21/19 A3005 RMK SLP175 60002 T02060194 53008 $,40.6392,-73.7639,3,"New York/JF Kennedy Intl, NY, US",OVC,"[{'cover': 'OVC', 'base': 600}]",IFR,0.8,,,,,,,0.02,BR,,,2026-09-02 02:51:00+00:00,2026-09-02 02:56:32.387000+00:00,20.6,True,20.6
KJFK,2026-09-02T03:54:15.724Z,1788321060,2026-09-02T04:00:00.000Z,20.0,18.3,70,9,,10+,1017.4,1017.3,8,METAR,METAR KJFK 020351Z 07009KT 10SM OVC009 20/18 A3004 RMK SLP173 T02000183 $,40.6392,-73.7639,3,"New York/JF Kennedy Intl, NY, US",OVC,"[{'cover': 'OVC', 'base': 900}]",IFR,,,,,,,,,,,,2026-09-02 03:51:00+00:00,2026-09-02 03:54:15.724000+00:00,20.0,True,20.0
KJFK,2026-09-02T04:54:10.463Z,1788324660,2026-09-02T05:00:00.000Z,20.0,18.3,50,8,,10+,1018.4,1018.3,8,METAR,METAR KJFK 020451Z 05008KT 10SM OVC009 20/18 A3007 RMK SLP183 T02000183 402670200 $,40.6392,-73.7639,3,"New York/JF Kennedy Intl, NY, US",OVC,"[{'cover': 'OVC', 'base': 900}]",IFR,,,,26.7,20.0,,,,,,,2026-09-02 04:51:00+00:00,2026-09-02 04:54:10.463000+00:00,20.0,True,20.0
KJFK,2026-09-02T05:52:07.792Z,1788328260,2026-09-02T06:00:00.000Z,19.4,18.3,50,7,,10+,1018.7,1018.5,8,METAR,METAR KJFK 020551Z 05007KT 10SM OVC008 19/18 A3008 RMK SLP185 60002 T01940183 10239 20194 53026 $,40.6392,-73.7639,3,"New York/JF Kennedy Intl, NY, US",OVC,"[{'cover': 'OVC', 'base': 800}]",IFR,2.6,23.9,19.4,,,0.02,,,,,,2026-09-02 05:51:00+00:00,2026-09-02 05:52:07.792000+00:00,19.4,True,19.4
KJFK,2026-09-02T06:54:14.135Z,1788331860,2026-09-02T07:00:00.000Z,19.4,18.3,30,7,,10+,1018.4,1018.2,12,METAR,METAR KJFK 020651Z 03007KT 10SM OVC007 19/18 A3007 RMK AO2 SLP182 T01940183 $,40.6392,-73.7639,3,"New York/JF Kennedy Intl, NY, US",OVC,"[{'cover': 'OVC', 'base': 700}]",IFR,,,,,,,,,,,,2026-09-02 06:51:00+00:00,2026-09-02 06:54:14.135000+00:00,19.4,True,19.4
KJFK,2026-09-02T07:54:08.197Z,1788335460,2026-09-02T08:00:00.000Z,19.4,17.8,20,4,,10+,1018.7,1018.6,12,METAR,METAR KJFK 020751Z 02004KT 10SM BKN008 OVC016 19/18 A3008 RMK AO2 SLP186 T01940178 $,40.6392,-73.7639,3,"New York/JF Kennedy Intl, NY, US",OVC,"[{'cover': 'BKN', 'base': 800}, {'cover': 'OVC', 'base': 1600}]",IFR,,,,,,,,,,,,2026-09-02 07:51:00+00:00,2026-09-02 07:54:08.197000+00:00,19.4,True,19.4
KJFK,2026-09-02T08:08:15.247Z,1788336240,2026-09-02T08:04:00.000Z,19.4,17.8,40,6,,10+,1018.7,,12,SPECI,SPECI KJFK 020804Z 04006KT 10SM SCT008 OVC011 19/18 A3008 RMK AO2 T01940178 $,40.6392,-73.7639,3,"New York/JF Kennedy Intl, NY, US",OVC,"[{'cover': 'SCT', 'base': 800}, {'cover': 'OVC', 'base': 1100}]",MVFR,,,,,,,,,,,,2026-09-02 08:04:00+00:00,2026-09-02 08:08:15.247000+00:00,19.4,True,19.4
KJFK,2026-09-02T08:54:18.074Z,1788339060,2026-09-02T09:00:00.000Z,20.0,18.3,40,7,,10+,1019.0,1018.9,12,METAR,METAR KJFK 020851Z 04007KT 10SM OVC011 20/18 A3009 RMK AO2 SLP189 T02000183 53005 $,40.6392,-73.7639,3,"New York/JF Kennedy Intl, NY, US",OVC,"[{'cover': 'OVC', 'base': 1100}]",MVFR,0.5,,,,,,,,,,,2026-09-02 08:51:00+00:00,2026-09-02 08:54:18.074000+00:00,20.0,True,20.0
KJFK,2026-09-02T09:54:12.684Z,1788342660,2026-09-02T10:00:00.000Z,19.4,18.9,50,6,,5,1019.4,1019.1,12,METAR,METAR KJFK 020951Z 05006KT 5SM -DZ BR BKN011 OVC024 19/19 A3010 RMK AO2 DZB20 SLP191 P0000 T01940189 $,40.6392,-73.7639,3,"New York/JF Kennedy Intl, NY, US",OVC,"[{'cover': 'BKN', 'base': 1100}, {'cover': 'OVC', 'base': 2400}]",MVFR,,,,,,,0.005,,-DZ BR,,,2026-09-02 09:51:00+00:00,2026-09-02 09:54:12.684000+00:00,19.4,True,19.4
KJFK,2026-09-02T10:04:39.395Z,1788343260,2026-09-02T10:01:00.000Z,19.4,18.9,50,7,,5,1019.4,,12,SPECI,SPECI KJFK 021001Z 05007KT 5SM -DZ BR BKN007 OVC014 19/19 A3010 RMK AO2 CIG 005V009 P0000 T01940189 $,40.6392,-73.7639,3,"New York/JF Kennedy Intl, NY, US",OVC,"[{'cover': 'BKN', 'base': 700}, {'cover': 'OVC', 'base': 1400}]",IFR,,,,,,,0.005,,-DZ BR,,,2026-09-02 10:01:00+00:00,2026-09-02 10:04:39.395000+00:00,19.4,True,19.4
KJFK,2026-09-02T10:54:08.018Z,1788346260,2026-09-02T11:00:00.000Z,18.9,17.8,50,10,,7,1020.1,1020.0,12,METAR,METAR KJFK 021051Z 05010KT 7SM -DZ OVC006 19/18 A3012 RMK AO2 SLP200 P0000 T01890178 $,40.6392,-73.7639,3,"New York/JF Kennedy Intl, NY, US",OVC,"[{'cover': 'OVC', 'base': 600}]",IFR,,,,,,,0.005,,-DZ,,,2026-09-02 10:51:00+00:00,2026-09-02 10:54:08.018000+00:00,18.9,True,18.9
KJFK,2026-09-02T11:54:06.973Z,1788349860,2026-09-02T12:00:00.000Z,19.4,16.7,50,8,,10+,1020.1,1020.0,12,METAR,METAR KJFK 021151Z 05008KT 10SM SCT007 BKN016 OVC027 19/17 A3012 RMK AO2 DZE17 SLP200 P0000 60000 70034 T01940167 10200 20189 51011 $,40.6392,-73.7639,3,"New York/JF Kennedy Intl, NY, US",OVC,"[{'cover': 'SCT', 'base': 700}, {'cover': 'BKN', 'base': 1600}, {'cover': 'OVC', 'base': 2700}]",MVFR,1.1,20.0,18.9,,,0.005,0.005,,,0.34,,2026-09-02 11:51:00+00:00,2026-09-02 11:54:06.973000+00:00,19.4,True,19.4
KJFK,2026-09-02T12:54:11.247Z,1788353460,2026-09-02T13:00:00.000Z,20.0,16.1,60,8,,10+,1020.4,1020.2,12,METAR,METAR KJFK 021251Z 06008KT 10SM SCT019 OVC027 20/16 A3013 RMK AO2 SLP202 T02000161 $,40.6392,-73.7639,3,"New York/JF Kennedy Intl, NY, US",OVC,"[{'cover': 'SCT', 'base': 1900}, {'cover': 'OVC', 'base': 2700}]",MVFR,,,,,,,,,,,,2026-09-02 12:51:00+00:00,2026-09-02 12:54:11.247000+00:00,20.0,True,20.0
KJFK,2026-09-02T13:42:09.686Z,1788356280,2026-09-02T13:38:00.000Z,20.6,15.6,60,5,,10+,1020.4,,12,SPECI,SPECI KJFK 021338Z 06005KT 10SM FEW016 OVC030 21/16 A3013 RMK AO2 T02060156 $,40.6392,-73.7639,3,"New York/JF Kennedy Intl, NY, US",OVC,"[{'cover': 'FEW', 'base': 1600}, {'cover': 'OVC', 'base': 3000}]",MVFR,,,,,,,,,,,,2026-09-02 13:38:00+00:00,2026-09-02 13:42:09.686000+00:00,20.6,True,20.6
KJFK,2026-09-02T13:54:07.489Z,1788357060,2026-09-02T14:00:00.000Z,20.6,15.6,70,6,,10+,1020.7,1020.7,12,METAR,METAR KJFK 021351Z 07006KT 10SM FEW016 OVC030 21/16 A3014 RMK AO2 SLP207 T02060156 $,40.6392,-73.7639,3,"New York/JF Kennedy Intl, NY, US",OVC,"[{'cover': 'FEW', 'base': 1600}, {'cover': 'OVC', 'base': 3000}]",MVFR,,,,,,,,,,,,2026-09-02 13:51:00+00:00,2026-09-02 13:54:07.489000+00:00,20.6,True,20.6
KJFK,2026-09-02T14:54:08.050Z,1788360660,2026-09-02T15:00:00.000Z,21.1,15.6,50,4,,10+,1021.1,1020.9,4,METAR,METAR KJFK 021451Z 05004KT 10SM SCT023 OVC031 21/16 A3015 RMK AO2 SLP209 T02110156 53009,40.6392,-73.7639,3,"New York/JF Kennedy Intl, NY, US",OVC,"[{'cover': 'SCT', 'base': 2300}, {'cover': 'OVC', 'base': 3100}]",VFR,0.9,,,,,,,,,,,2026-09-02 14:51:00+00:00,2026-09-02 14:54:08.050000+00:00,21.1,True,21.1
KJFK,2026-09-02T15:54:08.113Z,1788364260,2026-09-02T16:00:00.000Z,22.2,16.7,110,8,,10+,1020.7,1020.7,4,METAR,METAR KJFK 021551Z 11008KT 10SM FEW023 OVC032 22/17 A3014 RMK AO2 SLP207 T02220167,40.6392,-73.7639,3,"New York/JF Kennedy Intl, NY, US",OVC,"[{'cover': 'FEW', 'base': 2300}, {'cover': 'OVC', 'base': 3200}]",VFR,,,,,,,,,,,,2026-09-02 15:51:00+00:00,2026-09-02 15:54:08.113000+00:00,22.2,True,22.2
KJFK,2026-09-02T16:54:09.674Z,1788367860,2026-09-02T17:00:00.000Z,22.8,17.2,120,9,,10+,1020.7,1020.5,4,METAR,METAR KJFK 021651Z 12009KT 10SM FEW023 OVC034 23/17 A3014 RMK AO2 SLP205 T02280172,40.6392,-73.7639,3,"New York/JF Kennedy Intl, NY, US",OVC,"[{'cover': 'FEW', 'base': 2300}, {'cover': 'OVC', 'base': 3400}]",VFR,,,,,,,,,,,,2026-09-02 16:51:00+00:00,2026-09-02 16:54:09.674000+00:00,22.8,True,22.8
KJFK,2026-09-02T17:54:08.692Z,1788371460,2026-09-02T18:00:00.000Z,22.8,17.2,130,12,,10+,1020.4,1020.2,12,METAR,METAR KJFK 021751Z 13012KT 10SM FEW024 BKN039 OVC050 23/17 A3013 RMK AO2 SLP202 T02280172 10228 20194 58007 $,40.6392,-73.7639,3,"New York/JF Kennedy Intl, NY, US",OVC,"[{'cover': 'FEW', 'base': 2400}, {'cover': 'BKN', 'base': 3900}, {'cover': 'OVC', 'base': 5000}]",VFR,-0.7,22.8,19.4,,,,,,,,,2026-09-02 17:51:00+00:00,2026-09-02 17:54:08.692000+00:00,22.8,True,22.8
KJFK,2026-09-02T18:54:07.756Z,1788375060,2026-09-02T19:00:00.000Z,21.7,17.8,100,8,,10+,1020.1,1019.7,12,METAR,METAR KJFK 021851Z 10008KT 10SM FEW016 SCT027 OVC050 22/18 A3012 RMK AO2 SLP197 T02170178 $,40.6392,-73.7639,3,"New York/JF Kennedy Intl, NY, US",OVC,"[{'cover': 'FEW', 'base': 1600}, {'cover': 'SCT', 'base': 2700}, {'cover': 'OVC', 'base': 5000}]",VFR,,,,,,,,,,,,2026-09-02 18:51:00+00:00,2026-09-02 18:54:07.756000+00:00,21.7,True,21.7
KJFK,2026-09-02T19:42:07.717Z,1788377880,2026-09-02T19:38:00.000Z,20.6,18.3,80,6,,4,1020.4,,12,SPECI,SPECI KJFK 021938Z 08006KT 4SM R04R/2800VP6000FT +RA BR BKN024 BKN030 OVC050 21/18 A3013 RMK AO2 RAB14 P0000 T02060183 $,40.6392,-73.7639,3,"New York/JF Kennedy Intl, NY, US",OVC,"[{'cover': 'BKN', 'base': 2400}, {'cover': 'BKN', 'base': 3000}, {'cover': 'OVC', 'base': 5000}]",MVFR,,,,,,,0.005,,+RA BR,,,2026-09-02 19:38:00+00:00,2026-09-02 19:42:07.717000+00:00,20.6,True,20.6
KJFK,2026-09-02T19:54:09.233Z,1788378660,2026-09-02T20:00:00.000Z,20.0,18.3,100,7,,10+,1020.1,1020.0,12,METAR,METAR KJFK 021951Z 10007KT 10SM -RA FEW015 BKN024 OVC050 20/18 A3012 RMK AO2 RAB14 SLP200 P0011 T02000183 $,40.6392,-73.7639,3,"New York/JF Kennedy Intl, NY, US",OVC,"[{'cover': 'FEW', 'base': 1500}, {'cover': 'BKN', 'base': 2400}, {'cover': 'OVC', 'base': 5000}]",MVFR,,,,,,,0.11,,-RA,,,2026-09-02 19:51:00+00:00,2026-09-02 19:54:09.233000+00:00,20.0,True,20.0
KJFK,2026-09-02T20:26:11.781Z,1788380580,2026-09-02T20:23:00.000Z,20.6,18.3,100,9,,10+,1020.1,,12,SPECI,SPECI KJFK 022023Z 10009KT 10SM FEW013 FEW026 OVC042 21/18 A3012 RMK AO2 RAE1958 P0000 T02060183 $,40.6392,-73.7639,3,"New York/JF Kennedy Intl, NY, US",OVC,"[{'cover': 'FEW', 'base': 1300}, {'cover': 'FEW', 'base': 2600}, {'cover': 'OVC', 'base': 4200}]",VFR,,,,,,,0.005,,,,,2026-09-02 20:23:00+00:00,2026-09-02 20:26:11.781000+00:00,20.6,True,20.6
KJFK,2026-09-02T20:54:07.746Z,1788382260,2026-09-02T21:00:00.000Z,20.6,18.9,100,8,,10+,1019.4,1019.3,4,METAR,METAR KJFK 022051Z 10008KT 10SM FEW013 SCT026 OVC044 21/19 A3010 RMK AO2 RAE1958 SLP193 P0000 60011 T02060189 58009,40.6392,-73.7639,3,"New York/JF Kennedy Intl, NY, US",OVC,"[{'cover': 'FEW', 'base': 1300}, {'cover': 'SCT', 'base': 2600}, {'cover': 'OVC', 'base': 4400}]",VFR,-0.9,,,,,,0.005,0.11,,,,2026-09-02 20:51:00+00:00,2026-09-02 20:54:07.746000+00:00,20.6,True,20.6
KJFK,2026-09-02T21:54:10.002Z,1788385860,2026-09-02T22:00:00.000Z,20.6,18.3,90,6,,10+,1020.1,1019.8,4,METAR,METAR KJFK 022151Z 09006KT 10SM FEW013 FEW026 OVC047 21/18 A3012 RMK AO2 SLP198 T02060183,40.6392,-73.7639,3,"New York/JF Kennedy Intl, NY, US",OVC,"[{'cover': 'FEW', 'base': 1300}, {'cover': 'FEW', 'base': 2600}, {'cover': 'OVC', 'base': 4700}]",VFR,,,,,,,,,,,,2026-09-02 21:51:00+00:00,2026-09-02 21:54:10.002000+00:00,20.6,True,20.6
KJFK,2026-09-02T22:54:09.188Z,1788389460,2026-09-02T23:00:00.000Z,20.6,18.3,80,6,,10+,1019.0,1019.0,12,METAR,METAR KJFK 022251Z 08006KT 10SM FEW014 SCT039 BKN065 BKN250 21/18 A3009 RMK AO2 SLP190 T02060183 $,40.6392,-73.7639,3,"New York/JF Kennedy Intl, NY, US",BKN,"[{'cover': 'FEW', 'base': 1400}, {'cover': 'SCT', 'base': 3900}, {'cover': 'BKN', 'base': 6500}, {'cover': 'BKN', 'base': 25000}]",VFR,,,,,,,,,,,,2026-09-02 22:51:00+00:00,2026-09-02 22:54:09.188000+00:00,20.6,True,20.6
KJFK,2026-09-02T23:54:08.739Z,1788393060,2026-09-03T00:00:00.000Z,20.6,18.3,70,5,,10+,1018.7,1018.6,12,METAR,METAR KJFK 022351Z 07005KT 10SM SCT013 SCT032 BKN042 BKN250 21/18 A3008 RMK AO2 SLP186 60011 T02060183 10228 20200 58007 $,40.6392,-73.7639,3,"New York/JF Kennedy Intl, NY, US",BKN,"[{'cover': 'SCT', 'base': 1300}, {'cover': 'SCT', 'base': 3200}, {'cover': 'BKN', 'base': 4200}, {'cover': 'BKN', 'base': 25000}]",VFR,-0.7,22.8,20.0,,,0.11,,,,,,2026-09-02 23:51:00+00:00,2026-09-02 23:54:08.739000+00:00,20.6,True,20.6
KJFK,2026-09-03T00:22:14.618Z,1788394740,2026-09-03T00:19:00.000Z,20.6,18.3,90,4,,10+,1019.0,,12,SPECI,SPECI KJFK 030019Z 09004KT 10SM BKN013 BKN037 OVC049 21/18 A3009 RMK AO2 T02060183 $,40.6392,-73.7639,3,"New York/JF Kennedy Intl, NY, US",OVC,"[{'cover': 'BKN', 'base': 1300}, {'cover': 'BKN', 'base': 3700}, {'cover': 'OVC', 'base': 4900}]",MVFR,,,,,,,,,,,,2026-09-03 00:19:00+00:00,2026-09-03 00:22:14.618000+00:00,20.6,True,20.6
KJFK,2026-09-03T00:54:08.249Z,1788396660,2026-09-03T01:00:00.000Z,20.6,18.9,60,3,,10+,1019.7,1019.5,12,METAR,METAR KJFK 030051Z 06003KT 10SM BKN012 OVC030 21/19 A3011 RMK AO2 SLP195 T02060189 $,40.6392,-73.7639,3,"New York/JF Kennedy Intl, NY, US",OVC,"[{'cover': 'BKN', 'base': 1200}, {'cover': 'OVC', 'base': 3000}]",MVFR,,,,,,,,,,,,2026-09-03 00:51:00+00:00,2026-09-03 00:54:08.249000+00:00,20.6,True,20.6
KJFK,2026-09-03T01:54:10.160Z,1788400260,2026-09-03T02:00:00.000Z,21.1,19.4,100,4,,10+,1018.7,1018.6,12,METAR,METAR KJFK 030151Z 10004KT 10SM BKN010 OVC027 21/19 A3008 RMK AO2 SLP186 T02110194 $,40.6392,-73.7639,3,"New York/JF Kennedy Intl, NY, US",OVC,"[{'cover': 'BKN', 'base': 1000}, {'cover': 'OVC', 'base': 2700}]",MVFR,,,,,,,,,,,,2026-09-03 01:51:00+00:00,2026-09-03 01:54:10.160000+00:00,21.1,True,21.1
KJFK,2026-09-03T02:54:33.416Z,1788403860,2026-09-03T03:00:00.000Z,21.1,20.0,90,5,,10+,1018.4,1018.3,12,METAR,METAR KJFK 030251Z 09005KT 10SM BKN010 BKN023 OVC031 21/20 A3007 RMK AO2 SLP183 BKN010 V SCT T02110200 58002 $,40.6392,-73.7639,3,"New York/JF Kennedy Intl, NY, US",OVC,"[{'cover': 'BKN', 'base': 1000}, {'cover': 'BKN', 'base': 2300}, {'cover': 'OVC', 'base': 3100}]",MVFR,-0.2,,,,,,,,,,,2026-09-03 02:51:00+00:00,2026-09-03 02:54:33.416000+00:00,21.1,True,21.1
KJFK,2026-09-03T03:54:08.264Z,1788407460,2026-09-03T04:00:00.000Z,21.7,20.0,10,4,,10+,1018.7,1018.4,12,METAR,METAR KJFK 030351Z 01004KT 10SM OVC008 22/20 A3008 RMK AO2 SLP184 T02170200 $,40.6392,-73.7639,3,"New York/JF Kennedy Intl, NY, US",OVC,"[{'cover': 'OVC', 'base': 800}]",IFR,,,,,,,,,,,,2026-09-03 03:51:00+00:00,2026-09-03 03:54:08.264000+00:00,21.7,True,21.7
KJFK,2026-09-03T04:54:12.226Z,1788411060,2026-09-03T05:00:00.000Z,21.1,20.6,20,3,,4,1018.0,1017.9,12,METAR,METAR KJFK 030451Z 02003KT 4SM RA BR OVC009 21/21 A3006 RMK AO2 RAB07E17B38 SLP179 P0000 T02110206 402610189 $,40.6392,-73.7639,3,"New York/JF Kennedy Intl, NY, US",OVC,"[{'cover': 'OVC', 'base': 900}]",IFR,,,,26.1,18.9,,0.005,,RA BR,,,2026-09-03 04:51:00+00:00,2026-09-03 04:54:12.226000+00:00,21.1,True,21.1
KJFK,2026-09-03T05:28:14.285Z,1788413100,2026-09-03T05:25:00.000Z,20.6,20.0,330,4,,2.5,1018.4,,12,SPECI,SPECI KJFK 030525Z 33004KT 2 1/2SM +RA BR BKN007 BKN012 OVC021 21/20 A3007 RMK AO2 VIS 1 1/2V5 P0004 T02060200 $,40.6392,-73.7639,3,"New York/JF Kennedy Intl, NY, US",OVC,"[{'cover': 'BKN', 'base': 700}, {'cover': 'BKN', 'base': 1200}, {'cover': 'OVC', 'base': 2100}]",IFR,,,,,,,0.04,,+RA BR,,,2026-09-03 05:25:00+00:00,2026-09-03 05:28:14.285000+00:00,20.6,True,20.6
KJFK,2026-09-03T05:48:06.530Z,1788414240,2026-09-03T05:44:00.000Z,20.6,20.0,0,0,,2.5,1017.4,,12,SPECI,SPECI KJFK 030544Z 00000KT 2 1/2SM -RA BR SCT007 SCT019 BKN100 21/20 A3004 RMK AO2 P0009 T02060200 $,40.6392,-73.7639,3,"New York/JF Kennedy Intl, NY, US",BKN,"[{'cover': 'SCT', 'base': 700}, {'cover': 'SCT', 'base': 1900}, {'cover': 'BKN', 'base': 10000}]",IFR,,,,,,,0.09,,-RA BR,,,2026-09-03 05:44:00+00:00,2026-09-03 05:48:06.530000+00:00,20.6,True,20.6
KJFK,2026-09-03T05:58:20.975Z,1788414660,2026-09-03T06:00:00.000Z,20.6,20.0,130,3,,2.5,1017.0,1016.9,13,METAR,METAR KJFK 030551Z COR 13003KT 2 1/2SM -RA BR FEW007 SCT019 BKN100 21/20 A3003 RMK AO2 SLP169 P0009 60009 T02060200 10217 20206 58014 $,40.6392,-73.7639,3,"New York/JF Kennedy Intl, NY, US",BKN,"[{'cover': 'FEW', 'base': 700}, {'cover': 'SCT', 'base': 1900}, {'cover': 'BKN', 'base': 10000}]",IFR,-1.4,21.7,20.6,,,0.09,0.09,,-RA BR,,,2026-09-03 05:51:00+00:00,2026-09-03 05:58:20.975000+00:00,20.6,True,20.6
KJFK,2026-09-03T06:12:04.890Z,1788415680,2026-09-03T06:08:00.000Z,20.6,20.0,170,3,,7,1016.7,,12,SPECI,SPECI KJFK 030608Z 17003KT 7SM -RA SCT022 BKN110 OVC140 21/20 A3002 RMK AO2 P0002 T02060200 $,40.6392,-73.7639,3,"New York/JF Kennedy Intl, NY, US",OVC,"[{'cover': 'SCT', 'base': 2200}, {'cover': 'BKN', 'base': 11000}, {'cover': 'OVC', 'base': 14000}]",VFR,,,,,,,0.02,,-RA,,,2026-09-03 06:08:00+00:00,2026-09-03 06:12:04.890000+00:00,20.6,True,20.6
KJFK,2026-09-03T06:54:10.542Z,1788418260,2026-09-03T07:00:00.000Z,21.1,20.6,250,5,,8,1017.0,1016.8,12,METAR,METAR KJFK 030651Z 25005KT 8SM -RA FEW007 BKN090 OVC120 21/21 A3003 RMK AO2 SLP168 P0003 T02110206 $,40.6392,-73.7639,3,"New York/JF Kennedy Intl, NY, US",OVC,"[{'cover': 'FEW', 'base': 700}, {'cover': 'BKN', 'base': 9000}, {'cover': 'OVC', 'base': 12000}]",VFR,,,,,,,0.03,,-RA,,,2026-09-03 06:51:00+00:00,2026-09-03 06:54:10.542000+00:00,21.1,True,21.1
KJFK,2026-09-03T07:54:16.264Z,1788421860,2026-09-03T08:00:00.000Z,21.1,20.6,210,4,,7,1016.0,1015.7,12,METAR,METAR KJFK 030751Z 21004KT 7SM -RA SCT006 SCT065 BKN110 21/21 A3000 RMK AO2 SLP157 P0008 T02110206 $,40.6392,-73.7639,3,"New York/JF Kennedy Intl, NY, US",BKN,"[{'cover': 'SCT', 'base': 600}, {'cover': 'SCT', 'base': 6500}, {'cover': 'BKN', 'base': 11000}]",VFR,,,,,,,0.08,,-RA,,,2026-09-03 07:51:00+00:00,2026-09-03 07:54:16.264000+00:00,21.1,True,21.1
KJFK,2026-09-03T08:20:27.727Z,1788423420,2026-09-03T08:17:00.000Z,21.7,21.1,210,7,,10+,1016.0,,12,SPECI,SPECI KJFK 030817Z 21007KT 10SM BKN006 22/21 A3000 RMK AO2 RAE15 P0001 T02170211 $,40.6392,-73.7639,3,"New York/JF Kennedy Intl, NY, US",BKN,"[{'cover': 'BKN', 'base': 600}]",IFR,,,,,,,0.01,,,,,2026-09-03 08:17:00+00:00,2026-09-03 08:20:27.727000+00:00,21.7,True,21.7
KJFK,2026-09-03T08:54:07.654Z,1788425460,2026-09-03T09:00:00.000Z,21.7,21.1,220,9,,10+,1015.0,1014.7,12,METAR,METAR KJFK 030851Z 22009KT 10SM BKN006 OVC130 22/21 A2997 RMK AO2 RAE15B34E44 PRESFR SLP147 P0001 60012 T02170211 58022 $,40.6392,-73.7639,3,"New York/JF Kennedy Intl, NY, US",OVC,"[{'cover': 'BKN', 'base': 600}, {'cover': 'OVC', 'base': 13000}]",IFR,-2.2,,,,,,0.01,0.12,,,,2026-09-03 08:51:00+00:00,2026-09-03 08:54:07.654000+00:00,21.7,True,21.7
KJFK,2026-09-03T09:54:08.575Z,1788429060,2026-09-03T10:00:00.000Z,21.7,21.1,250,10,,10+,1015.7,1015.3,12,METAR,METAR KJFK 030951Z 25010KT 10SM BKN007 OVC120 22/21 A2999 RMK AO2 SLP153 T02170211 $,40.6392,-73.7639,3,"New York/JF Kennedy Intl, NY, US",OVC,"[{'cover': 'BKN', 'base': 700}, {'cover': 'OVC', 'base': 12000}]",IFR,,,,,,,,,,,,2026-09-03 09:51:00+00:00,2026-09-03 09:54:08.575000+00:00,21.7,True,21.7
KJFK,2026-09-03T10:54:09.567Z,1788432660,2026-09-03T11:00:00.000Z,21.7,21.1,270,6,,10+,1015.7,1015.6,12,METAR,METAR KJFK 031051Z 27006KT 10SM BKN009 BKN120 BKN230 22/21 A2999 RMK AO2 SLP156 BKN009 V SCT T02170211 $,40.6392,-73.7639,3,"New York/JF Kennedy Intl, NY, US",BKN,"[{'cover': 'BKN', 'base': 900}, {'cover': 'BKN', 'base': 12000}, {'cover': 'BKN', 'base': 23000}]",IFR,,,,,,,,,,,,2026-09-03 10:51:00+00:00,2026-09-03 10:54:09.567000+00:00,21.7,True,21.7
KJFK,2026-09-03T11:20:15.176Z,1788434160,2026-09-03T11:16:00.000Z,21.7,20.6,250,7,,10+,1015.7,,12,SPECI,SPECI KJFK 031116Z 25007KT 10SM SCT009 BKN095 BKN230 22/21 A2999 RMK AO2 T02170206 $,40.6392,-73.7639,3,"New York/JF Kennedy Intl, NY, US",BKN,"[{'cover': 'SCT', 'base': 900}, {'cover': 'BKN', 'base': 9500}, {'cover': 'BKN', 'base': 23000}]",VFR,,,,,,,,,,,,2026-09-03 11:16:00+00:00,2026-09-03 11:20:15.176000+00:00,21.7,True,21.7
KJFK,2026-09-03T11:54:06.450Z,1788436260,2026-09-03T12:00:00.000Z,22.2,20.6,270,4,,10+,1016.0,1015.7,12,METAR,METAR KJFK 031151Z 27004KT 10SM FEW009 SCT095 BKN180 BKN250 22/21 A3000 RMK AO2 SLP157 60012 70032 T02220206 10222 20206 51010 $,40.6392,-73.7639,3,"New York/JF Kennedy Intl, NY, US",BKN,"[{'cover': 'FEW', 'base': 900}, {'cover': 'SCT', 'base': 9500}, {'cover': 'BKN', 'base': 18000}, {'cover': 'BKN', 'base': 25000}]",VFR,1.0,22.2,20.6,,,0.12,,,,0.32,,2026-09-03 11:51:00+00:00,2026-09-03 11:54:06.450000+00:00,22.2,True,22.2
KJFK,2026-09-03T12:55:10.839Z,1788439860,2026-09-03T13:00:00.000Z,22.8,20.6,240,7,,10+,1015.7,1015.5,4,METAR,METAR KJFK 031251Z 24007KT 10SM FEW013 FEW038 SCT100 BKN140 BKN250 23/21 A2999 RMK AO2 SLP155 T02280206,40.6392,-73.7639,3,"New York/JF Kennedy Intl, NY, US",BKN,"[{'cover': 'FEW', 'base': 1300}, {'cover': 'FEW', 'base': 3800}, {'cover': 'SCT', 'base': 10000}, {'cover': 'BKN', 'base': 14000}]",VFR,,,,,,,,,,,,2026-09-03 12:51:00+00:00,2026-09-03 12:55:10.839000+00:00,22.8,True,22.8
KJFK,2026-09-03T13:26:27.706Z,1788441720,2026-09-03T13:22:00.000Z,22.8,20.6,240,7,,10+,1015.3,,4,SPECI,SPECI KJFK 031322Z 24007KT 10SM BKN013 BKN095 BKN250 23/21 A2998 RMK AO2 T02280206,40.6392,-73.7639,3,"New York/JF Kennedy Intl, NY, US",BKN,"[{'cover': 'BKN', 'base': 1300}, {'cover': 'BKN', 'base': 9500}, {'cover': 'BKN', 'base': 25000}]",MVFR,,,,,,,,,,,,2026-09-03 13:22:00+00:00,2026-09-03 13:26:27.706000+00:00,22.8,True,22.8
KJFK,2026-09-03T13:54:13.153Z,1788443460,2026-09-03T14:00:00.000Z,23.9,21.1,240,9,,10+,1015.3,1015.1,4,METAR,METAR KJFK 031351Z 24009KT 10SM FEW008 BKN015 BKN095 BKN140 BKN250 24/21 A2998 RMK AO2 SLP151 CIG 013V017 T02390211,40.6392,-73.7639,3,"New York/JF Kennedy Intl, NY, US",BKN,"[{'cover': 'FEW', 'base': 800}, {'cover': 'BKN', 'base': 1500}, {'cover': 'BKN', 'base': 9500}, {'cover': 'BKN', 'base': 14000}]",MVFR,,,,,,,,,,,,2026-09-03 13:51:00+00:00,2026-09-03 13:54:13.153000+00:00,23.9,True,23.9
KJFK,2026-09-03T14:40:16.479Z,1788446220,2026-09-03T14:37:00.000Z,24.4,21.1,230,12,,10+,1015.0,,12,SPECI,SPECI KJFK 031437Z 23012KT 10SM SCT015 BKN110 BKN140 BKN250 24/21 A2997 RMK AO2 T02440211 $,40.6392,-73.7639,3,"New York/JF Kennedy Intl, NY, US",BKN,"[{'cover': 'SCT', 'base': 1500}, {'cover': 'BKN', 'base': 11000}, {'cover': 'BKN', 'base': 14000}, {'cover': 'BKN', 'base': 25000}]",VFR,,,,,,,,,,,,2026-09-03 14:37:00+00:00,2026-09-03 14:40:16.479000+00:00,24.4,True,24.4
KJFK,2026-09-03T14:54:09.276Z,1788447060,2026-09-03T15:00:00.000Z,24.4,21.1,230,10,,10+,1015.0,1014.8,12,METAR,METAR KJFK 031451Z 23010KT 10SM SCT015 BKN100 BKN140 BKN250 24/21 A2997 RMK AO2 SLP148 T02440211 57009 $,40.6392,-73.7639,3,"New York/JF Kennedy Intl, NY, US",BKN,"[{'cover': 'SCT', 'base': 1500}, {'cover': 'BKN', 'base': 10000}, {'cover': 'BKN', 'base': 14000}, {'cover': 'BKN', 'base': 25000}]",VFR,-0.9,,,,,,,,,,,2026-09-03 14:51:00+00:00,2026-09-03 14:54:09.276000+00:00,24.4,True,24.4
KJFK,2026-09-03T15:54:10.385Z,1788450660,2026-09-03T16:00:00.000Z,25.0,21.7,270,12,,10+,1015.0,1014.8,12,METAR,METAR KJFK 031551Z 27012KT 10SM FEW018 SCT140 BKN250 25/22 A2997 RMK AO2 SLP148 T02500217 $,40.6392,-73.7639,3,"New York/JF Kennedy Intl, NY, US",BKN,"[{'cover': 'FEW', 'base': 1800}, {'cover': 'SCT', 'base': 14000}, {'cover': 'BKN', 'base': 25000}]",VFR,,,,,,,,,,,,2026-09-03 15:51:00+00:00,2026-09-03 15:54:10.385000+00:00,25.0,True,25.0
KJFK,2026-09-03T16:54:09.149Z,1788454260,2026-09-03T17:00:00.000Z,28.3,20.6,280,14,,10+,1014.3,1014.3,12,METAR,METAR KJFK 031651Z 28014KT 10SM FEW028 FEW140 BKN250 28/21 A2995 RMK AO2 SLP143 T02830206 $,40.6392,-73.7639,3,"New York/JF Kennedy Intl, NY, US",BKN,"[{'cover': 'FEW', 'base': 2800}, {'cover': 'FEW', 'base': 14000}, {'cover': 'BKN', 'base': 25000}]",VFR,,,,,,,,,,,,2026-09-03 16:51:00+00:00,2026-09-03 16:54:09.149000+00:00,28.3,True,28.3
KJFK,2026-09-03T17:54:08.132Z,1788457860,2026-09-03T18:00:00.000Z,29.4,20.6,290,12,,10+,1013.6,1013.4,12,METAR,METAR KJFK 031751Z 29012KT 10SM FEW033 FEW140 SCT250 29/21 A2993 RMK AO2 SLP134 T02940206 58015 $,40.6392,-73.7639,3,"New York/JF Kennedy Intl, NY, US",SCT,"[{'cover': 'FEW', 'base': 3300}, {'cover': 'FEW', 'base': 14000}, {'cover': 'SCT', 'base': 25000}]",VFR,-1.5,,,,,,,,,,,2026-09-03 17:51:00+00:00,2026-09-03 17:54:08.132000+00:00,29.4,True,29.4
KJFK,2026-09-03T18:54:05.875Z,1788461460,2026-09-03T19:00:00.000Z,29.4,21.1,250,13,,10+,1013.0,1012.9,12,METAR,METAR KJFK 031851Z 25013KT 10SM FEW035 FEW140 SCT250 29/21 A2991 RMK AO2 SLP129 T02940211 $,40.6392,-73.7639,3,"New York/JF Kennedy Intl, NY, US",SCT,"[{'cover': 'FEW', 'base': 3500}, {'cover': 'FEW', 'base': 14000}, {'cover': 'SCT', 'base': 25000}]",VFR,,,,,,,,,,,,2026-09-03 18:51:00+00:00,2026-09-03 18:54:05.875000+00:00,29.4,True,29.4
KJFK,2026-09-03T19:54:09.008Z,1788465060,2026-09-03T20:00:00.000Z,30.0,21.7,240,10,,10+,1012.3,1012.1,12,METAR,METAR KJFK 031951Z 24010KT 10SM FEW035 FEW140 SCT250 30/22 A2989 RMK AO2 SLP121 T03000217 $,40.6392,-73.7639,3,"New York/JF Kennedy Intl, NY, US",SCT,"[{'cover': 'FEW', 'base': 3500}, {'cover': 'FEW', 'base': 14000}, {'cover': 'SCT', 'base': 25000}]",VFR,,,,,,,,,,,,2026-09-03 19:51:00+00:00,2026-09-03 19:54:09.008000+00:00,30.0,True,30.0
KJFK,2026-09-03T20:54:10.999Z,1788468660,2026-09-03T21:00:00.000Z,29.4,21.7,230,10,,10+,1012.3,1012.0,12,METAR,METAR KJFK 032051Z 23010KT 10SM SCT045 SCT140 BKN250 29/22 A2989 RMK AO2 SLP120 T02940217 56014 $,40.6392,-73.7639,3,"New York/JF Kennedy Intl, NY, US",BKN,"[{'cover': 'SCT', 'base': 4500}, {'cover': 'SCT', 'base': 14000}, {'cover': 'BKN', 'base': 25000}]",VFR,-1.4,,,,,,,,,,,2026-09-03 20:51:00+00:00,2026-09-03 20:54:10.999000+00:00,29.4,True,29.4
KJFK,2026-09-03T21:54:09.988Z,1788472260,2026-09-03T22:00:00.000Z,27.8,22.8,190,7,,10+,1012.3,1012.0,12,METAR,METAR KJFK 032151Z 19007KT 10SM SCT046 SCT060 SCT140 BKN250 28/23 A2989 RMK AO2 SLP120 T02780228 $,40.6392,-73.7639,3,"New York/JF Kennedy Intl, NY, US",BKN,"[{'cover': 'SCT', 'base': 4600}, {'cover': 'SCT', 'base': 6000}, {'cover': 'SCT', 'base': 14000}, {'cover': 'BKN', 'base': 25000}]",VFR,,,,,,,,,,,,2026-09-03 21:51:00+00:00,2026-09-03 21:54:09.988000+00:00,27.8,True,27.8
KJFK,2026-09-03T22:54:14.809Z,1788475860,2026-09-03T23:00:00.000Z,26.7,22.8,160,6,,10+,1012.3,1012.0,12,METAR,METAR KJFK 032251Z 16006KT 10SM FEW046 FEW060 FEW140 BKN250 27/23 A2989 RMK AO2 SLP120 T02670228 $,40.6392,-73.7639,3,"New York/JF Kennedy Intl, NY, US",BKN,"[{'cover': 'FEW', 'base': 4600}, {'cover': 'FEW', 'base': 6000}, {'cover': 'FEW', 'base': 14000}, {'cover': 'BKN', 'base': 25000}]",VFR,,,,,,,,,,,,2026-09-03 22:51:00+00:00,2026-09-03 22:54:14.809000+00:00,26.7,True,26.7
KJFK,2026-09-03T23:54:08.994Z,1788479460,2026-09-04T00:00:00.000Z,25.0,22.8,180,3,,10+,1012.3,1012.0,12,METAR,METAR KJFK 032351Z 18003KT 10SM FEW040 FEW140 BKN250 25/23 A2989 RMK AO2 SLP120 T02500228 55001 $,40.6392,-73.7639,3,"New York/JF Kennedy Intl, NY, US",BKN,"[{'cover': 'FEW', 'base': 4000}, {'cover': 'FEW', 'base': 14000}, {'cover': 'BKN', 'base': 25000}]",VFR,-0.1,,,,,,,,,,,2026-09-03 23:51:00+00:00,2026-09-03 23:54:08.994000+00:00,25.0,True,25.0
KJFK,2026-09-04T00:54:07.904Z,1788483060,2026-09-04T01:00:00.000Z,25.0,22.8,140,3,,10+,1012.6,1012.4,12,METAR,METAR KJFK 040051Z 14003KT 10SM FEW035 FEW060 BKN250 25/23 A2990 RMK AO2 SLP124 T02500228 $,40.6392,-73.7639,3,"New York/JF Kennedy Intl, NY, US",BKN,"[{'cover': 'FEW', 'base': 3500}, {'cover': 'FEW', 'base': 6000}, {'cover': 'BKN', 'base': 25000}]",VFR,,,,,,,,,,,,2026-09-04 00:51:00+00:00,2026-09-04 00:54:07.904000+00:00,25.0,True,25.0
KJFK,2026-09-04T01:54:10.024Z,1788486660,2026-09-04T02:00:00.000Z,25.6,22.2,210,6,,10+,1013.0,1012.8,12,METAR,METAR KJFK 040151Z 21006KT 10SM FEW045 SCT150 BKN250 26/22 A2991 RMK AO2 SLP128 T02560222 $,40.6392,-73.7639,3,"New York/JF Kennedy Intl, NY, US",BKN,"[{'cover': 'FEW', 'base': 4500}, {'cover': 'SCT', 'base': 15000}, {'cover': 'BKN', 'base': 25000}]",VFR,,,,,,,,,,,,2026-09-04 01:51:00+00:00,2026-09-04 01:54:10.024000+00:00,25.6,True,25.6
KJFK,2026-09-04T02:59:11.895Z,1788490260,2026-09-04T03:00:00.000Z,26.1,22.8,240,11,,10+,1012.3,1012.1,12,METAR,METAR KJFK 040251Z 24011KT 10SM FEW050 SCT160 BKN250 26/23 A2989 RMK AO2 SLP121 T02610228 50001 $,40.6392,-73.7639,3,"New York/JF Kennedy Intl, NY, US",BKN,"[{'cover': 'FEW', 'base': 5000}, {'cover': 'SCT', 'base': 16000}, {'cover': 'BKN', 'base': 25000}]",VFR,0.1,,,,,,,,,,,2026-09-04 02:51:00+00:00,2026-09-04 02:59:11.895000+00:00,26.1,True,26.1
KJFK,2026-09-04T03:54:09.665Z,1788493860,2026-09-04T04:00:00.000Z,25.6,23.3,250,9,,10+,1011.9,1011.9,12,METAR,METAR KJFK 040351Z 25009KT 10SM FEW060 SCT180 BKN250 26/23 A2988 RMK AO2 SLP119 T02560233 $,40.6392,-73.7639,3,"New York/JF Kennedy Intl, NY, US",BKN,"[{'cover': 'FEW', 'base': 6000}, {'cover': 'SCT', 'base': 18000}, {'cover': 'BKN', 'base': 25000}]",VFR,,,,,,,,,,,,2026-09-04 03:51:00+00:00,2026-09-04 03:54:09.665000+00:00,25.6,True,25.6
KJFK,2026-09-04T05:12:16.511Z,1788497460,2026-09-04T05:00:00.000Z,26.1,23.3,240,7,,10+,1011.6,1011.3,13,METAR,METAR KJFK 040451Z COR 24007KT 10SM SCT065 BKN160 OVC250 26/23 A2987 RMK AO2 SLP113 T02610233 $,40.6392,-73.7639,3,"New York/JF Kennedy Intl, NY, US",OVC,"[{'cover': 'SCT', 'base': 6500}, {'cover': 'BKN', 'base': 16000}, {'cover': 'OVC', 'base': 25000}]",VFR,,,,,,,,,,,,2026-09-04 04:51:00+00:00,2026-09-04 05:12:16.511000+00:00,26.1,True,26.1
KJFK,2026-09-04T05:54:08.679Z,1788501060,2026-09-04T06:00:00.000Z,25.6,23.3,250,7,,10+,1010.6,1010.6,12,METAR,METAR KJFK 040551Z 25007KT 10SM BKN060 BKN085 OVC250 26/23 A2984 RMK AO2 RAB15E25 SLP106 P0000 60000 T02560233 10267 20250 58015 $,40.6392,-73.7639,3,"New York/JF Kennedy Intl, NY, US",OVC,"[{'cover': 'BKN', 'base': 6000}, {'cover': 'BKN', 'base': 8500}, {'cover': 'OVC', 'base': 25000}]",VFR,-1.5,26.7,25.0,,,0.005,0.005,,,,,2026-09-04 05:51:00+00:00,2026-09-04 05:54:08.679000+00:00,25.6,True,25.6
KJFK,2026-09-04T06:54:07.800Z,1788504660,2026-09-04T07:00:00.000Z,26.1,22.8,260,9,,10+,1010.2,1010.1,12,METAR,METAR KJFK 040651Z 26009KT 10SM FEW050 SCT065 BKN100 OVC250 26/23 A2983 RMK AO2 SLP101 OCNL LTGIC DSNT S CB DSNT S MOV E T02610228 $,40.6392,-73.7639,3,"New York/JF Kennedy Intl, NY, US",OVC,"[{'cover': 'FEW', 'base': 5000}, {'cover': 'SCT', 'base': 6500}, {'cover': 'BKN', 'base': 10000}, {'cover': 'OVC', 'base': 25000}]",VFR,,,,,,,,,,,,2026-09-04 06:51:00+00:00,2026-09-04 06:54:07.800000+00:00,26.1,True,26.1
KJFK,2026-09-04T07:54:08.443Z,1788508260,2026-09-04T08:00:00.000Z,25.0,21.1,270,9,,10+,1010.6,1010.3,12,METAR,METAR KJFK 040751Z 27009KT 10SM FEW060 FEW120 BKN250 25/21 A2984 RMK AO2 RAB02E11 SLP103 P0000 T02500211 $,40.6392,-73.7639,3,"New York/JF Kennedy Intl, NY, US",BKN,"[{'cover': 'FEW', 'base': 6000}, {'cover': 'FEW', 'base': 12000}, {'cover': 'BKN', 'base': 25000}]",VFR,,,,,,,0.005,,,,,2026-09-04 07:51:00+00:00,2026-09-04 07:54:08.443000+00:00,25.0,True,25.0
KJFK,2026-09-04T08:54:11.328Z,1788511860,2026-09-04T09:00:00.000Z,25.0,20.0,290,5,,10+,1010.2,1010.1,12,METAR,METAR KJFK 040851Z 29005KT 10SM FEW055 FEW070 SCT170 BKN250 25/20 A2983 RMK AO2 SLP101 60000 T02500200 56005 $,40.6392,-73.7639,3,"New York/JF Kennedy Intl, NY, US",BKN,"[{'cover': 'FEW', 'base': 5500}, {'cover': 'FEW', 'base': 7000}, {'cover': 'SCT', 'base': 17000}, {'cover': 'BKN', 'base': 25000}]",VFR,-0.5,,,,,,,0.005,,,,2026-09-04 08:51:00+00:00,2026-09-04 08:54:11.328000+00:00,25.0,True,25.0
KJFK,2026-09-04T09:54:07.953Z,1788515460,2026-09-04T10:00:00.000Z,24.4,21.1,290,6,,10+,1010.6,1010.3,12,METAR,METAR KJFK 040951Z 29006KT 10SM FEW080 SCT110 BKN250 24/21 A2984 RMK AO2 SLP103 T02440211 $,40.6392,-73.7639,3,"New York/JF Kennedy Intl, NY, US",BKN,"[{'cover': 'FEW', 'base': 8000}, {'cover': 'SCT', 'base': 11000}, {'cover': 'BKN', 'base': 25000}]",VFR,,,,,,,,,,,,2026-09-04 09:51:00+00:00,2026-09-04 09:54:07.953000+00:00,24.4,True,24.4
KJFK,2026-09-04T10:54:11.911Z,1788519060,2026-09-04T11:00:00.000Z,24.4,21.1,330,7,,10+,1010.6,1010.6,12,METAR,METAR KJFK 041051Z 33007KT 10SM FEW047 BKN095 BKN250 24/21 A2984 RMK AO2 SLP106 T02440211 $,40.6392,-73.7639,3,"New York/JF Kennedy Intl, NY, US",BKN,"[{'cover': 'FEW', 'base': 4700}, {'cover': 'BKN', 'base': 9500}, {'cover': 'BKN', 'base': 25000}]",VFR,,,,,,,,,,,,2026-09-04 10:51:00+00:00,2026-09-04 10:54:11.911000+00:00,24.4,True,24.4
KJFK,2026-09-04T11:54:08.502Z,1788522660,2026-09-04T12:00:00.000Z,25.0,21.1,350,11,,10+,1011.3,1011.0,12,METAR,METAR KJFK 041151Z 35011KT 10SM FEW050 FEW095 SCT250 25/21 A2986 RMK AO2 SLP110 60000 T02500211 10267 20244 53009 $,40.6392,-73.7639,3,"New York/JF Kennedy Intl, NY, US",SCT,"[{'cover': 'FEW', 'base': 5000}, {'cover': 'FEW', 'base': 9500}, {'cover': 'SCT', 'base': 25000}]",VFR,0.9,26.7,24.4,,,0.005,,,,,,2026-09-04 11:51:00+00:00,2026-09-04 11:54:08.502000+00:00,25.0,True,25.0
KJFK,2026-09-04T12:54:11.755Z,1788526260,2026-09-04T13:00:00.000Z,26.1,20.6,360,13,,10+,1011.3,1011.1,12,METAR,METAR KJFK 041251Z 36013KT 10SM FEW038 FEW095 FEW250 26/21 A2986 RMK AO2 SLP111 T02610206 $,40.6392,-73.7639,3,"New York/JF Kennedy Intl, NY, US",FEW,"[{'cover': 'FEW', 'base': 3800}, {'cover': 'FEW', 'base': 9500}, {'cover': 'FEW', 'base': 25000}]",VFR,,,,,,,,,,,,2026-09-04 12:51:00+00:00,2026-09-04 12:54:11.755000+00:00,26.1,True,26.1
KJFK,2026-09-04T13:54:12.720Z,1788529860,2026-09-04T14:00:00.000Z,27.2,20.0,20,14,,10+,1011.6,1011.3,12,METAR,METAR KJFK 041351Z 02014KT 10SM FEW043 FEW110 FEW250 27/20 A2987 RMK AO2 SLP113 T02720200 $,40.6392,-73.7639,3,"New York/JF Kennedy Intl, NY, US",FEW,"[{'cover': 'FEW', 'base': 4300}, {'cover': 'FEW', 'base': 11000}, {'cover': 'FEW', 'base': 25000}]",VFR,,,,,,,,,,,,2026-09-04 13:51:00+00:00,2026-09-04 13:54:12.720000+00:00,27.2,True,27.2
KJFK,2026-09-04T14:54:09.699Z,1788533460,2026-09-04T15:00:00.000Z,28.3,19.4,350,11,20.0,10+,1011.9,1011.6,12,METAR,METAR KJFK 041451Z 35011G20KT 10SM FEW046 FEW140 FEW250 28/19 A2988 RMK AO2 SLP116 T02830194 53007 $,40.6392,-73.7639,3,"New York/JF Kennedy Intl, NY, US",FEW,"[{'cover': 'FEW', 'base': 4600}, {'cover': 'FEW', 'base': 14000}, {'cover': 'FEW', 'base': 25000}]",VFR,0.7,,,,,,,,,,,2026-09-04 14:51:00+00:00,2026-09-04 14:54:09.699000+00:00,28.3,True,28.3
KJFK,2026-09-04T15:54:08.949Z,1788537060,2026-09-04T16:00:00.000Z,29.4,17.8,350,12,,10+,1011.3,1011.2,12,METAR,METAR KJFK 041551Z 35012KT 10SM SCT048 SCT250 29/18 A2986 RMK AO2 SLP112 T02940178 $,40.6392,-73.7639,3,"New York/JF Kennedy Intl, NY, US",SCT,"[{'cover': 'SCT', 'base': 4800}, {'cover': 'SCT', 'base': 25000}]",VFR,,,,,,,,,,,,2026-09-04 15:51:00+00:00,2026-09-04 15:54:08.949000+00:00,29.4,True,29.4
KJFK,2026-09-04T16:54:08.908Z,1788540660,2026-09-04T17:00:00.000Z,28.9,17.2,360,12,20.0,10+,1010.9,1010.9,12,METAR,METAR KJFK 041651Z 36012G20KT 10SM SCT050 BKN250 29/17 A2985 RMK AO2 SLP109 T02890172 $,40.6392,-73.7639,3,"New York/JF Kennedy Intl, NY, US",BKN,"[{'cover': 'SCT', 'base': 5000}, {'cover': 'BKN', 'base': 25000}]",VFR,,,,,,,,,,,,2026-09-04 16:51:00+00:00,2026-09-04 16:54:08.908000+00:00,28.9,True,28.9
KJFK,2026-09-04T17:54:08.912Z,1788544260,2026-09-04T18:00:00.000Z,30.0,18.3,350,13,20.0,10+,1010.9,1010.9,12,METAR,METAR KJFK 041751Z 35013G20KT 10SM SCT055 BKN250 30/18 A2985 RMK AO2 SLP109 T03000183 56008 $,40.6392,-73.7639,3,"New York/JF Kennedy Intl, NY, US",BKN,"[{'cover': 'SCT', 'base': 5500}, {'cover': 'BKN', 'base': 25000}]",VFR,-0.8,,,,,,,,,,,2026-09-04 17:51:00+00:00,2026-09-04 17:54:08.912000+00:00,30.0,True,30.0
KJFK,2026-09-04T18:54:07.775Z,1788547860,2026-09-04T19:00:00.000Z,30.0,17.8,350,11,16.0,10+,1010.9,1010.8,12,METAR,METAR KJFK 041851Z 35011G16KT 10SM SCT060 BKN250 30/18 A2985 RMK AO2 SLP108 T03000178 $,40.6392,-73.7639,3,"New York/JF Kennedy Intl, NY, US",BKN,"[{'cover': 'SCT', 'base': 6000}, {'cover': 'BKN', 'base': 25000}]",VFR,,,,,,,,,,,,2026-09-04 18:51:00+00:00,2026-09-04 18:54:07.775000+00:00,30.0,True,30.0
KJFK,2026-09-04T19:54:08.903Z,1788551460,2026-09-04T20:00:00.000Z,29.4,16.7,340,9,,10+,1010.6,1010.5,12,METAR,METAR KJFK 041951Z 34009KT 10SM SCT060 BKN250 29/17 A2984 RMK AO2 SLP105 T02940167 $,40.6392,-73.7639,3,"New York/JF Kennedy Intl, NY, US",BKN,"[{'cover': 'SCT', 'base': 6000}, {'cover': 'BKN', 'base': 25000}]",VFR,,,,,,,,,,,,2026-09-04 19:51:00+00:00,2026-09-04 19:54:08.903000+00:00,29.4,True,29.4
KJFK,2026-09-04T20:54:07.866Z,1788555060,2026-09-04T21:00:00.000Z,30.0,15.6,310,13,,10+,1010.2,1010.1,12,METAR,METAR KJFK 042051Z 31013KT 10SM SCT060 BKN250 30/16 A2983 RMK AO2 SLP101 T03000156 58007 $,40.6392,-73.7639,3,"New York/JF Kennedy Intl, NY, US",BKN,"[{'cover': 'SCT', 'base': 6000}, {'cover': 'BKN', 'base': 25000}]",VFR,-0.7,,,,,,,,,,,2026-09-04 20:51:00+00:00,2026-09-04 20:54:07.866000+00:00,30.0,True,30.0
KJFK,2026-09-04T21:54:06.476Z,1788558660,2026-09-04T22:00:00.000Z,29.4,15.6,340,15,,10+,1010.2,1010.0,12,METAR,METAR KJFK 042151Z 34015KT 10SM SCT060 SCT250 29/16 A2983 RMK AO2 SLP100 T02940156 $,40.6392,-73.7639,3,"New York/JF Kennedy Intl, NY, US",SCT,"[{'cover': 'SCT', 'base': 6000}, {'cover': 'SCT', 'base': 25000}]",VFR,,,,,,,,,,,,2026-09-04 21:51:00+00:00,2026-09-04 21:54:06.476000+00:00,29.4,True,29.4
KJFK,2026-09-04T22:54:09.971Z,1788562260,2026-09-04T23:00:00.000Z,28.9,15.6,340,10,,10+,1010.2,1010.2,12,METAR,METAR KJFK 042251Z 34010KT 10SM FEW060 FEW100 SCT250 29/16 A2983 RMK AO2 SLP102 T02890156 $,40.6392,-73.7639,3,"New York/JF Kennedy Intl, NY, US",SCT,"[{'cover': 'FEW', 'base': 6000}, {'cover': 'FEW', 'base': 10000}, {'cover': 'SCT', 'base': 25000}]",VFR,,,,,,,,,,,,2026-09-04 22:51:00+00:00,2026-09-04 22:54:09.971000+00:00,28.9,True,28.9
KJFK,2026-09-04T23:54:10.467Z,1788565860,2026-09-05T00:00:00.000Z,27.8,15.6,340,9,,10+,1010.6,1010.3,12,METAR,METAR KJFK 042351Z 34009KT 10SM FEW060 SCT100 SCT250 28/16 A2984 RMK AO2 SLP103 T02780156 53002 $,40.6392,-73.7639,3,"New York/JF Kennedy Intl, NY, US",SCT,"[{'cover': 'FEW', 'base': 6000}, {'cover': 'SCT', 'base': 10000}, {'cover': 'SCT', 'base': 25000}]",VFR,0.2,,,,,,,,,,,2026-09-04 23:51:00+00:00,2026-09-04 23:54:10.467000+00:00,27.8,True,27.8
KJFK,2026-09-05T00:54:08.043Z,1788569460,2026-09-05T01:00:00.000Z,27.2,15.6,340,9,,10+,1010.6,1010.5,12,METAR,METAR KJFK 050051Z 34009KT 10SM FEW100 SCT250 27/16 A2984 RMK AO2 SLP105 T02720156 $,40.6392,-73.7639,3,"New York/JF Kennedy Intl, NY, US",SCT,"[{'cover': 'FEW', 'base': 10000}, {'cover': 'SCT', 'base': 25000}]",VFR,,,,,,,,,,,,2026-09-05 00:51:00+00:00,2026-09-05 00:54:08.043000+00:00,27.2,True,27.2
KJFK,2026-09-05T01:54:07.228Z,1788573060,2026-09-05T02:00:00.000Z,26.7,15.6,340,7,,10+,1010.9,1010.6,12,METAR,METAR KJFK 050151Z 34007KT 10SM SCT100 BKN250 27/16 A2985 RMK AO2 SLP106 T02670156 $,40.6392,-73.7639,3,"New York/JF Kennedy Intl, NY, US",BKN,"[{'cover': 'SCT', 'base': 10000}, {'cover': 'BKN', 'base': 25000}]",VFR,,,,,,,,,,,,2026-09-05 01:51:00+00:00,2026-09-05 01:54:07.228000+00:00,26.7,True,26.7
KJFK,2026-09-05T02:54:08.903Z,1788576660,2026-09-05T03:00:00.000Z,25.6,15.0,350,8,,10+,1010.6,1010.6,12,METAR,METAR KJFK 050251Z 35008KT 10SM SCT100 SCT250 26/15 A2984 RMK AO2 SLP106 T02560150 50002 $,40.6392,-73.7639,3,"New York/JF Kennedy Intl, NY, US",SCT,"[{'cover': 'SCT', 'base': 10000}, {'cover': 'SCT', 'base': 25000}]",VFR,0.2,,,,,,,,,,,2026-09-05 02:51:00+00:00,2026-09-05 02:54:08.903000+00:00,25.6,True,25.6
KJFK,2026-09-05T03:54:12.268Z,1788580260,2026-09-05T04:00:00.000Z,25.6,15.0,340,11,,10+,1010.6,1010.6,12,METAR,METAR KJFK 050351Z 34011KT 10SM BKN120 BKN250 26/15 A2984 RMK AO2 SLP106 T02560150 $,40.6392,-73.7639,3,"New York/JF Kennedy Intl, NY, US",BKN,"[{'cover': 'BKN', 'base': 12000}, {'cover': 'BKN', 'base': 25000}]",VFR,,,,,,,,,,,,2026-09-05 03:51:00+00:00,2026-09-05 03:54:12.268000+00:00,25.6,True,25.6
KJFK,2026-09-05T04:54:12.802Z,1788583860,2026-09-05T05:00:00.000Z,24.4,15.0,350,9,,10+,1010.6,1010.6,12,METAR,METAR KJFK 050451Z 35009KT 10SM BKN110 BKN250 24/15 A2984 RMK AO2 SLP106 T02440150 $,40.6392,-73.7639,3,"New York/JF Kennedy Intl, NY, US",BKN,"[{'cover': 'BKN', 'base': 11000}, {'cover': 'BKN', 'base': 25000}]",VFR,,,,,,,,,,,,2026-09-05 04:51:00+00:00,2026-09-05 04:54:12.802000+00:00,24.4,True,24.4
KJFK,2026-09-05T05:54:18.161Z,1788587460,2026-09-05T06:00:00.000Z,23.9,15.0,350,7,,10+,1010.2,1010.2,12,METAR,METAR KJFK 050551Z 35007KT 10SM BKN100 BKN250 24/15 A2983 RMK AO2 SLP102 T02390150 58004 $,40.6392,-73.7639,3,"New York/JF Kennedy Intl, NY, US",BKN,"[{'cover': 'BKN', 'base': 10000}, {'cover': 'BKN', 'base': 25000}]",VFR,-0.4,,,,,,,,,,,2026-09-05 05:51:00+00:00,2026-09-05 05:54:18.161000+00:00,23.9,True,23.9
KJFK,2026-09-05T06:54:09.916Z,1788591060,2026-09-05T07:00:00.000Z,23.9,14.4,350,7,,10+,1009.9,1009.6,12,METAR,METAR KJFK 050651Z 35007KT 10SM BKN100 BKN150 BKN250 24/14 A2982 RMK AO2 SLP096 T02390144 $,40.6392,-73.7639,3,"New York/JF Kennedy Intl, NY, US",BKN,"[{'cover': 'BKN', 'base': 10000}, {'cover': 'BKN', 'base': 15000}, {'cover': 'BKN', 'base': 25000}]",VFR,,,,,,,,,,,,2026-09-05 06:51:00+00:00,2026-09-05 06:54:09.916000+00:00,23.9,True,23.9
KJFK,2026-09-05T07:54:17.379Z,1788594660,2026-09-05T08:00:00.000Z,23.3,15.0,10,8,,10+,1009.9,1009.7,12,METAR,METAR KJFK 050751Z 01008KT 10SM BKN080 BKN100 BKN250 23/15 A2982 RMK AO2 SLP097 T02330150 $,40.6392,-73.7639,3,"New York/JF Kennedy Intl, NY, US",BKN,"[{'cover': 'BKN', 'base': 8000}, {'cover': 'BKN', 'base': 10000}, {'cover': 'BKN', 'base': 25000}]",VFR,,,,,,,,,,,,2026-09-05 07:51:00+00:00,2026-09-05 07:54:17.379000+00:00,23.3,True,23.3
KJFK,2026-09-05T08:54:08.984Z,1788598260,2026-09-05T09:00:00.000Z,22.8,15.0,20,7,,10+,1009.9,1009.7,12,METAR,METAR KJFK 050851Z 02007KT 10SM BKN075 BKN250 23/15 A2982 RMK AO2 SLP097 T02280150 56005 $,40.6392,-73.7639,3,"New York/JF Kennedy Intl, NY, US",BKN,"[{'cover': 'BKN', 'base': 7500}, {'cover': 'BKN', 'base': 25000}]",VFR,-0.5,,,,,,,,,,,2026-09-05 08:51:00+00:00,2026-09-05 08:54:08.984000+00:00,22.8,True,22.8
KJFK,2026-09-05T09:54:15.049Z,1788601860,2026-09-05T10:00:00.000Z,22.2,15.6,20,5,,10+,1009.9,1009.9,12,METAR,METAR KJFK 050951Z 02005KT 10SM BKN100 22/16 A2982 RMK AO2 SLP099 T02220156 $,40.6392,-73.7639,3,"New York/JF Kennedy Intl, NY, US",BKN,"[{'cover': 'BKN', 'base': 10000}]",VFR,,,,,,,,,,,,2026-09-05 09:51:00+00:00,2026-09-05 09:54:15.049000+00:00,22.2,True,22.2
KJFK,2026-09-05T10:54:16.325Z,1788605460,2026-09-05T11:00:00.000Z,21.7,14.4,350,7,,10+,1010.2,1010.0,12,METAR,METAR KJFK 051051Z 35007KT 10SM FEW095 SCT140 22/14 A2983 RMK AO2 SLP100 T02170144 $,40.6392,-73.7639,3,"New York/JF Kennedy Intl, NY, US",SCT,"[{'cover': 'FEW', 'base': 9500}, {'cover': 'SCT', 'base': 14000}]",VFR,,,,,,,,,,,,2026-09-05 10:51:00+00:00,2026-09-05 10:54:16.325000+00:00,21.7,True,21.7
KJFK,2026-09-05T11:54:06.967Z,1788609060,2026-09-05T12:00:00.000Z,22.2,15.0,340,7,,10+,1010.9,1010.8,12,METAR,METAR KJFK 051151Z 34007KT 10SM SCT140 22/15 A2985 RMK AO2 SLP108 T02220150 10239 20211 53012 $,40.6392,-73.7639,3,"New York/JF Kennedy Intl, NY, US",SCT,"[{'cover': 'SCT', 'base': 14000}]",VFR,1.2,23.9,21.1,,,,,,,,,2026-09-05 11:51:00+00:00,2026-09-05 11:54:06.967000+00:00,22.2,True,22.2
KJFK,2026-09-05T12:54:08.878Z,1788612660,2026-09-05T13:00:00.000Z,23.9,15.0,10,10,,10+,1010.9,1010.7,12,METAR,METAR KJFK 051251Z 01010KT 10SM FEW065 FEW140 SCT250 24/15 A2985 RMK AO2 SLP107 T02390150 $,40.6392,-73.7639,3,"New York/JF Kennedy Intl, NY, US",SCT,"[{'cover': 'FEW', 'base': 6500}, {'cover': 'FEW', 'base': 14000}, {'cover': 'SCT', 'base': 25000}]",VFR,,,,,,,,,,,,2026-09-05 12:51:00+00:00,2026-09-05 12:54:08.878000+00:00,23.9,True,23.9
KJFK,2026-09-05T13:54:12.853Z,1788616260,2026-09-05T14:00:00.000Z,23.9,15.6,10,9,,10+,1010.2,1010.3,12,METAR,METAR KJFK 051351Z 01009KT 10SM FEW065 FEW140 BKN250 24/16 A2983 RMK AO2 SLP103 T02390156 $,40.6392,-73.7639,3,"New York/JF Kennedy Intl, NY, US",BKN,"[{'cover': 'FEW', 'base': 6500}, {'cover': 'FEW', 'base': 14000}, {'cover': 'BKN', 'base': 25000}]",VFR,,,,,,,,,,,,2026-09-05 13:51:00+00:00,2026-09-05 13:54:12.853000+00:00,23.9,True,23.9
KJFK,2026-09-05T14:54:07.127Z,1788619860,2026-09-05T15:00:00.000Z,24.4,15.6,20,3,18.0,10+,1010.6,1010.5,12,METAR,METAR KJFK 051451Z 02003G18KT 10SM BKN031 BKN130 BKN250 24/16 A2984 RMK AO2 SLP105 T02440156 55003 $,40.6392,-73.7639,3,"New York/JF Kennedy Intl, NY, US",BKN,"[{'cover': 'BKN', 'base': 3100}, {'cover': 'BKN', 'base': 13000}, {'cover': 'BKN', 'base': 25000}]",VFR,-0.3,,,,,,,,,,,2026-09-05 14:51:00+00:00,2026-09-05 14:54:07.127000+00:00,24.4,True,24.4
KJFK,2026-09-05T15:54:11.854Z,1788623460,2026-09-05T16:00:00.000Z,25.0,15.0,10,9,,10+,1010.6,1010.4,12,METAR,METAR KJFK 051551Z 01009KT 10SM BKN031 BKN070 BKN250 25/15 A2984 RMK AO2 SLP104 T02500150 $,40.6392,-73.7639,3,"New York/JF Kennedy Intl, NY, US",BKN,"[{'cover': 'BKN', 'base': 3100}, {'cover': 'BKN', 'base': 7000}, {'cover': 'BKN', 'base': 25000}]",VFR,,,,,,,,,,,,2026-09-05 15:51:00+00:00,2026-09-05 15:54:11.854000+00:00,25.0,True,25.0
KJFK,2026-09-05T16:54:09.338Z,1788627060,2026-09-05T17:00:00.000Z,26.1,13.9,330,13,,10+,1010.9,1010.6,12,METAR,METAR KJFK 051651Z 33013KT 10SM BKN035 BKN070 BKN250 26/14 A2985 RMK AO2 SLP106 T02610139 $,40.6392,-73.7639,3,"New York/JF Kennedy Intl, NY, US",BKN,"[{'cover': 'BKN', 'base': 3500}, {'cover': 'BKN', 'base': 7000}, {'cover': 'BKN', 'base': 25000}]",VFR,,,,,,,,,,,,2026-09-05 16:51:00+00:00,2026-09-05 16:54:09.338000+00:00,26.1,True,26.1
KJFK,2026-09-05T17:54:08.808Z,1788630660,2026-09-05T18:00:00.000Z,25.6,13.9,10,12,18.0,10+,1010.2,1010.2,12,METAR,METAR KJFK 051751Z 01012G18KT 10SM BKN040 BKN070 BKN250 26/14 A2983 RMK AO2 SLP102 T02560139 58002 $,40.6392,-73.7639,3,"New York/JF Kennedy Intl, NY, US",BKN,"[{'cover': 'BKN', 'base': 4000}, {'cover': 'BKN', 'base': 7000}, {'cover': 'BKN', 'base': 25000}]",VFR,-0.2,,,,,,,,,,,2026-09-05 17:51:00+00:00,2026-09-05 17:54:08.808000+00:00,25.6,True,25.6
KJFK,2026-09-05T18:54:05.803Z,1788634260,2026-09-05T19:00:00.000Z,25.6,13.9,10,6,,10+,1010.2,1010.0,12,METAR,METAR KJFK 051851Z 01006KT 10SM SCT050 BKN075 BKN250 26/14 A2983 RMK AO2 SLP100 T02560139 $,40.6392,-73.7639,3,"New York/JF Kennedy Intl, NY, US",BKN,"[{'cover': 'SCT', 'base': 5000}, {'cover': 'BKN', 'base': 7500}, {'cover': 'BKN', 'base': 25000}]",VFR,,,,,,,,,,,,2026-09-05 18:51:00+00:00,2026-09-05 18:54:05.803000+00:00,25.6,True,25.6
KJFK,2026-09-05T20:28:18.691Z,1788637860,2026-09-05T20:00:00.000Z,26.7,13.9,330,5,,10+,1009.9,1009.7,12,METAR,METAR KJFK 051951Z 33005KT 10SM SCT055 BKN080 BKN220 BKN250 27/14 A2982 RMK AO2 SLP097 T02670139 $,40.6392,-73.7639,3,"New York/JF Kennedy Intl, NY, US",BKN,"[{'cover': 'SCT', 'base': 5500}, {'cover': 'BKN', 'base': 8000}, {'cover': 'BKN', 'base': 22000}, {'cover': 'BKN', 'base': 25000}]",VFR,,,,,,,,,,,,2026-09-05 19:51:00+00:00,2026-09-05 20:28:18.691000+00:00,26.7,True,26.7
KJFK,2026-09-05T20:54:09.193Z,1788641460,2026-09-05T21:00:00.000Z,27.2,14.4,340,3,,10+,1009.6,1009.6,12,METAR,METAR KJFK 052051Z 34003KT 10SM SCT055 BKN090 BKN250 27/14 A2981 RMK AO2 SLP096 T02720144 56007 $,40.6392,-73.7639,3,"New York/JF Kennedy Intl, NY, US",BKN,"[{'cover': 'SCT', 'base': 5500}, {'cover': 'BKN', 'base': 9000}, {'cover': 'BKN', 'base': 25000}]",VFR,-0.7,,,,,,,,,,,2026-09-05 20:51:00+00:00,2026-09-05 20:54:09.193000+00:00,27.2,True,27.2
KJFK,2026-09-05T21:54:09.284Z,1788645060,2026-09-05T22:00:00.000Z,26.1,12.8,350,14,,10+,1009.9,1009.9,12,METAR,METAR KJFK 052151Z 35014KT 10SM FEW055 SCT090 BKN250 26/13 A2982 RMK AO2 SLP099 T02610128 $,40.6392,-73.7639,3,"New York/JF Kennedy Intl, NY, US",BKN,"[{'cover': 'FEW', 'base': 5500}, {'cover': 'SCT', 'base': 9000}, {'cover': 'BKN', 'base': 25000}]",VFR,,,,,,,,,,,,2026-09-05 21:51:00+00:00,2026-09-05 21:54:09.284000+00:00,26.1,True,26.1
KJFK,2026-09-05T22:54:07.809Z,1788648660,2026-09-05T23:00:00.000Z,25.0,12.8,340,12,,10+,1010.6,1010.3,12,METAR,METAR KJFK 052251Z 34012KT 10SM FEW055 SCT090 SCT250 25/13 A2984 RMK AO2 SLP103 T02500128 $,40.6392,-73.7639,3,"New York/JF Kennedy Intl, NY, US",SCT,"[{'cover': 'FEW', 'base': 5500}, {'cover': 'SCT', 'base': 9000}, {'cover': 'SCT', 'base': 25000}]",VFR,,,,,,,,,,,,2026-09-05 22:51:00+00:00,2026-09-05 22:54:07.809000+00:00,25.0,True,25.0
KJFK,2026-09-05T23:54:09.953Z,1788652260,2026-09-06T00:00:00.000Z,24.4,13.9,10,9,,10+,1010.6,1010.5,12,METAR,METAR KJFK 052351Z 01009KT 10SM FEW050 SCT100 SCT250 24/14 A2984 RMK AO2 SLP105 T02440139 51009 $,40.6392,-73.7639,3,"New York/JF Kennedy Intl, NY, US",SCT,"[{'cover': 'FEW', 'base': 5000}, {'cover': 'SCT', 'base': 10000}, {'cover': 'SCT', 'base': 25000}]",VFR,0.9,,,,,,,,,,,2026-09-05 23:51:00+00:00,2026-09-05 23:54:09.953000+00:00,24.4,True,24.4
KJFK,2026-09-06T00:54:10.147Z,1788655860,2026-09-06T01:00:00.000Z,23.3,15.0,20,7,,10+,1011.3,1011.3,12,METAR,METAR KJFK 060051Z 02007KT 10SM FEW044 SCT110 BKN250 23/15 A2986 RMK AO2 SLP113 T02330150 $,40.6392,-73.7639,3,"New York/JF Kennedy Intl, NY, US",BKN,"[{'cover': 'FEW', 'base': 4400}, {'cover': 'SCT', 'base': 11000}, {'cover': 'BKN', 'base': 25000}]",VFR,,,,,,,,,,,,2026-09-06 00:51:00+00:00,2026-09-06 00:54:10.147000+00:00,23.3,True,23.3
KJFK,2026-09-06T01:54:08.026Z,1788659460,2026-09-06T02:00:00.000Z,22.8,14.4,20,9,,10+,1011.9,1011.7,12,METAR,METAR KJFK 060151Z 02009KT 10SM FEW045 SCT110 SCT250 23/14 A2988 RMK AO2 SLP117 T02280144 $,40.6392,-73.7639,3,"New York/JF Kennedy Intl, NY, US",SCT,"[{'cover': 'FEW', 'base': 4500}, {'cover': 'SCT', 'base': 11000}, {'cover': 'SCT', 'base': 25000}]",VFR,,,,,,,,,,,,2026-09-06 01:51:00+00:00,2026-09-06 01:54:08.026000+00:00,22.8,True,22.8
KJFK,2026-09-06T02:54:08.627Z,1788663060,2026-09-06T03:00:00.000Z,22.2,16.1,30,6,,10+,1012.3,1012.1,12,METAR,METAR KJFK 060251Z 03006KT 10SM FEW050 SCT160 SCT250 22/16 A2989 RMK AO2 SLP121 T02220161 51015 $,40.6392,-73.7639,3,"New York/JF Kennedy Intl, NY, US",SCT,"[{'cover': 'FEW', 'base': 5000}, {'cover': 'SCT', 'base': 16000}, {'cover': 'SCT', 'base': 25000}]",VFR,1.5,,,,,,,,,,,2026-09-06 02:51:00+00:00,2026-09-06 02:54:08.627000+00:00,22.2,True,22.2
KJFK,2026-09-06T03:54:09.256Z,1788666660,2026-09-06T04:00:00.000Z,20.6,18.3,100,6,,10+,1012.6,1012.5,12,METAR,METAR KJFK 060351Z 10006KT 10SM FEW015 SCT050 BKN160 21/18 A2990 RMK AO2 SLP125 T02060183 $,40.6392,-73.7639,3,"New York/JF Kennedy Intl, NY, US",BKN,"[{'cover': 'FEW', 'base': 1500}, {'cover': 'SCT', 'base': 5000}, {'cover': 'BKN', 'base': 16000}]",VFR,,,,,,,,,,,,2026-09-06 03:51:00+00:00,2026-09-06 03:54:09.256000+00:00,20.6,True,20.6
KJFK,2026-09-06T04:54:08.541Z,1788670260,2026-09-06T05:00:00.000Z,20.6,18.3,90,5,,10+,1012.6,1012.5,12,METAR,METAR KJFK 060451Z 09005KT 10SM FEW019 SCT050 BKN250 21/18 A2990 RMK AO2 SLP125 T02060183 $,40.6392,-73.7639,3,"New York/JF Kennedy Intl, NY, US",BKN,"[{'cover': 'FEW', 'base': 1900}, {'cover': 'SCT', 'base': 5000}, {'cover': 'BKN', 'base': 25000}]",VFR,,,,,,,,,,,,2026-09-06 04:51:00+00:00,2026-09-06 04:54:08.541000+00:00,20.6,True,20.6
KJFK,2026-09-06T06:05:43.477Z,1788673860,2026-09-06T06:00:00.000Z,20.6,18.3,90,5,,10+,1012.6,1012.3,12,METAR,METAR KJFK 060551Z 09005KT 10SM FEW042 BKN060 BKN250 21/18 A2990 RMK AO2 SLP123 T02060183 10244 20206 50002 $,40.6392,-73.7639,3,"New York/JF Kennedy Intl, NY, US",BKN,"[{'cover': 'FEW', 'base': 4200}, {'cover': 'BKN', 'base': 6000}, {'cover': 'BKN', 'base': 25000}]",VFR,0.2,24.4,20.6,,,,,,,,,2026-09-06 05:51:00+00:00,2026-09-06 06:05:43.477000+00:00,20.6,True,20.6
KJFK,2026-09-06T06:12:03.173Z,1788674880,2026-09-06T06:08:00.000Z,19.4,16.7,50,12,18.0,2,1012.6,,12,SPECI,SPECI KJFK 060608Z 05012G18KT 2SM +RA BKN015 BKN024 OVC060 19/17 A2990 RMK AO2 RAB0552 P0000 T01940167 $,40.6392,-73.7639,3,"New York/JF Kennedy Intl, NY, US",OVC,"[{'cover': 'BKN', 'base': 1500}, {'cover': 'BKN', 'base': 2400}, {'cover': 'OVC', 'base': 6000}]",IFR,,,,,,,0.005,,+RA,,,2026-09-06 06:08:00+00:00,2026-09-06 06:12:03.173000+00:00,19.4,True,19.4
KJFK,2026-09-06T06:26:24.811Z,1788675780,2026-09-06T06:23:00.000Z,17.8,16.1,30,5,,8,1012.3,,12,SPECI,SPECI KJFK 060623Z 03005KT 8SM -RA SCT015 BKN032 BKN050 BKN250 18/16 A2989 RMK AO2 RAB0552 P0006 T01780161 $,40.6392,-73.7639,3,"New York/JF Kennedy Intl, NY, US",BKN,"[{'cover': 'SCT', 'base': 1500}, {'cover': 'BKN', 'base': 3200}, {'cover': 'BKN', 'base': 5000}, {'cover': 'BKN', 'base': 25000}]",VFR,,,,,,,0.06,,-RA,,,2026-09-06 06:23:00+00:00,2026-09-06 06:26:24.811000+00:00,17.8,True,17.8
KJFK,2026-09-06T06:54:07.925Z,1788677460,2026-09-06T07:00:00.000Z,18.9,17.8,40,5,,10+,1012.3,1012.1,12,METAR,METAR KJFK 060651Z 04005KT 10SM FEW010 BKN032 BKN050 BKN250 19/18 A2989 RMK AO2 RAB0552E50 SLP121 P0009 T01890178 $,40.6392,-73.7639,3,"New York/JF Kennedy Intl, NY, US",BKN,"[{'cover': 'FEW', 'base': 1000}, {'cover': 'BKN', 'base': 3200}, {'cover': 'BKN', 'base': 5000}, {'cover': 'BKN', 'base': 25000}]",VFR,,,,,,,0.09,,,,,2026-09-06 06:51:00+00:00,2026-09-06 06:54:07.925000+00:00,18.9,True,18.9
KJFK,2026-09-06T07:54:09.721Z,1788681060,2026-09-06T08:00:00.000Z,18.9,17.8,60,6,,10+,1012.3,1012.2,12,METAR,METAR KJFK 060751Z 06006KT 10SM SCT023 BKN038 BKN250 19/18 A2989 RMK AO2 SLP122 T01890178 $,40.6392,-73.7639,3,"New York/JF Kennedy Intl, NY, US",BKN,"[{'cover': 'SCT', 'base': 2300}, {'cover': 'BKN', 'base': 3800}, {'cover': 'BKN', 'base': 25000}]",VFR,,,,,,,,,,,,2026-09-06 07:51:00+00:00,2026-09-06 07:54:09.721000+00:00,18.9,True,18.9
KJFK,2026-09-06T08:54:07.957Z,1788684660,2026-09-06T09:00:00.000Z,18.3,17.8,20,5,,10+,1012.6,1012.6,12,METAR,METAR KJFK 060851Z 02005KT 10SM FEW030 BKN050 BKN250 18/18 A2990 RMK AO2 SLP126 60009 T01830178 53003 $,40.6392,-73.7639,3,"New York/JF Kennedy Intl, NY, US",BKN,"[{'cover': 'FEW', 'base': 3000}, {'cover': 'BKN', 'base': 5000}, {'cover': 'BKN', 'base': 25000}]",VFR,0.3,,,,,,,0.09,,,,2026-09-06 08:51:00+00:00,2026-09-06 08:54:07.957000+00:00,18.3,True,18.3
KJFK,2026-09-06T09:54:09.293Z,1788688260,2026-09-06T10:00:00.000Z,17.8,16.7,30,5,,10+,1013.3,1013.2,12,METAR,METAR KJFK 060951Z 03005KT 10SM FEW015 FEW050 SCT160 BKN250 18/17 A2992 RMK AO2 SLP132 T01780167 $,40.6392,-73.7639,3,"New York/JF Kennedy Intl, NY, US",BKN,"[{'cover': 'FEW', 'base': 1500}, {'cover': 'FEW', 'base': 5000}, {'cover': 'SCT', 'base': 16000}, {'cover': 'BKN', 'base': 25000}]",VFR,,,,,,,,,,,,2026-09-06 09:51:00+00:00,2026-09-06 09:54:09.293000+00:00,17.8,True,17.8
KJFK,2026-09-06T10:40:15.327Z,1788690960,2026-09-06T10:36:00.000Z,17.8,15.6,50,7,,10+,1014.0,,12,SPECI,SPECI KJFK 061036Z 05007KT 10SM FEW015 BKN027 BKN100 BKN250 18/16 A2994 RMK AO2 T01780156 $,40.6392,-73.7639,3,"New York/JF Kennedy Intl, NY, US",BKN,"[{'cover': 'FEW', 'base': 1500}, {'cover': 'BKN', 'base': 2700}, {'cover': 'BKN', 'base': 10000}, {'cover': 'BKN', 'base': 25000}]",MVFR,,,,,,,,,,,,2026-09-06 10:36:00+00:00,2026-09-06 10:40:15.327000+00:00,17.8,True,17.8
KJFK,2026-09-06T10:54:08.662Z,1788691860,2026-09-06T11:00:00.000Z,17.8,15.0,80,4,,10+,1014.0,1013.9,12,METAR,METAR KJFK 061051Z 08004KT 10SM FEW015 BKN027 BKN037 BKN250 18/15 A2994 RMK AO2 SLP139 BKN027 V SCT T01780150 $,40.6392,-73.7639,3,"New York/JF Kennedy Intl, NY, US",BKN,"[{'cover': 'FEW', 'base': 1500}, {'cover': 'BKN', 'base': 2700}, {'cover': 'BKN', 'base': 3700}, {'cover': 'BKN', 'base': 25000}]",MVFR,,,,,,,,,,,,2026-09-06 10:51:00+00:00,2026-09-06 10:54:08.662000+00:00,17.8,True,17.8
KJFK,2026-09-06T11:10:10.727Z,1788692820,2026-09-06T11:07:00.000Z,17.8,15.0,60,4,,10+,1014.0,,12,SPECI,SPECI KJFK 061107Z 06004KT 10SM FEW015 SCT027 BKN037 BKN250 18/15 A2994 RMK AO2 T01780150 $,40.6392,-73.7639,3,"New York/JF Kennedy Intl, NY, US",BKN,"[{'cover': 'FEW', 'base': 1500}, {'cover': 'SCT', 'base': 2700}, {'cover': 'BKN', 'base': 3700}, {'cover': 'BKN', 'base': 25000}]",VFR,,,,,,,,,,,,2026-09-06 11:07:00+00:00,2026-09-06 11:10:10.727000+00:00,17.8,True,17.8
KJFK,2026-09-06T11:54:11.008Z,1788695460,2026-09-06T12:00:00.000Z,18.9,15.0,30,4,,10+,1014.6,1014.6,12,METAR,METAR KJFK 061151Z 03004KT 10SM FEW027 FEW037 SCT100 SCT250 19/15 A2996 RMK AO2 SLP146 60009 70009 T01890150 10206 20172 53021 $,40.6392,-73.7639,3,"New York/JF Kennedy Intl, NY, US",SCT,"[{'cover': 'FEW', 'base': 2700}, {'cover': 'FEW', 'base': 3700}, {'cover': 'SCT', 'base': 10000}, {'cover': 'SCT', 'base': 25000}]",VFR,2.1,20.6,17.2,,,0.09,,,,0.09,,2026-09-06 11:51:00+00:00,2026-09-06 11:54:11.008000+00:00,18.9,True,18.9
KJFK,2026-09-06T12:54:08.471Z,1788699060,2026-09-06T13:00:00.000Z,19.4,15.6,40,6,,10+,1015.3,1015.0,12,METAR,METAR KJFK 061251Z 04006KT 10SM SCT027 BKN060 BKN250 19/16 A2998 RMK AO2 SLP150 T01940156 $,40.6392,-73.7639,3,"New York/JF Kennedy Intl, NY, US",BKN,"[{'cover': 'SCT', 'base': 2700}, {'cover': 'BKN', 'base': 6000}, {'cover': 'BKN', 'base': 25000}]",VFR,,,,,,,,,,,,2026-09-06 12:51:00+00:00,2026-09-06 12:54:08.471000+00:00,19.4,True,19.4
KJFK,2026-09-06T13:54:09.081Z,1788702660,2026-09-06T14:00:00.000Z,21.1,16.1,60,5,,10+,1015.3,1015.2,12,METAR,METAR KJFK 061351Z 06005KT 10SM FEW020 SCT044 SCT100 BKN250 21/16 A2998 RMK AO2 SLP152 T02110161 $,40.6392,-73.7639,3,"New York/JF Kennedy Intl, NY, US",BKN,"[{'cover': 'FEW', 'base': 2000}, {'cover': 'SCT', 'base': 4400}, {'cover': 'SCT', 'base': 10000}, {'cover': 'BKN', 'base': 25000}]",VFR,,,,,,,,,,,,2026-09-06 13:51:00+00:00,2026-09-06 13:54:09.081000+00:00,21.1,True,21.1
KJFK,2026-09-06T14:54:10.281Z,1788706260,2026-09-06T15:00:00.000Z,22.8,16.1,70,8,,10+,1015.3,1015.3,12,METAR,METAR KJFK 061451Z 07008KT 10SM SCT030 SCT045 BKN060 BKN250 23/16 A2998 RMK AO2 SLP153 T02280161 51006 $,40.6392,-73.7639,3,"New York/JF Kennedy Intl, NY, US",BKN,"[{'cover': 'SCT', 'base': 3000}, {'cover': 'SCT', 'base': 4500}, {'cover': 'BKN', 'base': 6000}, {'cover': 'BKN', 'base': 25000}]",VFR,0.6,,,,,,,,,,,2026-09-06 14:51:00+00:00,2026-09-06 14:54:10.281000+00:00,22.8,True,22.8
KJFK,2026-09-06T15:54:15.748Z,1788709860,2026-09-06T16:00:00.000Z,22.2,15.6,60,7,,10+,1015.7,1015.4,12,METAR,METAR KJFK 061551Z 06007KT 10SM FEW035 SCT055 BKN080 BKN250 22/16 A2999 RMK AO2 SLP154 T02220156 $,40.6392,-73.7639,3,"New York/JF Kennedy Intl, NY, US",BKN,"[{'cover': 'FEW', 'base': 3500}, {'cover': 'SCT', 'base': 5500}, {'cover': 'BKN', 'base': 8000}, {'cover': 'BKN', 'base': 25000}]",VFR,,,,,,,,,,,,2026-09-06 15:51:00+00:00,2026-09-06 15:54:15.748000+00:00,22.2,True,22.2
KJFK,2026-09-06T16:54:07.947Z,1788713460,2026-09-06T17:00:00.000Z,22.8,16.1,60,7,,10+,1015.3,1015.3,12,METAR,METAR KJFK 061651Z 06007KT 10SM SCT038 BKN055 BKN090 BKN250 23/16 A2998 RMK AO2 SLP153 T02280161 $,40.6392,-73.7639,3,"New York/JF Kennedy Intl, NY, US",BKN,"[{'cover': 'SCT', 'base': 3800}, {'cover': 'BKN', 'base': 5500}, {'cover': 'BKN', 'base': 9000}, {'cover': 'BKN', 'base': 25000}]",VFR,,,,,,,,,,,,2026-09-06 16:51:00+00:00,2026-09-06 16:54:07.947000+00:00,22.8,True,22.8
KJFK,2026-09-06T17:54:10.050Z,1788717060,2026-09-06T18:00:00.000Z,21.7,16.1,140,8,,10+,1015.3,1015.3,12,METAR,METAR KJFK 061751Z 14008KT 10SM FEW027 SCT039 BKN060 BKN250 22/16 A2998 RMK AO2 SLP153 T02170161 50000 $,40.6392,-73.7639,3,"New York/JF Kennedy Intl, NY, US",BKN,"[{'cover': 'FEW', 'base': 2700}, {'cover': 'SCT', 'base': 3900}, {'cover': 'BKN', 'base': 6000}, {'cover': 'BKN', 'base': 25000}]",VFR,,,,,,,,,,,,2026-09-06 17:51:00+00:00,2026-09-06 17:54:10.050000+00:00,21.7,True,21.7
KJFK,2026-09-06T18:54:14.624Z,1788720660,2026-09-06T19:00:00.000Z,22.2,16.7,160,12,,10+,1015.0,1014.9,12,METAR,METAR KJFK 061851Z 16012KT 10SM BKN040 BKN060 22/17 A2997 RMK AO2 SLP149 T02220167 $,40.6392,-73.7639,3,"New York/JF Kennedy Intl, NY, US",BKN,"[{'cover': 'BKN', 'base': 4000}, {'cover': 'BKN', 'base': 6000}]",VFR,,,,,,,,,,,,2026-09-06 18:51:00+00:00,2026-09-06 18:54:14.624000+00:00,22.2,True,22.2
KJFK,2026-09-06T19:54:07.927Z,1788724260,2026-09-06T20:00:00.000Z,22.8,16.7,150,9,,10+,1015.3,1015.1,12,METAR,METAR KJFK 061951Z 15009KT 10SM SCT040 BKN060 BKN090 23/17 A2998 RMK AO2 SLP151 T02280167 $,40.6392,-73.7639,3,"New York/JF Kennedy Intl, NY, US",BKN,"[{'cover': 'SCT', 'base': 4000}, {'cover': 'BKN', 'base': 6000}, {'cover': 'BKN', 'base': 9000}]",VFR,,,,,,,,,,,,2026-09-06 19:51:00+00:00,2026-09-06 19:54:07.927000+00:00,22.8,True,22.8
KJFK,2026-09-06T20:54:07.916Z,1788727860,2026-09-06T21:00:00.000Z,22.2,17.2,170,8,,10+,1015.3,1015.3,12,METAR,METAR KJFK 062051Z 17008KT 10SM FEW040 SCT060 SCT090 22/17 A2998 RMK AO2 SLP153 T02220172 55000 $,40.6392,-73.7639,3,"New York/JF Kennedy Intl, NY, US",SCT,"[{'cover': 'FEW', 'base': 4000}, {'cover': 'SCT', 'base': 6000}, {'cover': 'SCT', 'base': 9000}]",VFR,,,,,,,,,,,,2026-09-06 20:51:00+00:00,2026-09-06 20:54:07.916000+00:00,22.2,True,22.2
KJFK,2026-09-06T21:54:09.484Z,1788731460,2026-09-06T22:00:00.000Z,22.2,16.7,160,10,,10+,1015.7,1015.3,12,METAR,METAR KJFK 062151Z 16010KT 10SM FEW040 SCT060 SCT090 22/17 A2999 RMK AO2 SLP153 T02220167 $,40.6392,-73.7639,3,"New York/JF Kennedy Intl, NY, US",SCT,"[{'cover': 'FEW', 'base': 4000}, {'cover': 'SCT', 'base': 6000}, {'cover': 'SCT', 'base': 9000}]",VFR,,,,,,,,,,,,2026-09-06 21:51:00+00:00,2026-09-06 21:54:09.484000+00:00,22.2,True,22.2
KJFK,2026-09-06T22:54:10.776Z,1788735060,2026-09-06T23:00:00.000Z,20.6,15.6,110,6,,10+,1016.0,1015.9,12,METAR,METAR KJFK 062251Z 11006KT 10SM SCT036 BKN080 21/16 A3000 RMK AO2 SLP159 T02060156 $,40.6392,-73.7639,3,"New York/JF Kennedy Intl, NY, US",BKN,"[{'cover': 'SCT', 'base': 3600}, {'cover': 'BKN', 'base': 8000}]",VFR,,,,,,,,,,,,2026-09-06 22:51:00+00:00,2026-09-06 22:54:10.776000+00:00,20.6,True,20.6
KJFK,2026-09-06T23:54:08.286Z,1788738660,2026-09-07T00:00:00.000Z,19.4,16.1,130,3,,10+,1016.3,1016.1,12,METAR,METAR KJFK 062351Z 13003KT 10SM SCT031 BKN080 19/16 A3001 RMK AO2 SLP161 T01940161 53008 $,40.6392,-73.7639,3,"New York/JF Kennedy Intl, NY, US",BKN,"[{'cover': 'SCT', 'base': 3100}, {'cover': 'BKN', 'base': 8000}]",VFR,0.8,,,,,,,,,,,2026-09-06 23:51:00+00:00,2026-09-06 23:54:08.286000+00:00,19.4,True,19.4
KJFK,2026-09-07T00:54:07.291Z,1788742260,2026-09-07T01:00:00.000Z,19.4,15.6,120,4,,10+,1016.7,1016.5,12,METAR,METAR KJFK 070051Z 12004KT 10SM FEW027 19/16 A3002 RMK AO2 SLP165 T01940156 $,40.6392,-73.7639,3,"New York/JF Kennedy Intl, NY, US",FEW,"[{'cover': 'FEW', 'base': 2700}]",VFR,,,,,,,,,,,,2026-09-07 00:51:00+00:00,2026-09-07 00:54:07.291000+00:00,19.4,True,19.4
KJFK,2026-09-07T01:59:21.049Z,1788745860,2026-09-07T02:00:00.000Z,18.9,15.6,0,0,,10+,1017.7,1017.5,12,METAR,METAR KJFK 070151Z 00000KT 10SM FEW027 19/16 A3005 RMK AO2 SLP175 T01890156 $,40.6392,-73.7639,3,"New York/JF Kennedy Intl, NY, US",FEW,"[{'cover': 'FEW', 'base': 2700}]",VFR,,,,,,,,,,,,2026-09-07 01:51:00+00:00,2026-09-07 01:59:21.049000+00:00,18.9,True,18.9
KJFK,2026-09-07T03:24:21.669Z,1788749460,2026-09-07T03:00:00.000Z,18.3,16.1,0,0,,10+,1018.0,1018.0,12,METAR,METAR KJFK 070251Z 00000KT 10SM FEW030 FEW085 18/16 A3006 RMK AO2 SLP180 T01830161 53019 $,40.6392,-73.7639,3,"New York/JF Kennedy Intl, NY, US",FEW,"[{'cover': 'FEW', 'base': 3000}, {'cover': 'FEW', 'base': 8500}]",VFR,1.9,,,,,,,,,,,2026-09-07 02:51:00+00:00,2026-09-07 03:24:21.669000+00:00,18.3,True,18.3
KJFK,2026-09-07T03:54:07.344Z,1788753060,2026-09-07T04:00:00.000Z,18.3,16.1,220,3,,10+,1018.4,1018.2,12,METAR,METAR KJFK 070351Z 22003KT 10SM FEW040 FEW080 18/16 A3007 RMK AO2 SLP182 T01830161 $,40.6392,-73.7639,3,"New York/JF Kennedy Intl, NY, US",FEW,"[{'cover': 'FEW', 'base': 4000}, {'cover': 'FEW', 'base': 8000}]",VFR,,,,,,,,,,,,2026-09-07 03:51:00+00:00,2026-09-07 03:54:07.344000+00:00,18.3,True,18.3
KJFK,2026-09-07T05:11:13.939Z,1788756660,2026-09-07T05:00:00.000Z,19.4,16.1,310,5,,10+,1019.0,1018.7,12,METAR,METAR KJFK 070451Z 31005KT 10SM FEW045 BKN070 19/16 A3009 RMK AO2 SLP187 T01940161 402560172 $,40.6392,-73.7639,3,"New York/JF Kennedy Intl, NY, US",BKN,"[{'cover': 'FEW', 'base': 4500}, {'cover': 'BKN', 'base': 7000}]",VFR,,,,25.6,17.2,,,,,,,2026-09-07 04:51:00+00:00,2026-09-07 05:11:13.939000+00:00,19.4,True,19.4
KJFK,2026-09-07T05:58:32.144Z,1788760260,2026-09-07T06:00:00.000Z,18.9,14.4,350,5,,10+,1019.0,1018.8,12,METAR,METAR KJFK 070551Z 35005KT 10SM FEW065 BKN080 OVC095 19/14 A3009 RMK AO2 SLP188 T01890144 10200 20178 51008 $,40.6392,-73.7639,3,"New York/JF Kennedy Intl, NY, US",OVC,"[{'cover': 'FEW', 'base': 6500}, {'cover': 'BKN', 'base': 8000}, {'cover': 'OVC', 'base': 9500}]",VFR,0.8,20.0,17.8,,,,,,,,,2026-09-07 05:51:00+00:00,2026-09-07 05:58:32.144000+00:00,18.9,True,18.9
KJFK,2026-09-07T06:54:08.467Z,1788763860,2026-09-07T07:00:00.000Z,18.9,10.6,350,8,,10+,1019.0,1019.0,12,METAR,METAR KJFK 070651Z 35008KT 10SM FEW060 SCT080 BKN095 19/11 A3009 RMK AO2 SLP190 T01890106 $,40.6392,-73.7639,3,"New York/JF Kennedy Intl, NY, US",BKN,"[{'cover': 'FEW', 'base': 6000}, {'cover': 'SCT', 'base': 8000}, {'cover': 'BKN', 'base': 9500}]",VFR,,,,,,,,,,,,2026-09-07 06:51:00+00:00,2026-09-07 06:54:08.467000+00:00,18.9,True,18.9
KJFK,2026-09-07T07:54:08.014Z,1788767460,2026-09-07T08:00:00.000Z,17.2,9.4,350,5,,10+,1019.4,1019.1,12,METAR,METAR KJFK 070751Z 35005KT 10SM FEW050 SCT065 SCT100 17/09 A3010 RMK AO2 SLP191 T01720094 $,40.6392,-73.7639,3,"New York/JF Kennedy Intl, NY, US",SCT,"[{'cover': 'FEW', 'base': 5000}, {'cover': 'SCT', 'base': 6500}, {'cover': 'SCT', 'base': 10000}]",VFR,,,,,,,,,,,,2026-09-07 07:51:00+00:00,2026-09-07 07:54:08.014000+00:00,17.2,True,17.2
KJFK,2026-09-07T08:54:11.115Z,1788771060,2026-09-07T09:00:00.000Z,16.7,9.4,350,7,,10+,1019.0,1019.0,12,METAR,METAR KJFK 070851Z 35007KT 10SM FEW060 FEW110 17/09 A3009 RMK AO2 SLP190 T01670094 50002 $,40.6392,-73.7639,3,"New York/JF Kennedy Intl, NY, US",FEW,"[{'cover': 'FEW', 'base': 6000}, {'cover': 'FEW', 'base': 11000}]",VFR,0.2,,,,,,,,,,,2026-09-07 08:51:00+00:00,2026-09-07 08:54:11.115000+00:00,16.7,True,16.7
KJFK,2026-09-07T09:54:13.299Z,1788774660,2026-09-07T10:00:00.000Z,16.1,9.4,340,7,,10+,1019.4,1019.3,12,METAR,METAR KJFK 070951Z 34007KT 10SM FEW070 FEW100 16/09 A3010 RMK AO2 SLP193 T01610094 $,40.6392,-73.7639,3,"New York/JF Kennedy Intl, NY, US",FEW,"[{'cover': 'FEW', 'base': 7000}, {'cover': 'FEW', 'base': 10000}]",VFR,,,,,,,,,,,,2026-09-07 09:51:00+00:00,2026-09-07 09:54:13.299000+00:00,16.1,True,16.1
KJFK,2026-09-07T10:54:11.931Z,1788778260,2026-09-07T11:00:00.000Z,16.1,10.0,330,5,,10+,1020.4,1020.2,12,METAR,METAR KJFK 071051Z 33005KT 10SM CLR 16/10 A3013 RMK AO2 SLP202 T01610100 $,40.6392,-73.7639,3,"New York/JF Kennedy Intl, NY, US",CLR,[],VFR,,,,,,,,,,,,2026-09-07 10:51:00+00:00,2026-09-07 10:54:11.931000+00:00,16.1,True,16.1
KJFK,2026-09-07T11:54:08.892Z,1788781860,2026-09-07T12:00:00.000Z,18.9,10.6,340,7,,10+,1021.1,1021.0,12,METAR,METAR KJFK 071151Z 34007KT 10SM CLR 19/11 A3015 RMK AO2 SLP210 T01890106 10194 20156 53020 $,40.6392,-73.7639,3,"New York/JF Kennedy Intl, NY, US",CLR,[],VFR,2.0,19.4,15.6,,,,,,,,,2026-09-07 11:51:00+00:00,2026-09-07 11:54:08.892000+00:00,18.9,True,18.9
KJFK,2026-09-07T12:54:10.152Z,1788785460,2026-09-07T13:00:00.000Z,21.1,10.6,330,11,,10+,1021.4,1021.1,12,METAR,METAR KJFK 071251Z 33011KT 10SM FEW045 21/11 A3016 RMK AO2 SLP211 T02110106 $,40.6392,-73.7639,3,"New York/JF Kennedy Intl, NY, US",FEW,"[{'cover': 'FEW', 'base': 4500}]",VFR,,,,,,,,,,,,2026-09-07 12:51:00+00:00,2026-09-07 12:54:10.152000+00:00,21.1,True,21.1
KJFK,2026-09-07T13:54:08.436Z,1788789060,2026-09-07T14:00:00.000Z,22.8,10.0,340,12,,10+,1021.1,1020.9,12,METAR,METAR KJFK 071351Z 34012KT 10SM FEW048 23/10 A3015 RMK AO2 SLP209 T02280100 $,40.6392,-73.7639,3,"New York/JF Kennedy Intl, NY, US",FEW,"[{'cover': 'FEW', 'base': 4800}]",VFR,,,,,,,,,,,,2026-09-07 13:51:00+00:00,2026-09-07 13:54:08.436000+00:00,22.8,True,22.8
KJFK,2026-09-07T14:54:10.904Z,1788792660,2026-09-07T15:00:00.000Z,23.9,10.6,360,10,,10+,1021.4,1021.2,12,METAR,METAR KJFK 071451Z 36010KT 10SM FEW055 24/11 A3016 RMK AO2 SLP212 T02390106 53002 $,40.6392,-73.7639,3,"New York/JF Kennedy Intl, NY, US",FEW,"[{'cover': 'FEW', 'base': 5500}]",VFR,0.2,,,,,,,,,,,2026-09-07 14:51:00+00:00,2026-09-07 14:54:10.904000+00:00,23.9,True,23.9
KJFK,2026-09-07T15:54:06.083Z,1788796260,2026-09-07T16:00:00.000Z,24.4,11.7,350,12,,10+,1021.4,1021.2,12,METAR,METAR KJFK 071551Z 35012KT 10SM FEW055 24/12 A3016 RMK AO2 SLP212 T02440117 $,40.6392,-73.7639,3,"New York/JF Kennedy Intl, NY, US",FEW,"[{'cover': 'FEW', 'base': 5500}]",VFR,,,,,,,,,,,,2026-09-07 15:51:00+00:00,2026-09-07 15:54:06.083000+00:00,24.4,True,24.4
KJFK,2026-09-07T16:54:09.987Z,1788799860,2026-09-07T17:00:00.000Z,25.0,10.6,10,11,,10+,1021.1,1020.8,12,METAR,METAR KJFK 071651Z 01011KT 10SM FEW060 25/11 A3015 RMK AO2 SLP208 T02500106 $,40.6392,-73.7639,3,"New York/JF Kennedy Intl, NY, US",FEW,"[{'cover': 'FEW', 'base': 6000}]",VFR,,,,,,,,,,,,2026-09-07 16:51:00+00:00,2026-09-07 16:54:09.987000+00:00,25.0,True,25.0
KJFK,2026-09-07T17:54:11.462Z,1788803460,2026-09-07T18:00:00.000Z,26.1,7.8,350,10,18.0,10+,1020.1,1020.0,12,METAR,METAR KJFK 071751Z 35010G18KT 10SM FEW065 26/08 A3012 RMK AO2 SLP200 T02610078 58012 $,40.6392,-73.7639,3,"New York/JF Kennedy Intl, NY, US",FEW,"[{'cover': 'FEW', 'base': 6500}]",VFR,-1.2,,,,,,,,,,,2026-09-07 17:51:00+00:00,2026-09-07 17:54:11.462000+00:00,26.1,True,26.1
KJFK,2026-09-07T18:54:10.130Z,1788807060,2026-09-07T19:00:00.000Z,26.7,8.3,350,14,20.0,10+,1020.1,1019.8,12,METAR,METAR KJFK 071851Z 35014G20KT 10SM FEW065 27/08 A3012 RMK AO2 SLP198 T02670083 $,40.6392,-73.7639,3,"New York/JF Kennedy Intl, NY, US",FEW,"[{'cover': 'FEW', 'base': 6500}]",VFR,,,,,,,,,,,,2026-09-07 18:51:00+00:00,2026-09-07 18:54:10.130000+00:00,26.7,True,26.7
KJFK,2026-09-07T19:54:11.263Z,1788810660,2026-09-07T20:00:00.000Z,26.1,8.9,360,13,17.0,10+,1019.7,1019.6,12,METAR,METAR KJFK 071951Z 36013G17KT 10SM FEW065 26/09 A3011 RMK AO2 SLP196 T02610089 $,40.6392,-73.7639,3,"New York/JF Kennedy Intl, NY, US",FEW,"[{'cover': 'FEW', 'base': 6500}]",VFR,,,,,,,,,,,,2026-09-07 19:51:00+00:00,2026-09-07 19:54:11.263000+00:00,26.1,True,26.1
KJFK,2026-09-07T20:54:13.071Z,1788814260,2026-09-07T21:00:00.000Z,26.7,9.4,20,5,,10+,1019.7,1019.7,12,METAR,METAR KJFK 072051Z 02005KT 10SM FEW065 27/09 A3011 RMK AO2 SLP197 T02670094 55003 $,40.6392,-73.7639,3,"New York/JF Kennedy Intl, NY, US",FEW,"[{'cover': 'FEW', 'base': 6500}]",VFR,-0.3,,,,,,,,,,,2026-09-07 20:51:00+00:00,2026-09-07 20:54:13.071000+00:00,26.7,True,26.7
KJFK,2026-09-07T21:54:09.688Z,1788817860,2026-09-07T22:00:00.000Z,26.1,9.4,320,3,,10+,1020.4,1020.3,12,METAR,METAR KJFK 072151Z 32003KT 10SM FEW065 FEW250 26/09 A3013 RMK AO2 SLP203 T02610094 $,40.6392,-73.7639,3,"New York/JF Kennedy Intl, NY, US",FEW,"[{'cover': 'FEW', 'base': 6500}, {'cover': 'FEW', 'base': 25000}]",VFR,,,,,,,,,,,,2026-09-07 21:51:00+00:00,2026-09-07 21:54:09.688000+00:00,26.1,True,26.1
KJFK,2026-09-07T22:54:10.441Z,1788821460,2026-09-07T23:00:00.000Z,25.6,11.1,180,4,,10+,1020.7,1020.7,12,METAR,METAR KJFK 072251Z 18004KT 10SM FEW065 FEW250 26/11 A3014 RMK AO2 SLP207 T02560111 $,40.6392,-73.7639,3,"New York/JF Kennedy Intl, NY, US",FEW,"[{'cover': 'FEW', 'base': 6500}, {'cover': 'FEW', 'base': 25000}]",VFR,,,,,,,,,,,,2026-09-07 22:51:00+00:00,2026-09-07 22:54:10.441000+00:00,25.6,True,25.6
KJFK,2026-09-07T23:54:11.164Z,1788825060,2026-09-08T00:00:00.000Z,21.7,11.7,100,3,,10+,1021.1,1021.1,12,METAR,METAR KJFK 072351Z 10003KT 10SM FEW065 SCT250 22/12 A3015 RMK AO2 SLP211 T02170117 51014 $,40.6392,-73.7639,3,"New York/JF Kennedy Intl, NY, US",SCT,"[{'cover': 'FEW', 'base': 6500}, {'cover': 'SCT', 'base': 25000}]",VFR,1.4,,,,,,,,,,,2026-09-07 23:51:00+00:00,2026-09-07 23:54:11.164000+00:00,21.7,True,21.7
KJFK,2026-09-08T00:54:11.133Z,1788828660,2026-09-08T01:00:00.000Z,22.2,10.6,0,0,,10+,1021.8,1021.7,12,METAR,METAR KJFK 080051Z 00000KT 10SM FEW065 SCT250 22/11 A3017 RMK AO2 SLP217 T02220106 $,40.6392,-73.7639,3,"New York/JF Kennedy Intl, NY, US",SCT,"[{'cover': 'FEW', 'base': 6500}, {'cover': 'SCT', 'base': 25000}]",VFR,,,,,,,,,,,,2026-09-08 00:51:00+00:00,2026-09-08 00:54:11.133000+00:00,22.2,True,22.2
KJFK,2026-09-08T01:54:10.741Z,1788832260,2026-09-08T02:00:00.000Z,20.6,12.8,140,3,,10+,1022.1,1021.8,12,METAR,METAR KJFK 080151Z 14003KT 10SM FEW065 BKN250 21/13 A3018 RMK AO2 SLP218 T02060128 $,40.6392,-73.7639,3,"New York/JF Kennedy Intl, NY, US",BKN,"[{'cover': 'FEW', 'base': 6500}, {'cover': 'BKN', 'base': 25000}]",VFR,,,,,,,,,,,,2026-09-08 01:51:00+00:00,2026-09-08 01:54:10.741000+00:00,20.6,True,20.6
KJFK,2026-09-08T02:54:08.743Z,1788835860,2026-09-08T03:00:00.000Z,22.2,12.8,260,7,,10+,1022.1,1022.0,12,METAR,METAR KJFK 080251Z 26007KT 10SM SCT070 SCT250 22/13 A3018 RMK AO2 SLP220 T02220128 51009 $,40.6392,-73.7639,3,"New York/JF Kennedy Intl, NY, US",SCT,"[{'cover': 'SCT', 'base': 7000}, {'cover': 'SCT', 'base': 25000}]",VFR,0.9,,,,,,,,,,,2026-09-08 02:51:00+00:00,2026-09-08 02:54:08.743000+00:00,22.2,True,22.2
KJFK,2026-09-08T03:54:10.879Z,1788839460,2026-09-08T04:00:00.000Z,20.0,14.4,230,5,,10+,1022.1,1022.0,12,METAR,METAR KJFK 080351Z 23005KT 10SM FEW070 FEW250 20/14 A3018 RMK AO2 SLP220 T02000144 $,40.6392,-73.7639,3,"New York/JF Kennedy Intl, NY, US",FEW,"[{'cover': 'FEW', 'base': 7000}, {'cover': 'FEW', 'base': 25000}]",VFR,,,,,,,,,,,,2026-09-08 03:51:00+00:00,2026-09-08 03:54:10.879000+00:00,20.0,True,20.0
KJFK,2026-09-08T04:54:08.976Z,1788843060,2026-09-08T05:00:00.000Z,20.6,12.2,310,6,,10+,1022.4,1022.3,12,METAR,METAR KJFK 080451Z 31006KT 10SM FEW070 FEW250 21/12 A3019 RMK AO2 SLP223 T02060122 $,40.6392,-73.7639,3,"New York/JF Kennedy Intl, NY, US",FEW,"[{'cover': 'FEW', 'base': 7000}, {'cover': 'FEW', 'base': 25000}]",VFR,,,,,,,,,,,,2026-09-08 04:51:00+00:00,2026-09-08 04:54:08.976000+00:00,20.6,True,20.6
KJFK,2026-09-08T05:54:08.515Z,1788846660,2026-09-08T06:00:00.000Z,20.0,11.7,320,5,,10+,1022.4,1022.4,12,METAR,METAR KJFK 080551Z 32005KT 10SM FEW070 FEW250 20/12 A3019 RMK AO2 SLP224 T02000117 10239 20194 53004 $,40.6392,-73.7639,3,"New York/JF Kennedy Intl, NY, US",FEW,"[{'cover': 'FEW', 'base': 7000}, {'cover': 'FEW', 'base': 25000}]",VFR,0.4,23.9,19.4,,,,,,,,,2026-09-08 05:51:00+00:00,2026-09-08 05:54:08.515000+00:00,20.0,True,20.0
KJFK,2026-09-08T06:54:07.160Z,1788850260,2026-09-08T07:00:00.000Z,19.4,12.2,320,7,,10+,1022.8,1022.4,12,METAR,METAR KJFK 080651Z 32007KT 10SM FEW070 FEW250 19/12 A3020 RMK AO2 SLP224 T01940122 $,40.6392,-73.7639,3,"New York/JF Kennedy Intl, NY, US",FEW,"[{'cover': 'FEW', 'base': 7000}, {'cover': 'FEW', 'base': 25000}]",VFR,,,,,,,,,,,,2026-09-08 06:51:00+00:00,2026-09-08 06:54:07.160000+00:00,19.4,True,19.4
KJFK,2026-09-08T07:54:08.175Z,1788853860,2026-09-08T08:00:00.000Z,20.0,11.7,320,6,,10+,1022.8,1022.5,12,METAR,METAR KJFK 080751Z 32006KT 10SM FEW070 FEW250 20/12 A3020 RMK AO2 SLP225 T02000117 $,40.6392,-73.7639,3,"New York/JF Kennedy Intl, NY, US",FEW,"[{'cover': 'FEW', 'base': 7000}, {'cover': 'FEW', 'base': 25000}]",VFR,,,,,,,,,,,,2026-09-08 07:51:00+00:00,2026-09-08 07:54:08.175000+00:00,20.0,True,20.0
KJFK,2026-09-08T08:54:06.640Z,1788857460,2026-09-08T09:00:00.000Z,18.9,12.2,310,5,,10+,1023.1,1022.9,12,METAR,METAR KJFK 080851Z 31005KT 10SM CLR 19/12 A3021 RMK AO2 SLP229 T01890122 53005 $,40.6392,-73.7639,3,"New York/JF Kennedy Intl, NY, US",CLR,[],VFR,0.5,,,,,,,,,,,2026-09-08 08:51:00+00:00,2026-09-08 08:54:06.640000+00:00,18.9,True,18.9
KJFK,2026-09-08T09:54:09.125Z,1788861060,2026-09-08T10:00:00.000Z,18.9,11.7,300,4,,10+,1023.1,1023.1,12,METAR,METAR KJFK 080951Z 30004KT 10SM FEW250 19/12 A3021 RMK AO2 SLP231 T01890117 $,40.6392,-73.7639,3,"New York/JF Kennedy Intl, NY, US",FEW,"[{'cover': 'FEW', 'base': 25000}]",VFR,,,,,,,,,,,,2026-09-08 09:51:00+00:00,2026-09-08 09:54:09.125000+00:00,18.9,True,18.9
KJFK,2026-09-08T10:54:07.208Z,1788864660,2026-09-08T11:00:00.000Z,18.9,12.8,260,5,,10+,1023.8,1023.6,12,METAR,METAR KJFK 081051Z 26005KT 10SM FEW120 FEW250 19/13 A3023 RMK AO2 SLP236 T01890128 $,40.6392,-73.7639,3,"New York/JF Kennedy Intl, NY, US",FEW,"[{'cover': 'FEW', 'base': 12000}, {'cover': 'FEW', 'base': 25000}]",VFR,,,,,,,,,,,,2026-09-08 10:51:00+00:00,2026-09-08 10:54:07.208000+00:00,18.9,True,18.9
KJFK,2026-09-08T11:54:09.510Z,1788868260,2026-09-08T12:00:00.000Z,21.1,13.9,290,3,,10+,1024.1,1024.0,12,METAR,METAR KJFK 081151Z 29003KT 10SM FEW250 21/14 A3024 RMK AO2 SLP240 T02110139 10211 20183 53012 $,40.6392,-73.7639,3,"New York/JF Kennedy Intl, NY, US",FEW,"[{'cover': 'FEW', 'base': 25000}]",VFR,1.2,21.1,18.3,,,,,,,,,2026-09-08 11:51:00+00:00,2026-09-08 11:54:09.510000+00:00,21.1,True,21.1
KJFK,2026-09-08T12:54:12.917Z,1788871860,2026-09-08T13:00:00.000Z,22.8,12.8,330,4,,10+,1024.1,1023.9,4,METAR,METAR KJFK 081251Z 33004KT 10SM SCT250 23/13 A3024 RMK AO2 SLP239 T02280128,40.6392,-73.7639,3,"New York/JF Kennedy Intl, NY, US",SCT,"[{'cover': 'SCT', 'base': 25000}]",VFR,,,,,,,,,,,,2026-09-08 12:51:00+00:00,2026-09-08 12:54:12.917000+00:00,22.8,True,22.8
KJFK,2026-09-08T13:54:13.676Z,1788875460,2026-09-08T14:00:00.000Z,25.0,11.7,340,7,,10+,1024.1,1023.9,12,METAR,METAR KJFK 081351Z 34007KT 300V010 10SM SCT250 25/12 A3024 RMK AO2 SLP239 T02500117 $,40.6392,-73.7639,3,"New York/JF Kennedy Intl, NY, US",SCT,"[{'cover': 'SCT', 'base': 25000}]",VFR,,,,,,,,,,,,2026-09-08 13:51:00+00:00,2026-09-08 13:54:13.676000+00:00,25.0,True,25.0
KJFK,2026-09-08T14:54:09.949Z,1788879060,2026-09-08T15:00:00.000Z,25.6,11.7,340,8,,10+,1024.1,1023.9,12,METAR,METAR KJFK 081451Z 34008KT 10SM SCT250 26/12 A3024 RMK AO2 SLP239 T02560117 56002 CHINO W $,40.6392,-73.7639,3,"New York/JF Kennedy Intl, NY, US",SCT,"[{'cover': 'SCT', 'base': 25000}]",VFR,-0.2,,,,,,,,,,,2026-09-08 14:51:00+00:00,2026-09-08 14:54:09.949000+00:00,25.6,True,25.6
KJFK,2026-09-08T15:54:07.248Z,1788882660,2026-09-08T16:00:00.000Z,26.1,12.2,360,13,17.0,10+,1023.8,1023.7,12,METAR,METAR KJFK 081551Z 36013G17KT 10SM FEW055 SCT250 26/12 A3023 RMK AO2 SLP237 T02610122 $,40.6392,-73.7639,3,"New York/JF Kennedy Intl, NY, US",SCT,"[{'cover': 'FEW', 'base': 5500}, {'cover': 'SCT', 'base': 25000}]",VFR,,,,,,,,,,,,2026-09-08 15:51:00+00:00,2026-09-08 15:54:07.248000+00:00,26.1,True,26.1
KJFK,2026-09-08T16:54:08.978Z,1788886260,2026-09-08T17:00:00.000Z,26.7,12.2,350,9,,10+,1023.5,1023.4,12,METAR,METAR KJFK 081651Z 35009KT 10SM FEW060 SCT250 27/12 A3022 RMK AO2 SLP234 T02670122 $,40.6392,-73.7639,3,"New York/JF Kennedy Intl, NY, US",SCT,"[{'cover': 'FEW', 'base': 6000}, {'cover': 'SCT', 'base': 25000}]",VFR,,,,,,,,,,,,2026-09-08 16:51:00+00:00,2026-09-08 16:54:08.978000+00:00,26.7,True,26.7
KJFK,2026-09-08T17:54:15.904Z,1788889860,2026-09-08T18:00:00.000Z,27.2,12.2,310,5,,10+,1023.1,1023.0,12,METAR,METAR KJFK 081751Z 31005KT 10SM FEW060 BKN250 27/12 A3021 RMK AO2 SLP230 T02720122 58009 $,40.6392,-73.7639,3,"New York/JF Kennedy Intl, NY, US",BKN,"[{'cover': 'FEW', 'base': 6000}, {'cover': 'BKN', 'base': 25000}]",VFR,-0.9,,,,,,,,,,,2026-09-08 17:51:00+00:00,2026-09-08 17:54:15.904000+00:00,27.2,True,27.2
KJFK,2026-09-08T18:54:11.439Z,1788893460,2026-09-08T19:00:00.000Z,27.8,12.2,360,10,16.0,10+,1022.8,1022.7,12,METAR,METAR KJFK 081851Z 36010G16KT 10SM FEW060 BKN250 28/12 A3020 RMK AO2 SLP227 T02780122 $,40.6392,-73.7639,3,"New York/JF Kennedy Intl, NY, US",BKN,"[{'cover': 'FEW', 'base': 6000}, {'cover': 'BKN', 'base': 25000}]",VFR,,,,,,,,,,,,2026-09-08 18:51:00+00:00,2026-09-08 18:54:11.439000+00:00,27.8,True,27.8
KJFK,2026-09-08T19:54:08.460Z,1788897060,2026-09-08T20:00:00.000Z,26.7,14.4,250,9,,10+,1022.8,1022.8,12,METAR,METAR KJFK 081951Z 25009KT 10SM FEW060 BKN250 27/14 A3020 RMK AO2 SLP228 T02670144 $,40.6392,-73.7639,3,"New York/JF Kennedy Intl, NY, US",BKN,"[{'cover': 'FEW', 'base': 6000}, {'cover': 'BKN', 'base': 25000}]",VFR,,,,,,,,,,,,2026-09-08 19:51:00+00:00,2026-09-08 19:54:08.460000+00:00,26.7,True,26.7
KJFK,2026-09-08T20:54:09.493Z,1788900660,2026-09-08T21:00:00.000Z,26.1,15.0,220,10,,10+,1022.8,1022.6,12,METAR,METAR KJFK 082051Z 22010KT 10SM FEW060 BKN250 26/15 A3020 RMK AO2 SLP226 T02610150 56004 $,40.6392,-73.7639,3,"New York/JF Kennedy Intl, NY, US",BKN,"[{'cover': 'FEW', 'base': 6000}, {'cover': 'BKN', 'base': 25000}]",VFR,-0.4,,,,,,,,,,,2026-09-08 20:51:00+00:00,2026-09-08 20:54:09.493000+00:00,26.1,True,26.1
KJFK,2026-09-08T21:54:12.006Z,1788904260,2026-09-08T22:00:00.000Z,27.2,14.4,250,7,20.0,10+,1023.1,1022.9,12,METAR,METAR KJFK 082151Z 25007G20KT 10SM FEW060 BKN250 27/14 A3021 RMK AO2 SLP229 T02720144 $,40.6392,-73.7639,3,"New York/JF Kennedy Intl, NY, US",BKN,"[{'cover': 'FEW', 'base': 6000}, {'cover': 'BKN', 'base': 25000}]",VFR,,,,,,,,,,,,2026-09-08 21:51:00+00:00,2026-09-08 21:54:12.006000+00:00,27.2,True,27.2
KJFK,2026-09-08T22:54:08.626Z,1788907860,2026-09-08T23:00:00.000Z,23.9,16.1,220,8,,10+,1023.5,1023.3,12,METAR,METAR KJFK 082251Z 22008KT 10SM FEW060 BKN250 24/16 A3022 RMK AO2 SLP233 T02390161 $,40.6392,-73.7639,3,"New York/JF Kennedy Intl, NY, US",BKN,"[{'cover': 'FEW', 'base': 6000}, {'cover': 'BKN', 'base': 25000}]",VFR,,,,,,,,,,,,2026-09-08 22:51:00+00:00,2026-09-08 22:54:08.626000+00:00,23.9,True,23.9
KJFK,2026-09-08T23:54:10.425Z,1788911460,2026-09-09T00:00:00.000Z,22.8,15.6,210,7,,10+,1023.8,1023.7,12,METAR,METAR KJFK 082351Z 21007KT 10SM FEW060 BKN250 23/16 A3023 RMK AO2 SLP237 T02280156 53011 $,40.6392,-73.7639,3,"New York/JF Kennedy Intl, NY, US",BKN,"[{'cover': 'FEW', 'base': 6000}, {'cover': 'BKN', 'base': 25000}]",VFR,1.1,,,,,,,,,,,2026-09-08 23:51:00+00:00,2026-09-08 23:54:10.425000+00:00,22.8,True,22.8
KJFK,2026-09-09T00:54:10.308Z,1788915060,2026-09-09T01:00:00.000Z,22.2,17.2,200,7,,10+,1024.5,1024.2,12,METAR,METAR KJFK 090051Z 20007KT 10SM BKN250 22/17 A3025 RMK AO2 SLP242 T02220172 $,40.6392,-73.7639,3,"New York/JF Kennedy Intl, NY, US",BKN,"[{'cover': 'BKN', 'base': 25000}]",VFR,,,,,,,,,,,,2026-09-09 00:51:00+00:00,2026-09-09 00:54:10.308000+00:00,22.2,True,22.2
KJFK,2026-09-09T01:54:16.199Z,1788918660,2026-09-09T02:00:00.000Z,21.7,17.8,200,7,,10+,1024.5,1024.4,12,METAR,METAR KJFK 090151Z 20007KT 10SM SCT250 22/18 A3025 RMK AO2 SLP244 T02170178 $,40.6392,-73.7639,3,"New York/JF Kennedy Intl, NY, US",SCT,"[{'cover': 'SCT', 'base': 25000}]",VFR,,,,,,,,,,,,2026-09-09 01:51:00+00:00,2026-09-09 01:54:16.199000+00:00,21.7,True,21.7
KJFK,2026-09-09T02:54:54.982Z,1788922260,2026-09-09T03:00:00.000Z,22.2,18.3,200,7,,10+,1024.1,1024.0,12,METAR,METAR KJFK 090251Z 20007KT 10SM BKN250 22/18 A3024 RMK AO2 SLP240 T02220183 50003 $,40.6392,-73.7639,3,"New York/JF Kennedy Intl, NY, US",BKN,"[{'cover': 'BKN', 'base': 25000}]",VFR,0.3,,,,,,,,,,,2026-09-09 02:51:00+00:00,2026-09-09 02:54:54.982000+00:00,22.2,True,22.2
KJFK,2026-09-09T03:54:15.445Z,1788925860,2026-09-09T04:00:00.000Z,21.7,18.3,220,6,,10+,1024.1,1024.0,12,METAR,METAR KJFK 090351Z 22006KT 10SM SCT250 22/18 A3024 RMK AO2 SLP240 T02170183 $,40.6392,-73.7639,3,"New York/JF Kennedy Intl, NY, US",SCT,"[{'cover': 'SCT', 'base': 25000}]",VFR,,,,,,,,,,,,2026-09-09 03:51:00+00:00,2026-09-09 03:54:15.445000+00:00,21.7,True,21.7
KJFK,2026-09-09T04:54:08.475Z,1788929460,2026-09-09T05:00:00.000Z,20.6,18.3,220,5,,10+,1024.1,1023.8,12,METAR,METAR KJFK 090451Z 22005KT 10SM BKN250 21/18 A3024 RMK AO2 SLP238 T02060183 $,40.6392,-73.7639,3,"New York/JF Kennedy Intl, NY, US",BKN,"[{'cover': 'BKN', 'base': 25000}]",VFR,,,,,,,,,,,,2026-09-09 04:51:00+00:00,2026-09-09 04:54:08.475000+00:00,20.6,True,20.6
KJFK,2026-09-09T05:54:07.410Z,1788933060,2026-09-09T06:00:00.000Z,20.6,18.9,210,4,,10+,1023.8,1023.5,12,METAR,METAR KJFK 090551Z 21004KT 10SM SCT250 21/19 A3023 RMK AO2 SLP235 T02060189 10228 20206 58005 $,40.6392,-73.7639,3,"New York/JF Kennedy Intl, NY, US",SCT,"[{'cover': 'SCT', 'base': 25000}]",VFR,-0.5,22.8,20.6,,,,,,,,,2026-09-09 05:51:00+00:00,2026-09-09 05:54:07.410000+00:00,20.6,True,20.6
KJFK,2026-09-09T06:54:10.753Z,1788936660,2026-09-09T07:00:00.000Z,20.0,18.9,0,0,,10+,1023.8,1023.5,12,METAR,METAR KJFK 090651Z 00000KT 10SM SCT250 20/19 A3023 RMK AO2 SLP235 T02000189 $,40.6392,-73.7639,3,"New York/JF Kennedy Intl, NY, US",SCT,"[{'cover': 'SCT', 'base': 25000}]",VFR,,,,,,,,,,,,2026-09-09 06:51:00+00:00,2026-09-09 06:54:10.753000+00:00,20.0,True,20.0
KJFK,2026-09-09T07:54:14.354Z,1788940260,2026-09-09T08:00:00.000Z,20.6,18.3,210,3,,10+,1023.8,1023.7,12,METAR,METAR KJFK 090751Z 21003KT 10SM SCT250 21/18 A3023 RMK AO2 SLP237 T02060183 $,40.6392,-73.7639,3,"New York/JF Kennedy Intl, NY, US",SCT,"[{'cover': 'SCT', 'base': 25000}]",VFR,,,,,,,,,,,,2026-09-09 07:51:00+00:00,2026-09-09 07:54:14.354000+00:00,20.6,True,20.6
KJFK,2026-09-09T08:54:10.331Z,1788943860,2026-09-09T09:00:00.000Z,20.0,17.8,240,4,,10+,1024.1,1023.9,12,METAR,METAR KJFK 090851Z 24004KT 10SM SCT250 20/18 A3024 RMK AO2 SLP239 T02000178 53004 $,40.6392,-73.7639,3,"New York/JF Kennedy Intl, NY, US",SCT,"[{'cover': 'SCT', 'base': 25000}]",VFR,0.4,,,,,,,,,,,2026-09-09 08:51:00+00:00,2026-09-09 08:54:10.331000+00:00,20.0,True,20.0
KJFK,2026-09-09T09:54:11.446Z,1788947460,2026-09-09T10:00:00.000Z,20.0,17.8,0,0,,10+,1024.1,1023.9,12,METAR,METAR KJFK 090951Z 00000KT 10SM FEW055 SCT250 20/18 A3024 RMK AO2 SLP239 T02000178 $,40.6392,-73.7639,3,"New York/JF Kennedy Intl, NY, US",SCT,"[{'cover': 'FEW', 'base': 5500}, {'cover': 'SCT', 'base': 25000}]",VFR,,,,,,,,,,,,2026-09-09 09:51:00+00:00,2026-09-09 09:54:11.446000+00:00,20.0,True,20.0
KJFK,2026-09-09T10:54:18.514Z,1788951060,2026-09-09T11:00:00.000Z,20.0,18.3,150,3,,10+,1024.1,1023.8,12,METAR,METAR KJFK 091051Z 15003KT 10SM FEW055 FEW140 BKN250 20/18 A3024 RMK AO2 SLP238 T02000183 $,40.6392,-73.7639,3,"New York/JF Kennedy Intl, NY, US",BKN,"[{'cover': 'FEW', 'base': 5500}, {'cover': 'FEW', 'base': 14000}, {'cover': 'BKN', 'base': 25000}]",VFR,,,,,,,,,,,,2026-09-09 10:51:00+00:00,2026-09-09 10:54:18.514000+00:00,20.0,True,20.0
KJFK,2026-09-09T11:54:06.476Z,1788954660,2026-09-09T12:00:00.000Z,21.7,18.9,190,4,,10+,1024.1,1023.9,12,METAR,METAR KJFK 091151Z 19004KT 10SM FEW060 FEW140 SCT250 22/19 A3024 RMK AO2 SLP239 T02170189 10217 20189 55000 $,40.6392,-73.7639,3,"New York/JF Kennedy Intl, NY, US",SCT,"[{'cover': 'FEW', 'base': 6000}, {'cover': 'FEW', 'base': 14000}, {'cover': 'SCT', 'base': 25000}]",VFR,,21.7,18.9,,,,,,,,,2026-09-09 11:51:00+00:00,2026-09-09 11:54:06.476000+00:00,21.7,True,21.7
KJFK,2026-09-09T12:54:09.263Z,1788958260,2026-09-09T13:00:00.000Z,23.3,18.9,200,7,,10+,1024.1,1023.9,12,METAR,METAR KJFK 091251Z 20007KT 10SM SCT050 BKN120 BKN250 23/19 A3024 RMK AO2 SLP239 T02330189 $,40.6392,-73.7639,3,"New York/JF Kennedy Intl, NY, US",BKN,"[{'cover': 'SCT', 'base': 5000}, {'cover': 'BKN', 'base': 12000}, {'cover': 'BKN', 'base': 25000}]",VFR,,,,,,,,,,,,2026-09-09 12:51:00+00:00,2026-09-09 12:54:09.263000+00:00,23.3,True,23.3
KJFK,2026-09-09T13:54:11.884Z,1788961860,2026-09-09T14:00:00.000Z,24.4,19.4,170,7,,10+,1023.8,1023.5,12,METAR,METAR KJFK 091351Z 17007KT 10SM FEW050 SCT120 SCT250 24/19 A3023 RMK AO2 SLP235 T02440194 $,40.6392,-73.7639,3,"New York/JF Kennedy Intl, NY, US",SCT,"[{'cover': 'FEW', 'base': 5000}, {'cover': 'SCT', 'base': 12000}, {'cover': 'SCT', 'base': 25000}]",VFR,,,,,,,,,,,,2026-09-09 13:51:00+00:00,2026-09-09 13:54:11.884000+00:00,24.4,True,24.4
KJFK,2026-09-09T14:54:08.960Z,1788965460,2026-09-09T15:00:00.000Z,25.6,20.6,180,10,,10+,1023.5,1023.1,12,METAR,METAR KJFK 091451Z 18010KT 10SM FEW055 SCT120 BKN250 26/21 A3022 RMK AO2 SLP231 T02560206 58008 $,40.6392,-73.7639,3,"New York/JF Kennedy Intl, NY, US",BKN,"[{'cover': 'FEW', 'base': 5500}, {'cover': 'SCT', 'base': 12000}, {'cover': 'BKN', 'base': 25000}]",VFR,-0.8,,,,,,,,,,,2026-09-09 14:51:00+00:00,2026-09-09 14:54:08.960000+00:00,25.6,True,25.6
KJFK,2026-09-09T15:54:08.903Z,1788969060,2026-09-09T16:00:00.000Z,26.1,20.6,180,9,,10+,1022.8,1022.6,12,METAR,METAR KJFK 091551Z 18009KT 10SM FEW055 FEW140 BKN250 26/21 A3020 RMK AO2 SLP226 T02610206 $,40.6392,-73.7639,3,"New York/JF Kennedy Intl, NY, US",BKN,"[{'cover': 'FEW', 'base': 5500}, {'cover': 'FEW', 'base': 14000}, {'cover': 'BKN', 'base': 25000}]",VFR,,,,,,,,,,,,2026-09-09 15:51:00+00:00,2026-09-09 15:54:08.903000+00:00,26.1,True,26.1
KJFK,2026-09-09T16:54:10.646Z,1788972660,2026-09-09T17:00:00.000Z,26.7,21.7,180,11,,10+,1021.8,1021.6,12,METAR,METAR KJFK 091651Z 18011KT 10SM FEW055 FEW090 SCT140 BKN250 27/22 A3017 RMK AO2 SLP216 T02670217 $,40.6392,-73.7639,3,"New York/JF Kennedy Intl, NY, US",BKN,"[{'cover': 'FEW', 'base': 5500}, {'cover': 'FEW', 'base': 9000}, {'cover': 'SCT', 'base': 14000}, {'cover': 'BKN', 'base': 25000}]",VFR,,,,,,,,,,,,2026-09-09 16:51:00+00:00,2026-09-09 16:54:10.646000+00:00,26.7,True,26.7
KJFK,2026-09-09T18:51:28.065Z,1788979860,2026-09-09T19:00:00.000Z,26.0,22.0,190,14,21.0,10+,1020.1,,0,METAR,METAR KJFK 091851Z 19014G21KT 10SM SCT050 BKN160 BKN250 26/22 A3012,40.6392,-73.7639,3,"New York/JF Kennedy Intl, NY, US",BKN,"[{'cover': 'SCT', 'base': 5000}, {'cover': 'BKN', 'base': 16000}, {'cover': 'BKN', 'base': 25000}]",VFR,,,,,,,,,,,,2026-09-09 18:51:00+00:00,2026-09-09 18:51:28.065000+00:00,26.0,True,26.0
KJFK,2026-09-09T19:52:12.736Z,1788983460,2026-09-09T20:00:00.000Z,26.0,22.0,190,16,,10+,1019.0,,0,METAR,METAR KJFK 091951Z 19016KT 10SM SCT050 BKN070 BKN130 BKN250 26/22 A3009,40.6392,-73.7639,3,"New York/JF Kennedy Intl, NY, US",BKN,"[{'cover': 'SCT', 'base': 5000}, {'cover': 'BKN', 'base': 7000}, {'cover': 'BKN', 'base': 13000}, {'cover': 'BKN', 'base': 25000}]",VFR,,,,,,,,,,,,2026-09-09 19:51:00+00:00,2026-09-09 19:52:12.736000+00:00,26.0,True,26.0
KJFK,2026-09-09T20:54:09.055Z,1788987060,2026-09-09T21:00:00.000Z,25.0,20.6,180,17,26.0,10+,1018.4,1018.2,4,METAR,METAR KJFK 092051Z 18017G26KT 10SM FEW060 SCT075 BKN095 BKN150 BKN250 25/21 A3007 RMK AO2 PK WND 18026/2051 SLP182 6//// T02500206,40.6392,-73.7639,3,"New York/JF Kennedy Intl, NY, US",BKN,"[{'cover': 'FEW', 'base': 6000}, {'cover': 'SCT', 'base': 7500}, {'cover': 'BKN', 'base': 9500}, {'cover': 'BKN', 'base': 15000}]",VFR,,,,,,,,,,,,2026-09-09 20:51:00+00:00,2026-09-09 20:54:09.055000+00:00,25.0,True,25.0
KJFK,2026-09-09T21:54:21.660Z,1788990660,2026-09-09T22:00:00.000Z,25.0,20.6,190,18,27.0,10+,1017.7,1017.5,4,METAR,METAR KJFK 092151Z 19018G27KT 10SM FEW060 SCT090 BKN130 BKN250 25/21 A3005 RMK AO2 PK WND 20030/2126 SLP175 T02500206,40.6392,-73.7639,3,"New York/JF Kennedy Intl, NY, US",BKN,"[{'cover': 'FEW', 'base': 6000}, {'cover': 'SCT', 'base': 9000}, {'cover': 'BKN', 'base': 13000}, {'cover': 'BKN', 'base': 25000}]",VFR,,,,,,,,,,,,2026-09-09 21:51:00+00:00,2026-09-09 21:54:21.660000+00:00,25.0,True,25.0
KJFK,2026-09-09T22:54:07.870Z,1788994260,2026-09-09T23:00:00.000Z,24.4,21.1,190,17,27.0,10+,1017.4,1017.1,4,METAR,METAR KJFK 092251Z 19017G27KT 10SM FEW090 BKN160 BKN250 24/21 A3004 RMK AO2 PK WND 19029/2227 SLP171 T02440211,40.6392,-73.7639,3,"New York/JF Kennedy Intl, NY, US",BKN,"[{'cover': 'FEW', 'base': 9000}, {'cover': 'BKN', 'base': 16000}, {'cover': 'BKN', 'base': 25000}]",VFR,,,,,,,,,,,,2026-09-09 22:51:00+00:00,2026-09-09 22:54:07.870000+00:00,24.4,True,24.4
KJFK,2026-09-09T23:54:08.489Z,1788997860,2026-09-10T00:00:00.000Z,25.0,20.0,200,21,28.0,10+,1017.0,1016.7,12,METAR,METAR KJFK 092351Z 20021G28KT 10SM BKN160 BKN250 25/20 A3003 RMK AO2 PK WND 19029/2318 SLP167 6//// T02500200 56014 $,40.6392,-73.7639,3,"New York/JF Kennedy Intl, NY, US",BKN,"[{'cover': 'BKN', 'base': 16000}, {'cover': 'BKN', 'base': 25000}]",VFR,-1.4,,,,,,,,,,,2026-09-09 23:51:00+00:00,2026-09-09 23:54:08.489000+00:00,25.0,True,25.0
KJFK,2026-09-10T00:54:13.769Z,1789001460,2026-09-10T01:00:00.000Z,24.4,20.6,200,20,27.0,10+,1017.0,1016.9,4,METAR,METAR KJFK 100051Z 20020G27KT 10SM BKN120 BKN160 BKN250 24/21 A3003 RMK AO2 PK WND 20030/0022 SLP169 T02440206,40.6392,-73.7639,3,"New York/JF Kennedy Intl, NY, US",BKN,"[{'cover': 'BKN', 'base': 12000}, {'cover': 'BKN', 'base': 16000}, {'cover': 'BKN', 'base': 25000}]",VFR,,,,,,,,,,,,2026-09-10 00:51:00+00:00,2026-09-10 00:54:13.769000+00:00,24.4,True,24.4
KJFK,2026-09-10T01:54:13.797Z,1789005060,2026-09-10T02:00:00.000Z,23.9,20.0,190,15,,10+,1016.7,1016.5,4,METAR,METAR KJFK 100151Z 19015KT 10SM FEW120 BKN160 BKN250 24/20 A3002 RMK AO2 PK WND 20027/0053 SLP165 T02390200,40.6392,-73.7639,3,"New York/JF Kennedy Intl, NY, US",BKN,"[{'cover': 'FEW', 'base': 12000}, {'cover': 'BKN', 'base': 16000}, {'cover': 'BKN', 'base': 25000}]",VFR,,,,,,,,,,,,2026-09-10 01:51:00+00:00,2026-09-10 01:54:13.797000+00:00,23.9,True,23.9
KJFK,2026-09-10T02:54:10.009Z,1789008660,2026-09-10T03:00:00.000Z,23.9,18.3,200,15,23.0,10+,1015.7,1015.5,4,METAR,METAR KJFK 100251Z 20015G23KT 10SM SCT170 BKN250 24/18 A2999 RMK AO2 SLP155 T02390183 58013,40.6392,-73.7639,3,"New York/JF Kennedy Intl, NY, US",BKN,"[{'cover': 'SCT', 'base': 17000}, {'cover': 'BKN', 'base': 25000}]",VFR,-1.3,,,,,,,,,,,2026-09-10 02:51:00+00:00,2026-09-10 02:54:10.009000+00:00,23.9,True,23.9
KJFK,2026-09-10T03:54:11.207Z,1789012260,2026-09-10T04:00:00.000Z,23.3,18.3,200,17,26.0,10+,1015.0,1014.8,4,METAR,METAR KJFK 100351Z 20017G26KT 10SM SCT180 BKN250 23/18 A2997 RMK AO2 PK WND 20026/0349 SLP148 T02330183,40.6392,-73.7639,3,"New York/JF Kennedy Intl, NY, US",BKN,"[{'cover': 'SCT', 'base': 18000}, {'cover': 'BKN', 'base': 25000}]",VFR,,,,,,,,,,,,2026-09-10 03:51:00+00:00,2026-09-10 03:54:11.207000+00:00,23.3,True,23.3
KJFK,2026-09-10T04:54:08.812Z,1789015860,2026-09-10T05:00:00.000Z,23.3,17.8,220,14,,10+,1015.0,1014.9,4,METAR,METAR KJFK 100451Z 22014KT 10SM FEW190 SCT250 23/18 A2997 RMK AO2 SLP149 T02330178 402500233,40.6392,-73.7639,3,"New York/JF Kennedy Intl, NY, US",SCT,"[{'cover': 'FEW', 'base': 19000}, {'cover': 'SCT', 'base': 25000}]",VFR,,,,25.0,23.3,,,,,,,2026-09-10 04:51:00+00:00,2026-09-10 04:54:08.812000+00:00,23.3,True,23.3
KJFK,2026-09-10T05:54:11.095Z,1789019460,2026-09-10T06:00:00.000Z,23.3,18.3,230,15,,10+,1014.6,1014.4,4,METAR,METAR KJFK 100551Z 23015KT 10SM BKN065 BKN150 BKN250 23/18 A2996 RMK AO2 SLP144 T02330183 10250 20233 56011,40.6392,-73.7639,3,"New York/JF Kennedy Intl, NY, US",BKN,"[{'cover': 'BKN', 'base': 6500}, {'cover': 'BKN', 'base': 15000}, {'cover': 'BKN', 'base': 25000}]",VFR,-1.1,25.0,23.3,,,,,,,,,2026-09-10 05:51:00+00:00,2026-09-10 05:54:11.095000+00:00,23.3,True,23.3
KJFK,2026-09-10T06:54:10.880Z,1789023060,2026-09-10T07:00:00.000Z,23.3,18.3,230,12,,10+,1013.6,1013.3,4,METAR,METAR KJFK 100651Z 23012KT 10SM SCT070 SCT160 BKN250 23/18 A2993 RMK AO2 SLP133 T02330183,40.6392,-73.7639,3,"New York/JF Kennedy Intl, NY, US",BKN,"[{'cover': 'SCT', 'base': 7000}, {'cover': 'SCT', 'base': 16000}, {'cover': 'BKN', 'base': 25000}]",VFR,,,,,,,,,,,,2026-09-10 06:51:00+00:00,2026-09-10 06:54:10.880000+00:00,23.3,True,23.3
KJFK,2026-09-10T07:54:12.146Z,1789026660,2026-09-10T08:00:00.000Z,23.3,18.9,230,12,,10+,1013.0,1012.7,4,METAR,METAR KJFK 100751Z 23012KT 10SM SCT070 BKN170 BKN250 23/19 A2991 RMK AO2 SLP127 T02330189,40.6392,-73.7639,3,"New York/JF Kennedy Intl, NY, US",BKN,"[{'cover': 'SCT', 'base': 7000}, {'cover': 'BKN', 'base': 17000}, {'cover': 'BKN', 'base': 25000}]",VFR,,,,,,,,,,,,2026-09-10 07:51:00+00:00,2026-09-10 07:54:12.146000+00:00,23.3,True,23.3
KJFK,2026-09-10T08:54:10.050Z,1789030260,2026-09-10T09:00:00.000Z,23.3,18.9,250,12,,10+,1013.0,1012.7,4,METAR,METAR KJFK 100851Z 25012KT 10SM BKN070 BKN090 BKN250 23/19 A2991 RMK AO2 RAB35E44 SLP127 P0000 60000 T02330189 56017,40.6392,-73.7639,3,"New York/JF Kennedy Intl, NY, US",BKN,"[{'cover': 'BKN', 'base': 7000}, {'cover': 'BKN', 'base': 9000}, {'cover': 'BKN', 'base': 25000}]",VFR,-1.7,,,,,,0.005,0.005,,,,2026-09-10 08:51:00+00:00,2026-09-10 08:54:10.050000+00:00,23.3,True,23.3
KJFK,2026-09-10T09:54:10.243Z,1789033860,2026-09-10T10:00:00.000Z,22.8,18.9,240,10,,10+,1012.6,1012.4,4,METAR,METAR KJFK 100951Z 24010KT 10SM SCT065 BKN090 OVC120 23/19 A2990 RMK AO2 RAB0852E03 SLP124 P0000 T02280189,40.6392,-73.7639,3,"New York/JF Kennedy Intl, NY, US",OVC,"[{'cover': 'SCT', 'base': 6500}, {'cover': 'BKN', 'base': 9000}, {'cover': 'OVC', 'base': 12000}]",VFR,,,,,,,0.005,,,,,2026-09-10 09:51:00+00:00,2026-09-10 09:54:10.243000+00:00,22.8,True,22.8
KJFK,2026-09-10T10:54:13.372Z,1789037460,2026-09-10T11:00:00.000Z,23.3,19.4,250,9,,10+,1012.6,1012.4,4,METAR,METAR KJFK 101051Z 25009KT 10SM FEW050 BKN095 BKN160 OVC220 23/19 A2990 RMK AO2 SLP124 T02330194,40.6392,-73.7639,3,"New York/JF Kennedy Intl, NY, US",OVC,"[{'cover': 'FEW', 'base': 5000}, {'cover': 'BKN', 'base': 9500}, {'cover': 'BKN', 'base': 16000}, {'cover': 'OVC', 'base': 22000}]",VFR,,,,,,,,,,,,2026-09-10 10:51:00+00:00,2026-09-10 10:54:13.372000+00:00,23.3,True,23.3
KJFK,2026-09-10T11:56:11.079Z,1789041060,2026-09-10T12:00:00.000Z,22.2,19.4,260,9,,10+,1013.0,1012.7,13,METAR,METAR KJFK 101151Z COR 26009KT 10SM -RA OVC095 22/19 A2991 RMK AO2 RAB22 SLP127 P0001 60001 70001 T02220194 10239 20222 53001 $,40.6392,-73.7639,3,"New York/JF Kennedy Intl, NY, US",OVC,"[{'cover': 'OVC', 'base': 9500}]",VFR,0.1,23.9,22.2,,,0.01,0.01,,-RA,0.01,,2026-09-10 11:51:00+00:00,2026-09-10 11:56:11.079000+00:00,22.2,True,22.2
KJFK,2026-09-10T12:54:12.857Z,1789044660,2026-09-10T13:00:00.000Z,23.3,20.0,250,10,,10+,1012.6,1012.5,4,METAR,METAR KJFK 101251Z 25010KT 10SM SCT060 SCT095 BKN120 BKN230 23/20 A2990 RMK AO2 RAE1156 SLP125 P0000 T02330200,40.6392,-73.7639,3,"New York/JF Kennedy Intl, NY, US",BKN,"[{'cover': 'SCT', 'base': 6000}, {'cover': 'SCT', 'base': 9500}, {'cover': 'BKN', 'base': 12000}, {'cover': 'BKN', 'base': 23000}]",VFR,,,,,,,0.005,,,,,2026-09-10 12:51:00+00:00,2026-09-10 12:54:12.857000+00:00,23.3,True,23.3
KJFK,2026-09-10T13:54:10.722Z,1789048260,2026-09-10T14:00:00.000Z,24.4,21.1,240,10,,10+,1012.6,1012.4,4,METAR,METAR KJFK 101351Z 24010KT 10SM FEW035 FEW095 SCT140 BKN250 24/21 A2990 RMK AO2 SLP124 T02440211,40.6392,-73.7639,3,"New York/JF Kennedy Intl, NY, US",BKN,"[{'cover': 'FEW', 'base': 3500}, {'cover': 'FEW', 'base': 9500}, {'cover': 'SCT', 'base': 14000}, {'cover': 'BKN', 'base': 25000}]",VFR,,,,,,,,,,,,2026-09-10 13:51:00+00:00,2026-09-10 13:54:10.722000+00:00,24.4,True,24.4
KJFK,2026-09-10T14:54:07.531Z,1789051860,2026-09-10T15:00:00.000Z,27.2,20.6,270,9,,10+,1012.3,1012.1,4,METAR,METAR KJFK 101451Z 27009KT 10SM FEW037 BKN250 27/21 A2989 RMK AO2 SLP121 60000 T02720206 58006,40.6392,-73.7639,3,"New York/JF Kennedy Intl, NY, US",BKN,"[{'cover': 'FEW', 'base': 3700}, {'cover': 'BKN', 'base': 25000}]",VFR,-0.6,,,,,,,0.005,,,,2026-09-10 14:51:00+00:00,2026-09-10 14:54:07.531000+00:00,27.2,True,27.2
KJFK,2026-09-10T15:54:08.639Z,1789055460,2026-09-10T16:00:00.000Z,27.8,21.7,250,8,,10+,1011.6,1011.4,12,METAR,METAR KJFK 101551Z 25008KT 10SM FEW040 BKN250 28/22 A2987 RMK AO2 SLP114 T02780217 $,40.6392,-73.7639,3,"New York/JF Kennedy Intl, NY, US",BKN,"[{'cover': 'FEW', 'base': 4000}, {'cover': 'BKN', 'base': 25000}]",VFR,,,,,,,,,,,,2026-09-10 15:51:00+00:00,2026-09-10 15:54:08.639000+00:00,27.8,True,27.8
KJFK,2026-09-10T16:54:09.486Z,1789059060,2026-09-10T17:00:00.000Z,28.9,20.0,270,13,,10+,1011.3,1011.1,12,METAR,METAR KJFK 101651Z 27013KT 10SM FEW041 FEW160 BKN250 29/20 A2986 RMK AO2 SLP111 T02890200 $,40.6392,-73.7639,3,"New York/JF Kennedy Intl, NY, US",BKN,"[{'cover': 'FEW', 'base': 4100}, {'cover': 'FEW', 'base': 16000}, {'cover': 'BKN', 'base': 25000}]",VFR,,,,,,,,,,,,2026-09-10 16:51:00+00:00,2026-09-10 16:54:09.486000+00:00,28.9,True,28.9
KJFK,2026-09-10T17:54:08.340Z,1789062660,2026-09-10T18:00:00.000Z,30.6,19.4,290,10,,10+,1010.9,1010.8,12,METAR,METAR KJFK 101751Z 29010KT 10SM FEW046 FEW160 BKN250 31/19 A2985 RMK AO2 SLP108 60000 T03060194 56014 $,40.6392,-73.7639,3,"New York/JF Kennedy Intl, NY, US",BKN,"[{'cover': 'FEW', 'base': 4600}, {'cover': 'FEW', 'base': 16000}, {'cover': 'BKN', 'base': 25000}]",VFR,-1.4,,,,,0.005,,,,,,2026-09-10 17:51:00+00:00,2026-09-10 17:54:08.340000+00:00,30.6,True,30.6
KJFK,2026-09-10T18:54:10.904Z,1789066260,2026-09-10T19:00:00.000Z,31.1,18.9,270,12,,10+,1010.6,1010.3,12,METAR,METAR KJFK 101851Z 27012KT 10SM FEW050 FEW160 BKN250 31/19 A2984 RMK AO2 SLP103 T03110189 $,40.6392,-73.7639,3,"New York/JF Kennedy Intl, NY, US",BKN,"[{'cover': 'FEW', 'base': 5000}, {'cover': 'FEW', 'base': 16000}, {'cover': 'BKN', 'base': 25000}]",VFR,,,,,,,,,,,,2026-09-10 18:51:00+00:00,2026-09-10 18:54:10.904000+00:00,31.1,True,31.1
KJFK,2026-09-10T19:54:10.031Z,1789069860,2026-09-10T20:00:00.000Z,31.1,18.9,290,9,,10+,1010.2,1010.1,12,METAR,METAR KJFK 101951Z 29009KT 10SM FEW050 SCT150 BKN250 31/19 A2983 RMK AO2 SLP101 T03110189 $,40.6392,-73.7639,3,"New York/JF Kennedy Intl, NY, US",BKN,"[{'cover': 'FEW', 'base': 5000}, {'cover': 'SCT', 'base': 15000}, {'cover': 'BKN', 'base': 25000}]",VFR,,,,,,,,,,,,2026-09-10 19:51:00+00:00,2026-09-10 19:54:10.031000+00:00,31.1,True,31.1
KJFK,2026-09-10T20:54:10.638Z,1789073460,2026-09-10T21:00:00.000Z,31.1,19.4,280,14,,10+,1010.2,1010.0,12,METAR,METAR KJFK 102051Z 28014KT 10SM FEW048 SCT150 BKN250 31/19 A2983 RMK AO2 SLP100 T03110194 56008 $,40.6392,-73.7639,3,"New York/JF Kennedy Intl, NY, US",BKN,"[{'cover': 'FEW', 'base': 4800}, {'cover': 'SCT', 'base': 15000}, {'cover': 'BKN', 'base': 25000}]",VFR,-0.8,,,,,,,,,,,2026-09-10 20:51:00+00:00,2026-09-10 20:54:10.638000+00:00,31.1,True,31.1
KJFK,2026-09-10T21:54:08.737Z,1789077060,2026-09-10T22:00:00.000Z,30.6,17.2,280,12,,10+,1010.2,1010.0,12,METAR,METAR KJFK 102151Z 28012KT 10SM FEW055 SCT150 BKN250 31/17 A2983 RMK AO2 SLP100 T03060172 $,40.6392,-73.7639,3,"New York/JF Kennedy Intl, NY, US",BKN,"[{'cover': 'FEW', 'base': 5500}, {'cover': 'SCT', 'base': 15000}, {'cover': 'BKN', 'base': 25000}]",VFR,,,,,,,,,,,,2026-09-10 21:51:00+00:00,2026-09-10 21:54:08.737000+00:00,30.6,True,30.6
KJFK,2026-09-10T22:54:08.291Z,1789080660,2026-09-10T23:00:00.000Z,28.9,16.7,270,12,,10+,1010.2,1010.2,12,METAR,METAR KJFK 102251Z 27012KT 10SM FEW050 SCT190 BKN250 29/17 A2983 RMK AO2 SLP102 T02890167 $,40.6392,-73.7639,3,"New York/JF Kennedy Intl, NY, US",BKN,"[{'cover': 'FEW', 'base': 5000}, {'cover': 'SCT', 'base': 19000}, {'cover': 'BKN', 'base': 25000}]",VFR,,,,,,,,,,,,2026-09-10 22:51:00+00:00,2026-09-10 22:54:08.291000+00:00,28.9,True,28.9
KJFK,2026-09-10T23:54:07.457Z,1789084260,2026-09-11T00:00:00.000Z,27.2,17.8,260,8,,10+,1010.9,1010.7,4,METAR,METAR KJFK 102351Z 26008KT 10SM SCT190 SCT250 27/18 A2985 RMK AO2 SLP107 T02720178 53007,40.6392,-73.7639,3,"New York/JF Kennedy Intl, NY, US",SCT,"[{'cover': 'SCT', 'base': 19000}, {'cover': 'SCT', 'base': 25000}]",VFR,0.7,,,,,,,,,,,2026-09-10 23:51:00+00:00,2026-09-10 23:54:07.457000+00:00,27.2,True,27.2
KJFK,2026-09-11T00:54:17.517Z,1789087860,2026-09-11T01:00:00.000Z,27.2,17.2,250,8,,10+,1011.3,1011.2,4,METAR,METAR KJFK 110051Z 25008KT 10SM SCT190 SCT250 27/17 A2986 RMK AO2 SLP112 T02720172,40.6392,-73.7639,3,"New York/JF Kennedy Intl, NY, US",SCT,"[{'cover': 'SCT', 'base': 19000}, {'cover': 'SCT', 'base': 25000}]",VFR,,,,,,,,,,,,2026-09-11 00:51:00+00:00,2026-09-11 00:54:17.517000+00:00,27.2,True,27.2
KJFK,2026-09-11T01:55:04.341Z,1789091460,2026-09-11T02:00:00.000Z,27.2,16.7,270,9,,10+,1011.6,1011.4,4,METAR,METAR KJFK 110151Z 27009KT 10SM FEW190 SCT250 27/17 A2987 RMK AO2 SLP114 T02720167,40.6392,-73.7639,3,"New York/JF Kennedy Intl, NY, US",SCT,"[{'cover': 'FEW', 'base': 19000}, {'cover': 'SCT', 'base': 25000}]",VFR,,,,,,,,,,,,2026-09-11 01:51:00+00:00,2026-09-11 01:55:04.341000+00:00,27.2,True,27.2
KJFK,2026-09-11T02:54:20.566Z,1789095060,2026-09-11T03:00:00.000Z,27.2,16.7,280,9,,10+,1011.6,1011.4,4,METAR,METAR KJFK 110251Z 28009KT 10SM SCT075 SCT180 BKN250 27/17 A2987 RMK AO2 SLP114 T02720167 51007,40.6392,-73.7639,3,"New York/JF Kennedy Intl, NY, US",BKN,"[{'cover': 'SCT', 'base': 7500}, {'cover': 'SCT', 'base': 18000}, {'cover': 'BKN', 'base': 25000}]",VFR,0.7,,,,,,,,,,,2026-09-11 02:51:00+00:00,2026-09-11 02:54:20.566000+00:00,27.2,True,27.2
KJFK,2026-09-11T03:54:11.147Z,1789098660,2026-09-11T04:00:00.000Z,26.1,17.8,280,7,,10+,1011.9,1011.7,4,METAR,METAR KJFK 110351Z 28007KT 10SM BKN070 BKN160 BKN250 26/18 A2988 RMK AO2 SLP117 T02610178,40.6392,-73.7639,3,"New York/JF Kennedy Intl, NY, US",BKN,"[{'cover': 'BKN', 'base': 7000}, {'cover': 'BKN', 'base': 16000}, {'cover': 'BKN', 'base': 25000}]",VFR,,,,,,,,,,,,2026-09-11 03:51:00+00:00,2026-09-11 03:54:11.147000+00:00,26.1,True,26.1
KJFK,2026-09-11T04:54:16.451Z,1789102260,2026-09-11T05:00:00.000Z,26.1,17.2,360,11,,10+,1012.3,1012.0,4,METAR,METAR KJFK 110451Z 36011KT 10SM SCT075 BKN170 BKN250 26/17 A2989 RMK AO2 SLP120 T02610172 403110222,40.6392,-73.7639,3,"New York/JF Kennedy Intl, NY, US",BKN,"[{'cover': 'SCT', 'base': 7500}, {'cover': 'BKN', 'base': 17000}, {'cover': 'BKN', 'base': 25000}]",VFR,,,,31.1,22.2,,,,,,,2026-09-11 04:51:00+00:00,2026-09-11 04:54:16.451000+00:00,26.1,True,26.1
KJFK,2026-09-11T05:54:09.245Z,1789105860,2026-09-11T06:00:00.000Z,25.0,16.1,360,9,,10+,1012.6,1012.5,4,METAR,METAR KJFK 110551Z 36009KT 10SM FEW070 BKN220 25/16 A2990 RMK AO2 SLP125 T02500161 10278 20250 53011,40.6392,-73.7639,3,"New York/JF Kennedy Intl, NY, US",BKN,"[{'cover': 'FEW', 'base': 7000}, {'cover': 'BKN', 'base': 22000}]",VFR,1.1,27.8,25.0,,,,,,,,,2026-09-11 05:51:00+00:00,2026-09-11 05:54:09.245000+00:00,25.0,True,25.0
KJFK,2026-09-11T06:54:08.856Z,1789109460,2026-09-11T07:00:00.000Z,23.9,15.6,30,6,,10+,1013.0,1012.7,4,METAR,METAR KJFK 110651Z 03006KT 10SM BKN070 BKN250 24/16 A2991 RMK AO2 SLP127 T02390156,40.6392,-73.7639,3,"New York/JF Kennedy Intl, NY, US",BKN,"[{'cover': 'BKN', 'base': 7000}, {'cover': 'BKN', 'base': 25000}]",VFR,,,,,,,,,,,,2026-09-11 06:51:00+00:00,2026-09-11 06:54:08.856000+00:00,23.9,True,23.9
KJFK,2026-09-11T07:54:14.064Z,1789113060,2026-09-11T08:00:00.000Z,22.8,15.0,20,6,,10+,1013.0,1012.8,4,METAR,METAR KJFK 110751Z 02006KT 10SM FEW065 SCT200 BKN250 23/15 A2991 RMK AO2 SLP128 T02280150,40.6392,-73.7639,3,"New York/JF Kennedy Intl, NY, US",BKN,"[{'cover': 'FEW', 'base': 6500}, {'cover': 'SCT', 'base': 20000}, {'cover': 'BKN', 'base': 25000}]",VFR,,,,,,,,,,,,2026-09-11 07:51:00+00:00,2026-09-11 07:54:14.064000+00:00,22.8,True,22.8
KJFK,2026-09-11T08:54:07.286Z,1789116660,2026-09-11T09:00:00.000Z,22.8,13.3,350,10,,10+,1013.3,1013.2,4,METAR,METAR KJFK 110851Z 35010KT 10SM FEW075 SCT180 BKN250 23/13 A2992 RMK AO2 SLP132 T02280133 53007,40.6392,-73.7639,3,"New York/JF Kennedy Intl, NY, US",BKN,"[{'cover': 'FEW', 'base': 7500}, {'cover': 'SCT', 'base': 18000}, {'cover': 'BKN', 'base': 25000}]",VFR,0.7,,,,,,,,,,,2026-09-11 08:51:00+00:00,2026-09-11 08:54:07.286000+00:00,22.8,True,22.8
KJFK,2026-09-11T09:54:07.159Z,1789120260,2026-09-11T10:00:00.000Z,22.2,12.8,10,7,,10+,1013.6,1013.6,4,METAR,METAR KJFK 110951Z 01007KT 10SM FEW080 SCT170 BKN250 22/13 A2993 RMK AO2 SLP136 T02220128,40.6392,-73.7639,3,"New York/JF Kennedy Intl, NY, US",BKN,"[{'cover': 'FEW', 'base': 8000}, {'cover': 'SCT', 'base': 17000}, {'cover': 'BKN', 'base': 25000}]",VFR,,,,,,,,,,,,2026-09-11 09:51:00+00:00,2026-09-11 09:54:07.159000+00:00,22.2,True,22.2
KJFK,2026-09-11T10:57:08.790Z,1789123860,2026-09-11T11:00:00.000Z,22.2,12.8,350,7,,10+,1014.0,1013.9,4,METAR,METAR KJFK 111051Z 35007KT 10SM FEW045 BKN065 BKN150 BKN250 22/13 A2994 RMK AO2 SLP139 T02220128,40.6392,-73.7639,3,"New York/JF Kennedy Intl, NY, US",BKN,"[{'cover': 'FEW', 'base': 4500}, {'cover': 'BKN', 'base': 6500}, {'cover': 'BKN', 'base': 15000}, {'cover': 'BKN', 'base': 25000}]",VFR,,,,,,,,,,,,2026-09-11 10:51:00+00:00,2026-09-11 10:57:08.790000+00:00,22.2,True,22.2
KJFK,2026-09-11T11:54:09.553Z,1789127460,2026-09-11T12:00:00.000Z,22.2,10.6,340,9,,10+,1015.0,1015.0,4,METAR,METAR KJFK 111151Z 34009KT 10SM BKN060 BKN140 BKN250 22/11 A2997 RMK AO2 SLP150 T02220106 10250 20217 53017,40.6392,-73.7639,3,"New York/JF Kennedy Intl, NY, US",BKN,"[{'cover': 'BKN', 'base': 6000}, {'cover': 'BKN', 'base': 14000}, {'cover': 'BKN', 'base': 25000}]",VFR,1.7,25.0,21.7,,,,,,,,,2026-09-11 11:51:00+00:00,2026-09-11 11:54:09.553000+00:00,22.2,True,22.2
KJFK,2026-09-11T12:54:20.546Z,1789131060,2026-09-11T13:00:00.000Z,22.8,10.0,360,9,,10+,1015.3,1015.2,4,METAR,METAR KJFK 111251Z 36009KT 10SM SCT060 BKN140 BKN200 23/10 A2998 RMK AO2 SLP152 T02280100,40.6392,-73.7639,3,"New York/JF Kennedy Intl, NY, US",BKN,"[{'cover': 'SCT', 'base': 6000}, {'cover': 'BKN', 'base': 14000}, {'cover': 'BKN', 'base': 20000}]",VFR,,,,,,,,,,,,2026-09-11 12:51:00+00:00,2026-09-11 12:54:20.546000+00:00,22.8,True,22.8
KJFK,2026-09-11T13:54:13.397Z,1789134660,2026-09-11T14:00:00.000Z,22.8,8.9,360,11,,10+,1016.0,1015.7,4,METAR,METAR KJFK 111351Z 36011KT 10SM SCT070 BKN120 BKN210 23/09 A3000 RMK AO2 SLP157 T02280089,40.6392,-73.7639,3,"New York/JF Kennedy Intl, NY, US",BKN,"[{'cover': 'SCT', 'base': 7000}, {'cover': 'BKN', 'base': 12000}, {'cover': 'BKN', 'base': 21000}]",VFR,,,,,,,,,,,,2026-09-11 13:51:00+00:00,2026-09-11 13:54:13.397000+00:00,22.8,True,22.8
KJFK,2026-09-11T14:54:14.396Z,1789138260,2026-09-11T15:00:00.000Z,23.3,9.4,10,9,,10+,1016.3,1016.1,12,METAR,METAR KJFK 111451Z 01009KT 10SM SCT070 BKN120 BKN230 23/09 A3001 RMK AO2 SLP161 T02330094 53011 $,40.6392,-73.7639,3,"New York/JF Kennedy Intl, NY, US",BKN,"[{'cover': 'SCT', 'base': 7000}, {'cover': 'BKN', 'base': 12000}, {'cover': 'BKN', 'base': 23000}]",VFR,1.1,,,,,,,,,,,2026-09-11 14:51:00+00:00,2026-09-11 14:54:14.396000+00:00,23.3,True,23.3
KJFK,2026-09-11T15:54:09.171Z,1789141860,2026-09-11T16:00:00.000Z,23.9,10.6,350,6,,10+,1016.3,1016.2,12,METAR,METAR KJFK 111551Z 35006KT 10SM FEW070 BKN120 BKN230 24/11 A3001 RMK AO2 SLP162 T02390106 $,40.6392,-73.7639,3,"New York/JF Kennedy Intl, NY, US",BKN,"[{'cover': 'FEW', 'base': 7000}, {'cover': 'BKN', 'base': 12000}, {'cover': 'BKN', 'base': 23000}]",VFR,,,,,,,,,,,,2026-09-11 15:51:00+00:00,2026-09-11 15:54:09.171000+00:00,23.9,True,23.9
KJFK,2026-09-11T16:54:10.884Z,1789145460,2026-09-11T17:00:00.000Z,23.9,11.1,330,5,,10+,1016.0,1016.0,12,METAR,METAR KJFK 111651Z 33005KT 10SM FEW070 BKN120 BKN230 24/11 A3000 RMK AO2 SLP160 T02390111 $,40.6392,-73.7639,3,"New York/JF Kennedy Intl, NY, US",BKN,"[{'cover': 'FEW', 'base': 7000}, {'cover': 'BKN', 'base': 12000}, {'cover': 'BKN', 'base': 23000}]",VFR,,,,,,,,,,,,2026-09-11 16:51:00+00:00,2026-09-11 16:54:10.884000+00:00,23.9,True,23.9
KJFK,2026-09-11T17:54:07.119Z,1789149060,2026-09-11T18:00:00.000Z,26.1,11.7,250,7,,10+,1015.7,1015.4,12,METAR,METAR KJFK 111751Z 25007KT 10SM FEW070 SCT120 SCT230 26/12 A2999 RMK AO2 SLP154 T02610117 58006 $,40.6392,-73.7639,3,"New York/JF Kennedy Intl, NY, US",SCT,"[{'cover': 'FEW', 'base': 7000}, {'cover': 'SCT', 'base': 12000}, {'cover': 'SCT', 'base': 23000}]",VFR,-0.6,,,,,,,,,,,2026-09-11 17:51:00+00:00,2026-09-11 17:54:07.119000+00:00,26.1,True,26.1
KJFK,2026-09-11T18:54:09.828Z,1789152660,2026-09-11T19:00:00.000Z,26.1,12.2,210,9,,10+,1015.0,1015.0,12,METAR,METAR KJFK 111851Z 21009KT 10SM FEW055 SCT120 SCT250 26/12 A2997 RMK AO2 SLP150 T02610122 $,40.6392,-73.7639,3,"New York/JF Kennedy Intl, NY, US",SCT,"[{'cover': 'FEW', 'base': 5500}, {'cover': 'SCT', 'base': 12000}, {'cover': 'SCT', 'base': 25000}]",VFR,,,,,,,,,,,,2026-09-11 18:51:00+00:00,2026-09-11 18:54:09.828000+00:00,26.1,True,26.1
KJFK,2026-09-11T19:54:11.343Z,1789156260,2026-09-11T20:00:00.000Z,25.6,14.4,210,11,,10+,1014.6,1014.5,12,METAR,METAR KJFK 111951Z 21011KT 10SM FEW050 SCT120 SCT250 26/14 A2996 RMK AO2 SLP145 T02560144 $,40.6392,-73.7639,3,"New York/JF Kennedy Intl, NY, US",SCT,"[{'cover': 'FEW', 'base': 5000}, {'cover': 'SCT', 'base': 12000}, {'cover': 'SCT', 'base': 25000}]",VFR,,,,,,,,,,,,2026-09-11 19:51:00+00:00,2026-09-11 19:54:11.343000+00:00,25.6,True,25.6
KJFK,2026-09-11T20:54:09.371Z,1789159860,2026-09-11T21:00:00.000Z,26.1,14.4,0,0,,10+,1014.6,1014.5,12,METAR,METAR KJFK 112051Z 00000KT 10SM FEW050 SCT120 SCT250 26/14 A2996 RMK AO2 SLP145 T02610144 56009 $,40.6392,-73.7639,3,"New York/JF Kennedy Intl, NY, US",SCT,"[{'cover': 'FEW', 'base': 5000}, {'cover': 'SCT', 'base': 12000}, {'cover': 'SCT', 'base': 25000}]",VFR,-0.9,,,,,,,,,,,2026-09-11 20:51:00+00:00,2026-09-11 20:54:09.371000+00:00,26.1,True,26.1
KJFK,2026-09-11T21:54:10.898Z,1789163460,2026-09-11T22:00:00.000Z,26.1,10.6,10,9,,10+,1014.6,1014.7,12,METAR,METAR KJFK 112151Z 01009KT 10SM FEW065 FEW120 SCT250 26/11 A2996 RMK AO2 SLP147 T02610106 $,40.6392,-73.7639,3,"New York/JF Kennedy Intl, NY, US",SCT,"[{'cover': 'FEW', 'base': 6500}, {'cover': 'FEW', 'base': 12000}, {'cover': 'SCT', 'base': 25000}]",VFR,,,,,,,,,,,,2026-09-11 21:51:00+00:00,2026-09-11 21:54:10.898000+00:00,26.1,True,26.1
KJFK,2026-09-11T22:54:09.566Z,1789167060,2026-09-11T23:00:00.000Z,25.0,10.0,10,7,,10+,1015.3,1015.1,12,METAR,METAR KJFK 112251Z 01007KT 10SM FEW120 FEW250 25/10 A2998 RMK AO2 SLP151 T02500100 $,40.6392,-73.7639,3,"New York/JF Kennedy Intl, NY, US",FEW,"[{'cover': 'FEW', 'base': 12000}, {'cover': 'FEW', 'base': 25000}]",VFR,,,,,,,,,,,,2026-09-11 22:51:00+00:00,2026-09-11 22:54:09.566000+00:00,25.0,True,25.0
KJFK,2026-09-11T23:54:08.373Z,1789170660,2026-09-12T00:00:00.000Z,21.1,16.7,170,7,,10+,1016.0,1015.8,12,METAR,METAR KJFK 112351Z 17007KT 10SM FEW250 21/17 A3000 RMK AO2 SLP158 T02110167 53013 $,40.6392,-73.7639,3,"New York/JF Kennedy Intl, NY, US",FEW,"[{'cover': 'FEW', 'base': 25000}]",VFR,1.3,,,,,,,,,,,2026-09-11 23:51:00+00:00,2026-09-11 23:54:08.373000+00:00,21.1,True,21.1
KJFK,2026-09-12T00:54:08.463Z,1789174260,2026-09-12T01:00:00.000Z,21.1,17.2,180,4,,10+,1017.0,1016.8,12,METAR,METAR KJFK 120051Z 18004KT 10SM FEW250 21/17 A3003 RMK AO2 SLP168 T02110172 $,40.6392,-73.7639,3,"New York/JF Kennedy Intl, NY, US",FEW,"[{'cover': 'FEW', 'base': 25000}]",VFR,,,,,,,,,,,,2026-09-12 00:51:00+00:00,2026-09-12 00:54:08.463000+00:00,21.1,True,21.1
KJFK,2026-09-12T01:54:12.311Z,1789177860,2026-09-12T02:00:00.000Z,20.6,17.2,0,0,,10+,1017.4,1017.3,12,METAR,METAR KJFK 120151Z 00000KT 10SM FEW250 21/17 A3004 RMK AO2 SLP173 T02060172 $,40.6392,-73.7639,3,"New York/JF Kennedy Intl, NY, US",FEW,"[{'cover': 'FEW', 'base': 25000}]",VFR,,,,,,,,,,,,2026-09-12 01:51:00+00:00,2026-09-12 01:54:12.311000+00:00,20.6,True,20.6
KJFK,2026-09-12T02:54:08.435Z,1789181460,2026-09-12T03:00:00.000Z,20.0,17.8,190,3,,10+,1017.7,1017.7,12,METAR,METAR KJFK 120251Z 19003KT 10SM FEW250 20/18 A3005 RMK AO2 SLP177 T02000178 51019 $,40.6392,-73.7639,3,"New York/JF Kennedy Intl, NY, US",FEW,"[{'cover': 'FEW', 'base': 25000}]",VFR,1.9,,,,,,,,,,,2026-09-12 02:51:00+00:00,2026-09-12 02:54:08.435000+00:00,20.0,True,20.0
KJFK,2026-09-12T03:54:08.541Z,1789185060,2026-09-12T04:00:00.000Z,19.4,17.2,0,0,,10+,1018.0,1017.8,12,METAR,METAR KJFK 120351Z 00000KT 10SM FEW250 19/17 A3006 RMK AO2 SLP178 T01940172 $,40.6392,-73.7639,3,"New York/JF Kennedy Intl, NY, US",FEW,"[{'cover': 'FEW', 'base': 25000}]",VFR,,,,,,,,,,,,2026-09-12 03:51:00+00:00,2026-09-12 03:54:08.541000+00:00,19.4,True,19.4
KJFK,2026-09-12T04:54:11.826Z,1789188660,2026-09-12T05:00:00.000Z,18.9,16.7,0,0,,10+,1018.0,1017.9,12,METAR,METAR KJFK 120451Z 00000KT 10SM FEW250 19/17 A3006 RMK AO2 SLP179 T01890167 $,40.6392,-73.7639,3,"New York/JF Kennedy Intl, NY, US",FEW,"[{'cover': 'FEW', 'base': 25000}]",VFR,,,,,,,,,,,,2026-09-12 04:51:00+00:00,2026-09-12 04:54:11.826000+00:00,18.9,True,18.9
KJFK,2026-09-12T06:54:11.116Z,1789195860,2026-09-12T07:00:00.000Z,17.8,15.6,20,4,,10+,1018.4,1018.1,12,METAR,METAR KJFK 120651Z 02004KT 10SM FEW250 18/16 A3007 RMK AO2 SLP181 T01780156 $,40.6392,-73.7639,3,"New York/JF Kennedy Intl, NY, US",FEW,"[{'cover': 'FEW', 'base': 25000}]",VFR,,,,,,,,,,,,2026-09-12 06:51:00+00:00,2026-09-12 06:54:11.116000+00:00,17.8,True,17.8
KJFK,2026-09-12T07:54:07.382Z,1789199460,2026-09-12T08:00:00.000Z,16.7,15.0,60,4,,10+,1018.7,1018.5,12,METAR,METAR KJFK 120751Z 06004KT 10SM FEW250 17/15 A3008 RMK AO2 SLP185 T01670150 $,40.6392,-73.7639,3,"New York/JF Kennedy Intl, NY, US",FEW,"[{'cover': 'FEW', 'base': 25000}]",VFR,,,,,,,,,,,,2026-09-12 07:51:00+00:00,2026-09-12 07:54:07.382000+00:00,16.7,True,16.7
KJFK,2026-09-12T08:54:10.500Z,1789203060,2026-09-12T09:00:00.000Z,16.7,15.6,80,4,,10+,1019.0,1018.7,12,METAR,METAR KJFK 120851Z 08004KT 10SM FEW250 17/16 A3009 RMK AO2 SLP187 T01670156 53006 $,40.6392,-73.7639,3,"New York/JF Kennedy Intl, NY, US",FEW,"[{'cover': 'FEW', 'base': 25000}]",VFR,0.6,,,,,,,,,,,2026-09-12 08:51:00+00:00,2026-09-12 08:54:10.500000+00:00,16.7,True,16.7
KJFK,2026-09-12T09:54:07.011Z,1789206660,2026-09-12T10:00:00.000Z,16.7,15.0,50,6,,10+,1019.4,1019.3,12,METAR,METAR KJFK 120951Z 05006KT 10SM FEW250 17/15 A3010 RMK AO2 SLP193 T01670150 $,40.6392,-73.7639,3,"New York/JF Kennedy Intl, NY, US",FEW,"[{'cover': 'FEW', 'base': 25000}]",VFR,,,,,,,,,,,,2026-09-12 09:51:00+00:00,2026-09-12 09:54:07.011000+00:00,16.7,True,16.7
KJFK,2026-09-12T10:54:11.545Z,1789210260,2026-09-12T11:00:00.000Z,16.7,13.3,60,5,,10+,1020.1,1019.7,12,METAR,METAR KJFK 121051Z 06005KT 10SM FEW045 FEW150 SCT250 17/13 A3012 RMK AO2 SLP197 T01670133 $,40.6392,-73.7639,3,"New York/JF Kennedy Intl, NY, US",SCT,"[{'cover': 'FEW', 'base': 4500}, {'cover': 'FEW', 'base': 15000}, {'cover': 'SCT', 'base': 25000}]",VFR,,,,,,,,,,,,2026-09-12 10:51:00+00:00,2026-09-12 10:54:11.545000+00:00,16.7,True,16.7
KJFK,2026-09-12T11:54:08.697Z,1789213860,2026-09-12T12:00:00.000Z,18.9,14.4,70,5,,10+,1020.4,1020.3,12,METAR,METAR KJFK 121151Z 07005KT 10SM FEW045 FEW080 SCT130 SCT250 19/14 A3013 RMK AO2 SLP203 T01890144 10189 20167 52016 $,40.6392,-73.7639,3,"New York/JF Kennedy Intl, NY, US",SCT,"[{'cover': 'FEW', 'base': 4500}, {'cover': 'FEW', 'base': 8000}, {'cover': 'SCT', 'base': 13000}, {'cover': 'SCT', 'base': 25000}]",VFR,1.6,18.9,16.7,,,,,,,,,2026-09-12 11:51:00+00:00,2026-09-12 11:54:08.697000+00:00,18.9,True,18.9
KJFK,2026-09-12T12:54:11.228Z,1789217460,2026-09-12T13:00:00.000Z,22.2,16.7,80,4,,10+,1020.4,1020.2,12,METAR,METAR KJFK 121251Z 08004KT 10SM FEW040 SCT080 SCT130 BKN250 22/17 A3013 RMK AO2 SLP202 T02220167 $,40.6392,-73.7639,3,"New York/JF Kennedy Intl, NY, US",BKN,"[{'cover': 'FEW', 'base': 4000}, {'cover': 'SCT', 'base': 8000}, {'cover': 'SCT', 'base': 13000}, {'cover': 'BKN', 'base': 25000}]",VFR,,,,,,,,,,,,2026-09-12 12:51:00+00:00,2026-09-12 12:54:11.228000+00:00,22.2,True,22.2
KJFK,2026-09-12T13:54:08.788Z,1789221060,2026-09-12T14:00:00.000Z,23.3,18.3,130,7,,10+,1020.4,1020.4,12,METAR,METAR KJFK 121351Z 13007KT 10SM SCT020 BKN080 BKN140 BKN250 23/18 A3013 RMK AO2 SLP204 T02330183 $,40.6392,-73.7639,3,"New York/JF Kennedy Intl, NY, US",BKN,"[{'cover': 'SCT', 'base': 2000}, {'cover': 'BKN', 'base': 8000}, {'cover': 'BKN', 'base': 14000}, {'cover': 'BKN', 'base': 25000}]",VFR,,,,,,,,,,,,2026-09-12 13:51:00+00:00,2026-09-12 13:54:08.788000+00:00,23.3,True,23.3
KJFK,2026-09-12T14:54:09.078Z,1789224660,2026-09-12T15:00:00.000Z,23.3,17.8,150,9,,10+,1020.7,1020.7,12,METAR,METAR KJFK 121451Z 15009KT 10SM BKN022 BKN130 BKN250 23/18 A3014 RMK AO2 SLP207 T02330178 53004 $,40.6392,-73.7639,3,"New York/JF Kennedy Intl, NY, US",BKN,"[{'cover': 'BKN', 'base': 2200}, {'cover': 'BKN', 'base': 13000}, {'cover': 'BKN', 'base': 25000}]",MVFR,0.4,,,,,,,,,,,2026-09-12 14:51:00+00:00,2026-09-12 14:54:09.078000+00:00,23.3,True,23.3
KJFK,2026-09-12T15:54:12.998Z,1789228260,2026-09-12T16:00:00.000Z,23.9,17.2,150,9,,10+,1020.4,1020.4,12,METAR,METAR KJFK 121551Z 15009KT 10SM BKN026 BKN130 BKN250 24/17 A3013 RMK AO2 SLP204 T02390172 $,40.6392,-73.7639,3,"New York/JF Kennedy Intl, NY, US",BKN,"[{'cover': 'BKN', 'base': 2600}, {'cover': 'BKN', 'base': 13000}, {'cover': 'BKN', 'base': 25000}]",MVFR,,,,,,,,,,,,2026-09-12 15:51:00+00:00,2026-09-12 15:54:12.998000+00:00,23.9,True,23.9
KJFK,2026-09-12T16:54:08.942Z,1789231860,2026-09-12T17:00:00.000Z,24.4,17.8,170,9,,10+,1020.7,1020.4,12,METAR,METAR KJFK 121651Z 17009KT 10SM SCT029 BKN130 BKN250 24/18 A3014 RMK AO2 SLP204 T02440178 $,40.6392,-73.7639,3,"New York/JF Kennedy Intl, NY, US",BKN,"[{'cover': 'SCT', 'base': 2900}, {'cover': 'BKN', 'base': 13000}, {'cover': 'BKN', 'base': 25000}]",VFR,,,,,,,,,,,,2026-09-12 16:51:00+00:00,2026-09-12 16:54:08.942000+00:00,24.4,True,24.4
KJFK,2026-09-12T17:54:09.470Z,1789235460,2026-09-12T18:00:00.000Z,24.4,16.1,160,12,,10+,1020.4,1020.2,12,METAR,METAR KJFK 121751Z 16012KT 10SM FEW029 SCT090 BKN250 24/16 A3013 RMK AO2 SLP202 T02440161 56005 $,40.6392,-73.7639,3,"New York/JF Kennedy Intl, NY, US",BKN,"[{'cover': 'FEW', 'base': 2900}, {'cover': 'SCT', 'base': 9000}, {'cover': 'BKN', 'base': 25000}]",VFR,-0.5,,,,,,,,,,,2026-09-12 17:51:00+00:00,2026-09-12 17:54:09.470000+00:00,24.4,True,24.4
KJFK,2026-09-12T18:54:10.193Z,1789239060,2026-09-12T19:00:00.000Z,25.0,16.7,150,11,,10+,1020.1,1019.9,12,METAR,METAR KJFK 121851Z 15011KT 10SM FEW040 BKN250 25/17 A3012 RMK AO2 SLP199 T02500167 $,40.6392,-73.7639,3,"New York/JF Kennedy Intl, NY, US",BKN,"[{'cover': 'FEW', 'base': 4000}, {'cover': 'BKN', 'base': 25000}]",VFR,,,,,,,,,,,,2026-09-12 18:51:00+00:00,2026-09-12 18:54:10.193000+00:00,25.0,True,25.0
KJFK,2026-09-12T19:54:11.485Z,1789242660,2026-09-12T20:00:00.000Z,24.4,17.2,160,12,,10+,1019.4,1019.3,12,METAR,METAR KJFK 121951Z 16012KT 10SM FEW040 SCT160 BKN250 24/17 A3010 RMK AO2 SLP193 T02440172 $,40.6392,-73.7639,3,"New York/JF Kennedy Intl, NY, US",BKN,"[{'cover': 'FEW', 'base': 4000}, {'cover': 'SCT', 'base': 16000}, {'cover': 'BKN', 'base': 25000}]",VFR,,,,,,,,,,,,2026-09-12 19:51:00+00:00,2026-09-12 19:54:11.485000+00:00,24.4,True,24.4
KJFK,2026-09-12T20:54:15.483Z,1789246260,2026-09-12T21:00:00.000Z,23.9,15.6,170,12,,10+,1019.0,1018.9,12,METAR,METAR KJFK 122051Z 17012KT 10SM FEW045 SCT140 BKN250 24/16 A3009 RMK AO2 SLP189 T02390156 58013 $,40.6392,-73.7639,3,"New York/JF Kennedy Intl, NY, US",BKN,"[{'cover': 'FEW', 'base': 4500}, {'cover': 'SCT', 'base': 14000}, {'cover': 'BKN', 'base': 25000}]",VFR,-1.3,,,,,,,,,,,2026-09-12 20:51:00+00:00,2026-09-12 20:54:15.483000+00:00,23.9,True,23.9
KJFK,2026-09-12T21:54:10.522Z,1789249860,2026-09-12T22:00:00.000Z,23.3,15.6,150,12,,10+,1018.7,1018.6,12,METAR,METAR KJFK 122151Z 15012KT 10SM FEW045 SCT150 BKN250 23/16 A3008 RMK AO2 SLP186 T02330156 $,40.6392,-73.7639,3,"New York/JF Kennedy Intl, NY, US",BKN,"[{'cover': 'FEW', 'base': 4500}, {'cover': 'SCT', 'base': 15000}, {'cover': 'BKN', 'base': 25000}]",VFR,,,,,,,,,,,,2026-09-12 21:51:00+00:00,2026-09-12 21:54:10.522000+00:00,23.3,True,23.3
KJFK,2026-09-12T22:54:11.407Z,1789253460,2026-09-12T23:00:00.000Z,22.2,15.6,160,9,,10+,1019.0,1018.8,12,METAR,METAR KJFK 122251Z 16009KT 10SM FEW045 SCT150 BKN250 22/16 A3009 RMK AO2 SLP188 T02220156 $,40.6392,-73.7639,3,"New York/JF Kennedy Intl, NY, US",BKN,"[{'cover': 'FEW', 'base': 4500}, {'cover': 'SCT', 'base': 15000}, {'cover': 'BKN', 'base': 25000}]",VFR,,,,,,,,,,,,2026-09-12 22:51:00+00:00,2026-09-12 22:54:11.407000+00:00,22.2,True,22.2
KJFK,2026-09-12T23:54:07.922Z,1789257060,2026-09-13T00:00:00.000Z,22.2,14.4,140,7,,10+,1018.7,1018.6,12,METAR,METAR KJFK 122351Z 14007KT 10SM FEW045 SCT140 BKN250 22/14 A3008 RMK AO2 SLP186 T02220144 56002 $,40.6392,-73.7639,3,"New York/JF Kennedy Intl, NY, US",BKN,"[{'cover': 'FEW', 'base': 4500}, {'cover': 'SCT', 'base': 14000}, {'cover': 'BKN', 'base': 25000}]",VFR,-0.2,,,,,,,,,,,2026-09-12 23:51:00+00:00,2026-09-12 23:54:07.922000+00:00,22.2,True,22.2
KJFK,2026-09-13T00:54:07.213Z,1789260660,2026-09-13T01:00:00.000Z,21.7,15.0,140,7,,10+,1019.0,1018.8,12,METAR,METAR KJFK 130051Z 14007KT 10SM FEW045 SCT140 BKN250 22/15 A3009 RMK AO2 SLP188 T02170150 $,40.6392,-73.7639,3,"New York/JF Kennedy Intl, NY, US",BKN,"[{'cover': 'FEW', 'base': 4500}, {'cover': 'SCT', 'base': 14000}, {'cover': 'BKN', 'base': 25000}]",VFR,,,,,,,,,,,,2026-09-13 00:51:00+00:00,2026-09-13 00:54:07.213000+00:00,21.7,True,21.7
KJFK,2026-09-13T01:54:09.310Z,1789264260,2026-09-13T02:00:00.000Z,22.2,16.7,150,5,,10+,1019.0,1018.9,12,METAR,METAR KJFK 130151Z 15005KT 10SM FEW045 BKN150 BKN250 22/17 A3009 RMK AO2 SLP189 T02220167 $,40.6392,-73.7639,3,"New York/JF Kennedy Intl, NY, US",BKN,"[{'cover': 'FEW', 'base': 4500}, {'cover': 'BKN', 'base': 15000}, {'cover': 'BKN', 'base': 25000}]",VFR,,,,,,,,,,,,2026-09-13 01:51:00+00:00,2026-09-13 01:54:09.310000+00:00,22.2,True,22.2
KJFK,2026-09-13T02:54:08.445Z,1789267860,2026-09-13T03:00:00.000Z,22.2,16.7,140,7,,10+,1018.7,1018.5,12,METAR,METAR KJFK 130251Z 14007KT 10SM FEW045 SCT150 BKN250 22/17 A3008 RMK AO2 SLP185 T02220167 58002 $,40.6392,-73.7639,3,"New York/JF Kennedy Intl, NY, US",BKN,"[{'cover': 'FEW', 'base': 4500}, {'cover': 'SCT', 'base': 15000}, {'cover': 'BKN', 'base': 25000}]",VFR,-0.2,,,,,,,,,,,2026-09-13 02:51:00+00:00,2026-09-13 02:54:08.445000+00:00,22.2,True,22.2
KJFK,2026-09-13T03:54:25.263Z,1789271460,2026-09-13T04:00:00.000Z,21.7,16.7,90,4,,10+,1018.0,1017.8,8,METAR,METAR KJFK 130351Z 09004KT 10SM FEW045 SCT150 BKN230 22/17 A3006 RMK SLP178 T02170167 $,40.6392,-73.7639,3,"New York/JF Kennedy Intl, NY, US",BKN,"[{'cover': 'FEW', 'base': 4500}, {'cover': 'SCT', 'base': 15000}, {'cover': 'BKN', 'base': 23000}]",VFR,,,,,,,,,,,,2026-09-13 03:51:00+00:00,2026-09-13 03:54:25.263000+00:00,21.7,True,21.7
KJFK,2026-09-13T04:54:08.452Z,1789275060,2026-09-13T05:00:00.000Z,21.7,17.8,130,6,,10+,1017.7,1017.7,8,METAR,METAR KJFK 130451Z 13006KT 10SM BKN039 BKN150 BKN230 22/18 A3005 RMK SLP177 T02170178 402500167 $,40.6392,-73.7639,3,"New York/JF Kennedy Intl, NY, US",BKN,"[{'cover': 'BKN', 'base': 3900}, {'cover': 'BKN', 'base': 15000}, {'cover': 'BKN', 'base': 23000}]",VFR,,,,25.0,16.7,,,,,,,2026-09-13 04:51:00+00:00,2026-09-13 04:54:08.452000+00:00,21.7,True,21.7
KJFK,2026-09-13T05:54:08.966Z,1789278660,2026-09-13T06:00:00.000Z,21.7,17.8,130,7,,10+,1017.4,1017.1,8,METAR,METAR KJFK 130551Z 13007KT 10SM FEW038 BKN150 BKN230 22/18 A3004 RMK SLP171 T02170178 10222 20211 56014 $,40.6392,-73.7639,3,"New York/JF Kennedy Intl, NY, US",BKN,"[{'cover': 'FEW', 'base': 3800}, {'cover': 'BKN', 'base': 15000}, {'cover': 'BKN', 'base': 23000}]",VFR,-1.4,22.2,21.1,,,,,,,,,2026-09-13 05:51:00+00:00,2026-09-13 05:54:08.966000+00:00,21.7,True,21.7
KJFK,2026-09-13T06:54:10.125Z,1789282260,2026-09-13T07:00:00.000Z,22.2,18.9,120,6,,10+,1016.0,1016.0,8,METAR,METAR KJFK 130651Z 12006KT 10SM FEW038 BKN050 BKN140 BKN230 22/19 A3000 RMK SLP160 T02220189 $,40.6392,-73.7639,3,"New York/JF Kennedy Intl, NY, US",BKN,"[{'cover': 'FEW', 'base': 3800}, {'cover': 'BKN', 'base': 5000}, {'cover': 'BKN', 'base': 14000}, {'cover': 'BKN', 'base': 23000}]",VFR,,,,,,,,,,,,2026-09-13 06:51:00+00:00,2026-09-13 06:54:10.125000+00:00,22.2,True,22.2
KJFK,2026-09-13T07:58:05.982Z,1789285860,2026-09-13T08:00:00.000Z,22.2,19.4,110,5,,10+,1015.7,1015.4,8,METAR,METAR KJFK 130751Z 11005KT 10SM FEW038 BKN048 BKN140 OVC230 22/19 A2999 RMK SLP154 T02220194 $,40.6392,-73.7639,3,"New York/JF Kennedy Intl, NY, US",OVC,"[{'cover': 'FEW', 'base': 3800}, {'cover': 'BKN', 'base': 4800}, {'cover': 'BKN', 'base': 14000}, {'cover': 'OVC', 'base': 23000}]",VFR,,,,,,,,,,,,2026-09-13 07:51:00+00:00,2026-09-13 07:58:05.982000+00:00,22.2,True,22.2
KJFK,2026-09-13T08:54:10.868Z,1789289460,2026-09-13T09:00:00.000Z,22.2,20.0,100,7,,10+,1014.6,1014.5,12,METAR,METAR KJFK 130851Z 10007KT 10SM -RA BKN012 BKN018 OVC040 22/20 A2996 RMK AO2 RAB43 SLP145 P0000 60000 T02220200 56026 $,40.6392,-73.7639,3,"New York/JF Kennedy Intl, NY, US",OVC,"[{'cover': 'BKN', 'base': 1200}, {'cover': 'BKN', 'base': 1800}, {'cover': 'OVC', 'base': 4000}]",MVFR,-2.6,,,,,,0.005,0.005,-RA,,,2026-09-13 08:51:00+00:00,2026-09-13 08:54:10.868000+00:00,22.2,True,22.2
KJFK,2026-09-13T09:54:09.613Z,1789293060,2026-09-13T10:00:00.000Z,22.8,21.1,110,7,,10+,1013.6,1013.6,12,METAR,METAR KJFK 130951Z 11007KT 10SM BKN010 BKN014 OVC038 23/21 A2993 RMK AO2 RAE11B31E46 SLP136 P0000 T02280211 $,40.6392,-73.7639,3,"New York/JF Kennedy Intl, NY, US",OVC,"[{'cover': 'BKN', 'base': 1000}, {'cover': 'BKN', 'base': 1400}, {'cover': 'OVC', 'base': 3800}]",MVFR,,,,,,,0.005,,,,,2026-09-13 09:51:00+00:00,2026-09-13 09:54:09.613000+00:00,22.8,True,22.8
KJFK,2026-09-13T10:54:09.598Z,1789296660,2026-09-13T11:00:00.000Z,22.8,22.2,150,9,,10+,1013.3,1013.1,12,METAR,METAR KJFK 131051Z 15009KT 10SM OVC007 23/22 A2992 RMK AO2 RAB0957E27 SLP131 P0022 T02280222 $,40.6392,-73.7639,3,"New York/JF Kennedy Intl, NY, US",OVC,"[{'cover': 'OVC', 'base': 700}]",IFR,,,,,,,0.22,,,,,2026-09-13 10:51:00+00:00,2026-09-13 10:54:09.598000+00:00,22.8,True,22.8
KJFK,2026-09-13T11:54:06.832Z,1789300260,2026-09-13T12:00:00.000Z,23.3,22.8,170,10,,4,1013.0,1012.9,12,METAR,METAR KJFK 131151Z 17010KT 4SM -RA BR OVC006 23/23 A2991 RMK AO2 RAB28 CIG 004V010 SLP129 P0003 60025 70025 T02330228 10233 20217 56016 $,40.6392,-73.7639,3,"New York/JF Kennedy Intl, NY, US",OVC,"[{'cover': 'OVC', 'base': 600}]",IFR,-1.6,23.3,21.7,,,0.25,0.03,,-RA BR,0.25,,2026-09-13 11:51:00+00:00,2026-09-13 11:54:06.832000+00:00,23.3,True,23.3
KJFK,2026-09-13T12:54:08.159Z,1789303860,2026-09-13T13:00:00.000Z,22.8,22.2,230,8,,5,1013.0,1012.9,12,METAR,METAR KJFK 131251Z 23008KT 5SM RA BR BKN006 OVC015 23/22 A2991 RMK AO2 CIG 004V010 SLP129 P0003 T02280222 $,40.6392,-73.7639,3,"New York/JF Kennedy Intl, NY, US",OVC,"[{'cover': 'BKN', 'base': 600}, {'cover': 'OVC', 'base': 1500}]",IFR,,,,,,,0.03,,RA BR,,,2026-09-13 12:51:00+00:00,2026-09-13 12:54:08.159000+00:00,22.8,True,22.8
KJFK,2026-09-13T13:54:12.975Z,1789307460,2026-09-13T14:00:00.000Z,22.8,22.2,VRB,5,,4,1013.0,1012.7,12,METAR,METAR KJFK 131351Z VRB05KT 4SM RA BR BKN007 BKN015 OVC022 23/22 A2991 RMK AO2 SLP127 P0018 T02280222 $,40.6392,-73.7639,3,"New York/JF Kennedy Intl, NY, US",OVC,"[{'cover': 'BKN', 'base': 700}, {'cover': 'BKN', 'base': 1500}, {'cover': 'OVC', 'base': 2200}]",IFR,,,,,,,0.18,,RA BR,,,2026-09-13 13:51:00+00:00,2026-09-13 13:54:12.975000+00:00,22.8,True,22.8
KJFK,2026-09-13T14:48:02.800Z,1789310640,2026-09-13T14:44:00.000Z,21.7,21.1,350,8,,3,1013.0,,12,SPECI,SPECI KJFK 131444Z 35008KT 3SM -RA BR FEW006 OVC011 22/21 A2991 RMK AO2 P0013 T02170211 $,40.6392,-73.7639,3,"New York/JF Kennedy Intl, NY, US",OVC,"[{'cover': 'FEW', 'base': 600}, {'cover': 'OVC', 'base': 1100}]",MVFR,,,,,,,0.13,,-RA BR,,,2026-09-13 14:44:00+00:00,2026-09-13 14:48:02.800000+00:00,21.7,True,21.7
KJFK,2026-09-13T14:54:10.192Z,1789311060,2026-09-13T15:00:00.000Z,21.7,21.1,10,7,,6,1013.0,1012.7,12,METAR,METAR KJFK 131451Z 01007KT 6SM -RA BR BKN011 OVC019 22/21 A2991 RMK AO2 SLP127 P0013 60034 T02170211 58001 $,40.6392,-73.7639,3,"New York/JF Kennedy Intl, NY, US",OVC,"[{'cover': 'BKN', 'base': 1100}, {'cover': 'OVC', 'base': 1900}]",MVFR,-0.1,,,,,,0.13,0.34,-RA BR,,,2026-09-13 14:51:00+00:00,2026-09-13 14:54:10.192000+00:00,21.7,True,21.7
KJFK,2026-09-13T15:51:17.077Z,1789314420,2026-09-13T15:47:00.000Z,22.0,21.0,360,3,,5,1012.3,,12,SPECI,SPECI KJFK 131547Z 36003KT 5SM RA BR SCT006 BKN021 OVC090 22/21 A2989 RMK AO2 CIG 006 W P0007 $,40.6392,-73.7639,3,"New York/JF Kennedy Intl, NY, US",OVC,"[{'cover': 'SCT', 'base': 600}, {'cover': 'BKN', 'base': 2100}, {'cover': 'OVC', 'base': 9000}]",MVFR,,,,,,,0.07,,RA BR,,,2026-09-13 15:47:00+00:00,2026-09-13 15:51:17.077000+00:00,22.0,True,22.0
KJFK,2026-09-13T15:54:09.520Z,1789314660,2026-09-13T16:00:00.000Z,21.7,21.1,350,4,,5,1012.3,1012.2,12,METAR,METAR KJFK 131551Z 35004KT 5SM -RA BR SCT006 BKN023 OVC090 22/21 A2989 RMK AO2 CIG 006 W SLP122 P0007 T02170211 $,40.6392,-73.7639,3,"New York/JF Kennedy Intl, NY, US",OVC,"[{'cover': 'SCT', 'base': 600}, {'cover': 'BKN', 'base': 2300}, {'cover': 'OVC', 'base': 9000}]",MVFR,,,,,,,0.07,,-RA BR,,,2026-09-13 15:51:00+00:00,2026-09-13 15:54:09.520000+00:00,21.7,True,21.7
KJFK,2026-09-13T16:54:09.743Z,1789318260,2026-09-13T17:00:00.000Z,22.8,21.7,350,6,,10+,1011.9,1011.9,12,METAR,METAR KJFK 131651Z 35006KT 10SM FEW007 BKN023 BKN029 OVC130 23/22 A2988 RMK AO2 RAE22 SLP119 P0003 T02280217 $,40.6392,-73.7639,3,"New York/JF Kennedy Intl, NY, US",OVC,"[{'cover': 'FEW', 'base': 700}, {'cover': 'BKN', 'base': 2300}, {'cover': 'BKN', 'base': 2900}, {'cover': 'OVC', 'base': 13000}]",MVFR,,,,,,,0.03,,,,,2026-09-13 16:51:00+00:00,2026-09-13 16:54:09.743000+00:00,22.8,True,22.8
KJFK,2026-09-13T17:18:13.044Z,1789319640,2026-09-13T17:14:00.000Z,22.8,21.1,360,8,,10+,1011.9,,12,SPECI,SPECI KJFK 131714Z 36008KT 10SM -RA FEW006 BKN010 BKN023 BKN140 OVC250 23/21 A2988 RMK AO2 RAB13 P0000 T02280211 $,40.6392,-73.7639,3,"New York/JF Kennedy Intl, NY, US",BKN,"[{'cover': 'FEW', 'base': 600}, {'cover': 'BKN', 'base': 1000}, {'cover': 'BKN', 'base': 2300}, {'cover': 'BKN', 'base': 14000}]",MVFR,,,,,,,0.005,,-RA,,,2026-09-13 17:14:00+00:00,2026-09-13 17:18:13.044000+00:00,22.8,True,22.8
KJFK,2026-09-13T17:54:13.714Z,1789321860,2026-09-13T18:00:00.000Z,23.3,21.7,360,8,,10+,1011.3,1011.0,12,METAR,METAR KJFK 131751Z 36008KT 10SM SCT009 BKN023 BKN044 BKN140 BKN250 23/22 A2986 RMK AO2 RAB13E30 SLP110 P0000 60044 T02330217 10233 20217 58012 $,40.6392,-73.7639,3,"New York/JF Kennedy Intl, NY, US",BKN,"[{'cover': 'SCT', 'base': 900}, {'cover': 'BKN', 'base': 2300}, {'cover': 'BKN', 'base': 4400}, {'cover': 'BKN', 'base': 14000}]",MVFR,-1.2,23.3,21.7,,,0.44,0.005,,,,,2026-09-13 17:51:00+00:00,2026-09-13 17:54:13.714000+00:00,23.3,True,23.3
KJFK,2026-09-13T18:44:31.564Z,1789324860,2026-09-13T18:41:00.000Z,25.6,22.2,0,0,,10+,1010.9,,12,SPECI,SPECI KJFK 131841Z 00000KT 10SM SCT014 SCT140 BKN250 26/22 A2985 RMK AO2 T02560222 PNO $,40.6392,-73.7639,3,"New York/JF Kennedy Intl, NY, US",BKN,"[{'cover': 'SCT', 'base': 1400}, {'cover': 'SCT', 'base': 14000}, {'cover': 'BKN', 'base': 25000}]",VFR,,,,,,,,,,,,2026-09-13 18:41:00+00:00,2026-09-13 18:44:31.564000+00:00,25.6,True,25.6
KJFK,2026-09-13T18:54:08.437Z,1789325460,2026-09-13T19:00:00.000Z,25.6,22.2,0,0,,10+,1010.9,1010.8,12,METAR,METAR KJFK 131851Z 00000KT 10SM SCT014 SCT140 BKN250 26/22 A2985 RMK AO2 SLP108 T02560222 PNO $,40.6392,-73.7639,3,"New York/JF Kennedy Intl, NY, US",BKN,"[{'cover': 'SCT', 'base': 1400}, {'cover': 'SCT', 'base': 14000}, {'cover': 'BKN', 'base': 25000}]",VFR,,,,,,,,,,,,2026-09-13 18:51:00+00:00,2026-09-13 18:54:08.437000+00:00,25.6,True,25.6
KJFK,2026-09-13T19:54:09.554Z,1789329060,2026-09-13T20:00:00.000Z,26.7,22.8,220,8,,10+,1010.9,1010.7,12,METAR,METAR KJFK 131951Z 22008KT 10SM SCT020 BKN080 BKN140 BKN250 27/23 A2985 RMK AO2 SLP107 T02670228 $,40.6392,-73.7639,3,"New York/JF Kennedy Intl, NY, US",BKN,"[{'cover': 'SCT', 'base': 2000}, {'cover': 'BKN', 'base': 8000}, {'cover': 'BKN', 'base': 14000}, {'cover': 'BKN', 'base': 25000}]",VFR,,,,,,,,,,,,2026-09-13 19:51:00+00:00,2026-09-13 19:54:09.554000+00:00,26.7,True,26.7
KJFK,2026-09-13T20:54:13.372Z,1789332660,2026-09-13T21:00:00.000Z,26.7,22.2,210,5,,10+,1010.6,1010.5,12,METAR,METAR KJFK 132051Z 21005KT 10SM SCT025 BKN080 BKN250 27/22 A2984 RMK AO2 SLP105 6//// T02670222 57005 $,40.6392,-73.7639,3,"New York/JF Kennedy Intl, NY, US",BKN,"[{'cover': 'SCT', 'base': 2500}, {'cover': 'BKN', 'base': 8000}, {'cover': 'BKN', 'base': 25000}]",VFR,-0.5,,,,,,,,,,,2026-09-13 20:51:00+00:00,2026-09-13 20:54:13.372000+00:00,26.7,True,26.7
KJFK,2026-09-13T21:54:16.653Z,1789336260,2026-09-13T22:00:00.000Z,24.4,21.7,210,6,,10+,1010.6,1010.4,12,METAR,METAR KJFK 132151Z 21006KT 10SM SCT032 BKN045 BKN130 BKN250 24/22 A2984 RMK AO2 SLP104 T02440217 $,40.6392,-73.7639,3,"New York/JF Kennedy Intl, NY, US",BKN,"[{'cover': 'SCT', 'base': 3200}, {'cover': 'BKN', 'base': 4500}, {'cover': 'BKN', 'base': 13000}, {'cover': 'BKN', 'base': 25000}]",VFR,,,,,,,,,,,,2026-09-13 21:51:00+00:00,2026-09-13 21:54:16.653000+00:00,24.4,True,24.4
KJFK,2026-09-13T22:54:09.196Z,1789339860,2026-09-13T23:00:00.000Z,25.0,21.7,190,3,,10+,1010.9,1010.7,12,METAR,METAR KJFK 132251Z 19003KT 10SM FEW025 BKN033 BKN080 BKN250 25/22 A2985 RMK AO2 SLP107 T02500217 $,40.6392,-73.7639,3,"New York/JF Kennedy Intl, NY, US",BKN,"[{'cover': 'FEW', 'base': 2500}, {'cover': 'BKN', 'base': 3300}, {'cover': 'BKN', 'base': 8000}, {'cover': 'BKN', 'base': 25000}]",VFR,,,,,,,,,,,,2026-09-13 22:51:00+00:00,2026-09-13 22:54:09.196000+00:00,25.0,True,25.0
KJFK,2026-09-13T23:54:21.162Z,1789343460,2026-09-14T00:00:00.000Z,23.3,21.7,180,7,,10+,1011.3,1011.0,12,METAR,METAR KJFK 132351Z 18007KT 10SM FEW025 BKN033 BKN080 BKN250 23/22 A2986 RMK AO2 SLP110 6//// T02330217 53005 $,40.6392,-73.7639,3,"New York/JF Kennedy Intl, NY, US",BKN,"[{'cover': 'FEW', 'base': 2500}, {'cover': 'BKN', 'base': 3300}, {'cover': 'BKN', 'base': 8000}, {'cover': 'BKN', 'base': 25000}]",VFR,0.5,,,,,,,,,,,2026-09-13 23:51:00+00:00,2026-09-13 23:54:21.162000+00:00,23.3,True,23.3
KJFK,2026-09-14T00:54:13.930Z,1789347060,2026-09-14T01:00:00.000Z,23.3,22.2,200,8,,10+,1011.9,1011.7,12,METAR,METAR KJFK 140051Z 20008KT 10SM BKN034 BKN055 BKN250 23/22 A2988 RMK AO2 SLP117 T02330222 $,40.6392,-73.7639,3,"New York/JF Kennedy Intl, NY, US",BKN,"[{'cover': 'BKN', 'base': 3400}, {'cover': 'BKN', 'base': 5500}, {'cover': 'BKN', 'base': 25000}]",VFR,,,,,,,,,,,,2026-09-14 00:51:00+00:00,2026-09-14 00:54:13.930000+00:00,23.3,True,23.3
KJFK,2026-09-14T01:54:14.090Z,1789350660,2026-09-14T02:00:00.000Z,23.3,22.2,200,6,,10+,1012.3,1012.1,12,METAR,METAR KJFK 140151Z 20006KT 10SM FEW032 FEW060 FEW250 23/22 A2989 RMK AO2 SLP121 T02330222 $,40.6392,-73.7639,3,"New York/JF Kennedy Intl, NY, US",FEW,"[{'cover': 'FEW', 'base': 3200}, {'cover': 'FEW', 'base': 6000}, {'cover': 'FEW', 'base': 25000}]",VFR,,,,,,,,,,,,2026-09-14 01:51:00+00:00,2026-09-14 01:54:14.090000+00:00,23.3,True,23.3
KJFK,2026-09-14T02:57:09.249Z,1789354260,2026-09-14T03:00:00.000Z,23.3,22.2,240,7,,10+,1012.3,1012.1,12,METAR,METAR KJFK 140251Z 24007KT 10SM FEW250 23/22 A2989 RMK AO2 SLP121 T02330222 50011 $,40.6392,-73.7639,3,"New York/JF Kennedy Intl, NY, US",FEW,"[{'cover': 'FEW', 'base': 25000}]",VFR,1.1,,,,,,,,,,,2026-09-14 02:51:00+00:00,2026-09-14 02:57:09.249000+00:00,23.3,True,23.3
KJFK,2026-09-14T03:54:15.524Z,1789357860,2026-09-14T04:00:00.000Z,22.2,21.7,210,4,,10+,1011.6,1011.6,12,METAR,METAR KJFK 140351Z 21004KT 10SM FEW250 22/22 A2987 RMK AO2 SLP116 T02220217 $,40.6392,-73.7639,3,"New York/JF Kennedy Intl, NY, US",FEW,"[{'cover': 'FEW', 'base': 25000}]",VFR,,,,,,,,,,,,2026-09-14 03:51:00+00:00,2026-09-14 03:54:15.524000+00:00,22.2,True,22.2
KJFK,2026-09-14T04:54:10.492Z,1789361460,2026-09-14T05:00:00.000Z,22.8,21.7,240,6,,10+,1011.3,1011.0,12,METAR,METAR KJFK 140451Z 24006KT 10SM BKN210 BKN250 23/22 A2986 RMK AO2 SLP110 T02280217 402670217 $,40.6392,-73.7639,3,"New York/JF Kennedy Intl, NY, US",BKN,"[{'cover': 'BKN', 'base': 21000}, {'cover': 'BKN', 'base': 25000}]",VFR,,,,26.7,21.7,,,,,,,2026-09-14 04:51:00+00:00,2026-09-14 04:54:10.492000+00:00,22.8,True,22.8
KJFK,2026-09-14T05:54:10.348Z,1789365060,2026-09-14T06:00:00.000Z,23.3,21.7,270,8,,10+,1011.3,1011.1,12,METAR,METAR KJFK 140551Z 27008KT 10SM FEW120 SCT210 BKN240 23/22 A2986 RMK AO2 SLP111 T02330217 10233 20222 55010 $,40.6392,-73.7639,3,"New York/JF Kennedy Intl, NY, US",BKN,"[{'cover': 'FEW', 'base': 12000}, {'cover': 'SCT', 'base': 21000}, {'cover': 'BKN', 'base': 24000}]",VFR,-1.0,23.3,22.2,,,,,,,,,2026-09-14 05:51:00+00:00,2026-09-14 05:54:10.348000+00:00,23.3,True,23.3
KJFK,2026-09-14T06:54:10.138Z,1789368660,2026-09-14T07:00:00.000Z,23.3,21.7,270,6,,10+,1011.3,1011.0,12,METAR,METAR KJFK 140651Z 27006KT 10SM FEW160 SCT210 SCT240 23/22 A2986 RMK AO2 SLP110 T02330217 $,40.6392,-73.7639,3,"New York/JF Kennedy Intl, NY, US",SCT,"[{'cover': 'FEW', 'base': 16000}, {'cover': 'SCT', 'base': 21000}, {'cover': 'SCT', 'base': 24000}]",VFR,,,,,,,,,,,,2026-09-14 06:51:00+00:00,2026-09-14 06:54:10.138000+00:00,23.3,True,23.3
KJFK,2026-09-14T07:54:11.059Z,1789372260,2026-09-14T08:00:00.000Z,23.9,19.4,350,7,,10+,1011.3,1011.2,12,METAR,METAR KJFK 140751Z 35007KT 10SM BKN040 BKN160 BKN250 24/19 A2986 RMK AO2 SLP112 T02390194 $,40.6392,-73.7639,3,"New York/JF Kennedy Intl, NY, US",BKN,"[{'cover': 'BKN', 'base': 4000}, {'cover': 'BKN', 'base': 16000}, {'cover': 'BKN', 'base': 25000}]",VFR,,,,,,,,,,,,2026-09-14 07:51:00+00:00,2026-09-14 07:54:11.059000+00:00,23.9,True,23.9
KJFK,2026-09-14T08:54:06.709Z,1789375860,2026-09-14T09:00:00.000Z,22.8,17.8,330,14,22.0,10+,1011.9,1011.8,12,METAR,METAR KJFK 140851Z 33014G22KT 10SM FEW045 SCT160 BKN200 BKN250 23/18 A2988 RMK AO2 SLP118 T02280178 53007 $,40.6392,-73.7639,3,"New York/JF Kennedy Intl, NY, US",BKN,"[{'cover': 'FEW', 'base': 4500}, {'cover': 'SCT', 'base': 16000}, {'cover': 'BKN', 'base': 20000}, {'cover': 'BKN', 'base': 25000}]",VFR,0.7,,,,,,,,,,,2026-09-14 08:51:00+00:00,2026-09-14 08:54:06.709000+00:00,22.8,True,22.8
KJFK,2026-09-14T09:54:07.477Z,1789379460,2026-09-14T10:00:00.000Z,22.2,17.2,340,9,,10+,1013.0,1012.7,12,METAR,METAR KJFK 140951Z 34009KT 10SM FEW045 BKN090 BKN250 22/17 A2991 RMK AO2 SLP127 T02220172 $,40.6392,-73.7639,3,"New York/JF Kennedy Intl, NY, US",BKN,"[{'cover': 'FEW', 'base': 4500}, {'cover': 'BKN', 'base': 9000}, {'cover': 'BKN', 'base': 25000}]",VFR,,,,,,,,,,,,2026-09-14 09:51:00+00:00,2026-09-14 09:54:07.477000+00:00,22.2,True,22.2
KJFK,2026-09-14T10:54:09.371Z,1789383060,2026-09-14T11:00:00.000Z,22.2,17.2,330,10,,10+,1014.0,1014.0,12,METAR,METAR KJFK 141051Z 33010KT 10SM SCT065 BKN085 BKN250 22/17 A2994 RMK AO2 SLP140 T02220172 $,40.6392,-73.7639,3,"New York/JF Kennedy Intl, NY, US",BKN,"[{'cover': 'SCT', 'base': 6500}, {'cover': 'BKN', 'base': 8500}, {'cover': 'BKN', 'base': 25000}]",VFR,,,,,,,,,,,,2026-09-14 10:51:00+00:00,2026-09-14 10:54:09.371000+00:00,22.2,True,22.2
KJFK,2026-09-14T11:54:12.806Z,1789386660,2026-09-14T12:00:00.000Z,21.7,12.8,350,11,21.0,10+,1015.3,1015.2,12,METAR,METAR KJFK 141151Z 35011G21KT 10SM FEW036 BKN120 BKN250 22/13 A2998 RMK AO2 PK WND 34026/1114 SLP152 7//// T02170128 10239 20217 53035 $,40.6392,-73.7639,3,"New York/JF Kennedy Intl, NY, US",BKN,"[{'cover': 'FEW', 'base': 3600}, {'cover': 'BKN', 'base': 12000}, {'cover': 'BKN', 'base': 25000}]",VFR,3.5,23.9,21.7,,,,,,,,,2026-09-14 11:51:00+00:00,2026-09-14 11:54:12.806000+00:00,21.7,True,21.7
KJFK,2026-09-14T12:54:11.219Z,1789390260,2026-09-14T13:00:00.000Z,22.2,13.3,350,10,18.0,10+,1016.0,1016.0,12,METAR,METAR KJFK 141251Z 35010G18KT 10SM FEW036 SCT120 BKN250 22/13 A3000 RMK AO2 SLP160 T02220133 $,40.6392,-73.7639,3,"New York/JF Kennedy Intl, NY, US",BKN,"[{'cover': 'FEW', 'base': 3600}, {'cover': 'SCT', 'base': 12000}, {'cover': 'BKN', 'base': 25000}]",VFR,,,,,,,,,,,,2026-09-14 12:51:00+00:00,2026-09-14 12:54:11.219000+00:00,22.2,True,22.2
KJFK,2026-09-14T13:54:07.287Z,1789393860,2026-09-14T14:00:00.000Z,22.8,12.2,350,12,21.0,10+,1017.0,1016.7,4,METAR,METAR KJFK 141351Z 35012G21KT 10SM FEW040 FEW120 SCT250 23/12 A3003 RMK AO2 SLP167 T02280122,40.6392,-73.7639,3,"New York/JF Kennedy Intl, NY, US",SCT,"[{'cover': 'FEW', 'base': 4000}, {'cover': 'FEW', 'base': 12000}, {'cover': 'SCT', 'base': 25000}]",VFR,,,,,,,,,,,,2026-09-14 13:51:00+00:00,2026-09-14 13:54:07.287000+00:00,22.8,True,22.8
KJFK,2026-09-14T14:54:08.289Z,1789397460,2026-09-14T15:00:00.000Z,22.8,11.7,340,12,19.0,10+,1017.7,1017.6,4,METAR,METAR KJFK 141451Z 34012G19KT 10SM FEW045 FEW120 23/12 A3005 RMK AO2 SLP176 T02280117 53023,40.6392,-73.7639,3,"New York/JF Kennedy Intl, NY, US",FEW,"[{'cover': 'FEW', 'base': 4500}, {'cover': 'FEW', 'base': 12000}]",VFR,2.3,,,,,,,,,,,2026-09-14 14:51:00+00:00,2026-09-14 14:54:08.289000+00:00,22.8,True,22.8
KJFK,2026-09-14T15:54:09.314Z,1789401060,2026-09-14T16:00:00.000Z,23.3,11.7,330,9,,10+,1018.0,1017.9,4,METAR,METAR KJFK 141551Z 33009KT 10SM FEW046 FEW250 23/12 A3006 RMK AO2 SLP179 T02330117,40.6392,-73.7639,3,"New York/JF Kennedy Intl, NY, US",FEW,"[{'cover': 'FEW', 'base': 4600}, {'cover': 'FEW', 'base': 25000}]",VFR,,,,,,,,,,,,2026-09-14 15:51:00+00:00,2026-09-14 15:54:09.314000+00:00,23.3,True,23.3
KJFK,2026-09-14T16:54:11.455Z,1789404660,2026-09-14T17:00:00.000Z,23.9,11.7,360,12,20.0,10+,1018.4,1018.0,12,METAR,METAR KJFK 141651Z 36012G20KT 10SM FEW050 FEW250 24/12 A3007 RMK AO2 SLP180 T02390117 $,40.6392,-73.7639,3,"New York/JF Kennedy Intl, NY, US",FEW,"[{'cover': 'FEW', 'base': 5000}, {'cover': 'FEW', 'base': 25000}]",VFR,,,,,,,,,,,,2026-09-14 16:51:00+00:00,2026-09-14 16:54:11.455000+00:00,23.9,True,23.9
KJFK,2026-09-14T17:54:11.060Z,1789408260,2026-09-14T18:00:00.000Z,24.4,10.0,360,14,21.0,10+,1018.0,1018.0,12,METAR,METAR KJFK 141751Z 36014G21KT 10SM FEW060 24/10 A3006 RMK AO2 SLP180 T02440100 51005 $,40.6392,-73.7639,3,"New York/JF Kennedy Intl, NY, US",FEW,"[{'cover': 'FEW', 'base': 6000}]",VFR,0.5,,,,,,,,,,,2026-09-14 17:51:00+00:00,2026-09-14 17:54:11.060000+00:00,24.4,True,24.4
KJFK,2026-09-14T18:54:12.717Z,1789411860,2026-09-14T19:00:00.000Z,25.0,10.0,330,11,,10+,1018.4,1018.0,12,METAR,METAR KJFK 141851Z 33011KT 10SM FEW050 25/10 A3007 RMK AO2 SLP180 T02500100 $,40.6392,-73.7639,3,"New York/JF Kennedy Intl, NY, US",FEW,"[{'cover': 'FEW', 'base': 5000}]",VFR,,,,,,,,,,,,2026-09-14 18:51:00+00:00,2026-09-14 18:54:12.717000+00:00,25.0,True,25.0
KJFK,2026-09-14T19:54:08.659Z,1789415460,2026-09-14T20:00:00.000Z,24.4,8.3,360,18,25.0,10+,1018.4,1018.2,12,METAR,METAR KJFK 141951Z 36018G25KT 10SM FEW050 24/08 A3007 RMK AO2 SLP182 FU FEW300 T02440083 $,40.6392,-73.7639,3,"New York/JF Kennedy Intl, NY, US",FEW,"[{'cover': 'FEW', 'base': 5000}]",VFR,,,,,,,,,,,,2026-09-14 19:51:00+00:00,2026-09-14 19:54:08.659000+00:00,24.4,True,24.4
KJFK,2026-09-14T20:54:09.002Z,1789419060,2026-09-14T21:00:00.000Z,23.9,6.1,10,13,,10+,1019.0,1018.9,12,METAR,METAR KJFK 142051Z 01013KT 10SM FEW050 24/06 A3009 RMK AO2 SLP189 T02390061 $,40.6392,-73.7639,3,"New York/JF Kennedy Intl, NY, US",FEW,"[{'cover': 'FEW', 'base': 5000}]",VFR,,,,,,,,,,,,2026-09-14 20:51:00+00:00,2026-09-14 20:54:09.002000+00:00,23.9,True,23.9
KJFK,2026-09-14T21:54:09.314Z,1789422660,2026-09-14T22:00:00.000Z,22.8,7.2,30,10,,10+,1020.1,1019.8,12,METAR,METAR KJFK 142151Z 03010KT 10SM FEW050 23/07 A3012 RMK AO2 SLP198 T02280072 $,40.6392,-73.7639,3,"New York/JF Kennedy Intl, NY, US",FEW,"[{'cover': 'FEW', 'base': 5000}]",VFR,,,,,,,,,,,,2026-09-14 21:51:00+00:00,2026-09-14 21:54:09.314000+00:00,22.8,True,22.8
KJFK,2026-09-14T23:00:09.383Z,1789426260,2026-09-14T23:00:00.000Z,22.8,7.2,20,13,,10+,1020.7,1019.8,8,METAR,METAR KJFK 142251Z 02013KT 10SM FEW060 22/08 A3014 RMK SLP198 T02280072 $,40.6392,-73.7639,3,"New York/JF Kennedy Intl, NY, US",FEW,"[{'cover': 'FEW', 'base': 6000}]",VFR,,,,,,,,,,,,2026-09-14 22:51:00+00:00,2026-09-14 23:00:09.383000+00:00,22.8,True,22.8
KJFK,2026-09-14T23:54:08.546Z,1789429860,2026-09-15T00:00:00.000Z,20.6,8.3,20,6,,10+,1021.1,1020.9,12,METAR,METAR KJFK 142351Z 02006KT 10SM FEW060 21/08 A3015 RMK AO2 SLP209 T02060083 $,40.6392,-73.7639,3,"New York/JF Kennedy Intl, NY, US",FEW,"[{'cover': 'FEW', 'base': 6000}]",VFR,,,,,,,,,,,,2026-09-14 23:51:00+00:00,2026-09-14 23:54:08.546000+00:00,20.6,True,20.6
KJFK,2026-09-15T00:54:10.570Z,1789433460,2026-09-15T01:00:00.000Z,20.0,8.3,20,10,,10+,1022.4,1022.3,12,METAR,METAR KJFK 150051Z 02010KT 10SM CLR 20/08 A3019 RMK AO2 SLP223 T02000083 $,40.6392,-73.7639,3,"New York/JF Kennedy Intl, NY, US",CLR,[],VFR,,,,,,,,,,,,2026-09-15 00:51:00+00:00,2026-09-15 00:54:10.570000+00:00,20.0,True,20.0
KJFK,2026-09-15T01:54:09.934Z,1789437060,2026-09-15T02:00:00.000Z,18.3,8.9,30,9,,10+,1023.5,1023.3,4,METAR,METAR KJFK 150151Z 03009KT 10SM CLR 18/09 A3022 RMK AO2 SLP233 T01830089,40.6392,-73.7639,3,"New York/JF Kennedy Intl, NY, US",CLR,[],VFR,,,,,,,,,,,,2026-09-15 01:51:00+00:00,2026-09-15 01:54:09.934000+00:00,18.3,True,18.3
KJFK,2026-09-15T02:54:08.548Z,1789440660,2026-09-15T03:00:00.000Z,17.8,8.3,20,7,,10+,1024.1,1024.0,4,METAR,METAR KJFK 150251Z 02007KT 10SM CLR 18/08 A3024 RMK AO2 SLP240 T01780083 51030,40.6392,-73.7639,3,"New York/JF Kennedy Intl, NY, US",CLR,[],VFR,3.0,,,,,,,,,,,2026-09-15 02:51:00+00:00,2026-09-15 02:54:08.548000+00:00,17.8,True,17.8
KJFK,2026-09-15T03:54:09.884Z,1789444260,2026-09-15T04:00:00.000Z,16.7,8.9,350,7,,10+,1024.8,1024.6,12,METAR,METAR KJFK 150351Z 35007KT 10SM CLR 17/09 A3026 RMK AO2 SLP246 T01670089 $,40.6392,-73.7639,3,"New York/JF Kennedy Intl, NY, US",CLR,[],VFR,,,,,,,,,,,,2026-09-15 03:51:00+00:00,2026-09-15 03:54:09.884000+00:00,16.7,True,16.7
KJFK,2026-09-15T04:54:11.003Z,1789447860,2026-09-15T05:00:00.000Z,16.7,7.8,10,9,,10+,1025.5,1025.3,12,METAR,METAR KJFK 150451Z 01009KT 10SM CLR 17/08 A3028 RMK AO2 SLP253 T01670078 402670167 $,40.6392,-73.7639,3,"New York/JF Kennedy Intl, NY, US",CLR,[],VFR,,,,26.7,16.7,,,,,,,2026-09-15 04:51:00+00:00,2026-09-15 04:54:11.003000+00:00,16.7,True,16.7
KJFK,2026-09-15T05:54:07.153Z,1789451460,2026-09-15T06:00:00.000Z,15.6,8.3,30,4,,10+,1025.1,1024.9,12,METAR,METAR KJFK 150551Z 03004KT 10SM CLR 16/08 A3027 RMK AO2 SLP249 T01560083 10206 20156 50009 $,40.6392,-73.7639,3,"New York/JF Kennedy Intl, NY, US",CLR,[],VFR,0.9,20.6,15.6,,,,,,,,,2026-09-15 05:51:00+00:00,2026-09-15 05:54:07.153000+00:00,15.6,True,15.6
KJFK,2026-09-15T06:54:05.560Z,1789455060,2026-09-15T07:00:00.000Z,15.0,8.9,10,7,,10+,1025.8,1025.7,12,METAR,METAR KJFK 150651Z 01007KT 10SM CLR 15/09 A3029 RMK AO2 SLP257 T01500089 $,40.6392,-73.7639,3,"New York/JF Kennedy Intl, NY, US",CLR,[],VFR,,,,,,,,,,,,2026-09-15 06:51:00+00:00,2026-09-15 06:54:05.560000+00:00,15.0,True,15.0
KJFK,2026-09-15T07:54:09.839Z,1789458660,2026-09-15T08:00:00.000Z,15.0,9.4,10,7,,10+,1026.5,1026.2,12,METAR,METAR KJFK 150751Z 01007KT 10SM CLR 15/09 A3031 RMK AO2 SLP262 T01500094 $,40.6392,-73.7639,3,"New York/JF Kennedy Intl, NY, US",CLR,[],VFR,,,,,,,,,,,,2026-09-15 07:51:00+00:00,2026-09-15 07:54:09.839000+00:00,15.0,True,15.0
KJFK,2026-09-15T08:54:08.195Z,1789462260,2026-09-15T09:00:00.000Z,14.4,9.4,10,6,,10+,1026.8,1026.6,12,METAR,METAR KJFK 150851Z 01006KT 10SM CLR 14/09 A3032 RMK AO2 SLP266 T01440094 51017 $,40.6392,-73.7639,3,"New York/JF Kennedy Intl, NY, US",CLR,[],VFR,1.7,,,,,,,,,,,2026-09-15 08:51:00+00:00,2026-09-15 08:54:08.195000+00:00,14.4,True,14.4
KJFK,2026-09-15T09:54:08.406Z,1789465860,2026-09-15T10:00:00.000Z,14.4,9.4,20,5,,10+,1027.2,1027.2,12,METAR,METAR KJFK 150951Z 02005KT 10SM CLR 14/09 A3033 RMK AO2 SLP272 T01440094 $,40.6392,-73.7639,3,"New York/JF Kennedy Intl, NY, US",CLR,[],VFR,,,,,,,,,,,,2026-09-15 09:51:00+00:00,2026-09-15 09:54:08.406000+00:00,14.4,True,14.4
KJFK,2026-09-15T10:54:08.193Z,1789469460,2026-09-15T11:00:00.000Z,14.4,9.4,20,6,,10+,1027.9,1027.7,12,METAR,METAR KJFK 151051Z 02006KT 10SM FEW018 14/09 A3035 RMK AO2 SLP277 T01440094 $,40.6392,-73.7639,3,"New York/JF Kennedy Intl, NY, US",FEW,"[{'cover': 'FEW', 'base': 1800}]",VFR,,,,,,,,,,,,2026-09-15 10:51:00+00:00,2026-09-15 10:54:08.193000+00:00,14.4,True,14.4
KJFK,2026-09-15T11:54:08.640Z,1789473060,2026-09-15T12:00:00.000Z,16.1,9.4,40,8,,10+,1028.9,1028.7,12,METAR,METAR KJFK 151151Z 04008KT 10SM FEW027 16/09 A3038 RMK AO2 SLP287 T01610094 10161 20133 53022 $,40.6392,-73.7639,3,"New York/JF Kennedy Intl, NY, US",FEW,"[{'cover': 'FEW', 'base': 2700}]",VFR,2.2,16.1,13.3,,,,,,,,,2026-09-15 11:51:00+00:00,2026-09-15 11:54:08.640000+00:00,16.1,True,16.1
KJFK,2026-09-15T12:54:08.436Z,1789476660,2026-09-15T13:00:00.000Z,17.8,9.4,70,10,,10+,1029.2,1029.1,12,METAR,METAR KJFK 151251Z 07010KT 10SM FEW034 18/09 A3039 RMK AO2 SLP291 T01780094 $,40.6392,-73.7639,3,"New York/JF Kennedy Intl, NY, US",FEW,"[{'cover': 'FEW', 'base': 3400}]",VFR,,,,,,,,,,,,2026-09-15 12:51:00+00:00,2026-09-15 12:54:08.436000+00:00,17.8,True,17.8
KJFK,2026-09-15T13:54:08.697Z,1789480260,2026-09-15T14:00:00.000Z,18.9,8.9,80,8,,10+,1029.5,1029.5,12,METAR,METAR KJFK 151351Z 08008KT 10SM FEW041 19/09 A3040 RMK AO2 SLP295 T01890089 $,40.6392,-73.7639,3,"New York/JF Kennedy Intl, NY, US",FEW,"[{'cover': 'FEW', 'base': 4100}]",VFR,,,,,,,,,,,,2026-09-15 13:51:00+00:00,2026-09-15 13:54:08.697000+00:00,18.9,True,18.9
KJFK,2026-09-15T14:54:06.847Z,1789483860,2026-09-15T15:00:00.000Z,20.0,7.8,VRB,6,,10+,1029.9,1029.7,4,METAR,METAR KJFK 151451Z VRB06KT 10SM FEW049 20/08 A3041 RMK AO2 SLP297 T02000078 51009,40.6392,-73.7639,3,"New York/JF Kennedy Intl, NY, US",FEW,"[{'cover': 'FEW', 'base': 4900}]",VFR,0.9,,,,,,,,,,,2026-09-15 14:51:00+00:00,2026-09-15 14:54:06.847000+00:00,20.0,True,20.0
KJFK,2026-09-15T15:54:08.305Z,1789487460,2026-09-15T16:00:00.000Z,20.6,10.0,170,9,,10+,1029.9,1029.6,12,METAR,METAR KJFK 151551Z 17009KT 10SM FEW046 21/10 A3041 RMK AO2 SLP296 T02060100 $,40.6392,-73.7639,3,"New York/JF Kennedy Intl, NY, US",FEW,"[{'cover': 'FEW', 'base': 4600}]",VFR,,,,,,,,,,,,2026-09-15 15:51:00+00:00,2026-09-15 15:54:08.305000+00:00,20.6,True,20.6
KJFK,2026-09-15T16:54:10.142Z,1789491060,2026-09-15T17:00:00.000Z,20.6,11.1,170,9,,10+,1029.5,1029.3,12,METAR,METAR KJFK 151651Z 17009KT 10SM FEW040 FEW250 21/11 A3040 RMK AO2 SLP293 T02060111 $,40.6392,-73.7639,3,"New York/JF Kennedy Intl, NY, US",FEW,"[{'cover': 'FEW', 'base': 4000}, {'cover': 'FEW', 'base': 25000}]",VFR,,,,,,,,,,,,2026-09-15 16:51:00+00:00,2026-09-15 16:54:10.142000+00:00,20.6,True,20.6
KJFK,2026-09-15T17:54:08.456Z,1789494660,2026-09-15T18:00:00.000Z,20.6,11.1,180,7,,10+,1029.2,1029.2,12,METAR,METAR KJFK 151751Z 18007KT 10SM FEW040 FEW250 21/11 A3039 RMK AO2 SLP292 T02060111 58005 $,40.6392,-73.7639,3,"New York/JF Kennedy Intl, NY, US",FEW,"[{'cover': 'FEW', 'base': 4000}, {'cover': 'FEW', 'base': 25000}]",VFR,-0.5,,,,,,,,,,,2026-09-15 17:51:00+00:00,2026-09-15 17:54:08.456000+00:00,20.6,True,20.6
KJFK,2026-09-15T18:54:07.830Z,1789498260,2026-09-15T19:00:00.000Z,21.1,11.1,170,6,,10+,1028.5,1028.5,12,METAR,METAR KJFK 151851Z 17006KT 10SM FEW060 FEW250 21/11 A3037 RMK AO2 SLP285 T02110111 $,40.6392,-73.7639,3,"New York/JF Kennedy Intl, NY, US",FEW,"[{'cover': 'FEW', 'base': 6000}, {'cover': 'FEW', 'base': 25000}]",VFR,,,,,,,,,,,,2026-09-15 18:51:00+00:00,2026-09-15 18:54:07.830000+00:00,21.1,True,21.1
KJFK,2026-09-15T19:54:08.248Z,1789501860,2026-09-15T20:00:00.000Z,21.1,11.7,170,5,,10+,1028.5,1028.2,12,METAR,METAR KJFK 151951Z 17005KT 10SM FEW090 21/12 A3037 RMK AO2 SLP282 T02110117 $,40.6392,-73.7639,3,"New York/JF Kennedy Intl, NY, US",FEW,"[{'cover': 'FEW', 'base': 9000}]",VFR,,,,,,,,,,,,2026-09-15 19:51:00+00:00,2026-09-15 19:54:08.248000+00:00,21.1,True,21.1
KJFK,2026-09-15T20:54:08.634Z,1789505460,2026-09-15T21:00:00.000Z,20.6,11.7,180,7,,10+,1028.2,1028.2,12,METAR,METAR KJFK 152051Z 18007KT 10SM FEW090 21/12 A3036 RMK AO2 SLP282 T02060117 56010 $,40.6392,-73.7639,3,"New York/JF Kennedy Intl, NY, US",FEW,"[{'cover': 'FEW', 'base': 9000}]",VFR,-1.0,,,,,,,,,,,2026-09-15 20:51:00+00:00,2026-09-15 20:54:08.634000+00:00,20.6,True,20.6
KJFK,2026-09-15T21:58:35.826Z,1789509060,2026-09-15T22:00:00.000Z,20.0,11.7,170,8,,10+,1028.9,1028.5,13,METAR,METAR KJFK 152151Z COR 17008KT 10SM FEW100 FEW250 20/12 A3038 RMK AO2 SLP285 T02000117 $,40.6392,-73.7639,3,"New York/JF Kennedy Intl, NY, US",FEW,"[{'cover': 'FEW', 'base': 10000}, {'cover': 'FEW', 'base': 25000}]",VFR,,,,,,,,,,,,2026-09-15 21:51:00+00:00,2026-09-15 21:58:35.826000+00:00,20.0,True,20.0
KJFK,2026-09-15T22:54:10.442Z,1789512660,2026-09-15T23:00:00.000Z,18.3,11.1,140,6,,10+,1028.5,1028.3,4,METAR,METAR KJFK 152251Z 14006KT 10SM FEW250 18/11 A3037 RMK AO2 SLP283 T01830111,40.6392,-73.7639,3,"New York/JF Kennedy Intl, NY, US",FEW,"[{'cover': 'FEW', 'base': 25000}]",VFR,,,,,,,,,,,,2026-09-15 22:51:00+00:00,2026-09-15 22:54:10.442000+00:00,18.3,True,18.3
KJFK,2026-09-15T23:54:10.216Z,1789516260,2026-09-16T00:00:00.000Z,17.8,11.7,140,7,,10+,1028.5,1028.3,12,METAR,METAR KJFK 152351Z 14007KT 10SM FEW100 FEW250 18/12 A3037 RMK AO2 SLP283 T01780117 51002 $,40.6392,-73.7639,3,"New York/JF Kennedy Intl, NY, US",FEW,"[{'cover': 'FEW', 'base': 10000}, {'cover': 'FEW', 'base': 25000}]",VFR,0.2,,,,,,,,,,,2026-09-15 23:51:00+00:00,2026-09-15 23:54:10.216000+00:00,17.8,True,17.8
KJFK,2026-09-16T00:54:08.490Z,1789519860,2026-09-16T01:00:00.000Z,17.2,11.7,130,7,,10+,1028.5,1028.3,12,METAR,METAR KJFK 160051Z 13007KT 10SM FEW100 FEW250 17/12 A3037 RMK AO2 SLP283 T01720117 $,40.6392,-73.7639,3,"New York/JF Kennedy Intl, NY, US",FEW,"[{'cover': 'FEW', 'base': 10000}, {'cover': 'FEW', 'base': 25000}]",VFR,,,,,,,,,,,,2026-09-16 00:51:00+00:00,2026-09-16 00:54:08.490000+00:00,17.2,True,17.2
KJFK,2026-09-16T01:54:09.313Z,1789523460,2026-09-16T02:00:00.000Z,17.8,12.2,130,7,,10+,1028.5,1028.3,12,METAR,METAR KJFK 160151Z 13007KT 10SM CLR 18/12 A3037 RMK AO2 SLP283 T01780122 $,40.6392,-73.7639,3,"New York/JF Kennedy Intl, NY, US",CLR,[],VFR,,,,,,,,,,,,2026-09-16 01:51:00+00:00,2026-09-16 01:54:09.313000+00:00,17.8,True,17.8
KJFK,2026-09-16T02:54:09.617Z,1789527060,2026-09-16T03:00:00.000Z,17.8,12.2,140,7,,10+,1028.5,1028.2,12,METAR,METAR KJFK 160251Z 14007KT 10SM CLR 18/12 A3037 RMK AO2 SLP282 T01780122 58001 $,40.6392,-73.7639,3,"New York/JF Kennedy Intl, NY, US",CLR,[],VFR,-0.1,,,,,,,,,,,2026-09-16 02:51:00+00:00,2026-09-16 02:54:09.617000+00:00,17.8,True,17.8
KJFK,2026-09-16T03:54:09.151Z,1789530660,2026-09-16T04:00:00.000Z,17.8,12.2,170,6,,10+,1028.5,1028.5,12,METAR,METAR KJFK 160351Z 17006KT 10SM FEW250 18/12 A3037 RMK AO2 SLP285 T01780122 $,40.6392,-73.7639,3,"New York/JF Kennedy Intl, NY, US",FEW,"[{'cover': 'FEW', 'base': 25000}]",VFR,,,,,,,,,,,,2026-09-16 03:51:00+00:00,2026-09-16 03:54:09.151000+00:00,17.8,True,17.8
KJFK,2026-09-16T04:54:08.991Z,1789534260,2026-09-16T05:00:00.000Z,17.8,12.8,180,7,,10+,1028.2,1028.1,12,METAR,METAR KJFK 160451Z 18007KT 10SM FEW250 18/13 A3036 RMK AO2 SLP281 T01780128 $,40.6392,-73.7639,3,"New York/JF Kennedy Intl, NY, US",FEW,"[{'cover': 'FEW', 'base': 25000}]",VFR,,,,,,,,,,,,2026-09-16 04:51:00+00:00,2026-09-16 04:54:08.991000+00:00,17.8,True,17.8
KJFK,2026-09-16T05:54:13.672Z,1789537860,2026-09-16T06:00:00.000Z,17.2,13.3,190,5,,10+,1028.2,1028.0,12,METAR,METAR KJFK 160551Z 19005KT 10SM FEW250 17/13 A3036 RMK AO2 SLP280 T01720133 10183 20172 58002 $,40.6392,-73.7639,3,"New York/JF Kennedy Intl, NY, US",FEW,"[{'cover': 'FEW', 'base': 25000}]",VFR,-0.2,18.3,17.2,,,,,,,,,2026-09-16 05:51:00+00:00,2026-09-16 05:54:13.672000+00:00,17.2,True,17.2
KJFK,2026-09-16T06:54:08.213Z,1789541460,2026-09-16T07:00:00.000Z,17.2,13.3,230,4,,10+,1027.9,1027.7,12,METAR,METAR KJFK 160651Z 23004KT 10SM FEW055 FEW250 17/13 A3035 RMK AO2 SLP277 T01720133 $,40.6392,-73.7639,3,"New York/JF Kennedy Intl, NY, US",FEW,"[{'cover': 'FEW', 'base': 5500}, {'cover': 'FEW', 'base': 25000}]",VFR,,,,,,,,,,,,2026-09-16 06:51:00+00:00,2026-09-16 06:54:08.213000+00:00,17.2,True,17.2
KJFK,2026-09-16T07:54:08.581Z,1789545060,2026-09-16T08:00:00.000Z,17.2,13.3,260,6,,10+,1027.9,1027.7,12,METAR,METAR KJFK 160751Z 26006KT 10SM FEW050 FEW250 17/13 A3035 RMK AO2 SLP277 T01720133 $,40.6392,-73.7639,3,"New York/JF Kennedy Intl, NY, US",FEW,"[{'cover': 'FEW', 'base': 5000}, {'cover': 'FEW', 'base': 25000}]",VFR,,,,,,,,,,,,2026-09-16 07:51:00+00:00,2026-09-16 07:54:08.581000+00:00,17.2,True,17.2
KJFK,2026-09-16T08:54:10.609Z,1789548660,2026-09-16T09:00:00.000Z,15.6,12.8,0,0,,10+,1027.9,1027.7,12,METAR,METAR KJFK 160851Z 00000KT 10SM FEW250 16/13 A3035 RMK AO2 SLP277 T01560128 55003 $,40.6392,-73.7639,3,"New York/JF Kennedy Intl, NY, US",FEW,"[{'cover': 'FEW', 'base': 25000}]",VFR,-0.3,,,,,,,,,,,2026-09-16 08:51:00+00:00,2026-09-16 08:54:10.609000+00:00,15.6,True,15.6
KJFK,2026-09-16T09:54:09.347Z,1789552260,2026-09-16T10:00:00.000Z,17.2,12.8,280,6,,10+,1028.5,1028.2,12,METAR,METAR KJFK 160951Z 28006KT 10SM FEW100 FEW250 17/13 A3037 RMK AO2 SLP282 T01720128 $,40.6392,-73.7639,3,"New York/JF Kennedy Intl, NY, US",FEW,"[{'cover': 'FEW', 'base': 10000}, {'cover': 'FEW', 'base': 25000}]",VFR,,,,,,,,,,,,2026-09-16 09:51:00+00:00,2026-09-16 09:54:09.347000+00:00,17.2,True,17.2
KJFK,2026-09-16T10:54:10.180Z,1789555860,2026-09-16T11:00:00.000Z,17.2,12.8,250,6,,10+,1028.5,1028.2,12,METAR,METAR KJFK 161051Z 25006KT 10SM FEW100 SCT150 BKN250 17/13 A3037 RMK AO2 SLP282 T01720128 $,40.6392,-73.7639,3,"New York/JF Kennedy Intl, NY, US",BKN,"[{'cover': 'FEW', 'base': 10000}, {'cover': 'SCT', 'base': 15000}, {'cover': 'BKN', 'base': 25000}]",VFR,,,,,,,,,,,,2026-09-16 10:51:00+00:00,2026-09-16 10:54:10.180000+00:00,17.2,True,17.2
KJFK,2026-09-16T11:54:08.790Z,1789559460,2026-09-16T12:00:00.000Z,18.9,14.4,240,4,,10+,1028.9,1028.7,12,METAR,METAR KJFK 161151Z 24004KT 10SM FEW100 BKN150 BKN250 19/14 A3038 RMK AO2 SLP287 T01890144 10189 20156 51009 $,40.6392,-73.7639,3,"New York/JF Kennedy Intl, NY, US",BKN,"[{'cover': 'FEW', 'base': 10000}, {'cover': 'BKN', 'base': 15000}, {'cover': 'BKN', 'base': 25000}]",VFR,0.9,18.9,15.6,,,,,,,,,2026-09-16 11:51:00+00:00,2026-09-16 11:54:08.790000+00:00,18.9,True,18.9
KJFK,2026-09-16T12:54:09.675Z,1789563060,2026-09-16T13:00:00.000Z,20.0,15.0,210,8,,10+,1028.5,1028.4,12,METAR,METAR KJFK 161251Z 21008KT 10SM SCT120 BKN160 BKN250 20/15 A3037 RMK AO2 SLP284 T02000150 $,40.6392,-73.7639,3,"New York/JF Kennedy Intl, NY, US",BKN,"[{'cover': 'SCT', 'base': 12000}, {'cover': 'BKN', 'base': 16000}, {'cover': 'BKN', 'base': 25000}]",VFR,,,,,,,,,,,,2026-09-16 12:51:00+00:00,2026-09-16 12:54:09.675000+00:00,20.0,True,20.0
KJFK,2026-09-16T13:54:11.788Z,1789566660,2026-09-16T14:00:00.000Z,20.0,14.4,250,10,,10+,1029.2,1029.0,4,METAR,METAR KJFK 161351Z 25010KT 10SM -RA BKN100 BKN150 BKN250 20/14 A3039 RMK AO2 RAB44 SLP290 P0000 T02000144,40.6392,-73.7639,3,"New York/JF Kennedy Intl, NY, US",BKN,"[{'cover': 'BKN', 'base': 10000}, {'cover': 'BKN', 'base': 15000}, {'cover': 'BKN', 'base': 25000}]",VFR,,,,,,,0.005,,-RA,,,2026-09-16 13:51:00+00:00,2026-09-16 13:54:11.788000+00:00,20.0,True,20.0
KJFK,2026-09-16T14:54:35.958Z,1789570260,2026-09-16T15:00:00.000Z,21.7,14.4,240,8,,10+,1029.2,1028.9,4,METAR,METAR KJFK 161451Z 24008KT 10SM FEW080 BKN160 BKN250 22/14 A3039 RMK AO2 RAE18 SLP289 P0000 60000 T02170144 53003,40.6392,-73.7639,3,"New York/JF Kennedy Intl, NY, US",BKN,"[{'cover': 'FEW', 'base': 8000}, {'cover': 'BKN', 'base': 16000}, {'cover': 'BKN', 'base': 25000}]",VFR,0.3,,,,,,0.005,0.005,,,,2026-09-16 14:51:00+00:00,2026-09-16 14:54:35.958000+00:00,21.7,True,21.7
KJFK,2026-09-16T15:54:10.929Z,1789573860,2026-09-16T16:00:00.000Z,22.8,15.0,220,8,,10+,1028.5,1028.3,4,METAR,METAR KJFK 161551Z 22008KT 10SM FEW080 SCT160 BKN250 23/15 A3037 RMK AO2 SLP283 T02280150,40.6392,-73.7639,3,"New York/JF Kennedy Intl, NY, US",BKN,"[{'cover': 'FEW', 'base': 8000}, {'cover': 'SCT', 'base': 16000}, {'cover': 'BKN', 'base': 25000}]",VFR,,,,,,,,,,,,2026-09-16 15:51:00+00:00,2026-09-16 15:54:10.929000+00:00,22.8,True,22.8
KJFK,2026-09-16T16:54:07.943Z,1789577460,2026-09-16T17:00:00.000Z,23.9,15.6,210,10,,10+,1027.5,1027.5,12,METAR,METAR KJFK 161651Z 21010KT 10SM FEW080 BKN160 BKN250 24/16 A3034 RMK AO2 SLP275 T02390156 $,40.6392,-73.7639,3,"New York/JF Kennedy Intl, NY, US",BKN,"[{'cover': 'FEW', 'base': 8000}, {'cover': 'BKN', 'base': 16000}, {'cover': 'BKN', 'base': 25000}]",VFR,,,,,,,,,,,,2026-09-16 16:51:00+00:00,2026-09-16 16:54:07.943000+00:00,23.9,True,23.9
KJFK,2026-09-16T17:54:07.918Z,1789581060,2026-09-16T18:00:00.000Z,23.3,16.7,190,8,,10+,1027.2,1027.0,12,METAR,METAR KJFK 161751Z 19008KT 10SM FEW080 SCT160 SCT250 23/17 A3033 RMK AO2 SLP270 60000 T02330167 10244 20189 56019 $,40.6392,-73.7639,3,"New York/JF Kennedy Intl, NY, US",SCT,"[{'cover': 'FEW', 'base': 8000}, {'cover': 'SCT', 'base': 16000}, {'cover': 'SCT', 'base': 25000}]",VFR,-1.9,24.4,18.9,,,0.005,,,,,,2026-09-16 17:51:00+00:00,2026-09-16 17:54:07.918000+00:00,23.3,True,23.3
KJFK,2026-09-16T18:54:09.037Z,1789584660,2026-09-16T19:00:00.000Z,24.4,17.2,210,9,,10+,1026.8,1026.6,12,METAR,METAR KJFK 161851Z 21009KT 10SM FEW080 BKN150 BKN250 24/17 A3032 RMK AO2 SLP266 T02440172 $,40.6392,-73.7639,3,"New York/JF Kennedy Intl, NY, US",BKN,"[{'cover': 'FEW', 'base': 8000}, {'cover': 'BKN', 'base': 15000}, {'cover': 'BKN', 'base': 25000}]",VFR,,,,,,,,,,,,2026-09-16 18:51:00+00:00,2026-09-16 18:54:09.037000+00:00,24.4,True,24.4
KJFK,2026-09-16T19:54:14.007Z,1789588260,2026-09-16T20:00:00.000Z,23.3,17.2,170,11,,10+,1026.5,1026.3,12,METAR,METAR KJFK 161951Z 17011KT 10SM BKN150 BKN250 23/17 A3031 RMK AO2 SLP263 T02330172 $,40.6392,-73.7639,3,"New York/JF Kennedy Intl, NY, US",BKN,"[{'cover': 'BKN', 'base': 15000}, {'cover': 'BKN', 'base': 25000}]",VFR,,,,,,,,,,,,2026-09-16 19:51:00+00:00,2026-09-16 19:54:14.007000+00:00,23.3,True,23.3
KJFK,2026-09-16T20:54:14.724Z,1789591860,2026-09-16T21:00:00.000Z,23.3,17.8,190,11,,10+,1026.2,1026.0,12,METAR,METAR KJFK 162051Z 19011KT 10SM SCT150 SCT190 BKN250 23/18 A3030 RMK AO2 SLP260 T02330178 56010 CHINO W $,40.6392,-73.7639,3,"New York/JF Kennedy Intl, NY, US",BKN,"[{'cover': 'SCT', 'base': 15000}, {'cover': 'SCT', 'base': 19000}, {'cover': 'BKN', 'base': 25000}]",VFR,-1.0,,,,,,,,,,,2026-09-16 20:51:00+00:00,2026-09-16 20:54:14.724000+00:00,23.3,True,23.3
KJFK,2026-09-16T21:54:10.133Z,1789595460,2026-09-16T22:00:00.000Z,22.2,17.8,190,11,,10+,1026.2,1026.0,12,METAR,METAR KJFK 162151Z 19011KT 10SM FEW055 BKN190 BKN250 22/18 A3030 RMK AO2 SLP260 T02220178 $,40.6392,-73.7639,3,"New York/JF Kennedy Intl, NY, US",BKN,"[{'cover': 'FEW', 'base': 5500}, {'cover': 'BKN', 'base': 19000}, {'cover': 'BKN', 'base': 25000}]",VFR,,,,,,,,,,,,2026-09-16 21:51:00+00:00,2026-09-16 21:54:10.133000+00:00,22.2,True,22.2
KJFK,2026-09-16T22:54:15.043Z,1789599060,2026-09-16T23:00:00.000Z,22.2,18.3,180,9,,10+,1026.2,1026.0,12,METAR,METAR KJFK 162251Z 18009KT 10SM FEW055 BKN180 BKN250 22/18 A3030 RMK AO2 SLP260 T02220183 $,40.6392,-73.7639,3,"New York/JF Kennedy Intl, NY, US",BKN,"[{'cover': 'FEW', 'base': 5500}, {'cover': 'BKN', 'base': 18000}, {'cover': 'BKN', 'base': 25000}]",VFR,,,,,,,,,,,,2026-09-16 22:51:00+00:00,2026-09-16 22:54:15.043000+00:00,22.2,True,22.2
KJFK,2026-09-16T23:54:07.519Z,1789602660,2026-09-17T00:00:00.000Z,22.2,18.3,190,8,,10+,1026.2,1025.8,12,METAR,METAR KJFK 162351Z 19008KT 10SM SCT060 SCT180 BKN250 22/18 A3030 RMK AO2 SLP258 T02220183 58002 $,40.6392,-73.7639,3,"New York/JF Kennedy Intl, NY, US",BKN,"[{'cover': 'SCT', 'base': 6000}, {'cover': 'SCT', 'base': 18000}, {'cover': 'BKN', 'base': 25000}]",VFR,-0.2,,,,,,,,,,,2026-09-16 23:51:00+00:00,2026-09-16 23:54:07.519000+00:00,22.2,True,22.2
KJFK,2026-09-17T00:54:08.885Z,1789606260,2026-09-17T01:00:00.000Z,22.2,18.9,190,7,,10+,1026.5,1026.2,12,METAR,METAR KJFK 170051Z 19007KT 10SM BKN060 BKN180 BKN250 22/19 A3031 RMK AO2 SLP262 T02220189 $,40.6392,-73.7639,3,"New York/JF Kennedy Intl, NY, US",BKN,"[{'cover': 'BKN', 'base': 6000}, {'cover': 'BKN', 'base': 18000}, {'cover': 'BKN', 'base': 25000}]",VFR,,,,,,,,,,,,2026-09-17 00:51:00+00:00,2026-09-17 00:54:08.885000+00:00,22.2,True,22.2
KJFK,2026-09-17T01:54:11.070Z,1789609860,2026-09-17T02:00:00.000Z,22.2,19.4,200,6,,10+,1026.2,1026.1,12,METAR,METAR KJFK 170151Z 20006KT 10SM OVC060 22/19 A3030 RMK AO2 SLP261 T02220194 $,40.6392,-73.7639,3,"New York/JF Kennedy Intl, NY, US",OVC,"[{'cover': 'OVC', 'base': 6000}]",VFR,,,,,,,,,,,,2026-09-17 01:51:00+00:00,2026-09-17 01:54:11.070000+00:00,22.2,True,22.2
KJFK,2026-09-17T02:57:10.072Z,1789613460,2026-09-17T03:00:00.000Z,22.2,19.4,200,6,,10+,1026.2,1025.9,12,METAR,METAR KJFK 170251Z 20006KT 10SM BKN060 BKN250 22/19 A3030 RMK AO2 SLP259 T02220194 50001 $,40.6392,-73.7639,3,"New York/JF Kennedy Intl, NY, US",BKN,"[{'cover': 'BKN', 'base': 6000}, {'cover': 'BKN', 'base': 25000}]",VFR,0.1,,,,,,,,,,,2026-09-17 02:51:00+00:00,2026-09-17 02:57:10.072000+00:00,22.2,True,22.2
KJFK,2026-09-17T03:54:15.305Z,1789617060,2026-09-17T04:00:00.000Z,22.2,19.4,220,5,,10+,1025.8,1025.8,12,METAR,METAR KJFK 170351Z 22005KT 10SM OVC060 22/19 A3029 RMK AO2 SLP258 T02220194 $,40.6392,-73.7639,3,"New York/JF Kennedy Intl, NY, US",OVC,"[{'cover': 'OVC', 'base': 6000}]",VFR,,,,,,,,,,,,2026-09-17 03:51:00+00:00,2026-09-17 03:54:15.305000+00:00,22.2,True,22.2
KJFK,2026-09-17T04:54:14.635Z,1789620660,2026-09-17T05:00:00.000Z,22.2,19.4,220,5,,10+,1025.5,1025.4,12,METAR,METAR KJFK 170451Z 22005KT 10SM FEW045 OVC060 22/19 A3028 RMK AO2 SLP254 T02220194 402440156 $,40.6392,-73.7639,3,"New York/JF Kennedy Intl, NY, US",OVC,"[{'cover': 'FEW', 'base': 4500}, {'cover': 'OVC', 'base': 6000}]",VFR,,,,24.4,15.6,,,,,,,2026-09-17 04:51:00+00:00,2026-09-17 04:54:14.635000+00:00,22.2,True,22.2
KJFK,2026-09-17T05:54:09.330Z,1789624260,2026-09-17T06:00:00.000Z,22.2,18.9,230,8,,10+,1025.1,1025.1,12,METAR,METAR KJFK 170551Z 23008KT 10SM OVC060 22/19 A3027 RMK AO2 SLP251 T02220189 10222 20217 58009 $,40.6392,-73.7639,3,"New York/JF Kennedy Intl, NY, US",OVC,"[{'cover': 'OVC', 'base': 6000}]",VFR,-0.9,22.2,21.7,,,,,,,,,2026-09-17 05:51:00+00:00,2026-09-17 05:54:09.330000+00:00,22.2,True,22.2
KJFK,2026-09-17T06:54:09.687Z,1789627860,2026-09-17T07:00:00.000Z,22.2,18.9,220,8,,10+,1024.8,1024.6,12,METAR,METAR KJFK 170651Z 22008KT 10SM OVC060 22/19 A3026 RMK AO2 SLP246 T02220189 $,40.6392,-73.7639,3,"New York/JF Kennedy Intl, NY, US",OVC,"[{'cover': 'OVC', 'base': 6000}]",VFR,,,,,,,,,,,,2026-09-17 06:51:00+00:00,2026-09-17 06:54:09.687000+00:00,22.2,True,22.2
KJFK,2026-09-17T07:54:07.993Z,1789631460,2026-09-17T08:00:00.000Z,21.1,18.9,230,7,,10+,1024.5,1024.4,12,METAR,METAR KJFK 170751Z 23007KT 10SM OVC065 21/19 A3025 RMK AO2 SLP244 T02110189 $,40.6392,-73.7639,3,"New York/JF Kennedy Intl, NY, US",OVC,"[{'cover': 'OVC', 'base': 6500}]",VFR,,,,,,,,,,,,2026-09-17 07:51:00+00:00,2026-09-17 07:54:07.993000+00:00,21.1,True,21.1
KJFK,2026-09-17T08:54:09.182Z,1789635060,2026-09-17T09:00:00.000Z,21.7,18.9,220,5,,10+,1024.8,1024.6,12,METAR,METAR KJFK 170851Z 22005KT 10SM BKN070 BKN250 22/19 A3026 RMK AO2 SLP246 T02170189 55005 $,40.6392,-73.7639,3,"New York/JF Kennedy Intl, NY, US",BKN,"[{'cover': 'BKN', 'base': 7000}, {'cover': 'BKN', 'base': 25000}]",VFR,-0.5,,,,,,,,,,,2026-09-17 08:51:00+00:00,2026-09-17 08:54:09.182000+00:00,21.7,True,21.7
KJFK,2026-09-17T09:54:12.114Z,1789638660,2026-09-17T10:00:00.000Z,21.1,18.9,220,4,,10+,1024.5,1024.4,12,METAR,METAR KJFK 170951Z 22004KT 10SM BKN065 BKN250 21/19 A3025 RMK AO2 SLP244 T02110189 $,40.6392,-73.7639,3,"New York/JF Kennedy Intl, NY, US",BKN,"[{'cover': 'BKN', 'base': 6500}, {'cover': 'BKN', 'base': 25000}]",VFR,,,,,,,,,,,,2026-09-17 09:51:00+00:00,2026-09-17 09:54:12.114000+00:00,21.1,True,21.1
KJFK,2026-09-17T10:54:10.791Z,1789642260,2026-09-17T11:00:00.000Z,21.1,19.4,190,3,,10+,1024.1,1024.0,12,METAR,METAR KJFK 171051Z 19003KT 10SM FEW065 SCT090 BKN250 21/19 A3024 RMK AO2 SLP240 T02110194 $,40.6392,-73.7639,3,"New York/JF Kennedy Intl, NY, US",BKN,"[{'cover': 'FEW', 'base': 6500}, {'cover': 'SCT', 'base': 9000}, {'cover': 'BKN', 'base': 25000}]",VFR,,,,,,,,,,,,2026-09-17 10:51:00+00:00,2026-09-17 10:54:10.791000+00:00,21.1,True,21.1
KJFK,2026-09-17T11:54:09.428Z,1789645860,2026-09-17T12:00:00.000Z,22.2,19.4,220,5,,10+,1024.5,1024.4,12,METAR,METAR KJFK 171151Z 22005KT 10SM FEW065 FEW090 BKN250 22/19 A3025 RMK AO2 SLP244 T02220194 10222 20206 55001 $,40.6392,-73.7639,3,"New York/JF Kennedy Intl, NY, US",BKN,"[{'cover': 'FEW', 'base': 6500}, {'cover': 'FEW', 'base': 9000}, {'cover': 'BKN', 'base': 25000}]",VFR,-0.1,22.2,20.6,,,,,,,,,2026-09-17 11:51:00+00:00,2026-09-17 11:54:09.428000+00:00,22.2,True,22.2
KJFK,2026-09-17T12:54:57.110Z,1789649460,2026-09-17T13:00:00.000Z,22.8,19.4,170,8,,10+,1024.1,1024.1,4,METAR,METAR KJFK 171251Z 17008KT 10SM FEW065 FEW090 BKN250 23/19 A3024 RMK AO2 SLP241 T02280194,40.6392,-73.7639,3,"New York/JF Kennedy Intl, NY, US",BKN,"[{'cover': 'FEW', 'base': 6500}, {'cover': 'FEW', 'base': 9000}, {'cover': 'BKN', 'base': 25000}]",VFR,,,,,,,,,,,,2026-09-17 12:51:00+00:00,2026-09-17 12:54:57.110000+00:00,22.8,True,22.8
KJFK,2026-09-17T13:54:11.534Z,1789653060,2026-09-17T14:00:00.000Z,23.3,19.4,200,10,,10+,1024.8,1024.5,4,METAR,METAR KJFK 171351Z 20010KT 10SM SCT048 BKN090 BKN250 23/19 A3026 RMK AO2 SLP245 T02330194,40.6392,-73.7639,3,"New York/JF Kennedy Intl, NY, US",BKN,"[{'cover': 'SCT', 'base': 4800}, {'cover': 'BKN', 'base': 9000}, {'cover': 'BKN', 'base': 25000}]",VFR,,,,,,,,,,,,2026-09-17 13:51:00+00:00,2026-09-17 13:54:11.534000+00:00,23.3,True,23.3
KJFK,2026-09-17T14:54:14.719Z,1789656660,2026-09-17T15:00:00.000Z,24.4,19.4,210,8,,10+,1024.5,1024.2,4,METAR,METAR KJFK 171451Z 21008KT 10SM BKN043 BKN095 BKN250 24/19 A3025 RMK AO2 SLP242 T02440194 57002,40.6392,-73.7639,3,"New York/JF Kennedy Intl, NY, US",BKN,"[{'cover': 'BKN', 'base': 4300}, {'cover': 'BKN', 'base': 9500}, {'cover': 'BKN', 'base': 25000}]",VFR,-0.2,,,,,,,,,,,2026-09-17 14:51:00+00:00,2026-09-17 14:54:14.719000+00:00,24.4,True,24.4
KJFK,2026-09-17T15:54:09.062Z,1789660260,2026-09-17T16:00:00.000Z,25.6,21.1,230,7,,10+,1023.8,1023.6,12,METAR,METAR KJFK 171551Z 23007KT 10SM FEW043 SCT095 BKN250 26/21 A3023 RMK AO2 SLP236 T02560211 $,40.6392,-73.7639,3,"New York/JF Kennedy Intl, NY, US",BKN,"[{'cover': 'FEW', 'base': 4300}, {'cover': 'SCT', 'base': 9500}, {'cover': 'BKN', 'base': 25000}]",VFR,,,,,,,,,,,,2026-09-17 15:51:00+00:00,2026-09-17 15:54:09.062000+00:00,25.6,True,25.6
KJFK,2026-09-17T16:54:12.271Z,1789663860,2026-09-17T17:00:00.000Z,26.7,21.1,190,7,,10+,1022.8,1022.7,12,METAR,METAR KJFK 171651Z 19007KT 10SM FEW060 FEW095 SCT250 27/21 A3020 RMK AO2 SLP227 T02670211 $,40.6392,-73.7639,3,"New York/JF Kennedy Intl, NY, US",SCT,"[{'cover': 'FEW', 'base': 6000}, {'cover': 'FEW', 'base': 9500}, {'cover': 'SCT', 'base': 25000}]",VFR,,,,,,,,,,,,2026-09-17 16:51:00+00:00,2026-09-17 16:54:12.271000+00:00,26.7,True,26.7
KJFK,2026-09-17T17:54:10.252Z,1789667460,2026-09-17T18:00:00.000Z,25.6,21.7,190,11,,10+,1022.4,1022.1,12,METAR,METAR KJFK 171751Z 19011KT 10SM FEW050 SCT095 BKN200 BKN250 26/22 A3019 RMK AO2 SLP221 T02560217 56021 VISNO W $,40.6392,-73.7639,3,"New York/JF Kennedy Intl, NY, US",BKN,"[{'cover': 'FEW', 'base': 5000}, {'cover': 'SCT', 'base': 9500}, {'cover': 'BKN', 'base': 20000}, {'cover': 'BKN', 'base': 25000}]",VFR,-2.1,,,,,,,,,,,2026-09-17 17:51:00+00:00,2026-09-17 17:54:10.252000+00:00,25.6,True,25.6
KJFK,2026-09-17T18:54:09.702Z,1789671060,2026-09-17T19:00:00.000Z,25.0,20.0,180,15,,10+,1021.4,1021.3,4,METAR,METAR KJFK 171851Z 18015KT 10SM FEW055 BKN100 BKN250 25/20 A3016 RMK AO2 SLP213 T02500200 PNO,40.6392,-73.7639,3,"New York/JF Kennedy Intl, NY, US",BKN,"[{'cover': 'FEW', 'base': 5500}, {'cover': 'BKN', 'base': 10000}, {'cover': 'BKN', 'base': 25000}]",VFR,,,,,,,,,,,,2026-09-17 18:51:00+00:00,2026-09-17 18:54:09.702000+00:00,25.0,True,25.0
KJFK,2026-09-17T19:54:08.591Z,1789674660,2026-09-17T20:00:00.000Z,25.6,20.0,190,15,,10+,1020.4,1020.3,4,METAR,METAR KJFK 171951Z 19015KT 10SM FEW034 SCT050 SCT090 BKN250 26/20 A3013 RMK AO2 SLP203 T02560200,40.6392,-73.7639,3,"New York/JF Kennedy Intl, NY, US",BKN,"[{'cover': 'FEW', 'base': 3400}, {'cover': 'SCT', 'base': 5000}, {'cover': 'SCT', 'base': 9000}, {'cover': 'BKN', 'base': 25000}]",VFR,,,,,,,,,,,,2026-09-17 19:51:00+00:00,2026-09-17 19:54:08.591000+00:00,25.6,True,25.6
KJFK,2026-09-17T20:54:09.567Z,1789678260,2026-09-17T21:00:00.000Z,25.0,20.0,180,16,22.0,10+,1019.4,1019.3,4,METAR,METAR KJFK 172051Z 18016G22KT 10SM FEW030 BKN046 BKN090 BKN170 BKN250 25/20 A3010 RMK AO2 SLP193 T02500200,40.6392,-73.7639,3,"New York/JF Kennedy Intl, NY, US",BKN,"[{'cover': 'FEW', 'base': 3000}, {'cover': 'BKN', 'base': 4600}, {'cover': 'BKN', 'base': 9000}, {'cover': 'BKN', 'base': 17000}]",VFR,,,,,,,,,,,,2026-09-17 20:51:00+00:00,2026-09-17 20:54:09.567000+00:00,25.0,True,25.0
KJFK,2026-09-17T21:44:37.571Z,1789681260,2026-09-17T21:41:00.000Z,24.4,20.0,190,12,,10+,1019.4,,4,SPECI,SPECI KJFK 172141Z 19012KT 10SM FEW030 BKN043 OVC250 24/20 A3010 RMK AO2 T02440200,40.6392,-73.7639,3,"New York/JF Kennedy Intl, NY, US",OVC,"[{'cover': 'FEW', 'base': 3000}, {'cover': 'BKN', 'base': 4300}, {'cover': 'OVC', 'base': 25000}]",VFR,,,,,,,,,,,,2026-09-17 21:41:00+00:00,2026-09-17 21:44:37.571000+00:00,24.4,True,24.4
KJFK,2026-09-17T21:54:08.547Z,1789681860,2026-09-17T22:00:00.000Z,24.4,20.0,190,12,,10+,1019.4,1019.2,4,METAR,METAR KJFK 172151Z 19012KT 10SM FEW030 BKN043 OVC250 24/20 A3010 RMK AO2 SLP192 T02440200,40.6392,-73.7639,3,"New York/JF Kennedy Intl, NY, US",OVC,"[{'cover': 'FEW', 'base': 3000}, {'cover': 'BKN', 'base': 4300}, {'cover': 'OVC', 'base': 25000}]",VFR,,,,,,,,,,,,2026-09-17 21:51:00+00:00,2026-09-17 21:54:08.547000+00:00,24.4,True,24.4
KJFK,2026-09-17T22:54:07.378Z,1789685460,2026-09-17T23:00:00.000Z,23.9,20.0,200,10,,10+,1019.4,1019.3,4,METAR,METAR KJFK 172251Z 20010KT 10SM BKN042 BKN065 OVC170 24/20 A3010 RMK AO2 SLP193 T02390200,40.6392,-73.7639,3,"New York/JF Kennedy Intl, NY, US",OVC,"[{'cover': 'BKN', 'base': 4200}, {'cover': 'BKN', 'base': 6500}, {'cover': 'OVC', 'base': 17000}]",VFR,,,,,,,,,,,,2026-09-17 22:51:00+00:00,2026-09-17 22:54:07.378000+00:00,23.9,True,23.9
KJFK,2026-09-17T23:54:08.664Z,1789689060,2026-09-18T00:00:00.000Z,23.9,20.6,190,12,,10+,1019.4,1019.1,4,METAR,METAR KJFK 172351Z 19012KT 10SM BKN040 BKN060 OVC080 24/21 A3010 RMK AO2 SLP191 T02390206 10261 20239 58001,40.6392,-73.7639,3,"New York/JF Kennedy Intl, NY, US",OVC,"[{'cover': 'BKN', 'base': 4000}, {'cover': 'BKN', 'base': 6000}, {'cover': 'OVC', 'base': 8000}]",VFR,-0.1,26.1,23.9,,,,,,,,,2026-09-17 23:51:00+00:00,2026-09-17 23:54:08.664000+00:00,23.9,True,23.9
KJFK,2026-09-18T00:55:34.894Z,1789692660,2026-09-18T01:00:00.000Z,23.3,20.6,190,12,,10+,1019.4,1019.2,4,METAR,METAR KJFK 180051Z 19012KT 10SM SCT037 SCT060 OVC100 23/21 A3010 RMK AO2 RAB06E27 SLP192 P0000 T02330206,40.6392,-73.7639,3,"New York/JF Kennedy Intl, NY, US",OVC,"[{'cover': 'SCT', 'base': 3700}, {'cover': 'SCT', 'base': 6000}, {'cover': 'OVC', 'base': 10000}]",VFR,,,,,,,0.005,,,,,2026-09-18 00:51:00+00:00,2026-09-18 00:55:34.894000+00:00,23.3,True,23.3
KJFK,2026-09-18T01:54:11.376Z,1789696260,2026-09-18T02:00:00.000Z,23.3,21.1,200,12,,10+,1019.4,1019.3,4,METAR,METAR KJFK 180151Z 20012KT 10SM BKN033 BKN060 OVC100 23/21 A3010 RMK AO2 SLP193 T02330211,40.6392,-73.7639,3,"New York/JF Kennedy Intl, NY, US",OVC,"[{'cover': 'BKN', 'base': 3300}, {'cover': 'BKN', 'base': 6000}, {'cover': 'OVC', 'base': 10000}]",VFR,,,,,,,,,,,,2026-09-18 01:51:00+00:00,2026-09-18 01:54:11.376000+00:00,23.3,True,23.3
KJFK,2026-09-18T02:54:10.444Z,1789699860,2026-09-18T03:00:00.000Z,23.3,20.6,210,12,,10+,1018.7,1018.7,4,METAR,METAR KJFK 180251Z 21012KT 10SM BKN035 BKN075 BKN090 OVC250 23/21 A3008 RMK AO2 SLP187 60000 T02330206 58004,40.6392,-73.7639,3,"New York/JF Kennedy Intl, NY, US",OVC,"[{'cover': 'BKN', 'base': 3500}, {'cover': 'BKN', 'base': 7500}, {'cover': 'BKN', 'base': 9000}, {'cover': 'OVC', 'base': 25000}]",VFR,-0.4,,,,,,,0.005,,,,2026-09-18 02:51:00+00:00,2026-09-18 02:54:10.444000+00:00,23.3,True,23.3
KJFK,2026-09-18T03:54:07.634Z,1789703460,2026-09-18T04:00:00.000Z,23.3,20.6,210,9,,10+,1018.7,1018.4,4,METAR,METAR KJFK 180351Z 21009KT 10SM BKN031 OVC036 23/21 A3008 RMK AO2 SLP184 T02330206,40.6392,-73.7639,3,"New York/JF Kennedy Intl, NY, US",OVC,"[{'cover': 'BKN', 'base': 3100}, {'cover': 'OVC', 'base': 3600}]",VFR,,,,,,,,,,,,2026-09-18 03:51:00+00:00,2026-09-18 03:54:07.634000+00:00,23.3,True,23.3
KJFK,2026-09-18T04:54:07.548Z,1789707060,2026-09-18T05:00:00.000Z,23.3,20.6,210,7,,10+,1018.0,1017.8,4,METAR,METAR KJFK 180451Z 21007KT 10SM OVC032 23/21 A3006 RMK AO2 SLP178 T02330206 402670206,40.6392,-73.7639,3,"New York/JF Kennedy Intl, NY, US",OVC,"[{'cover': 'OVC', 'base': 3200}]",VFR,,,,26.7,20.6,,,,,,,2026-09-18 04:51:00+00:00,2026-09-18 04:54:07.548000+00:00,23.3,True,23.3
KJFK,2026-09-18T05:54:10.737Z,1789710660,2026-09-18T06:00:00.000Z,22.8,20.6,220,7,,10+,1017.4,1017.2,4,METAR,METAR KJFK 180551Z 22007KT 10SM BKN034 OVC110 23/21 A3004 RMK AO2 SLP172 60000 T02280206 10239 20228 58015,40.6392,-73.7639,3,"New York/JF Kennedy Intl, NY, US",OVC,"[{'cover': 'BKN', 'base': 3400}, {'cover': 'OVC', 'base': 11000}]",VFR,-1.5,23.9,22.8,,,0.005,,,,,,2026-09-18 05:51:00+00:00,2026-09-18 05:54:10.737000+00:00,22.8,True,22.8
KJFK,2026-09-18T06:54:07.391Z,1789714260,2026-09-18T07:00:00.000Z,23.3,20.6,230,7,,10+,1017.0,1016.8,4,METAR,METAR KJFK 180651Z 23007KT 10SM BKN033 OVC041 23/21 A3003 RMK AO2 SLP168 T02330206,40.6392,-73.7639,3,"New York/JF Kennedy Intl, NY, US",OVC,"[{'cover': 'BKN', 'base': 3300}, {'cover': 'OVC', 'base': 4100}]",VFR,,,,,,,,,,,,2026-09-18 06:51:00+00:00,2026-09-18 06:54:07.391000+00:00,23.3,True,23.3
KJFK,2026-09-18T07:54:14.323Z,1789717860,2026-09-18T08:00:00.000Z,22.8,20.6,240,7,,10+,1016.7,1016.6,4,METAR,METAR KJFK 180751Z 24007KT 10SM BKN030 OVC038 23/21 A3002 RMK AO2 SLP166 T02280206,40.6392,-73.7639,3,"New York/JF Kennedy Intl, NY, US",OVC,"[{'cover': 'BKN', 'base': 3000}, {'cover': 'OVC', 'base': 3800}]",MVFR,,,,,,,,,,,,2026-09-18 07:51:00+00:00,2026-09-18 07:54:14.323000+00:00,22.8,True,22.8
KJFK,2026-09-18T08:54:03.420Z,1789721460,2026-09-18T09:00:00.000Z,23.3,21.1,270,5,,10+,1016.7,1016.5,4,METAR,METAR KJFK 180851Z 27005KT 10SM SCT070 OVC090 23/21 A3002 RMK AO2 SLP165 T02330211 56007,40.6392,-73.7639,3,"New York/JF Kennedy Intl, NY, US",OVC,"[{'cover': 'SCT', 'base': 7000}, {'cover': 'OVC', 'base': 9000}]",VFR,-0.7,,,,,,,,,,,2026-09-18 08:51:00+00:00,2026-09-18 08:54:03.420000+00:00,23.3,True,23.3
KJFK,2026-09-18T09:54:10.795Z,1789725060,2026-09-18T10:00:00.000Z,23.9,21.1,350,6,,10+,1016.7,1016.6,4,METAR,METAR KJFK 180951Z 35006KT 10SM BKN070 BKN085 BKN250 24/21 A3002 RMK AO2 SLP166 T02390211,40.6392,-73.7639,3,"New York/JF Kennedy Intl, NY, US",BKN,"[{'cover': 'BKN', 'base': 7000}, {'cover': 'BKN', 'base': 8500}, {'cover': 'BKN', 'base': 25000}]",VFR,,,,,,,,,,,,2026-09-18 09:51:00+00:00,2026-09-18 09:54:10.795000+00:00,23.9,True,23.9
KJFK,2026-09-18T10:54:11.175Z,1789728660,2026-09-18T11:00:00.000Z,23.9,21.1,360,11,,10+,1017.4,1017.1,4,METAR,METAR KJFK 181051Z 36011KT 10SM FEW015 BKN090 BKN250 24/21 A3004 RMK AO2 SLP171 T02390211,40.6392,-73.7639,3,"New York/JF Kennedy Intl, NY, US",BKN,"[{'cover': 'FEW', 'base': 1500}, {'cover': 'BKN', 'base': 9000}, {'cover': 'BKN', 'base': 25000}]",VFR,,,,,,,,,,,,2026-09-18 10:51:00+00:00,2026-09-18 10:54:11.175000+00:00,23.9,True,23.9
KJFK,2026-09-18T11:54:11.206Z,1789732260,2026-09-18T12:00:00.000Z,23.9,19.4,10,10,,10+,1018.0,1017.8,12,METAR,METAR KJFK 181151Z 01010KT 10SM FEW015 BKN090 BKN250 24/19 A3006 RMK AO2 SLP178 T02390194 10239 20228 53013 $,40.6392,-73.7639,3,"New York/JF Kennedy Intl, NY, US",BKN,"[{'cover': 'FEW', 'base': 1500}, {'cover': 'BKN', 'base': 9000}, {'cover': 'BKN', 'base': 25000}]",VFR,1.3,23.9,22.8,,,,,,,,,2026-09-18 11:51:00+00:00,2026-09-18 11:54:11.206000+00:00,23.9,True,23.9
KJFK,2026-09-18T12:54:09.133Z,1789735860,2026-09-18T13:00:00.000Z,23.3,17.8,360,11,,10+,1018.4,1018.1,4,METAR,METAR KJFK 181251Z 36011KT 10SM FEW020 BKN085 BKN250 23/18 A3007 RMK AO2 SLP181 T02330178,40.6392,-73.7639,3,"New York/JF Kennedy Intl, NY, US",BKN,"[{'cover': 'FEW', 'base': 2000}, {'cover': 'BKN', 'base': 8500}, {'cover': 'BKN', 'base': 25000}]",VFR,,,,,,,,,,,,2026-09-18 12:51:00+00:00,2026-09-18 12:54:09.133000+00:00,23.3,True,23.3
KJFK,2026-09-18T13:54:12.305Z,1789739460,2026-09-18T14:00:00.000Z,24.4,18.9,10,9,,10+,1018.7,1018.5,4,METAR,METAR KJFK 181351Z 01009KT 10SM FEW020 BKN085 BKN250 24/19 A3008 RMK AO2 SLP185 T02440189,40.6392,-73.7639,3,"New York/JF Kennedy Intl, NY, US",BKN,"[{'cover': 'FEW', 'base': 2000}, {'cover': 'BKN', 'base': 8500}, {'cover': 'BKN', 'base': 25000}]",VFR,,,,,,,,,,,,2026-09-18 13:51:00+00:00,2026-09-18 13:54:12.305000+00:00,24.4,True,24.4
KJFK,2026-09-18T14:54:08.672Z,1789743060,2026-09-18T15:00:00.000Z,26.1,17.8,10,12,,10+,1018.7,1018.5,4,METAR,METAR KJFK 181451Z 01012KT 10SM SCT020 BKN080 BKN250 26/18 A3008 RMK AO2 SLP185 T02610178 51007,40.6392,-73.7639,3,"New York/JF Kennedy Intl, NY, US",BKN,"[{'cover': 'SCT', 'base': 2000}, {'cover': 'BKN', 'base': 8000}, {'cover': 'BKN', 'base': 25000}]",VFR,0.7,,,,,,,,,,,2026-09-18 14:51:00+00:00,2026-09-18 14:54:08.672000+00:00,26.1,True,26.1
KJFK,2026-09-18T15:54:06.390Z,1789746660,2026-09-18T16:00:00.000Z,26.1,17.2,20,11,,10+,1018.4,1018.4,4,METAR,METAR KJFK 181551Z 02011KT 10SM SCT030 BKN090 BKN250 26/17 A3007 RMK AO2 SLP184 T02610172,40.6392,-73.7639,3,"New York/JF Kennedy Intl, NY, US",BKN,"[{'cover': 'SCT', 'base': 3000}, {'cover': 'BKN', 'base': 9000}, {'cover': 'BKN', 'base': 25000}]",VFR,,,,,,,,,,,,2026-09-18 15:51:00+00:00,2026-09-18 15:54:06.390000+00:00,26.1,True,26.1
KJFK,2026-09-18T16:54:13.976Z,1789750260,2026-09-18T17:00:00.000Z,27.2,15.6,10,11,19.0,10+,1018.0,1017.8,4,METAR,METAR KJFK 181651Z 01011G19KT 330V030 10SM FEW030 SCT055 BKN085 BKN250 27/16 A3006 RMK AO2 SLP178 T02720156,40.6392,-73.7639,3,"New York/JF Kennedy Intl, NY, US",BKN,"[{'cover': 'FEW', 'base': 3000}, {'cover': 'SCT', 'base': 5500}, {'cover': 'BKN', 'base': 8500}, {'cover': 'BKN', 'base': 25000}]",VFR,,,,,,,,,,,,2026-09-18 16:51:00+00:00,2026-09-18 16:54:13.976000+00:00,27.2,True,27.2
KJFK,2026-09-18T17:54:11.163Z,1789753860,2026-09-18T18:00:00.000Z,27.2,14.4,360,10,18.0,10+,1017.7,1017.6,4,METAR,METAR KJFK 181751Z 36010G18KT 10SM FEW060 SCT090 SCT250 27/14 A3005 RMK AO2 SLP176 6//// T02720144 10278 20233,40.6392,-73.7639,3,"New York/JF Kennedy Intl, NY, US",SCT,"[{'cover': 'FEW', 'base': 6000}, {'cover': 'SCT', 'base': 9000}, {'cover': 'SCT', 'base': 25000}]",VFR,,27.8,23.3,,,,,,,,,2026-09-18 17:51:00+00:00,2026-09-18 17:54:11.163000+00:00,27.2,True,27.2
KJFK,2026-09-18T18:54:12.204Z,1789757460,2026-09-18T19:00:00.000Z,28.3,12.2,330,13,18.0,10+,1017.4,1017.3,4,METAR,METAR KJFK 181851Z 33013G18KT 10SM FEW060 FEW090 SCT250 28/12 A3004 RMK AO2 SLP173 T02830122,40.6392,-73.7639,3,"New York/JF Kennedy Intl, NY, US",SCT,"[{'cover': 'FEW', 'base': 6000}, {'cover': 'FEW', 'base': 9000}, {'cover': 'SCT', 'base': 25000}]",VFR,,,,,,,,,,,,2026-09-18 18:51:00+00:00,2026-09-18 18:54:12.204000+00:00,28.3,True,28.3
KJFK,2026-09-18T19:54:11.315Z,1789761060,2026-09-18T20:00:00.000Z,27.8,13.3,10,16,22.0,10+,1017.4,1017.1,4,METAR,METAR KJFK 181951Z 01016G22KT 10SM FEW060 FEW090 SCT250 28/13 A3004 RMK AO2 SLP171 T02780133,40.6392,-73.7639,3,"New York/JF Kennedy Intl, NY, US",SCT,"[{'cover': 'FEW', 'base': 6000}, {'cover': 'FEW', 'base': 9000}, {'cover': 'SCT', 'base': 25000}]",VFR,,,,,,,,,,,,2026-09-18 19:51:00+00:00,2026-09-18 19:54:11.315000+00:00,27.8,True,27.8
KJFK,2026-09-18T20:54:12.416Z,1789764660,2026-09-18T21:00:00.000Z,27.2,13.3,20,11,,10+,1017.7,1017.4,4,METAR,METAR KJFK 182051Z 02011KT 10SM FEW060 FEW090 SCT250 27/13 A3005 RMK AO2 SLP174 T02720133 55002,40.6392,-73.7639,3,"New York/JF Kennedy Intl, NY, US",SCT,"[{'cover': 'FEW', 'base': 6000}, {'cover': 'FEW', 'base': 9000}, {'cover': 'SCT', 'base': 25000}]",VFR,-0.2,,,,,,,,,,,2026-09-18 20:51:00+00:00,2026-09-18 20:54:12.416000+00:00,27.2,True,27.2
KJFK,2026-09-18T21:54:17.901Z,1789768260,2026-09-18T22:00:00.000Z,26.1,14.4,40,10,,10+,1017.7,1017.4,12,METAR,METAR KJFK 182151Z 04010KT 10SM SCT060 SCT250 26/14 A3005 RMK AO2 SLP174 T02610144 $,40.6392,-73.7639,3,"New York/JF Kennedy Intl, NY, US",SCT,"[{'cover': 'SCT', 'base': 6000}, {'cover': 'SCT', 'base': 25000}]",VFR,,,,,,,,,,,,2026-09-18 21:51:00+00:00,2026-09-18 21:54:17.901000+00:00,26.1,True,26.1
KJFK,2026-09-18T22:54:07.813Z,1789771860,2026-09-18T23:00:00.000Z,25.0,14.4,50,10,,10+,1018.0,1017.8,12,METAR,METAR KJFK 182251Z 05010KT 10SM SCT060 SCT250 25/14 A3006 RMK AO2 SLP178 T02500144 $,40.6392,-73.7639,3,"New York/JF Kennedy Intl, NY, US",SCT,"[{'cover': 'SCT', 'base': 6000}, {'cover': 'SCT', 'base': 25000}]",VFR,,,,,,,,,,,,2026-09-18 22:51:00+00:00,2026-09-18 22:54:07.813000+00:00,25.0,True,25.0
KJFK,2026-09-18T23:54:10.917Z,1789775460,2026-09-19T00:00:00.000Z,23.9,15.0,60,7,,10+,1018.4,1018.1,12,METAR,METAR KJFK 182351Z 06007KT 10SM SCT065 SCT250 24/15 A3007 RMK AO2 SLP181 T02390150 53006 $,40.6392,-73.7639,3,"New York/JF Kennedy Intl, NY, US",SCT,"[{'cover': 'SCT', 'base': 6500}, {'cover': 'SCT', 'base': 25000}]",VFR,0.6,,,,,,,,,,,2026-09-18 23:51:00+00:00,2026-09-18 23:54:10.917000+00:00,23.9,True,23.9
KJFK,2026-09-19T00:54:46.729Z,1789779060,2026-09-19T01:00:00.000Z,23.3,15.0,50,7,,10+,1018.7,1018.7,12,METAR,METAR KJFK 190051Z 05007KT 10SM SCT065 SCT250 23/15 A3008 RMK AO2 SLP187 T02330150 $,40.6392,-73.7639,3,"New York/JF Kennedy Intl, NY, US",SCT,"[{'cover': 'SCT', 'base': 6500}, {'cover': 'SCT', 'base': 25000}]",VFR,,,,,,,,,,,,2026-09-19 00:51:00+00:00,2026-09-19 00:54:46.729000+00:00,23.3,True,23.3
KJFK,2026-09-19T01:54:08.781Z,1789782660,2026-09-19T02:00:00.000Z,22.8,15.6,20,10,,10+,1019.4,1019.1,12,METAR,METAR KJFK 190151Z 02010KT 10SM SCT065 BKN250 23/16 A3010 RMK AO2 SLP191 T02280156 $,40.6392,-73.7639,3,"New York/JF Kennedy Intl, NY, US",BKN,"[{'cover': 'SCT', 'base': 6500}, {'cover': 'BKN', 'base': 25000}]",VFR,,,,,,,,,,,,2026-09-19 01:51:00+00:00,2026-09-19 01:54:08.781000+00:00,22.8,True,22.8
