date,tmax_c,tmin_c,valid_day,tmean_c,source,tmean_f,hdd_f_days,cdd_f_days,station,receipt_id,raw_file,retrieved_at_utc,sha256
2000-10-01,18.9,8.9,True,13.899999999999999,GHCN-Daily,57.019999999999996,7.980000000000004,0.0,USW00094789,e8e5ff762a1a94e28f53c7df,data/raw/ghcn/20260920T033052159252Z_39c80c_USW00094789.dly,2026-09-20T03:30:52.161805+00:00,6eeab7003dc78cb5266923f6972c346b67f07fb79047c7ad0aac2750f54fa703
2000-10-02,21.1,11.7,True,16.4,GHCN-Daily,61.519999999999996,3.480000000000004,0.0,USW00094789,e8e5ff762a1a94e28f53c7df,data/raw/ghcn/20260920T033052159252Z_39c80c_USW00094789.dly,2026-09-20T03:30:52.161805+00:00,6eeab7003dc78cb5266923f6972c346b67f07fb79047c7ad0aac2750f54fa703
2000-10-03,27.8,13.9,True,20.85,GHCN-Daily,69.53,0.0,4.530000000000001,USW00094789,e8e5ff762a1a94e28f53c7df,data/raw/ghcn/20260920T033052159252Z_39c80c_USW00094789.dly,2026-09-20T03:30:52.161805+00:00,6eeab7003dc78cb5266923f6972c346b67f07fb79047c7ad0aac2750f54fa703
2000-10-04,21.7,11.7,True,16.7,GHCN-Daily,62.06,2.9399999999999977,0.0,USW00094789,e8e5ff762a1a94e28f53c7df,data/raw/ghcn/20260920T033052159252Z_39c80c_USW00094789.dly,2026-09-20T03:30:52.161805+00:00,6eeab7003dc78cb5266923f6972c346b67f07fb79047c7ad0aac2750f54fa703
2000-10-05,18.3,13.9,True,16.1,GHCN-Daily,60.980000000000004,4.019999999999996,0.0,USW00094789,e8e5ff762a1a94e28f53c7df,data/raw/ghcn/20260920T033052159252Z_39c80c_USW00094789.dly,2026-09-20T03:30:52.161805+00:00,6eeab7003dc78cb5266923f6972c346b67f07fb79047c7ad0aac2750f54fa703
2000-10-06,23.3,13.9,True,18.6,GHCN-Daily,65.48,0.0,0.480000000000004,USW00094789,e8e5ff762a1a94e28f53c7df,data/raw/ghcn/20260920T033052159252Z_39c80c_USW00094789.dly,2026-09-20T03:30:52.161805+00:00,6eeab7003dc78cb5266923f6972c346b67f07fb79047c7ad0aac2750f54fa703
2000-10-07,17.2,8.9,True,13.05,GHCN-Daily,55.49,9.509999999999998,0.0,USW00094789,e8e5ff762a1a94e28f53c7df,data/raw/ghcn/20260920T033052159252Z_39c80c_USW00094789.dly,2026-09-20T03:30:52.161805+00:00,6eeab7003dc78cb5266923f6972c346b67f07fb79047c7ad0aac2750f54fa703
2000-10-08,13.3,5.6,True,9.45,GHCN-Daily,49.01,15.990000000000002,0.0,USW00094789,e8e5ff762a1a94e28f53c7df,data/raw/ghcn/20260920T033052159252Z_39c80c_USW00094789.dly,2026-09-20T03:30:52.161805+00:00,6eeab7003dc78cb5266923f6972c346b67f07fb79047c7ad0aac2750f54fa703
2000-10-09,11.1,3.9,True,7.5,GHCN-Daily,45.5,19.5,0.0,USW00094789,e8e5ff762a1a94e28f53c7df,data/raw/ghcn/20260920T033052159252Z_39c80c_USW00094789.dly,2026-09-20T03:30:52.161805+00:00,6eeab7003dc78cb5266923f6972c346b67f07fb79047c7ad0aac2750f54fa703
2000-10-10,11.1,2.8,True,6.949999999999999,GHCN-Daily,44.51,20.490000000000002,0.0,USW00094789,e8e5ff762a1a94e28f53c7df,data/raw/ghcn/20260920T033052159252Z_39c80c_USW00094789.dly,2026-09-20T03:30:52.161805+00:00,6eeab7003dc78cb5266923f6972c346b67f07fb79047c7ad0aac2750f54fa703
2000-10-11,20.0,9.4,True,14.7,GHCN-Daily,58.46,6.539999999999999,0.0,USW00094789,e8e5ff762a1a94e28f53c7df,data/raw/ghcn/20260920T033052159252Z_39c80c_USW00094789.dly,2026-09-20T03:30:52.161805+00:00,6eeab7003dc78cb5266923f6972c346b67f07fb79047c7ad0aac2750f54fa703
2000-10-12,19.4,6.7,True,13.049999999999999,GHCN-Daily,55.489999999999995,9.510000000000005,0.0,USW00094789,e8e5ff762a1a94e28f53c7df,data/raw/ghcn/20260920T033052159252Z_39c80c_USW00094789.dly,2026-09-20T03:30:52.161805+00:00,6eeab7003dc78cb5266923f6972c346b67f07fb79047c7ad0aac2750f54fa703
2000-10-13,22.8,10.6,True,16.7,GHCN-Daily,62.06,2.9399999999999977,0.0,USW00094789,e8e5ff762a1a94e28f53c7df,data/raw/ghcn/20260920T033052159252Z_39c80c_USW00094789.dly,2026-09-20T03:30:52.161805+00:00,6eeab7003dc78cb5266923f6972c346b67f07fb79047c7ad0aac2750f54fa703
2000-10-14,24.4,11.1,True,17.75,GHCN-Daily,63.95,1.0499999999999972,0.0,USW00094789,e8e5ff762a1a94e28f53c7df,data/raw/ghcn/20260920T033052159252Z_39c80c_USW00094789.dly,2026-09-20T03:30:52.161805+00:00,6eeab7003dc78cb5266923f6972c346b67f07fb79047c7ad0aac2750f54fa703
2000-10-15,26.1,12.8,True,19.450000000000003,GHCN-Daily,67.01,0.0,2.010000000000005,USW00094789,e8e5ff762a1a94e28f53c7df,data/raw/ghcn/20260920T033052159252Z_39c80c_USW00094789.dly,2026-09-20T03:30:52.161805+00:00,6eeab7003dc78cb5266923f6972c346b67f07fb79047c7ad0aac2750f54fa703
2000-10-16,17.2,11.7,True,14.45,GHCN-Daily,58.01,6.990000000000002,0.0,USW00094789,e8e5ff762a1a94e28f53c7df,data/raw/ghcn/20260920T033052159252Z_39c80c_USW00094789.dly,2026-09-20T03:30:52.161805+00:00,6eeab7003dc78cb5266923f6972c346b67f07fb79047c7ad0aac2750f54fa703
2000-10-17,15.6,11.1,True,13.35,GHCN-Daily,56.03,8.969999999999999,0.0,USW00094789,e8e5ff762a1a94e28f53c7df,data/raw/ghcn/20260920T033052159252Z_39c80c_USW00094789.dly,2026-09-20T03:30:52.161805+00:00,6eeab7003dc78cb5266923f6972c346b67f07fb79047c7ad0aac2750f54fa703
2000-10-18,17.8,12.2,True,15.0,GHCN-Daily,59.0,6.0,0.0,USW00094789,e8e5ff762a1a94e28f53c7df,data/raw/ghcn/20260920T033052159252Z_39c80c_USW00094789.dly,2026-09-20T03:30:52.161805+00:00,6eeab7003dc78cb5266923f6972c346b67f07fb79047c7ad0aac2750f54fa703
2000-10-19,18.9,10.0,True,14.45,GHCN-Daily,58.01,6.990000000000002,0.0,USW00094789,e8e5ff762a1a94e28f53c7df,data/raw/ghcn/20260920T033052159252Z_39c80c_USW00094789.dly,2026-09-20T03:30:52.161805+00:00,6eeab7003dc78cb5266923f6972c346b67f07fb79047c7ad0aac2750f54fa703
2000-10-20,17.8,6.1,True,11.95,GHCN-Daily,53.51,11.490000000000002,0.0,USW00094789,e8e5ff762a1a94e28f53c7df,data/raw/ghcn/20260920T033052159252Z_39c80c_USW00094789.dly,2026-09-20T03:30:52.161805+00:00,6eeab7003dc78cb5266923f6972c346b67f07fb79047c7ad0aac2750f54fa703
2000-10-21,19.4,11.1,True,15.25,GHCN-Daily,59.45,5.549999999999997,0.0,USW00094789,e8e5ff762a1a94e28f53c7df,data/raw/ghcn/20260920T033052159252Z_39c80c_USW00094789.dly,2026-09-20T03:30:52.161805+00:00,6eeab7003dc78cb5266923f6972c346b67f07fb79047c7ad0aac2750f54fa703
2000-10-22,17.2,7.8,True,12.5,GHCN-Daily,54.5,10.5,0.0,USW00094789,e8e5ff762a1a94e28f53c7df,data/raw/ghcn/20260920T033052159252Z_39c80c_USW00094789.dly,2026-09-20T03:30:52.161805+00:00,6eeab7003dc78cb5266923f6972c346b67f07fb79047c7ad0aac2750f54fa703
2000-10-23,14.4,6.1,True,10.25,GHCN-Daily,50.45,14.549999999999997,0.0,USW00094789,e8e5ff762a1a94e28f53c7df,data/raw/ghcn/20260920T033052159252Z_39c80c_USW00094789.dly,2026-09-20T03:30:52.161805+00:00,6eeab7003dc78cb5266923f6972c346b67f07fb79047c7ad0aac2750f54fa703
2000-10-24,17.8,8.3,True,13.05,GHCN-Daily,55.49,9.509999999999998,0.0,USW00094789,e8e5ff762a1a94e28f53c7df,data/raw/ghcn/20260920T033052159252Z_39c80c_USW00094789.dly,2026-09-20T03:30:52.161805+00:00,6eeab7003dc78cb5266923f6972c346b67f07fb79047c7ad0aac2750f54fa703
2000-10-25,21.1,10.0,True,15.55,GHCN-Daily,59.99,5.009999999999998,0.0,USW00094789,e8e5ff762a1a94e28f53c7df,data/raw/ghcn/20260920T033052159252Z_39c80c_USW00094789.dly,2026-09-20T03:30:52.161805+00:00,6eeab7003dc78cb5266923f6972c346b67f07fb79047c7ad0aac2750f54fa703
2000-10-26,19.4,10.6,True,15.0,GHCN-Daily,59.0,6.0,0.0,USW00094789,e8e5ff762a1a94e28f53c7df,data/raw/ghcn/20260920T033052159252Z_39c80c_USW00094789.dly,2026-09-20T03:30:52.161805+00:00,6eeab7003dc78cb5266923f6972c346b67f07fb79047c7ad0aac2750f54fa703
2000-10-27,18.3,11.1,True,14.7,GHCN-Daily,58.46,6.539999999999999,0.0,USW00094789,e8e5ff762a1a94e28f53c7df,data/raw/ghcn/20260920T033052159252Z_39c80c_USW00094789.dly,2026-09-20T03:30:52.161805+00:00,6eeab7003dc78cb5266923f6972c346b67f07fb79047c7ad0aac2750f54fa703
2000-10-28,16.7,5.6,True,11.149999999999999,GHCN-Daily,52.06999999999999,12.930000000000007,0.0,USW00094789,e8e5ff762a1a94e28f53c7df,data/raw/ghcn/20260920T033052159252Z_39c80c_USW00094789.dly,2026-09-20T03:30:52.161805+00:00,6eeab7003dc78cb5266923f6972c346b67f07fb79047c7ad0aac2750f54fa703
2000-10-29,8.3,1.1,True,4.7,GHCN-Daily,40.46,24.54,0.0,USW00094789,e8e5ff762a1a94e28f53c7df,data/raw/ghcn/20260920T033052159252Z_39c80c_USW00094789.dly,2026-09-20T03:30:52.161805+00:00,6eeab7003dc78cb5266923f6972c346b67f07fb79047c7ad0aac2750f54fa703
2000-10-30,10.0,1.7,True,5.85,GHCN-Daily,42.53,22.47,0.0,USW00094789,e8e5ff762a1a94e28f53c7df,data/raw/ghcn/20260920T033052159252Z_39c80c_USW00094789.dly,2026-09-20T03:30:52.161805+00:00,6eeab7003dc78cb5266923f6972c346b67f07fb79047c7ad0aac2750f54fa703
2000-10-31,13.9,6.1,True,10.0,GHCN-Daily,50.0,15.0,0.0,USW00094789,e8e5ff762a1a94e28f53c7df,data/raw/ghcn/20260920T033052159252Z_39c80c_USW00094789.dly,2026-09-20T03:30:52.161805+00:00,6eeab7003dc78cb5266923f6972c346b67f07fb79047c7ad0aac2750f54fa703
2001-10-01,14.4,8.9,True,11.65,GHCN-Daily,52.97,12.030000000000001,0.0,USW00094789,e8e5ff762a1a94e28f53c7df,data/raw/ghcn/20260920T033052159252Z_39c80c_USW00094789.dly,2026-09-20T03:30:52.161805+00:00,6eeab7003dc78cb5266923f6972c346b67f07fb79047c7ad0aac2750f54fa703
2001-10-02,23.9,9.4,True,16.65,GHCN-Daily,61.97,3.030000000000001,0.0,USW00094789,e8e5ff762a1a94e28f53c7df,data/raw/ghcn/20260920T033052159252Z_39c80c_USW00094789.dly,2026-09-20T03:30:52.161805+00:00,6eeab7003dc78cb5266923f6972c346b67f07fb79047c7ad0aac2750f54fa703
2001-10-03,23.9,13.9,True,18.9,GHCN-Daily,66.02,0.0,1.019999999999996,USW00094789,e8e5ff762a1a94e28f53c7df,data/raw/ghcn/20260920T033052159252Z_39c80c_USW00094789.dly,2026-09-20T03:30:52.161805+00:00,6eeab7003dc78cb5266923f6972c346b67f07fb79047c7ad0aac2750f54fa703
2001-10-04,25.6,15.0,True,20.3,GHCN-Daily,68.53999999999999,0.0,3.539999999999992,USW00094789,e8e5ff762a1a94e28f53c7df,data/raw/ghcn/20260920T033052159252Z_39c80c_USW00094789.dly,2026-09-20T03:30:52.161805+00:00,6eeab7003dc78cb5266923f6972c346b67f07fb79047c7ad0aac2750f54fa703
2001-10-05,23.3,14.4,True,18.85,GHCN-Daily,65.93,0.0,0.9300000000000068,USW00094789,e8e5ff762a1a94e28f53c7df,data/raw/ghcn/20260920T033052159252Z_39c80c_USW00094789.dly,2026-09-20T03:30:52.161805+00:00,6eeab7003dc78cb5266923f6972c346b67f07fb79047c7ad0aac2750f54fa703
2001-10-06,20.6,11.7,True,16.15,GHCN-Daily,61.06999999999999,3.930000000000007,0.0,USW00094789,e8e5ff762a1a94e28f53c7df,data/raw/ghcn/20260920T033052159252Z_39c80c_USW00094789.dly,2026-09-20T03:30:52.161805+00:00,6eeab7003dc78cb5266923f6972c346b67f07fb79047c7ad0aac2750f54fa703
2001-10-07,14.4,6.7,True,10.55,GHCN-Daily,50.99,14.009999999999998,0.0,USW00094789,e8e5ff762a1a94e28f53c7df,data/raw/ghcn/20260920T033052159252Z_39c80c_USW00094789.dly,2026-09-20T03:30:52.161805+00:00,6eeab7003dc78cb5266923f6972c346b67f07fb79047c7ad0aac2750f54fa703
2001-10-08,12.8,4.4,True,8.600000000000001,GHCN-Daily,47.480000000000004,17.519999999999996,0.0,USW00094789,e8e5ff762a1a94e28f53c7df,data/raw/ghcn/20260920T033052159252Z_39c80c_USW00094789.dly,2026-09-20T03:30:52.161805+00:00,6eeab7003dc78cb5266923f6972c346b67f07fb79047c7ad0aac2750f54fa703
2001-10-09,14.4,1.7,True,8.05,GHCN-Daily,46.49,18.509999999999998,0.0,USW00094789,e8e5ff762a1a94e28f53c7df,data/raw/ghcn/20260920T033052159252Z_39c80c_USW00094789.dly,2026-09-20T03:30:52.161805+00:00,6eeab7003dc78cb5266923f6972c346b67f07fb79047c7ad0aac2750f54fa703
2001-10-10,19.4,8.3,True,13.85,GHCN-Daily,56.93,8.07,0.0,USW00094789,e8e5ff762a1a94e28f53c7df,data/raw/ghcn/20260920T033052159252Z_39c80c_USW00094789.dly,2026-09-20T03:30:52.161805+00:00,6eeab7003dc78cb5266923f6972c346b67f07fb79047c7ad0aac2750f54fa703
2001-10-11,21.1,12.2,True,16.65,GHCN-Daily,61.97,3.030000000000001,0.0,USW00094789,e8e5ff762a1a94e28f53c7df,data/raw/ghcn/20260920T033052159252Z_39c80c_USW00094789.dly,2026-09-20T03:30:52.161805+00:00,6eeab7003dc78cb5266923f6972c346b67f07fb79047c7ad0aac2750f54fa703
2001-10-12,21.7,12.2,True,16.95,GHCN-Daily,62.51,2.490000000000002,0.0,USW00094789,e8e5ff762a1a94e28f53c7df,data/raw/ghcn/20260920T033052159252Z_39c80c_USW00094789.dly,2026-09-20T03:30:52.161805+00:00,6eeab7003dc78cb5266923f6972c346b67f07fb79047c7ad0aac2750f54fa703
2001-10-13,22.8,13.9,True,18.35,GHCN-Daily,65.03,0.0,0.030000000000001137,USW00094789,e8e5ff762a1a94e28f53c7df,data/raw/ghcn/20260920T033052159252Z_39c80c_USW00094789.dly,2026-09-20T03:30:52.161805+00:00,6eeab7003dc78cb5266923f6972c346b67f07fb79047c7ad0aac2750f54fa703
2001-10-14,19.4,13.9,True,16.65,GHCN-Daily,61.97,3.030000000000001,0.0,USW00094789,e8e5ff762a1a94e28f53c7df,data/raw/ghcn/20260920T033052159252Z_39c80c_USW00094789.dly,2026-09-20T03:30:52.161805+00:00,6eeab7003dc78cb5266923f6972c346b67f07fb79047c7ad0aac2750f54fa703
2001-10-15,21.7,12.8,True,17.25,GHCN-Daily,63.05,1.9500000000000028,0.0,USW00094789,e8e5ff762a1a94e28f53c7df,data/raw/ghcn/20260920T033052159252Z_39c80c_USW00094789.dly,2026-09-20T03:30:52.161805+00:00,6eeab7003dc78cb5266923f6972c346b67f07fb79047c7ad0aac2750f54fa703
2001-10-16,20.0,8.3,True,14.15,GHCN-Daily,57.47,7.530000000000001,0.0,USW00094789,e8e5ff762a1a94e28f53c7df,data/raw/ghcn/20260920T033052159252Z_39c80c_USW00094789.dly,2026-09-20T03:30:52.161805+00:00,6eeab7003dc78cb5266923f6972c346b67f07fb79047c7ad0aac2750f54fa703
2001-10-17,15.0,8.3,True,11.65,GHCN-Daily,52.97,12.030000000000001,0.0,USW00094789,e8e5ff762a1a94e28f53c7df,data/raw/ghcn/20260920T033052159252Z_39c80c_USW00094789.dly,2026-09-20T03:30:52.161805+00:00,6eeab7003dc78cb5266923f6972c346b67f07fb79047c7ad0aac2750f54fa703
2001-10-18,13.9,4.4,True,9.15,GHCN-Daily,48.47,16.53,0.0,USW00094789,e8e5ff762a1a94e28f53c7df,data/raw/ghcn/20260920T033052159252Z_39c80c_USW00094789.dly,2026-09-20T03:30:52.161805+00:00,6eeab7003dc78cb5266923f6972c346b67f07fb79047c7ad0aac2750f54fa703
2001-10-19,16.1,2.8,True,9.450000000000001,GHCN-Daily,49.010000000000005,15.989999999999995,0.0,USW00094789,e8e5ff762a1a94e28f53c7df,data/raw/ghcn/20260920T033052159252Z_39c80c_USW00094789.dly,2026-09-20T03:30:52.161805+00:00,6eeab7003dc78cb5266923f6972c346b67f07fb79047c7ad0aac2750f54fa703
2001-10-20,20.6,10.0,True,15.3,GHCN-Daily,59.540000000000006,5.459999999999994,0.0,USW00094789,e8e5ff762a1a94e28f53c7df,data/raw/ghcn/20260920T033052159252Z_39c80c_USW00094789.dly,2026-09-20T03:30:52.161805+00:00,6eeab7003dc78cb5266923f6972c346b67f07fb79047c7ad0aac2750f54fa703
2001-10-21,20.0,8.9,True,14.45,GHCN-Daily,58.01,6.990000000000002,0.0,USW00094789,e8e5ff762a1a94e28f53c7df,data/raw/ghcn/20260920T033052159252Z_39c80c_USW00094789.dly,2026-09-20T03:30:52.161805+00:00,6eeab7003dc78cb5266923f6972c346b67f07fb79047c7ad0aac2750f54fa703
2001-10-22,22.8,12.2,True,17.5,GHCN-Daily,63.5,1.5,0.0,USW00094789,e8e5ff762a1a94e28f53c7df,data/raw/ghcn/20260920T033052159252Z_39c80c_USW00094789.dly,2026-09-20T03:30:52.161805+00:00,6eeab7003dc78cb5266923f6972c346b67f07fb79047c7ad0aac2750f54fa703
2001-10-23,18.9,12.2,True,15.549999999999999,GHCN-Daily,59.989999999999995,5.010000000000005,0.0,USW00094789,e8e5ff762a1a94e28f53c7df,data/raw/ghcn/20260920T033052159252Z_39c80c_USW00094789.dly,2026-09-20T03:30:52.161805+00:00,6eeab7003dc78cb5266923f6972c346b67f07fb79047c7ad0aac2750f54fa703
2001-10-24,22.8,15.0,True,18.9,GHCN-Daily,66.02,0.0,1.019999999999996,USW00094789,e8e5ff762a1a94e28f53c7df,data/raw/ghcn/20260920T033052159252Z_39c80c_USW00094789.dly,2026-09-20T03:30:52.161805+00:00,6eeab7003dc78cb5266923f6972c346b67f07fb79047c7ad0aac2750f54fa703
2001-10-25,25.0,14.4,True,19.7,GHCN-Daily,67.46000000000001,0.0,2.460000000000008,USW00094789,e8e5ff762a1a94e28f53c7df,data/raw/ghcn/20260920T033052159252Z_39c80c_USW00094789.dly,2026-09-20T03:30:52.161805+00:00,6eeab7003dc78cb5266923f6972c346b67f07fb79047c7ad0aac2750f54fa703
2001-10-26,15.0,6.7,True,10.85,GHCN-Daily,51.53,13.469999999999999,0.0,USW00094789,e8e5ff762a1a94e28f53c7df,data/raw/ghcn/20260920T033052159252Z_39c80c_USW00094789.dly,2026-09-20T03:30:52.161805+00:00,6eeab7003dc78cb5266923f6972c346b67f07fb79047c7ad0aac2750f54fa703
2001-10-27,12.8,5.6,True,9.2,GHCN-Daily,48.56,16.439999999999998,0.0,USW00094789,e8e5ff762a1a94e28f53c7df,data/raw/ghcn/20260920T033052159252Z_39c80c_USW00094789.dly,2026-09-20T03:30:52.161805+00:00,6eeab7003dc78cb5266923f6972c346b67f07fb79047c7ad0aac2750f54fa703
2001-10-28,11.1,3.3,True,7.199999999999999,GHCN-Daily,44.96,20.04,0.0,USW00094789,e8e5ff762a1a94e28f53c7df,data/raw/ghcn/20260920T033052159252Z_39c80c_USW00094789.dly,2026-09-20T03:30:52.161805+00:00,6eeab7003dc78cb5266923f6972c346b67f07fb79047c7ad0aac2750f54fa703
2001-10-29,14.4,1.1,True,7.75,GHCN-Daily,45.95,19.049999999999997,0.0,USW00094789,e8e5ff762a1a94e28f53c7df,data/raw/ghcn/20260920T033052159252Z_39c80c_USW00094789.dly,2026-09-20T03:30:52.161805+00:00,6eeab7003dc78cb5266923f6972c346b67f07fb79047c7ad0aac2750f54fa703
2001-10-30,16.7,6.7,True,11.7,GHCN-Daily,53.06,11.939999999999998,0.0,USW00094789,e8e5ff762a1a94e28f53c7df,data/raw/ghcn/20260920T033052159252Z_39c80c_USW00094789.dly,2026-09-20T03:30:52.161805+00:00,6eeab7003dc78cb5266923f6972c346b67f07fb79047c7ad0aac2750f54fa703
2001-10-31,13.9,3.3,True,8.6,GHCN-Daily,47.480000000000004,17.519999999999996,0.0,USW00094789,e8e5ff762a1a94e28f53c7df,data/raw/ghcn/20260920T033052159252Z_39c80c_USW00094789.dly,2026-09-20T03:30:52.161805+00:00,6eeab7003dc78cb5266923f6972c346b67f07fb79047c7ad0aac2750f54fa703
2002-10-01,25.0,17.2,True,21.1,GHCN-Daily,69.98,0.0,4.980000000000004,USW00094789,e8e5ff762a1a94e28f53c7df,data/raw/ghcn/20260920T033052159252Z_39c80c_USW00094789.dly,2026-09-20T03:30:52.161805+00:00,6eeab7003dc78cb5266923f6972c346b67f07fb79047c7ad0aac2750f54fa703
2002-10-02,27.8,18.9,True,23.35,GHCN-Daily,74.03,0.0,9.030000000000001,USW00094789,e8e5ff762a1a94e28f53c7df,data/raw/ghcn/20260920T033052159252Z_39c80c_USW00094789.dly,2026-09-20T03:30:52.161805+00:00,6eeab7003dc78cb5266923f6972c346b67f07fb79047c7ad0aac2750f54fa703
2002-10-03,28.9,16.7,True,22.799999999999997,GHCN-Daily,73.03999999999999,0.0,8.039999999999992,USW00094789,e8e5ff762a1a94e28f53c7df,data/raw/ghcn/20260920T033052159252Z_39c80c_USW00094789.dly,2026-09-20T03:30:52.161805+00:00,6eeab7003dc78cb5266923f6972c346b67f07fb79047c7ad0aac2750f54fa703
2002-10-04,23.3,16.1,True,19.700000000000003,GHCN-Daily,67.46000000000001,0.0,2.460000000000008,USW00094789,e8e5ff762a1a94e28f53c7df,data/raw/ghcn/20260920T033052159252Z_39c80c_USW00094789.dly,2026-09-20T03:30:52.161805+00:00,6eeab7003dc78cb5266923f6972c346b67f07fb79047c7ad0aac2750f54fa703
2002-10-05,28.3,16.1,True,22.200000000000003,GHCN-Daily,71.96000000000001,0.0,6.960000000000008,USW00094789,e8e5ff762a1a94e28f53c7df,data/raw/ghcn/20260920T033052159252Z_39c80c_USW00094789.dly,2026-09-20T03:30:52.161805+00:00,6eeab7003dc78cb5266923f6972c346b67f07fb79047c7ad0aac2750f54fa703
2002-10-06,20.6,12.2,True,16.4,GHCN-Daily,61.519999999999996,3.480000000000004,0.0,USW00094789,e8e5ff762a1a94e28f53c7df,data/raw/ghcn/20260920T033052159252Z_39c80c_USW00094789.dly,2026-09-20T03:30:52.161805+00:00,6eeab7003dc78cb5266923f6972c346b67f07fb79047c7ad0aac2750f54fa703
2002-10-07,25.6,13.3,True,19.450000000000003,GHCN-Daily,67.01,0.0,2.010000000000005,USW00094789,e8e5ff762a1a94e28f53c7df,data/raw/ghcn/20260920T033052159252Z_39c80c_USW00094789.dly,2026-09-20T03:30:52.161805+00:00,6eeab7003dc78cb5266923f6972c346b67f07fb79047c7ad0aac2750f54fa703
2002-10-08,16.7,9.4,True,13.05,GHCN-Daily,55.49,9.509999999999998,0.0,USW00094789,e8e5ff762a1a94e28f53c7df,data/raw/ghcn/20260920T033052159252Z_39c80c_USW00094789.dly,2026-09-20T03:30:52.161805+00:00,6eeab7003dc78cb5266923f6972c346b67f07fb79047c7ad0aac2750f54fa703
2002-10-09,18.3,8.3,True,13.3,GHCN-Daily,55.94,9.060000000000002,0.0,USW00094789,e8e5ff762a1a94e28f53c7df,data/raw/ghcn/20260920T033052159252Z_39c80c_USW00094789.dly,2026-09-20T03:30:52.161805+00:00,6eeab7003dc78cb5266923f6972c346b67f07fb79047c7ad0aac2750f54fa703
2002-10-10,17.8,13.3,True,15.55,GHCN-Daily,59.99,5.009999999999998,0.0,USW00094789,e8e5ff762a1a94e28f53c7df,data/raw/ghcn/20260920T033052159252Z_39c80c_USW00094789.dly,2026-09-20T03:30:52.161805+00:00,6eeab7003dc78cb5266923f6972c346b67f07fb79047c7ad0aac2750f54fa703
2002-10-11,18.3,12.8,True,15.55,GHCN-Daily,59.99,5.009999999999998,0.0,USW00094789,e8e5ff762a1a94e28f53c7df,data/raw/ghcn/20260920T033052159252Z_39c80c_USW00094789.dly,2026-09-20T03:30:52.161805+00:00,6eeab7003dc78cb5266923f6972c346b67f07fb79047c7ad0aac2750f54fa703
2002-10-12,17.8,15.0,True,16.4,GHCN-Daily,61.519999999999996,3.480000000000004,0.0,USW00094789,e8e5ff762a1a94e28f53c7df,data/raw/ghcn/20260920T033052159252Z_39c80c_USW00094789.dly,2026-09-20T03:30:52.161805+00:00,6eeab7003dc78cb5266923f6972c346b67f07fb79047c7ad0aac2750f54fa703
2002-10-13,17.2,13.9,True,15.55,GHCN-Daily,59.99,5.009999999999998,0.0,USW00094789,e8e5ff762a1a94e28f53c7df,data/raw/ghcn/20260920T033052159252Z_39c80c_USW00094789.dly,2026-09-20T03:30:52.161805+00:00,6eeab7003dc78cb5266923f6972c346b67f07fb79047c7ad0aac2750f54fa703
2002-10-14,14.4,6.7,True,10.55,GHCN-Daily,50.99,14.009999999999998,0.0,USW00094789,e8e5ff762a1a94e28f53c7df,data/raw/ghcn/20260920T033052159252Z_39c80c_USW00094789.dly,2026-09-20T03:30:52.161805+00:00,6eeab7003dc78cb5266923f6972c346b67f07fb79047c7ad0aac2750f54fa703
2002-10-15,13.9,5.0,True,9.45,GHCN-Daily,49.01,15.990000000000002,0.0,USW00094789,e8e5ff762a1a94e28f53c7df,data/raw/ghcn/20260920T033052159252Z_39c80c_USW00094789.dly,2026-09-20T03:30:52.161805+00:00,6eeab7003dc78cb5266923f6972c346b67f07fb79047c7ad0aac2750f54fa703
2002-10-16,18.3,9.4,True,13.850000000000001,GHCN-Daily,56.93000000000001,8.069999999999993,0.0,USW00094789,e8e5ff762a1a94e28f53c7df,data/raw/ghcn/20260920T033052159252Z_39c80c_USW00094789.dly,2026-09-20T03:30:52.161805+00:00,6eeab7003dc78cb5266923f6972c346b67f07fb79047c7ad0aac2750f54fa703
2002-10-17,16.1,8.9,True,12.5,GHCN-Daily,54.5,10.5,0.0,USW00094789,e8e5ff762a1a94e28f53c7df,data/raw/ghcn/20260920T033052159252Z_39c80c_USW00094789.dly,2026-09-20T03:30:52.161805+00:00,6eeab7003dc78cb5266923f6972c346b67f07fb79047c7ad0aac2750f54fa703
2002-10-18,13.9,7.2,True,10.55,GHCN-Daily,50.99,14.009999999999998,0.0,USW00094789,e8e5ff762a1a94e28f53c7df,data/raw/ghcn/20260920T033052159252Z_39c80c_USW00094789.dly,2026-09-20T03:30:52.161805+00:00,6eeab7003dc78cb5266923f6972c346b67f07fb79047c7ad0aac2750f54fa703
2002-10-19,16.7,8.9,True,12.8,GHCN-Daily,55.040000000000006,9.959999999999994,0.0,USW00094789,e8e5ff762a1a94e28f53c7df,data/raw/ghcn/20260920T033052159252Z_39c80c_USW00094789.dly,2026-09-20T03:30:52.161805+00:00,6eeab7003dc78cb5266923f6972c346b67f07fb79047c7ad0aac2750f54fa703
2002-10-20,15.0,9.4,True,12.2,GHCN-Daily,53.96,11.04,0.0,USW00094789,e8e5ff762a1a94e28f53c7df,data/raw/ghcn/20260920T033052159252Z_39c80c_USW00094789.dly,2026-09-20T03:30:52.161805+00:00,6eeab7003dc78cb5266923f6972c346b67f07fb79047c7ad0aac2750f54fa703
2002-10-21,13.9,6.7,True,10.3,GHCN-Daily,50.540000000000006,14.459999999999994,0.0,USW00094789,e8e5ff762a1a94e28f53c7df,data/raw/ghcn/20260920T033052159252Z_39c80c_USW00094789.dly,2026-09-20T03:30:52.161805+00:00,6eeab7003dc78cb5266923f6972c346b67f07fb79047c7ad0aac2750f54fa703
2002-10-22,12.2,4.4,True,8.3,GHCN-Daily,46.94,18.060000000000002,0.0,USW00094789,e8e5ff762a1a94e28f53c7df,data/raw/ghcn/20260920T033052159252Z_39c80c_USW00094789.dly,2026-09-20T03:30:52.161805+00:00,6eeab7003dc78cb5266923f6972c346b67f07fb79047c7ad0aac2750f54fa703
2002-10-23,11.7,3.9,True,7.8,GHCN-Daily,46.04,18.96,0.0,USW00094789,e8e5ff762a1a94e28f53c7df,data/raw/ghcn/20260920T033052159252Z_39c80c_USW00094789.dly,2026-09-20T03:30:52.161805+00:00,6eeab7003dc78cb5266923f6972c346b67f07fb79047c7ad0aac2750f54fa703
2002-10-24,9.4,1.7,True,5.55,GHCN-Daily,41.99,23.009999999999998,0.0,USW00094789,e8e5ff762a1a94e28f53c7df,data/raw/ghcn/20260920T033052159252Z_39c80c_USW00094789.dly,2026-09-20T03:30:52.161805+00:00,6eeab7003dc78cb5266923f6972c346b67f07fb79047c7ad0aac2750f54fa703
2002-10-25,11.7,7.2,True,9.45,GHCN-Daily,49.01,15.990000000000002,0.0,USW00094789,e8e5ff762a1a94e28f53c7df,data/raw/ghcn/20260920T033052159252Z_39c80c_USW00094789.dly,2026-09-20T03:30:52.161805+00:00,6eeab7003dc78cb5266923f6972c346b67f07fb79047c7ad0aac2750f54fa703
2002-10-26,15.6,10.6,True,13.1,GHCN-Daily,55.58,9.420000000000002,0.0,USW00094789,e8e5ff762a1a94e28f53c7df,data/raw/ghcn/20260920T033052159252Z_39c80c_USW00094789.dly,2026-09-20T03:30:52.161805+00:00,6eeab7003dc78cb5266923f6972c346b67f07fb79047c7ad0aac2750f54fa703
2002-10-27,15.0,7.8,True,11.4,GHCN-Daily,52.519999999999996,12.480000000000004,0.0,USW00094789,e8e5ff762a1a94e28f53c7df,data/raw/ghcn/20260920T033052159252Z_39c80c_USW00094789.dly,2026-09-20T03:30:52.161805+00:00,6eeab7003dc78cb5266923f6972c346b67f07fb79047c7ad0aac2750f54fa703
2002-10-28,11.7,5.0,True,8.35,GHCN-Daily,47.03,17.97,0.0,USW00094789,e8e5ff762a1a94e28f53c7df,data/raw/ghcn/20260920T033052159252Z_39c80c_USW00094789.dly,2026-09-20T03:30:52.161805+00:00,6eeab7003dc78cb5266923f6972c346b67f07fb79047c7ad0aac2750f54fa703
2002-10-29,7.2,2.8,True,5.0,GHCN-Daily,41.0,24.0,0.0,USW00094789,e8e5ff762a1a94e28f53c7df,data/raw/ghcn/20260920T033052159252Z_39c80c_USW00094789.dly,2026-09-20T03:30:52.161805+00:00,6eeab7003dc78cb5266923f6972c346b67f07fb79047c7ad0aac2750f54fa703
2002-10-30,7.2,2.2,True,4.7,GHCN-Daily,40.46,24.54,0.0,USW00094789,e8e5ff762a1a94e28f53c7df,data/raw/ghcn/20260920T033052159252Z_39c80c_USW00094789.dly,2026-09-20T03:30:52.161805+00:00,6eeab7003dc78cb5266923f6972c346b67f07fb79047c7ad0aac2750f54fa703
2002-10-31,10.0,2.8,True,6.4,GHCN-Daily,43.52,21.479999999999997,0.0,USW00094789,e8e5ff762a1a94e28f53c7df,data/raw/ghcn/20260920T033052159252Z_39c80c_USW00094789.dly,2026-09-20T03:30:52.161805+00:00,6eeab7003dc78cb5266923f6972c346b67f07fb79047c7ad0aac2750f54fa703
2003-10-01,18.3,12.2,True,15.25,GHCN-Daily,59.45,5.549999999999997,0.0,USW00094789,e8e5ff762a1a94e28f53c7df,data/raw/ghcn/20260920T033052159252Z_39c80c_USW00094789.dly,2026-09-20T03:30:52.161805+00:00,6eeab7003dc78cb5266923f6972c346b67f07fb79047c7ad0aac2750f54fa703
2003-10-02,16.7,7.2,True,11.95,GHCN-Daily,53.51,11.490000000000002,0.0,USW00094789,e8e5ff762a1a94e28f53c7df,data/raw/ghcn/20260920T033052159252Z_39c80c_USW00094789.dly,2026-09-20T03:30:52.161805+00:00,6eeab7003dc78cb5266923f6972c346b67f07fb79047c7ad0aac2750f54fa703
2003-10-03,13.9,4.4,True,9.15,GHCN-Daily,48.47,16.53,0.0,USW00094789,e8e5ff762a1a94e28f53c7df,data/raw/ghcn/20260920T033052159252Z_39c80c_USW00094789.dly,2026-09-20T03:30:52.161805+00:00,6eeab7003dc78cb5266923f6972c346b67f07fb79047c7ad0aac2750f54fa703
2003-10-04,17.8,10.6,True,14.2,GHCN-Daily,57.56,7.439999999999998,0.0,USW00094789,e8e5ff762a1a94e28f53c7df,data/raw/ghcn/20260920T033052159252Z_39c80c_USW00094789.dly,2026-09-20T03:30:52.161805+00:00,6eeab7003dc78cb5266923f6972c346b67f07fb79047c7ad0aac2750f54fa703
2003-10-05,16.7,8.3,True,12.5,GHCN-Daily,54.5,10.5,0.0,USW00094789,e8e5ff762a1a94e28f53c7df,data/raw/ghcn/20260920T033052159252Z_39c80c_USW00094789.dly,2026-09-20T03:30:52.161805+00:00,6eeab7003dc78cb5266923f6972c346b67f07fb79047c7ad0aac2750f54fa703
2003-10-06,16.7,5.6,True,11.149999999999999,GHCN-Daily,52.06999999999999,12.930000000000007,0.0,USW00094789,e8e5ff762a1a94e28f53c7df,data/raw/ghcn/20260920T033052159252Z_39c80c_USW00094789.dly,2026-09-20T03:30:52.161805+00:00,6eeab7003dc78cb5266923f6972c346b67f07fb79047c7ad0aac2750f54fa703
2003-10-07,17.2,5.0,True,11.1,GHCN-Daily,51.980000000000004,13.019999999999996,0.0,USW00094789,e8e5ff762a1a94e28f53c7df,data/raw/ghcn/20260920T033052159252Z_39c80c_USW00094789.dly,2026-09-20T03:30:52.161805+00:00,6eeab7003dc78cb5266923f6972c346b67f07fb79047c7ad0aac2750f54fa703
2003-10-08,21.1,12.2,True,16.65,GHCN-Daily,61.97,3.030000000000001,0.0,USW00094789,e8e5ff762a1a94e28f53c7df,data/raw/ghcn/20260920T033052159252Z_39c80c_USW00094789.dly,2026-09-20T03:30:52.161805+00:00,6eeab7003dc78cb5266923f6972c346b67f07fb79047c7ad0aac2750f54fa703
2003-10-09,25.6,13.3,True,19.450000000000003,GHCN-Daily,67.01,0.0,2.010000000000005,USW00094789,e8e5ff762a1a94e28f53c7df,data/raw/ghcn/20260920T033052159252Z_39c80c_USW00094789.dly,2026-09-20T03:30:52.161805+00:00,6eeab7003dc78cb5266923f6972c346b67f07fb79047c7ad0aac2750f54fa703
2003-10-10,19.4,13.9,True,16.65,GHCN-Daily,61.97,3.030000000000001,0.0,USW00094789,e8e5ff762a1a94e28f53c7df,data/raw/ghcn/20260920T033052159252Z_39c80c_USW00094789.dly,2026-09-20T03:30:52.161805+00:00,6eeab7003dc78cb5266923f6972c346b67f07fb79047c7ad0aac2750f54fa703
2003-10-11,22.8,12.2,True,17.5,GHCN-Daily,63.5,1.5,0.0,USW00094789,e8e5ff762a1a94e28f53c7df,data/raw/ghcn/20260920T033052159252Z_39c80c_USW00094789.dly,2026-09-20T03:30:52.161805+00:00,6eeab7003dc78cb5266923f6972c346b67f07fb79047c7ad0aac2750f54fa703
2003-10-12,20.0,13.3,True,16.65,GHCN-Daily,61.97,3.030000000000001,0.0,USW00094789,e8e5ff762a1a94e28f53c7df,data/raw/ghcn/20260920T033052159252Z_39c80c_USW00094789.dly,2026-09-20T03:30:52.161805+00:00,6eeab7003dc78cb5266923f6972c346b67f07fb79047c7ad0aac2750f54fa703
2003-10-13,22.2,12.8,True,17.5,GHCN-Daily,63.5,1.5,0.0,USW00094789,e8e5ff762a1a94e28f53c7df,data/raw/ghcn/20260920T033052159252Z_39c80c_USW00094789.dly,2026-09-20T03:30:52.161805+00:00,6eeab7003dc78cb5266923f6972c346b67f07fb79047c7ad0aac2750f54fa703
2003-10-14,20.6,10.0,True,15.3,GHCN-Daily,59.540000000000006,5.459999999999994,0.0,USW00094789,e8e5ff762a1a94e28f53c7df,data/raw/ghcn/20260920T033052159252Z_39c80c_USW00094789.dly,2026-09-20T03:30:52.161805+00:00,6eeab7003dc78cb5266923f6972c346b67f07fb79047c7ad0aac2750f54fa703
2003-10-15,18.3,11.1,True,14.7,GHCN-Daily,58.46,6.539999999999999,0.0,USW00094789,e8e5ff762a1a94e28f53c7df,data/raw/ghcn/20260920T033052159252Z_39c80c_USW00094789.dly,2026-09-20T03:30:52.161805+00:00,6eeab7003dc78cb5266923f6972c346b67f07fb79047c7ad0aac2750f54fa703
2003-10-16,19.4,10.0,True,14.7,GHCN-Daily,58.46,6.539999999999999,0.0,USW00094789,e8e5ff762a1a94e28f53c7df,data/raw/ghcn/20260920T033052159252Z_39c80c_USW00094789.dly,2026-09-20T03:30:52.161805+00:00,6eeab7003dc78cb5266923f6972c346b67f07fb79047c7ad0aac2750f54fa703
2003-10-17,13.9,7.8,True,10.85,GHCN-Daily,51.53,13.469999999999999,0.0,USW00094789,e8e5ff762a1a94e28f53c7df,data/raw/ghcn/20260920T033052159252Z_39c80c_USW00094789.dly,2026-09-20T03:30:52.161805+00:00,6eeab7003dc78cb5266923f6972c346b67f07fb79047c7ad0aac2750f54fa703
2003-10-18,14.4,6.7,True,10.55,GHCN-Daily,50.99,14.009999999999998,0.0,USW00094789,e8e5ff762a1a94e28f53c7df,data/raw/ghcn/20260920T033052159252Z_39c80c_USW00094789.dly,2026-09-20T03:30:52.161805+00:00,6eeab7003dc78cb5266923f6972c346b67f07fb79047c7ad0aac2750f54fa703
2003-10-19,15.0,5.0,True,10.0,GHCN-Daily,50.0,15.0,0.0,USW00094789,e8e5ff762a1a94e28f53c7df,data/raw/ghcn/20260920T033052159252Z_39c80c_USW00094789.dly,2026-09-20T03:30:52.161805+00:00,6eeab7003dc78cb5266923f6972c346b67f07fb79047c7ad0aac2750f54fa703
2003-10-20,14.4,3.3,True,8.85,GHCN-Daily,47.93,17.07,0.0,USW00094789,e8e5ff762a1a94e28f53c7df,data/raw/ghcn/20260920T033052159252Z_39c80c_USW00094789.dly,2026-09-20T03:30:52.161805+00:00,6eeab7003dc78cb5266923f6972c346b67f07fb79047c7ad0aac2750f54fa703
2003-10-21,22.2,13.9,True,18.05,GHCN-Daily,64.49000000000001,0.5099999999999909,0.0,USW00094789,e8e5ff762a1a94e28f53c7df,data/raw/ghcn/20260920T033052159252Z_39c80c_USW00094789.dly,2026-09-20T03:30:52.161805+00:00,6eeab7003dc78cb5266923f6972c346b67f07fb79047c7ad0aac2750f54fa703
2003-10-22,13.9,2.8,True,8.35,GHCN-Daily,47.03,17.97,0.0,USW00094789,e8e5ff762a1a94e28f53c7df,data/raw/ghcn/20260920T033052159252Z_39c80c_USW00094789.dly,2026-09-20T03:30:52.161805+00:00,6eeab7003dc78cb5266923f6972c346b67f07fb79047c7ad0aac2750f54fa703
2003-10-23,8.3,2.8,True,5.550000000000001,GHCN-Daily,41.99,23.009999999999998,0.0,USW00094789,e8e5ff762a1a94e28f53c7df,data/raw/ghcn/20260920T033052159252Z_39c80c_USW00094789.dly,2026-09-20T03:30:52.161805+00:00,6eeab7003dc78cb5266923f6972c346b67f07fb79047c7ad0aac2750f54fa703
2003-10-24,11.7,2.8,True,7.25,GHCN-Daily,45.05,19.950000000000003,0.0,USW00094789,e8e5ff762a1a94e28f53c7df,data/raw/ghcn/20260920T033052159252Z_39c80c_USW00094789.dly,2026-09-20T03:30:52.161805+00:00,6eeab7003dc78cb5266923f6972c346b67f07fb79047c7ad0aac2750f54fa703
2003-10-25,15.0,1.1,True,8.05,GHCN-Daily,46.49,18.509999999999998,0.0,USW00094789,e8e5ff762a1a94e28f53c7df,data/raw/ghcn/20260920T033052159252Z_39c80c_USW00094789.dly,2026-09-20T03:30:52.161805+00:00,6eeab7003dc78cb5266923f6972c346b67f07fb79047c7ad0aac2750f54fa703
2003-10-26,18.3,15.0,True,16.65,GHCN-Daily,61.97,3.030000000000001,0.0,USW00094789,e8e5ff762a1a94e28f53c7df,data/raw/ghcn/20260920T033052159252Z_39c80c_USW00094789.dly,2026-09-20T03:30:52.161805+00:00,6eeab7003dc78cb5266923f6972c346b67f07fb79047c7ad0aac2750f54fa703
2003-10-27,17.8,11.7,True,14.75,GHCN-Daily,58.55,6.450000000000003,0.0,USW00094789,e8e5ff762a1a94e28f53c7df,data/raw/ghcn/20260920T033052159252Z_39c80c_USW00094789.dly,2026-09-20T03:30:52.161805+00:00,6eeab7003dc78cb5266923f6972c346b67f07fb79047c7ad0aac2750f54fa703
2003-10-28,14.4,7.2,True,10.8,GHCN-Daily,51.44,13.560000000000002,0.0,USW00094789,e8e5ff762a1a94e28f53c7df,data/raw/ghcn/20260920T033052159252Z_39c80c_USW00094789.dly,2026-09-20T03:30:52.161805+00:00,6eeab7003dc78cb5266923f6972c346b67f07fb79047c7ad0aac2750f54fa703
2003-10-29,15.6,10.0,True,12.8,GHCN-Daily,55.040000000000006,9.959999999999994,0.0,USW00094789,e8e5ff762a1a94e28f53c7df,data/raw/ghcn/20260920T033052159252Z_39c80c_USW00094789.dly,2026-09-20T03:30:52.161805+00:00,6eeab7003dc78cb5266923f6972c346b67f07fb79047c7ad0aac2750f54fa703
2003-10-30,16.1,7.2,True,11.65,GHCN-Daily,52.97,12.030000000000001,0.0,USW00094789,e8e5ff762a1a94e28f53c7df,data/raw/ghcn/20260920T033052159252Z_39c80c_USW00094789.dly,2026-09-20T03:30:52.161805+00:00,6eeab7003dc78cb5266923f6972c346b67f07fb79047c7ad0aac2750f54fa703
2003-10-31,17.8,6.7,True,12.25,GHCN-Daily,54.05,10.950000000000003,0.0,USW00094789,e8e5ff762a1a94e28f53c7df,data/raw/ghcn/20260920T033052159252Z_39c80c_USW00094789.dly,2026-09-20T03:30:52.161805+00:00,6eeab7003dc78cb5266923f6972c346b67f07fb79047c7ad0aac2750f54fa703
2004-10-01,23.3,12.8,True,18.05,GHCN-Daily,64.49000000000001,0.5099999999999909,0.0,USW00094789,e8e5ff762a1a94e28f53c7df,data/raw/ghcn/20260920T033052159252Z_39c80c_USW00094789.dly,2026-09-20T03:30:52.161805+00:00,6eeab7003dc78cb5266923f6972c346b67f07fb79047c7ad0aac2750f54fa703
2004-10-02,20.6,12.8,True,16.700000000000003,GHCN-Daily,62.06,2.9399999999999977,0.0,USW00094789,e8e5ff762a1a94e28f53c7df,data/raw/ghcn/20260920T033052159252Z_39c80c_USW00094789.dly,2026-09-20T03:30:52.161805+00:00,6eeab7003dc78cb5266923f6972c346b67f07fb79047c7ad0aac2750f54fa703
2004-10-03,20.6,11.7,True,16.15,GHCN-Daily,61.06999999999999,3.930000000000007,0.0,USW00094789,e8e5ff762a1a94e28f53c7df,data/raw/ghcn/20260920T033052159252Z_39c80c_USW00094789.dly,2026-09-20T03:30:52.161805+00:00,6eeab7003dc78cb5266923f6972c346b67f07fb79047c7ad0aac2750f54fa703
2004-10-04,21.1,11.1,True,16.1,GHCN-Daily,60.980000000000004,4.019999999999996,0.0,USW00094789,e8e5ff762a1a94e28f53c7df,data/raw/ghcn/20260920T033052159252Z_39c80c_USW00094789.dly,2026-09-20T03:30:52.161805+00:00,6eeab7003dc78cb5266923f6972c346b67f07fb79047c7ad0aac2750f54fa703
2004-10-05,16.1,8.3,True,12.200000000000001,GHCN-Daily,53.96,11.04,0.0,USW00094789,e8e5ff762a1a94e28f53c7df,data/raw/ghcn/20260920T033052159252Z_39c80c_USW00094789.dly,2026-09-20T03:30:52.161805+00:00,6eeab7003dc78cb5266923f6972c346b67f07fb79047c7ad0aac2750f54fa703
2004-10-06,17.8,6.7,True,12.25,GHCN-Daily,54.05,10.950000000000003,0.0,USW00094789,e8e5ff762a1a94e28f53c7df,data/raw/ghcn/20260920T033052159252Z_39c80c_USW00094789.dly,2026-09-20T03:30:52.161805+00:00,6eeab7003dc78cb5266923f6972c346b67f07fb79047c7ad0aac2750f54fa703
2004-10-07,21.7,11.1,True,16.4,GHCN-Daily,61.519999999999996,3.480000000000004,0.0,USW00094789,e8e5ff762a1a94e28f53c7df,data/raw/ghcn/20260920T033052159252Z_39c80c_USW00094789.dly,2026-09-20T03:30:52.161805+00:00,6eeab7003dc78cb5266923f6972c346b67f07fb79047c7ad0aac2750f54fa703
2004-10-08,22.8,11.7,True,17.25,GHCN-Daily,63.05,1.9500000000000028,0.0,USW00094789,e8e5ff762a1a94e28f53c7df,data/raw/ghcn/20260920T033052159252Z_39c80c_USW00094789.dly,2026-09-20T03:30:52.161805+00:00,6eeab7003dc78cb5266923f6972c346b67f07fb79047c7ad0aac2750f54fa703
2004-10-09,20.6,14.4,True,17.5,GHCN-Daily,63.5,1.5,0.0,USW00094789,e8e5ff762a1a94e28f53c7df,data/raw/ghcn/20260920T033052159252Z_39c80c_USW00094789.dly,2026-09-20T03:30:52.161805+00:00,6eeab7003dc78cb5266923f6972c346b67f07fb79047c7ad0aac2750f54fa703
2004-10-10,20.6,11.1,True,15.850000000000001,GHCN-Daily,60.53,4.469999999999999,0.0,USW00094789,e8e5ff762a1a94e28f53c7df,data/raw/ghcn/20260920T033052159252Z_39c80c_USW00094789.dly,2026-09-20T03:30:52.161805+00:00,6eeab7003dc78cb5266923f6972c346b67f07fb79047c7ad0aac2750f54fa703
2004-10-11,16.7,8.9,True,12.8,GHCN-Daily,55.040000000000006,9.959999999999994,0.0,USW00094789,e8e5ff762a1a94e28f53c7df,data/raw/ghcn/20260920T033052159252Z_39c80c_USW00094789.dly,2026-09-20T03:30:52.161805+00:00,6eeab7003dc78cb5266923f6972c346b67f07fb79047c7ad0aac2750f54fa703
2004-10-12,19.4,8.3,True,13.85,GHCN-Daily,56.93,8.07,0.0,USW00094789,e8e5ff762a1a94e28f53c7df,data/raw/ghcn/20260920T033052159252Z_39c80c_USW00094789.dly,2026-09-20T03:30:52.161805+00:00,6eeab7003dc78cb5266923f6972c346b67f07fb79047c7ad0aac2750f54fa703
2004-10-13,18.9,7.8,True,13.35,GHCN-Daily,56.03,8.969999999999999,0.0,USW00094789,e8e5ff762a1a94e28f53c7df,data/raw/ghcn/20260920T033052159252Z_39c80c_USW00094789.dly,2026-09-20T03:30:52.161805+00:00,6eeab7003dc78cb5266923f6972c346b67f07fb79047c7ad0aac2750f54fa703
2004-10-14,17.2,10.6,True,13.899999999999999,GHCN-Daily,57.019999999999996,7.980000000000004,0.0,USW00094789,e8e5ff762a1a94e28f53c7df,data/raw/ghcn/20260920T033052159252Z_39c80c_USW00094789.dly,2026-09-20T03:30:52.161805+00:00,6eeab7003dc78cb5266923f6972c346b67f07fb79047c7ad0aac2750f54fa703
2004-10-15,18.3,12.8,True,15.55,GHCN-Daily,59.99,5.009999999999998,0.0,USW00094789,e8e5ff762a1a94e28f53c7df,data/raw/ghcn/20260920T033052159252Z_39c80c_USW00094789.dly,2026-09-20T03:30:52.161805+00:00,6eeab7003dc78cb5266923f6972c346b67f07fb79047c7ad0aac2750f54fa703
2004-10-16,17.2,8.9,True,13.05,GHCN-Daily,55.49,9.509999999999998,0.0,USW00094789,e8e5ff762a1a94e28f53c7df,data/raw/ghcn/20260920T033052159252Z_39c80c_USW00094789.dly,2026-09-20T03:30:52.161805+00:00,6eeab7003dc78cb5266923f6972c346b67f07fb79047c7ad0aac2750f54fa703
2004-10-17,13.3,8.3,True,10.8,GHCN-Daily,51.44,13.560000000000002,0.0,USW00094789,e8e5ff762a1a94e28f53c7df,data/raw/ghcn/20260920T033052159252Z_39c80c_USW00094789.dly,2026-09-20T03:30:52.161805+00:00,6eeab7003dc78cb5266923f6972c346b67f07fb79047c7ad0aac2750f54fa703
2004-10-18,15.0,7.8,True,11.4,GHCN-Daily,52.519999999999996,12.480000000000004,0.0,USW00094789,e8e5ff762a1a94e28f53c7df,data/raw/ghcn/20260920T033052159252Z_39c80c_USW00094789.dly,2026-09-20T03:30:52.161805+00:00,6eeab7003dc78cb5266923f6972c346b67f07fb79047c7ad0aac2750f54fa703
2004-10-19,11.7,9.4,True,10.55,GHCN-Daily,50.99,14.009999999999998,0.0,USW00094789,e8e5ff762a1a94e28f53c7df,data/raw/ghcn/20260920T033052159252Z_39c80c_USW00094789.dly,2026-09-20T03:30:52.161805+00:00,6eeab7003dc78cb5266923f6972c346b67f07fb79047c7ad0aac2750f54fa703
2004-10-20,13.9,10.0,True,11.95,GHCN-Daily,53.51,11.490000000000002,0.0,USW00094789,e8e5ff762a1a94e28f53c7df,data/raw/ghcn/20260920T033052159252Z_39c80c_USW00094789.dly,2026-09-20T03:30:52.161805+00:00,6eeab7003dc78cb5266923f6972c346b67f07fb79047c7ad0aac2750f54fa703
2004-10-21,13.3,9.4,True,11.350000000000001,GHCN-Daily,52.43000000000001,12.569999999999993,0.0,USW00094789,e8e5ff762a1a94e28f53c7df,data/raw/ghcn/20260920T033052159252Z_39c80c_USW00094789.dly,2026-09-20T03:30:52.161805+00:00,6eeab7003dc78cb5266923f6972c346b67f07fb79047c7ad0aac2750f54fa703
2004-10-22,15.0,9.4,True,12.2,GHCN-Daily,53.96,11.04,0.0,USW00094789,e8e5ff762a1a94e28f53c7df,data/raw/ghcn/20260920T033052159252Z_39c80c_USW00094789.dly,2026-09-20T03:30:52.161805+00:00,6eeab7003dc78cb5266923f6972c346b67f07fb79047c7ad0aac2750f54fa703
2004-10-23,13.3,7.2,True,10.25,GHCN-Daily,50.45,14.549999999999997,0.0,USW00094789,e8e5ff762a1a94e28f53c7df,data/raw/ghcn/20260920T033052159252Z_39c80c_USW00094789.dly,2026-09-20T03:30:52.161805+00:00,6eeab7003dc78cb5266923f6972c346b67f07fb79047c7ad0aac2750f54fa703
2004-10-24,12.2,9.4,True,10.8,GHCN-Daily,51.44,13.560000000000002,0.0,USW00094789,e8e5ff762a1a94e28f53c7df,data/raw/ghcn/20260920T033052159252Z_39c80c_USW00094789.dly,2026-09-20T03:30:52.161805+00:00,6eeab7003dc78cb5266923f6972c346b67f07fb79047c7ad0aac2750f54fa703
2004-10-25,13.9,8.3,True,11.100000000000001,GHCN-Daily,51.980000000000004,13.019999999999996,0.0,USW00094789,e8e5ff762a1a94e28f53c7df,data/raw/ghcn/20260920T033052159252Z_39c80c_USW00094789.dly,2026-09-20T03:30:52.161805+00:00,6eeab7003dc78cb5266923f6972c346b67f07fb79047c7ad0aac2750f54fa703
2004-10-26,16.7,11.1,True,13.899999999999999,GHCN-Daily,57.019999999999996,7.980000000000004,0.0,USW00094789,e8e5ff762a1a94e28f53c7df,data/raw/ghcn/20260920T033052159252Z_39c80c_USW00094789.dly,2026-09-20T03:30:52.161805+00:00,6eeab7003dc78cb5266923f6972c346b67f07fb79047c7ad0aac2750f54fa703
2004-10-27,16.7,10.0,True,13.35,GHCN-Daily,56.03,8.969999999999999,0.0,USW00094789,e8e5ff762a1a94e28f53c7df,data/raw/ghcn/20260920T033052159252Z_39c80c_USW00094789.dly,2026-09-20T03:30:52.161805+00:00,6eeab7003dc78cb5266923f6972c346b67f07fb79047c7ad0aac2750f54fa703
2004-10-28,14.4,7.2,True,10.8,GHCN-Daily,51.44,13.560000000000002,0.0,USW00094789,e8e5ff762a1a94e28f53c7df,data/raw/ghcn/20260920T033052159252Z_39c80c_USW00094789.dly,2026-09-20T03:30:52.161805+00:00,6eeab7003dc78cb5266923f6972c346b67f07fb79047c7ad0aac2750f54fa703
2004-10-29,14.4,8.3,True,11.350000000000001,GHCN-Daily,52.43000000000001,12.569999999999993,0.0,USW00094789,e8e5ff762a1a94e28f53c7df,data/raw/ghcn/20260920T033052159252Z_39c80c_USW00094789.dly,2026-09-20T03:30:52.161805+00:00,6eeab7003dc78cb5266923f6972c346b67f07fb79047c7ad0aac2750f54fa703
2004-10-30,15.6,13.3,True,14.45,GHCN-Daily,58.01,6.990000000000002,0.0,USW00094789,e8e5ff762a1a94e28f53c7df,data/raw/ghcn/20260920T033052159252Z_39c80c_USW00094789.dly,2026-09-20T03:30:52.161805+00:00,6eeab7003dc78cb5266923f6972c346b67f07fb79047c7ad0aac2750f54fa703
2004-10-31,23.3,14.4,True,18.85,GHCN-Daily,65.93,0.0,0.9300000000000068,USW00094789,e8e5ff762a1a94e28f53c7df,data/raw/ghcn/20260920T033052159252Z_39c80c_USW00094789.dly,2026-09-20T03:30:52.161805+00:00,6eeab7003dc78cb5266923f6972c346b67f07fb79047c7ad0aac2750f54fa703
2005-10-01,21.1,8.9,True,15.0,GHCN-Daily,59.0,6.0,0.0,USW00094789,e8e5ff762a1a94e28f53c7df,data/raw/ghcn/20260920T033052159252Z_39c80c_USW00094789.dly,2026-09-20T03:30:52.161805+00:00,6eeab7003dc78cb5266923f6972c346b67f07fb79047c7ad0aac2750f54fa703
2005-10-02,24.4,12.2,True,18.299999999999997,GHCN-Daily,64.94,0.060000000000002274,0.0,USW00094789,e8e5ff762a1a94e28f53c7df,data/raw/ghcn/20260920T033052159252Z_39c80c_USW00094789.dly,2026-09-20T03:30:52.161805+00:00,6eeab7003dc78cb5266923f6972c346b67f07fb79047c7ad0aac2750f54fa703
2005-10-03,23.9,12.2,True,18.049999999999997,GHCN-Daily,64.49,0.5100000000000051,0.0,USW00094789,e8e5ff762a1a94e28f53c7df,data/raw/ghcn/20260920T033052159252Z_39c80c_USW00094789.dly,2026-09-20T03:30:52.161805+00:00,6eeab7003dc78cb5266923f6972c346b67f07fb79047c7ad0aac2750f54fa703
2005-10-04,23.3,16.7,True,20.0,GHCN-Daily,68.0,0.0,3.0,USW00094789,e8e5ff762a1a94e28f53c7df,data/raw/ghcn/20260920T033052159252Z_39c80c_USW00094789.dly,2026-09-20T03:30:52.161805+00:00,6eeab7003dc78cb5266923f6972c346b67f07fb79047c7ad0aac2750f54fa703
2005-10-05,24.4,15.0,True,19.7,GHCN-Daily,67.46000000000001,0.0,2.460000000000008,USW00094789,e8e5ff762a1a94e28f53c7df,data/raw/ghcn/20260920T033052159252Z_39c80c_USW00094789.dly,2026-09-20T03:30:52.161805+00:00,6eeab7003dc78cb5266923f6972c346b67f07fb79047c7ad0aac2750f54fa703
2005-10-06,24.4,17.2,True,20.799999999999997,GHCN-Daily,69.44,0.0,4.439999999999998,USW00094789,e8e5ff762a1a94e28f53c7df,data/raw/ghcn/20260920T033052159252Z_39c80c_USW00094789.dly,2026-09-20T03:30:52.161805+00:00,6eeab7003dc78cb5266923f6972c346b67f07fb79047c7ad0aac2750f54fa703
2005-10-07,24.4,20.6,True,22.5,GHCN-Daily,72.5,0.0,7.5,USW00094789,e8e5ff762a1a94e28f53c7df,data/raw/ghcn/20260920T033052159252Z_39c80c_USW00094789.dly,2026-09-20T03:30:52.161805+00:00,6eeab7003dc78cb5266923f6972c346b67f07fb79047c7ad0aac2750f54fa703
2005-10-08,22.8,12.8,True,17.8,GHCN-Daily,64.03999999999999,0.960000000000008,0.0,USW00094789,e8e5ff762a1a94e28f53c7df,data/raw/ghcn/20260920T033052159252Z_39c80c_USW00094789.dly,2026-09-20T03:30:52.161805+00:00,6eeab7003dc78cb5266923f6972c346b67f07fb79047c7ad0aac2750f54fa703
2005-10-09,15.6,12.2,True,13.899999999999999,GHCN-Daily,57.019999999999996,7.980000000000004,0.0,USW00094789,e8e5ff762a1a94e28f53c7df,data/raw/ghcn/20260920T033052159252Z_39c80c_USW00094789.dly,2026-09-20T03:30:52.161805+00:00,6eeab7003dc78cb5266923f6972c346b67f07fb79047c7ad0aac2750f54fa703
2005-10-10,16.1,14.4,True,15.25,GHCN-Daily,59.45,5.549999999999997,0.0,USW00094789,e8e5ff762a1a94e28f53c7df,data/raw/ghcn/20260920T033052159252Z_39c80c_USW00094789.dly,2026-09-20T03:30:52.161805+00:00,6eeab7003dc78cb5266923f6972c346b67f07fb79047c7ad0aac2750f54fa703
2005-10-11,17.2,14.4,True,15.8,GHCN-Daily,60.44,4.560000000000002,0.0,USW00094789,e8e5ff762a1a94e28f53c7df,data/raw/ghcn/20260920T033052159252Z_39c80c_USW00094789.dly,2026-09-20T03:30:52.161805+00:00,6eeab7003dc78cb5266923f6972c346b67f07fb79047c7ad0aac2750f54fa703
2005-10-12,14.4,11.7,True,13.05,GHCN-Daily,55.49,9.509999999999998,0.0,USW00094789,e8e5ff762a1a94e28f53c7df,data/raw/ghcn/20260920T033052159252Z_39c80c_USW00094789.dly,2026-09-20T03:30:52.161805+00:00,6eeab7003dc78cb5266923f6972c346b67f07fb79047c7ad0aac2750f54fa703
2005-10-13,16.7,13.9,True,15.3,GHCN-Daily,59.540000000000006,5.459999999999994,0.0,USW00094789,e8e5ff762a1a94e28f53c7df,data/raw/ghcn/20260920T033052159252Z_39c80c_USW00094789.dly,2026-09-20T03:30:52.161805+00:00,6eeab7003dc78cb5266923f6972c346b67f07fb79047c7ad0aac2750f54fa703
2005-10-14,17.8,15.6,True,16.7,GHCN-Daily,62.06,2.9399999999999977,0.0,USW00094789,e8e5ff762a1a94e28f53c7df,data/raw/ghcn/20260920T033052159252Z_39c80c_USW00094789.dly,2026-09-20T03:30:52.161805+00:00,6eeab7003dc78cb5266923f6972c346b67f07fb79047c7ad0aac2750f54fa703
2005-10-15,23.3,14.4,True,18.85,GHCN-Daily,65.93,0.0,0.9300000000000068,USW00094789,e8e5ff762a1a94e28f53c7df,data/raw/ghcn/20260920T033052159252Z_39c80c_USW00094789.dly,2026-09-20T03:30:52.161805+00:00,6eeab7003dc78cb5266923f6972c346b67f07fb79047c7ad0aac2750f54fa703
2005-10-16,18.9,12.2,True,15.549999999999999,GHCN-Daily,59.989999999999995,5.010000000000005,0.0,USW00094789,e8e5ff762a1a94e28f53c7df,data/raw/ghcn/20260920T033052159252Z_39c80c_USW00094789.dly,2026-09-20T03:30:52.161805+00:00,6eeab7003dc78cb5266923f6972c346b67f07fb79047c7ad0aac2750f54fa703
2005-10-17,18.9,10.6,True,14.75,GHCN-Daily,58.55,6.450000000000003,0.0,USW00094789,e8e5ff762a1a94e28f53c7df,data/raw/ghcn/20260920T033052159252Z_39c80c_USW00094789.dly,2026-09-20T03:30:52.161805+00:00,6eeab7003dc78cb5266923f6972c346b67f07fb79047c7ad0aac2750f54fa703
2005-10-18,21.7,11.7,True,16.7,GHCN-Daily,62.06,2.9399999999999977,0.0,USW00094789,e8e5ff762a1a94e28f53c7df,data/raw/ghcn/20260920T033052159252Z_39c80c_USW00094789.dly,2026-09-20T03:30:52.161805+00:00,6eeab7003dc78cb5266923f6972c346b67f07fb79047c7ad0aac2750f54fa703
2005-10-19,18.9,11.1,True,15.0,GHCN-Daily,59.0,6.0,0.0,USW00094789,e8e5ff762a1a94e28f53c7df,data/raw/ghcn/20260920T033052159252Z_39c80c_USW00094789.dly,2026-09-20T03:30:52.161805+00:00,6eeab7003dc78cb5266923f6972c346b67f07fb79047c7ad0aac2750f54fa703
2005-10-20,16.7,10.0,True,13.35,GHCN-Daily,56.03,8.969999999999999,0.0,USW00094789,e8e5ff762a1a94e28f53c7df,data/raw/ghcn/20260920T033052159252Z_39c80c_USW00094789.dly,2026-09-20T03:30:52.161805+00:00,6eeab7003dc78cb5266923f6972c346b67f07fb79047c7ad0aac2750f54fa703
2005-10-21,12.2,11.1,True,11.649999999999999,GHCN-Daily,52.97,12.030000000000001,0.0,USW00094789,e8e5ff762a1a94e28f53c7df,data/raw/ghcn/20260920T033052159252Z_39c80c_USW00094789.dly,2026-09-20T03:30:52.161805+00:00,6eeab7003dc78cb5266923f6972c346b67f07fb79047c7ad0aac2750f54fa703
2005-10-22,12.2,9.4,True,10.8,GHCN-Daily,51.44,13.560000000000002,0.0,USW00094789,e8e5ff762a1a94e28f53c7df,data/raw/ghcn/20260920T033052159252Z_39c80c_USW00094789.dly,2026-09-20T03:30:52.161805+00:00,6eeab7003dc78cb5266923f6972c346b67f07fb79047c7ad0aac2750f54fa703
2005-10-23,13.9,6.7,True,10.3,GHCN-Daily,50.540000000000006,14.459999999999994,0.0,USW00094789,e8e5ff762a1a94e28f53c7df,data/raw/ghcn/20260920T033052159252Z_39c80c_USW00094789.dly,2026-09-20T03:30:52.161805+00:00,6eeab7003dc78cb5266923f6972c346b67f07fb79047c7ad0aac2750f54fa703
2005-10-24,11.7,3.3,True,7.5,GHCN-Daily,45.5,19.5,0.0,USW00094789,e8e5ff762a1a94e28f53c7df,data/raw/ghcn/20260920T033052159252Z_39c80c_USW00094789.dly,2026-09-20T03:30:52.161805+00:00,6eeab7003dc78cb5266923f6972c346b67f07fb79047c7ad0aac2750f54fa703
2005-10-25,10.6,4.4,True,7.5,GHCN-Daily,45.5,19.5,0.0,USW00094789,e8e5ff762a1a94e28f53c7df,data/raw/ghcn/20260920T033052159252Z_39c80c_USW00094789.dly,2026-09-20T03:30:52.161805+00:00,6eeab7003dc78cb5266923f6972c346b67f07fb79047c7ad0aac2750f54fa703
2005-10-26,12.2,3.9,True,8.049999999999999,GHCN-Daily,46.489999999999995,18.510000000000005,0.0,USW00094789,e8e5ff762a1a94e28f53c7df,data/raw/ghcn/20260920T033052159252Z_39c80c_USW00094789.dly,2026-09-20T03:30:52.161805+00:00,6eeab7003dc78cb5266923f6972c346b67f07fb79047c7ad0aac2750f54fa703
2005-10-27,10.0,4.4,True,7.2,GHCN-Daily,44.96,20.04,0.0,USW00094789,e8e5ff762a1a94e28f53c7df,data/raw/ghcn/20260920T033052159252Z_39c80c_USW00094789.dly,2026-09-20T03:30:52.161805+00:00,6eeab7003dc78cb5266923f6972c346b67f07fb79047c7ad0aac2750f54fa703
2005-10-28,10.6,4.4,True,7.5,GHCN-Daily,45.5,19.5,0.0,USW00094789,e8e5ff762a1a94e28f53c7df,data/raw/ghcn/20260920T033052159252Z_39c80c_USW00094789.dly,2026-09-20T03:30:52.161805+00:00,6eeab7003dc78cb5266923f6972c346b67f07fb79047c7ad0aac2750f54fa703
2005-10-29,8.9,5.0,True,6.95,GHCN-Daily,44.51,20.490000000000002,0.0,USW00094789,e8e5ff762a1a94e28f53c7df,data/raw/ghcn/20260920T033052159252Z_39c80c_USW00094789.dly,2026-09-20T03:30:52.161805+00:00,6eeab7003dc78cb5266923f6972c346b67f07fb79047c7ad0aac2750f54fa703
2005-10-30,20.6,7.2,True,13.9,GHCN-Daily,57.019999999999996,7.980000000000004,0.0,USW00094789,e8e5ff762a1a94e28f53c7df,data/raw/ghcn/20260920T033052159252Z_39c80c_USW00094789.dly,2026-09-20T03:30:52.161805+00:00,6eeab7003dc78cb5266923f6972c346b67f07fb79047c7ad0aac2750f54fa703
2005-10-31,19.4,6.1,True,12.75,GHCN-Daily,54.95,10.049999999999997,0.0,USW00094789,e8e5ff762a1a94e28f53c7df,data/raw/ghcn/20260920T033052159252Z_39c80c_USW00094789.dly,2026-09-20T03:30:52.161805+00:00,6eeab7003dc78cb5266923f6972c346b67f07fb79047c7ad0aac2750f54fa703
2006-10-01,20.6,13.9,True,17.25,GHCN-Daily,63.05,1.9500000000000028,0.0,USW00094789,e8e5ff762a1a94e28f53c7df,data/raw/ghcn/20260920T033052159252Z_39c80c_USW00094789.dly,2026-09-20T03:30:52.161805+00:00,6eeab7003dc78cb5266923f6972c346b67f07fb79047c7ad0aac2750f54fa703
2006-10-02,21.7,12.8,True,17.25,GHCN-Daily,63.05,1.9500000000000028,0.0,USW00094789,e8e5ff762a1a94e28f53c7df,data/raw/ghcn/20260920T033052159252Z_39c80c_USW00094789.dly,2026-09-20T03:30:52.161805+00:00,6eeab7003dc78cb5266923f6972c346b67f07fb79047c7ad0aac2750f54fa703
2006-10-03,23.9,11.1,True,17.5,GHCN-Daily,63.5,1.5,0.0,USW00094789,e8e5ff762a1a94e28f53c7df,data/raw/ghcn/20260920T033052159252Z_39c80c_USW00094789.dly,2026-09-20T03:30:52.161805+00:00,6eeab7003dc78cb5266923f6972c346b67f07fb79047c7ad0aac2750f54fa703
2006-10-04,23.3,16.7,True,20.0,GHCN-Daily,68.0,0.0,3.0,USW00094789,e8e5ff762a1a94e28f53c7df,data/raw/ghcn/20260920T033052159252Z_39c80c_USW00094789.dly,2026-09-20T03:30:52.161805+00:00,6eeab7003dc78cb5266923f6972c346b67f07fb79047c7ad0aac2750f54fa703
2006-10-05,19.4,11.7,True,15.549999999999999,GHCN-Daily,59.989999999999995,5.010000000000005,0.0,USW00094789,e8e5ff762a1a94e28f53c7df,data/raw/ghcn/20260920T033052159252Z_39c80c_USW00094789.dly,2026-09-20T03:30:52.161805+00:00,6eeab7003dc78cb5266923f6972c346b67f07fb79047c7ad0aac2750f54fa703
2006-10-06,14.4,11.7,True,13.05,GHCN-Daily,55.49,9.509999999999998,0.0,USW00094789,e8e5ff762a1a94e28f53c7df,data/raw/ghcn/20260920T033052159252Z_39c80c_USW00094789.dly,2026-09-20T03:30:52.161805+00:00,6eeab7003dc78cb5266923f6972c346b67f07fb79047c7ad0aac2750f54fa703
2006-10-07,17.8,11.1,True,14.45,GHCN-Daily,58.01,6.990000000000002,0.0,USW00094789,e8e5ff762a1a94e28f53c7df,data/raw/ghcn/20260920T033052159252Z_39c80c_USW00094789.dly,2026-09-20T03:30:52.161805+00:00,6eeab7003dc78cb5266923f6972c346b67f07fb79047c7ad0aac2750f54fa703
2006-10-08,18.9,10.0,True,14.45,GHCN-Daily,58.01,6.990000000000002,0.0,USW00094789,e8e5ff762a1a94e28f53c7df,data/raw/ghcn/20260920T033052159252Z_39c80c_USW00094789.dly,2026-09-20T03:30:52.161805+00:00,6eeab7003dc78cb5266923f6972c346b67f07fb79047c7ad0aac2750f54fa703
2006-10-09,23.3,11.7,True,17.5,GHCN-Daily,63.5,1.5,0.0,USW00094789,e8e5ff762a1a94e28f53c7df,data/raw/ghcn/20260920T033052159252Z_39c80c_USW00094789.dly,2026-09-20T03:30:52.161805+00:00,6eeab7003dc78cb5266923f6972c346b67f07fb79047c7ad0aac2750f54fa703
2006-10-10,24.4,13.9,True,19.15,GHCN-Daily,66.47,0.0,1.4699999999999989,USW00094789,e8e5ff762a1a94e28f53c7df,data/raw/ghcn/20260920T033052159252Z_39c80c_USW00094789.dly,2026-09-20T03:30:52.161805+00:00,6eeab7003dc78cb5266923f6972c346b67f07fb79047c7ad0aac2750f54fa703
2006-10-11,17.8,15.0,True,16.4,GHCN-Daily,61.519999999999996,3.480000000000004,0.0,USW00094789,e8e5ff762a1a94e28f53c7df,data/raw/ghcn/20260920T033052159252Z_39c80c_USW00094789.dly,2026-09-20T03:30:52.161805+00:00,6eeab7003dc78cb5266923f6972c346b67f07fb79047c7ad0aac2750f54fa703
2006-10-12,21.1,10.0,True,15.55,GHCN-Daily,59.99,5.009999999999998,0.0,USW00094789,e8e5ff762a1a94e28f53c7df,data/raw/ghcn/20260920T033052159252Z_39c80c_USW00094789.dly,2026-09-20T03:30:52.161805+00:00,6eeab7003dc78cb5266923f6972c346b67f07fb79047c7ad0aac2750f54fa703
2006-10-13,12.8,5.0,True,8.9,GHCN-Daily,48.019999999999996,16.980000000000004,0.0,USW00094789,e8e5ff762a1a94e28f53c7df,data/raw/ghcn/20260920T033052159252Z_39c80c_USW00094789.dly,2026-09-20T03:30:52.161805+00:00,6eeab7003dc78cb5266923f6972c346b67f07fb79047c7ad0aac2750f54fa703
2006-10-14,15.6,6.7,True,11.15,GHCN-Daily,52.07,12.93,0.0,USW00094789,e8e5ff762a1a94e28f53c7df,data/raw/ghcn/20260920T033052159252Z_39c80c_USW00094789.dly,2026-09-20T03:30:52.161805+00:00,6eeab7003dc78cb5266923f6972c346b67f07fb79047c7ad0aac2750f54fa703
2006-10-15,15.0,5.6,True,10.3,GHCN-Daily,50.540000000000006,14.459999999999994,0.0,USW00094789,e8e5ff762a1a94e28f53c7df,data/raw/ghcn/20260920T033052159252Z_39c80c_USW00094789.dly,2026-09-20T03:30:52.161805+00:00,6eeab7003dc78cb5266923f6972c346b67f07fb79047c7ad0aac2750f54fa703
2006-10-16,15.6,3.9,True,9.75,GHCN-Daily,49.55,15.450000000000003,0.0,USW00094789,e8e5ff762a1a94e28f53c7df,data/raw/ghcn/20260920T033052159252Z_39c80c_USW00094789.dly,2026-09-20T03:30:52.161805+00:00,6eeab7003dc78cb5266923f6972c346b67f07fb79047c7ad0aac2750f54fa703
2006-10-17,17.2,12.8,True,15.0,GHCN-Daily,59.0,6.0,0.0,USW00094789,e8e5ff762a1a94e28f53c7df,data/raw/ghcn/20260920T033052159252Z_39c80c_USW00094789.dly,2026-09-20T03:30:52.161805+00:00,6eeab7003dc78cb5266923f6972c346b67f07fb79047c7ad0aac2750f54fa703
2006-10-18,23.9,16.7,True,20.299999999999997,GHCN-Daily,68.53999999999999,0.0,3.539999999999992,USW00094789,e8e5ff762a1a94e28f53c7df,data/raw/ghcn/20260920T033052159252Z_39c80c_USW00094789.dly,2026-09-20T03:30:52.161805+00:00,6eeab7003dc78cb5266923f6972c346b67f07fb79047c7ad0aac2750f54fa703
2006-10-19,19.4,12.8,True,16.1,GHCN-Daily,60.980000000000004,4.019999999999996,0.0,USW00094789,e8e5ff762a1a94e28f53c7df,data/raw/ghcn/20260920T033052159252Z_39c80c_USW00094789.dly,2026-09-20T03:30:52.161805+00:00,6eeab7003dc78cb5266923f6972c346b67f07fb79047c7ad0aac2750f54fa703
2006-10-20,18.9,8.3,True,13.6,GHCN-Daily,56.480000000000004,8.519999999999996,0.0,USW00094789,e8e5ff762a1a94e28f53c7df,data/raw/ghcn/20260920T033052159252Z_39c80c_USW00094789.dly,2026-09-20T03:30:52.161805+00:00,6eeab7003dc78cb5266923f6972c346b67f07fb79047c7ad0aac2750f54fa703
2006-10-21,15.0,7.2,True,11.1,GHCN-Daily,51.980000000000004,13.019999999999996,0.0,USW00094789,e8e5ff762a1a94e28f53c7df,data/raw/ghcn/20260920T033052159252Z_39c80c_USW00094789.dly,2026-09-20T03:30:52.161805+00:00,6eeab7003dc78cb5266923f6972c346b67f07fb79047c7ad0aac2750f54fa703
2006-10-22,16.1,5.0,True,10.55,GHCN-Daily,50.99,14.009999999999998,0.0,USW00094789,e8e5ff762a1a94e28f53c7df,data/raw/ghcn/20260920T033052159252Z_39c80c_USW00094789.dly,2026-09-20T03:30:52.161805+00:00,6eeab7003dc78cb5266923f6972c346b67f07fb79047c7ad0aac2750f54fa703
2006-10-23,13.9,7.2,True,10.55,GHCN-Daily,50.99,14.009999999999998,0.0,USW00094789,e8e5ff762a1a94e28f53c7df,data/raw/ghcn/20260920T033052159252Z_39c80c_USW00094789.dly,2026-09-20T03:30:52.161805+00:00,6eeab7003dc78cb5266923f6972c346b67f07fb79047c7ad0aac2750f54fa703
2006-10-24,11.7,5.6,True,8.649999999999999,GHCN-Daily,47.57,17.43,0.0,USW00094789,e8e5ff762a1a94e28f53c7df,data/raw/ghcn/20260920T033052159252Z_39c80c_USW00094789.dly,2026-09-20T03:30:52.161805+00:00,6eeab7003dc78cb5266923f6972c346b67f07fb79047c7ad0aac2750f54fa703
2006-10-25,13.3,6.1,True,9.7,GHCN-Daily,49.46,15.54,0.0,USW00094789,e8e5ff762a1a94e28f53c7df,data/raw/ghcn/20260920T033052159252Z_39c80c_USW00094789.dly,2026-09-20T03:30:52.161805+00:00,6eeab7003dc78cb5266923f6972c346b67f07fb79047c7ad0aac2750f54fa703
2006-10-26,11.1,3.9,True,7.5,GHCN-Daily,45.5,19.5,0.0,USW00094789,e8e5ff762a1a94e28f53c7df,data/raw/ghcn/20260920T033052159252Z_39c80c_USW00094789.dly,2026-09-20T03:30:52.161805+00:00,6eeab7003dc78cb5266923f6972c346b67f07fb79047c7ad0aac2750f54fa703
2006-10-27,10.6,1.1,True,5.85,GHCN-Daily,42.53,22.47,0.0,USW00094789,e8e5ff762a1a94e28f53c7df,data/raw/ghcn/20260920T033052159252Z_39c80c_USW00094789.dly,2026-09-20T03:30:52.161805+00:00,6eeab7003dc78cb5266923f6972c346b67f07fb79047c7ad0aac2750f54fa703
2006-10-28,18.3,7.8,True,13.05,GHCN-Daily,55.49,9.509999999999998,0.0,USW00094789,e8e5ff762a1a94e28f53c7df,data/raw/ghcn/20260920T033052159252Z_39c80c_USW00094789.dly,2026-09-20T03:30:52.161805+00:00,6eeab7003dc78cb5266923f6972c346b67f07fb79047c7ad0aac2750f54fa703
2006-10-29,12.8,7.2,True,10.0,GHCN-Daily,50.0,15.0,0.0,USW00094789,e8e5ff762a1a94e28f53c7df,data/raw/ghcn/20260920T033052159252Z_39c80c_USW00094789.dly,2026-09-20T03:30:52.161805+00:00,6eeab7003dc78cb5266923f6972c346b67f07fb79047c7ad0aac2750f54fa703
2006-10-30,16.1,6.7,True,11.4,GHCN-Daily,52.519999999999996,12.480000000000004,0.0,USW00094789,e8e5ff762a1a94e28f53c7df,data/raw/ghcn/20260920T033052159252Z_39c80c_USW00094789.dly,2026-09-20T03:30:52.161805+00:00,6eeab7003dc78cb5266923f6972c346b67f07fb79047c7ad0aac2750f54fa703
2006-10-31,17.2,7.8,True,12.5,GHCN-Daily,54.5,10.5,0.0,USW00094789,e8e5ff762a1a94e28f53c7df,data/raw/ghcn/20260920T033052159252Z_39c80c_USW00094789.dly,2026-09-20T03:30:52.161805+00:00,6eeab7003dc78cb5266923f6972c346b67f07fb79047c7ad0aac2750f54fa703
2007-10-01,20.0,12.8,True,16.4,GHCN-Daily,61.519999999999996,3.480000000000004,0.0,USW00094789,e8e5ff762a1a94e28f53c7df,data/raw/ghcn/20260920T033052159252Z_39c80c_USW00094789.dly,2026-09-20T03:30:52.161805+00:00,6eeab7003dc78cb5266923f6972c346b67f07fb79047c7ad0aac2750f54fa703
2007-10-02,22.8,12.2,True,17.5,GHCN-Daily,63.5,1.5,0.0,USW00094789,e8e5ff762a1a94e28f53c7df,data/raw/ghcn/20260920T033052159252Z_39c80c_USW00094789.dly,2026-09-20T03:30:52.161805+00:00,6eeab7003dc78cb5266923f6972c346b67f07fb79047c7ad0aac2750f54fa703
2007-10-03,23.9,18.9,True,21.4,GHCN-Daily,70.52,0.0,5.519999999999996,USW00094789,e8e5ff762a1a94e28f53c7df,data/raw/ghcn/20260920T033052159252Z_39c80c_USW00094789.dly,2026-09-20T03:30:52.161805+00:00,6eeab7003dc78cb5266923f6972c346b67f07fb79047c7ad0aac2750f54fa703
2007-10-04,26.1,18.9,True,22.5,GHCN-Daily,72.5,0.0,7.5,USW00094789,e8e5ff762a1a94e28f53c7df,data/raw/ghcn/20260920T033052159252Z_39c80c_USW00094789.dly,2026-09-20T03:30:52.161805+00:00,6eeab7003dc78cb5266923f6972c346b67f07fb79047c7ad0aac2750f54fa703
2007-10-05,22.8,18.3,True,20.55,GHCN-Daily,68.99000000000001,0.0,3.990000000000009,USW00094789,e8e5ff762a1a94e28f53c7df,data/raw/ghcn/20260920T033052159252Z_39c80c_USW00094789.dly,2026-09-20T03:30:52.161805+00:00,6eeab7003dc78cb5266923f6972c346b67f07fb79047c7ad0aac2750f54fa703
2007-10-06,27.2,17.8,True,22.5,GHCN-Daily,72.5,0.0,7.5,USW00094789,e8e5ff762a1a94e28f53c7df,data/raw/ghcn/20260920T033052159252Z_39c80c_USW00094789.dly,2026-09-20T03:30:52.161805+00:00,6eeab7003dc78cb5266923f6972c346b67f07fb79047c7ad0aac2750f54fa703
2007-10-07,28.3,18.9,True,23.6,GHCN-Daily,74.48,0.0,9.480000000000004,USW00094789,e8e5ff762a1a94e28f53c7df,data/raw/ghcn/20260920T033052159252Z_39c80c_USW00094789.dly,2026-09-20T03:30:52.161805+00:00,6eeab7003dc78cb5266923f6972c346b67f07fb79047c7ad0aac2750f54fa703
2007-10-08,32.2,18.9,True,25.55,GHCN-Daily,77.99000000000001,0.0,12.990000000000009,USW00094789,e8e5ff762a1a94e28f53c7df,data/raw/ghcn/20260920T033052159252Z_39c80c_USW00094789.dly,2026-09-20T03:30:52.161805+00:00,6eeab7003dc78cb5266923f6972c346b67f07fb79047c7ad0aac2750f54fa703
2007-10-09,26.7,15.6,True,21.15,GHCN-Daily,70.07,0.0,5.069999999999993,USW00094789,e8e5ff762a1a94e28f53c7df,data/raw/ghcn/20260920T033052159252Z_39c80c_USW00094789.dly,2026-09-20T03:30:52.161805+00:00,6eeab7003dc78cb5266923f6972c346b67f07fb79047c7ad0aac2750f54fa703
2007-10-10,23.3,16.7,True,20.0,GHCN-Daily,68.0,0.0,3.0,USW00094789,e8e5ff762a1a94e28f53c7df,data/raw/ghcn/20260920T033052159252Z_39c80c_USW00094789.dly,2026-09-20T03:30:52.161805+00:00,6eeab7003dc78cb5266923f6972c346b67f07fb79047c7ad0aac2750f54fa703
2007-10-11,20.0,13.3,True,16.65,GHCN-Daily,61.97,3.030000000000001,0.0,USW00094789,e8e5ff762a1a94e28f53c7df,data/raw/ghcn/20260920T033052159252Z_39c80c_USW00094789.dly,2026-09-20T03:30:52.161805+00:00,6eeab7003dc78cb5266923f6972c346b67f07fb79047c7ad0aac2750f54fa703
2007-10-12,17.8,9.4,True,13.600000000000001,GHCN-Daily,56.480000000000004,8.519999999999996,0.0,USW00094789,e8e5ff762a1a94e28f53c7df,data/raw/ghcn/20260920T033052159252Z_39c80c_USW00094789.dly,2026-09-20T03:30:52.161805+00:00,6eeab7003dc78cb5266923f6972c346b67f07fb79047c7ad0aac2750f54fa703
2007-10-13,16.7,7.8,True,12.25,GHCN-Daily,54.05,10.950000000000003,0.0,USW00094789,e8e5ff762a1a94e28f53c7df,data/raw/ghcn/20260920T033052159252Z_39c80c_USW00094789.dly,2026-09-20T03:30:52.161805+00:00,6eeab7003dc78cb5266923f6972c346b67f07fb79047c7ad0aac2750f54fa703
2007-10-14,19.4,10.6,True,15.0,GHCN-Daily,59.0,6.0,0.0,USW00094789,e8e5ff762a1a94e28f53c7df,data/raw/ghcn/20260920T033052159252Z_39c80c_USW00094789.dly,2026-09-20T03:30:52.161805+00:00,6eeab7003dc78cb5266923f6972c346b67f07fb79047c7ad0aac2750f54fa703
2007-10-15,20.6,9.4,True,15.0,GHCN-Daily,59.0,6.0,0.0,USW00094789,e8e5ff762a1a94e28f53c7df,data/raw/ghcn/20260920T033052159252Z_39c80c_USW00094789.dly,2026-09-20T03:30:52.161805+00:00,6eeab7003dc78cb5266923f6972c346b67f07fb79047c7ad0aac2750f54fa703
2007-10-16,19.4,13.3,True,16.35,GHCN-Daily,61.43000000000001,3.569999999999993,0.0,USW00094789,e8e5ff762a1a94e28f53c7df,data/raw/ghcn/20260920T033052159252Z_39c80c_USW00094789.dly,2026-09-20T03:30:52.161805+00:00,6eeab7003dc78cb5266923f6972c346b67f07fb79047c7ad0aac2750f54fa703
2007-10-17,21.1,12.8,True,16.950000000000003,GHCN-Daily,62.510000000000005,2.489999999999995,0.0,USW00094789,e8e5ff762a1a94e28f53c7df,data/raw/ghcn/20260920T033052159252Z_39c80c_USW00094789.dly,2026-09-20T03:30:52.161805+00:00,6eeab7003dc78cb5266923f6972c346b67f07fb79047c7ad0aac2750f54fa703
2007-10-18,23.3,15.6,True,19.45,GHCN-Daily,67.00999999999999,0.0,2.009999999999991,USW00094789,e8e5ff762a1a94e28f53c7df,data/raw/ghcn/20260920T033052159252Z_39c80c_USW00094789.dly,2026-09-20T03:30:52.161805+00:00,6eeab7003dc78cb5266923f6972c346b67f07fb79047c7ad0aac2750f54fa703
2007-10-19,22.2,18.9,True,20.549999999999997,GHCN-Daily,68.99,0.0,3.989999999999995,USW00094789,e8e5ff762a1a94e28f53c7df,data/raw/ghcn/20260920T033052159252Z_39c80c_USW00094789.dly,2026-09-20T03:30:52.161805+00:00,6eeab7003dc78cb5266923f6972c346b67f07fb79047c7ad0aac2750f54fa703
2007-10-20,22.8,15.6,True,19.2,GHCN-Daily,66.56,0.0,1.5600000000000023,USW00094789,e8e5ff762a1a94e28f53c7df,data/raw/ghcn/20260920T033052159252Z_39c80c_USW00094789.dly,2026-09-20T03:30:52.161805+00:00,6eeab7003dc78cb5266923f6972c346b67f07fb79047c7ad0aac2750f54fa703
2007-10-21,23.3,12.2,True,17.75,GHCN-Daily,63.95,1.0499999999999972,0.0,USW00094789,e8e5ff762a1a94e28f53c7df,data/raw/ghcn/20260920T033052159252Z_39c80c_USW00094789.dly,2026-09-20T03:30:52.161805+00:00,6eeab7003dc78cb5266923f6972c346b67f07fb79047c7ad0aac2750f54fa703
2007-10-22,22.2,13.3,True,17.75,GHCN-Daily,63.95,1.0499999999999972,0.0,USW00094789,e8e5ff762a1a94e28f53c7df,data/raw/ghcn/20260920T033052159252Z_39c80c_USW00094789.dly,2026-09-20T03:30:52.161805+00:00,6eeab7003dc78cb5266923f6972c346b67f07fb79047c7ad0aac2750f54fa703
2007-10-23,23.3,17.8,True,20.55,GHCN-Daily,68.99000000000001,0.0,3.990000000000009,USW00094789,e8e5ff762a1a94e28f53c7df,data/raw/ghcn/20260920T033052159252Z_39c80c_USW00094789.dly,2026-09-20T03:30:52.161805+00:00,6eeab7003dc78cb5266923f6972c346b67f07fb79047c7ad0aac2750f54fa703
2007-10-24,20.0,11.1,True,15.55,GHCN-Daily,59.99,5.009999999999998,0.0,USW00094789,e8e5ff762a1a94e28f53c7df,data/raw/ghcn/20260920T033052159252Z_39c80c_USW00094789.dly,2026-09-20T03:30:52.161805+00:00,6eeab7003dc78cb5266923f6972c346b67f07fb79047c7ad0aac2750f54fa703
2007-10-25,12.8,11.1,True,11.95,GHCN-Daily,53.51,11.490000000000002,0.0,USW00094789,e8e5ff762a1a94e28f53c7df,data/raw/ghcn/20260920T033052159252Z_39c80c_USW00094789.dly,2026-09-20T03:30:52.161805+00:00,6eeab7003dc78cb5266923f6972c346b67f07fb79047c7ad0aac2750f54fa703
2007-10-26,16.1,11.7,True,13.9,GHCN-Daily,57.019999999999996,7.980000000000004,0.0,USW00094789,e8e5ff762a1a94e28f53c7df,data/raw/ghcn/20260920T033052159252Z_39c80c_USW00094789.dly,2026-09-20T03:30:52.161805+00:00,6eeab7003dc78cb5266923f6972c346b67f07fb79047c7ad0aac2750f54fa703
2007-10-27,20.0,13.9,True,16.95,GHCN-Daily,62.51,2.490000000000002,0.0,USW00094789,e8e5ff762a1a94e28f53c7df,data/raw/ghcn/20260920T033052159252Z_39c80c_USW00094789.dly,2026-09-20T03:30:52.161805+00:00,6eeab7003dc78cb5266923f6972c346b67f07fb79047c7ad0aac2750f54fa703
2007-10-28,14.4,6.1,True,10.25,GHCN-Daily,50.45,14.549999999999997,0.0,USW00094789,e8e5ff762a1a94e28f53c7df,data/raw/ghcn/20260920T033052159252Z_39c80c_USW00094789.dly,2026-09-20T03:30:52.161805+00:00,6eeab7003dc78cb5266923f6972c346b67f07fb79047c7ad0aac2750f54fa703
2007-10-29,12.2,3.9,True,8.049999999999999,GHCN-Daily,46.489999999999995,18.510000000000005,0.0,USW00094789,e8e5ff762a1a94e28f53c7df,data/raw/ghcn/20260920T033052159252Z_39c80c_USW00094789.dly,2026-09-20T03:30:52.161805+00:00,6eeab7003dc78cb5266923f6972c346b67f07fb79047c7ad0aac2750f54fa703
2007-10-30,16.7,6.7,True,11.7,GHCN-Daily,53.06,11.939999999999998,0.0,USW00094789,e8e5ff762a1a94e28f53c7df,data/raw/ghcn/20260920T033052159252Z_39c80c_USW00094789.dly,2026-09-20T03:30:52.161805+00:00,6eeab7003dc78cb5266923f6972c346b67f07fb79047c7ad0aac2750f54fa703
2007-10-31,17.8,7.8,True,12.8,GHCN-Daily,55.040000000000006,9.959999999999994,0.0,USW00094789,e8e5ff762a1a94e28f53c7df,data/raw/ghcn/20260920T033052159252Z_39c80c_USW00094789.dly,2026-09-20T03:30:52.161805+00:00,6eeab7003dc78cb5266923f6972c346b67f07fb79047c7ad0aac2750f54fa703
2008-10-01,22.8,15.0,True,18.9,GHCN-Daily,66.02,0.0,1.019999999999996,USW00094789,e8e5ff762a1a94e28f53c7df,data/raw/ghcn/20260920T033052159252Z_39c80c_USW00094789.dly,2026-09-20T03:30:52.161805+00:00,6eeab7003dc78cb5266923f6972c346b67f07fb79047c7ad0aac2750f54fa703
2008-10-02,18.3,12.2,True,15.25,GHCN-Daily,59.45,5.549999999999997,0.0,USW00094789,e8e5ff762a1a94e28f53c7df,data/raw/ghcn/20260920T033052159252Z_39c80c_USW00094789.dly,2026-09-20T03:30:52.161805+00:00,6eeab7003dc78cb5266923f6972c346b67f07fb79047c7ad0aac2750f54fa703
2008-10-03,19.4,9.4,True,14.399999999999999,GHCN-Daily,57.92,7.079999999999998,0.0,USW00094789,e8e5ff762a1a94e28f53c7df,data/raw/ghcn/20260920T033052159252Z_39c80c_USW00094789.dly,2026-09-20T03:30:52.161805+00:00,6eeab7003dc78cb5266923f6972c346b67f07fb79047c7ad0aac2750f54fa703
2008-10-04,17.8,7.8,True,12.8,GHCN-Daily,55.040000000000006,9.959999999999994,0.0,USW00094789,e8e5ff762a1a94e28f53c7df,data/raw/ghcn/20260920T033052159252Z_39c80c_USW00094789.dly,2026-09-20T03:30:52.161805+00:00,6eeab7003dc78cb5266923f6972c346b67f07fb79047c7ad0aac2750f54fa703
2008-10-05,18.9,11.7,True,15.299999999999999,GHCN-Daily,59.54,5.460000000000001,0.0,USW00094789,e8e5ff762a1a94e28f53c7df,data/raw/ghcn/20260920T033052159252Z_39c80c_USW00094789.dly,2026-09-20T03:30:52.161805+00:00,6eeab7003dc78cb5266923f6972c346b67f07fb79047c7ad0aac2750f54fa703
2008-10-06,18.9,9.4,True,14.149999999999999,GHCN-Daily,57.47,7.530000000000001,0.0,USW00094789,e8e5ff762a1a94e28f53c7df,data/raw/ghcn/20260920T033052159252Z_39c80c_USW00094789.dly,2026-09-20T03:30:52.161805+00:00,6eeab7003dc78cb5266923f6972c346b67f07fb79047c7ad0aac2750f54fa703
2008-10-07,18.3,7.2,True,12.75,GHCN-Daily,54.95,10.049999999999997,0.0,USW00094789,e8e5ff762a1a94e28f53c7df,data/raw/ghcn/20260920T033052159252Z_39c80c_USW00094789.dly,2026-09-20T03:30:52.161805+00:00,6eeab7003dc78cb5266923f6972c346b67f07fb79047c7ad0aac2750f54fa703
2008-10-08,18.3,6.7,True,12.5,GHCN-Daily,54.5,10.5,0.0,USW00094789,e8e5ff762a1a94e28f53c7df,data/raw/ghcn/20260920T033052159252Z_39c80c_USW00094789.dly,2026-09-20T03:30:52.161805+00:00,6eeab7003dc78cb5266923f6972c346b67f07fb79047c7ad0aac2750f54fa703
2008-10-09,23.9,15.6,True,19.75,GHCN-Daily,67.55000000000001,0.0,2.5500000000000114,USW00094789,e8e5ff762a1a94e28f53c7df,data/raw/ghcn/20260920T033052159252Z_39c80c_USW00094789.dly,2026-09-20T03:30:52.161805+00:00,6eeab7003dc78cb5266923f6972c346b67f07fb79047c7ad0aac2750f54fa703
2008-10-10,24.4,12.8,True,18.6,GHCN-Daily,65.48,0.0,0.480000000000004,USW00094789,e8e5ff762a1a94e28f53c7df,data/raw/ghcn/20260920T033052159252Z_39c80c_USW00094789.dly,2026-09-20T03:30:52.161805+00:00,6eeab7003dc78cb5266923f6972c346b67f07fb79047c7ad0aac2750f54fa703
2008-10-11,22.8,11.7,True,17.25,GHCN-Daily,63.05,1.9500000000000028,0.0,USW00094789,e8e5ff762a1a94e28f53c7df,data/raw/ghcn/20260920T033052159252Z_39c80c_USW00094789.dly,2026-09-20T03:30:52.161805+00:00,6eeab7003dc78cb5266923f6972c346b67f07fb79047c7ad0aac2750f54fa703
2008-10-12,21.1,11.1,True,16.1,GHCN-Daily,60.980000000000004,4.019999999999996,0.0,USW00094789,e8e5ff762a1a94e28f53c7df,data/raw/ghcn/20260920T033052159252Z_39c80c_USW00094789.dly,2026-09-20T03:30:52.161805+00:00,6eeab7003dc78cb5266923f6972c346b67f07fb79047c7ad0aac2750f54fa703
2008-10-13,25.6,13.9,True,19.75,GHCN-Daily,67.55000000000001,0.0,2.5500000000000114,USW00094789,e8e5ff762a1a94e28f53c7df,data/raw/ghcn/20260920T033052159252Z_39c80c_USW00094789.dly,2026-09-20T03:30:52.161805+00:00,6eeab7003dc78cb5266923f6972c346b67f07fb79047c7ad0aac2750f54fa703
2008-10-14,20.0,13.3,True,16.65,GHCN-Daily,61.97,3.030000000000001,0.0,USW00094789,e8e5ff762a1a94e28f53c7df,data/raw/ghcn/20260920T033052159252Z_39c80c_USW00094789.dly,2026-09-20T03:30:52.161805+00:00,6eeab7003dc78cb5266923f6972c346b67f07fb79047c7ad0aac2750f54fa703
2008-10-15,22.8,15.0,True,18.9,GHCN-Daily,66.02,0.0,1.019999999999996,USW00094789,e8e5ff762a1a94e28f53c7df,data/raw/ghcn/20260920T033052159252Z_39c80c_USW00094789.dly,2026-09-20T03:30:52.161805+00:00,6eeab7003dc78cb5266923f6972c346b67f07fb79047c7ad0aac2750f54fa703
2008-10-16,26.1,13.3,True,19.700000000000003,GHCN-Daily,67.46000000000001,0.0,2.460000000000008,USW00094789,e8e5ff762a1a94e28f53c7df,data/raw/ghcn/20260920T033052159252Z_39c80c_USW00094789.dly,2026-09-20T03:30:52.161805+00:00,6eeab7003dc78cb5266923f6972c346b67f07fb79047c7ad0aac2750f54fa703
2008-10-17,16.1,10.6,True,13.350000000000001,GHCN-Daily,56.03,8.969999999999999,0.0,USW00094789,e8e5ff762a1a94e28f53c7df,data/raw/ghcn/20260920T033052159252Z_39c80c_USW00094789.dly,2026-09-20T03:30:52.161805+00:00,6eeab7003dc78cb5266923f6972c346b67f07fb79047c7ad0aac2750f54fa703
2008-10-18,15.0,7.2,True,11.1,GHCN-Daily,51.980000000000004,13.019999999999996,0.0,USW00094789,e8e5ff762a1a94e28f53c7df,data/raw/ghcn/20260920T033052159252Z_39c80c_USW00094789.dly,2026-09-20T03:30:52.161805+00:00,6eeab7003dc78cb5266923f6972c346b67f07fb79047c7ad0aac2750f54fa703
2008-10-19,13.9,6.7,True,10.3,GHCN-Daily,50.540000000000006,14.459999999999994,0.0,USW00094789,e8e5ff762a1a94e28f53c7df,data/raw/ghcn/20260920T033052159252Z_39c80c_USW00094789.dly,2026-09-20T03:30:52.161805+00:00,6eeab7003dc78cb5266923f6972c346b67f07fb79047c7ad0aac2750f54fa703
2008-10-20,16.7,3.9,True,10.299999999999999,GHCN-Daily,50.54,14.46,0.0,USW00094789,e8e5ff762a1a94e28f53c7df,data/raw/ghcn/20260920T033052159252Z_39c80c_USW00094789.dly,2026-09-20T03:30:52.161805+00:00,6eeab7003dc78cb5266923f6972c346b67f07fb79047c7ad0aac2750f54fa703
2008-10-21,17.8,7.2,True,12.5,GHCN-Daily,54.5,10.5,0.0,USW00094789,e8e5ff762a1a94e28f53c7df,data/raw/ghcn/20260920T033052159252Z_39c80c_USW00094789.dly,2026-09-20T03:30:52.161805+00:00,6eeab7003dc78cb5266923f6972c346b67f07fb79047c7ad0aac2750f54fa703
2008-10-22,12.8,5.6,True,9.2,GHCN-Daily,48.56,16.439999999999998,0.0,USW00094789,e8e5ff762a1a94e28f53c7df,data/raw/ghcn/20260920T033052159252Z_39c80c_USW00094789.dly,2026-09-20T03:30:52.161805+00:00,6eeab7003dc78cb5266923f6972c346b67f07fb79047c7ad0aac2750f54fa703
2008-10-23,12.2,3.9,True,8.049999999999999,GHCN-Daily,46.489999999999995,18.510000000000005,0.0,USW00094789,e8e5ff762a1a94e28f53c7df,data/raw/ghcn/20260920T033052159252Z_39c80c_USW00094789.dly,2026-09-20T03:30:52.161805+00:00,6eeab7003dc78cb5266923f6972c346b67f07fb79047c7ad0aac2750f54fa703
2008-10-24,13.3,1.7,True,7.5,GHCN-Daily,45.5,19.5,0.0,USW00094789,e8e5ff762a1a94e28f53c7df,data/raw/ghcn/20260920T033052159252Z_39c80c_USW00094789.dly,2026-09-20T03:30:52.161805+00:00,6eeab7003dc78cb5266923f6972c346b67f07fb79047c7ad0aac2750f54fa703
2008-10-25,18.9,11.1,True,15.0,GHCN-Daily,59.0,6.0,0.0,USW00094789,e8e5ff762a1a94e28f53c7df,data/raw/ghcn/20260920T033052159252Z_39c80c_USW00094789.dly,2026-09-20T03:30:52.161805+00:00,6eeab7003dc78cb5266923f6972c346b67f07fb79047c7ad0aac2750f54fa703
2008-10-26,17.2,10.0,True,13.6,GHCN-Daily,56.480000000000004,8.519999999999996,0.0,USW00094789,e8e5ff762a1a94e28f53c7df,data/raw/ghcn/20260920T033052159252Z_39c80c_USW00094789.dly,2026-09-20T03:30:52.161805+00:00,6eeab7003dc78cb5266923f6972c346b67f07fb79047c7ad0aac2750f54fa703
2008-10-27,18.9,8.3,True,13.6,GHCN-Daily,56.480000000000004,8.519999999999996,0.0,USW00094789,e8e5ff762a1a94e28f53c7df,data/raw/ghcn/20260920T033052159252Z_39c80c_USW00094789.dly,2026-09-20T03:30:52.161805+00:00,6eeab7003dc78cb5266923f6972c346b67f07fb79047c7ad0aac2750f54fa703
2008-10-28,11.1,4.4,True,7.75,GHCN-Daily,45.95,19.049999999999997,0.0,USW00094789,e8e5ff762a1a94e28f53c7df,data/raw/ghcn/20260920T033052159252Z_39c80c_USW00094789.dly,2026-09-20T03:30:52.161805+00:00,6eeab7003dc78cb5266923f6972c346b67f07fb79047c7ad0aac2750f54fa703
2008-10-29,8.3,3.9,True,6.1000000000000005,GHCN-Daily,42.980000000000004,22.019999999999996,0.0,USW00094789,e8e5ff762a1a94e28f53c7df,data/raw/ghcn/20260920T033052159252Z_39c80c_USW00094789.dly,2026-09-20T03:30:52.161805+00:00,6eeab7003dc78cb5266923f6972c346b67f07fb79047c7ad0aac2750f54fa703
2008-10-30,10.0,2.8,True,6.4,GHCN-Daily,43.52,21.479999999999997,0.0,USW00094789,e8e5ff762a1a94e28f53c7df,data/raw/ghcn/20260920T033052159252Z_39c80c_USW00094789.dly,2026-09-20T03:30:52.161805+00:00,6eeab7003dc78cb5266923f6972c346b67f07fb79047c7ad0aac2750f54fa703
2008-10-31,16.7,3.3,True,10.0,GHCN-Daily,50.0,15.0,0.0,USW00094789,e8e5ff762a1a94e28f53c7df,data/raw/ghcn/20260920T033052159252Z_39c80c_USW00094789.dly,2026-09-20T03:30:52.161805+00:00,6eeab7003dc78cb5266923f6972c346b67f07fb79047c7ad0aac2750f54fa703
2009-10-01,15.0,9.4,True,12.2,GHCN-Daily,53.96,11.04,0.0,USW00094789,e8e5ff762a1a94e28f53c7df,data/raw/ghcn/20260920T033052159252Z_39c80c_USW00094789.dly,2026-09-20T03:30:52.161805+00:00,6eeab7003dc78cb5266923f6972c346b67f07fb79047c7ad0aac2750f54fa703
2009-10-02,18.9,6.1,True,12.5,GHCN-Daily,54.5,10.5,0.0,USW00094789,e8e5ff762a1a94e28f53c7df,data/raw/ghcn/20260920T033052159252Z_39c80c_USW00094789.dly,2026-09-20T03:30:52.161805+00:00,6eeab7003dc78cb5266923f6972c346b67f07fb79047c7ad0aac2750f54fa703
2009-10-03,20.6,16.7,True,18.65,GHCN-Daily,65.57,0.0,0.5699999999999932,USW00094789,e8e5ff762a1a94e28f53c7df,data/raw/ghcn/20260920T033052159252Z_39c80c_USW00094789.dly,2026-09-20T03:30:52.161805+00:00,6eeab7003dc78cb5266923f6972c346b67f07fb79047c7ad0aac2750f54fa703
2009-10-04,22.2,14.4,True,18.3,GHCN-Daily,64.94,0.060000000000002274,0.0,USW00094789,e8e5ff762a1a94e28f53c7df,data/raw/ghcn/20260920T033052159252Z_39c80c_USW00094789.dly,2026-09-20T03:30:52.161805+00:00,6eeab7003dc78cb5266923f6972c346b67f07fb79047c7ad0aac2750f54fa703
2009-10-05,20.0,12.2,True,16.1,GHCN-Daily,60.980000000000004,4.019999999999996,0.0,USW00094789,e8e5ff762a1a94e28f53c7df,data/raw/ghcn/20260920T033052159252Z_39c80c_USW00094789.dly,2026-09-20T03:30:52.161805+00:00,6eeab7003dc78cb5266923f6972c346b67f07fb79047c7ad0aac2750f54fa703
2009-10-06,19.4,10.6,True,15.0,GHCN-Daily,59.0,6.0,0.0,USW00094789,e8e5ff762a1a94e28f53c7df,data/raw/ghcn/20260920T033052159252Z_39c80c_USW00094789.dly,2026-09-20T03:30:52.161805+00:00,6eeab7003dc78cb5266923f6972c346b67f07fb79047c7ad0aac2750f54fa703
2009-10-07,22.8,14.4,True,18.6,GHCN-Daily,65.48,0.0,0.480000000000004,USW00094789,e8e5ff762a1a94e28f53c7df,data/raw/ghcn/20260920T033052159252Z_39c80c_USW00094789.dly,2026-09-20T03:30:52.161805+00:00,6eeab7003dc78cb5266923f6972c346b67f07fb79047c7ad0aac2750f54fa703
2009-10-08,19.4,12.2,True,15.799999999999999,GHCN-Daily,60.44,4.560000000000002,0.0,USW00094789,e8e5ff762a1a94e28f53c7df,data/raw/ghcn/20260920T033052159252Z_39c80c_USW00094789.dly,2026-09-20T03:30:52.161805+00:00,6eeab7003dc78cb5266923f6972c346b67f07fb79047c7ad0aac2750f54fa703
2009-10-09,22.2,14.4,True,18.3,GHCN-Daily,64.94,0.060000000000002274,0.0,USW00094789,e8e5ff762a1a94e28f53c7df,data/raw/ghcn/20260920T033052159252Z_39c80c_USW00094789.dly,2026-09-20T03:30:52.161805+00:00,6eeab7003dc78cb5266923f6972c346b67f07fb79047c7ad0aac2750f54fa703
2009-10-10,20.6,10.6,True,15.600000000000001,GHCN-Daily,60.08,4.920000000000002,0.0,USW00094789,e8e5ff762a1a94e28f53c7df,data/raw/ghcn/20260920T033052159252Z_39c80c_USW00094789.dly,2026-09-20T03:30:52.161805+00:00,6eeab7003dc78cb5266923f6972c346b67f07fb79047c7ad0aac2750f54fa703
2009-10-11,18.3,7.2,True,12.75,GHCN-Daily,54.95,10.049999999999997,0.0,USW00094789,e8e5ff762a1a94e28f53c7df,data/raw/ghcn/20260920T033052159252Z_39c80c_USW00094789.dly,2026-09-20T03:30:52.161805+00:00,6eeab7003dc78cb5266923f6972c346b67f07fb79047c7ad0aac2750f54fa703
2009-10-12,11.7,6.1,True,8.899999999999999,GHCN-Daily,48.019999999999996,16.980000000000004,0.0,USW00094789,e8e5ff762a1a94e28f53c7df,data/raw/ghcn/20260920T033052159252Z_39c80c_USW00094789.dly,2026-09-20T03:30:52.161805+00:00,6eeab7003dc78cb5266923f6972c346b67f07fb79047c7ad0aac2750f54fa703
2009-10-13,18.9,7.8,True,13.35,GHCN-Daily,56.03,8.969999999999999,0.0,USW00094789,e8e5ff762a1a94e28f53c7df,data/raw/ghcn/20260920T033052159252Z_39c80c_USW00094789.dly,2026-09-20T03:30:52.161805+00:00,6eeab7003dc78cb5266923f6972c346b67f07fb79047c7ad0aac2750f54fa703
2009-10-14,12.2,5.0,True,8.6,GHCN-Daily,47.480000000000004,17.519999999999996,0.0,USW00094789,e8e5ff762a1a94e28f53c7df,data/raw/ghcn/20260920T033052159252Z_39c80c_USW00094789.dly,2026-09-20T03:30:52.161805+00:00,6eeab7003dc78cb5266923f6972c346b67f07fb79047c7ad0aac2750f54fa703
2009-10-15,9.4,6.1,True,7.75,GHCN-Daily,45.95,19.049999999999997,0.0,USW00094789,e8e5ff762a1a94e28f53c7df,data/raw/ghcn/20260920T033052159252Z_39c80c_USW00094789.dly,2026-09-20T03:30:52.161805+00:00,6eeab7003dc78cb5266923f6972c346b67f07fb79047c7ad0aac2750f54fa703
2009-10-16,8.3,4.4,True,6.3500000000000005,GHCN-Daily,43.43,21.57,0.0,USW00094789,e8e5ff762a1a94e28f53c7df,data/raw/ghcn/20260920T033052159252Z_39c80c_USW00094789.dly,2026-09-20T03:30:52.161805+00:00,6eeab7003dc78cb5266923f6972c346b67f07fb79047c7ad0aac2750f54fa703
2009-10-17,11.7,7.2,True,9.45,GHCN-Daily,49.01,15.990000000000002,0.0,USW00094789,e8e5ff762a1a94e28f53c7df,data/raw/ghcn/20260920T033052159252Z_39c80c_USW00094789.dly,2026-09-20T03:30:52.161805+00:00,6eeab7003dc78cb5266923f6972c346b67f07fb79047c7ad0aac2750f54fa703
2009-10-18,9.4,5.0,True,7.2,GHCN-Daily,44.96,20.04,0.0,USW00094789,e8e5ff762a1a94e28f53c7df,data/raw/ghcn/20260920T033052159252Z_39c80c_USW00094789.dly,2026-09-20T03:30:52.161805+00:00,6eeab7003dc78cb5266923f6972c346b67f07fb79047c7ad0aac2750f54fa703
2009-10-19,14.4,3.9,True,9.15,GHCN-Daily,48.47,16.53,0.0,USW00094789,e8e5ff762a1a94e28f53c7df,data/raw/ghcn/20260920T033052159252Z_39c80c_USW00094789.dly,2026-09-20T03:30:52.161805+00:00,6eeab7003dc78cb5266923f6972c346b67f07fb79047c7ad0aac2750f54fa703
2009-10-20,18.9,6.1,True,12.5,GHCN-Daily,54.5,10.5,0.0,USW00094789,e8e5ff762a1a94e28f53c7df,data/raw/ghcn/20260920T033052159252Z_39c80c_USW00094789.dly,2026-09-20T03:30:52.161805+00:00,6eeab7003dc78cb5266923f6972c346b67f07fb79047c7ad0aac2750f54fa703
2009-10-21,20.0,8.9,True,14.45,GHCN-Daily,58.01,6.990000000000002,0.0,USW00094789,e8e5ff762a1a94e28f53c7df,data/raw/ghcn/20260920T033052159252Z_39c80c_USW00094789.dly,2026-09-20T03:30:52.161805+00:00,6eeab7003dc78cb5266923f6972c346b67f07fb79047c7ad0aac2750f54fa703
2009-10-22,21.7,10.6,True,16.15,GHCN-Daily,61.06999999999999,3.930000000000007,0.0,USW00094789,e8e5ff762a1a94e28f53c7df,data/raw/ghcn/20260920T033052159252Z_39c80c_USW00094789.dly,2026-09-20T03:30:52.161805+00:00,6eeab7003dc78cb5266923f6972c346b67f07fb79047c7ad0aac2750f54fa703
2009-10-23,15.6,11.1,True,13.35,GHCN-Daily,56.03,8.969999999999999,0.0,USW00094789,e8e5ff762a1a94e28f53c7df,data/raw/ghcn/20260920T033052159252Z_39c80c_USW00094789.dly,2026-09-20T03:30:52.161805+00:00,6eeab7003dc78cb5266923f6972c346b67f07fb79047c7ad0aac2750f54fa703
2009-10-24,18.9,13.3,True,16.1,GHCN-Daily,60.980000000000004,4.019999999999996,0.0,USW00094789,e8e5ff762a1a94e28f53c7df,data/raw/ghcn/20260920T033052159252Z_39c80c_USW00094789.dly,2026-09-20T03:30:52.161805+00:00,6eeab7003dc78cb5266923f6972c346b67f07fb79047c7ad0aac2750f54fa703
2009-10-25,17.8,10.6,True,14.2,GHCN-Daily,57.56,7.439999999999998,0.0,USW00094789,e8e5ff762a1a94e28f53c7df,data/raw/ghcn/20260920T033052159252Z_39c80c_USW00094789.dly,2026-09-20T03:30:52.161805+00:00,6eeab7003dc78cb5266923f6972c346b67f07fb79047c7ad0aac2750f54fa703
2009-10-26,15.6,7.2,True,11.4,GHCN-Daily,52.519999999999996,12.480000000000004,0.0,USW00094789,e8e5ff762a1a94e28f53c7df,data/raw/ghcn/20260920T033052159252Z_39c80c_USW00094789.dly,2026-09-20T03:30:52.161805+00:00,6eeab7003dc78cb5266923f6972c346b67f07fb79047c7ad0aac2750f54fa703
2009-10-27,13.9,7.2,True,10.55,GHCN-Daily,50.99,14.009999999999998,0.0,USW00094789,e8e5ff762a1a94e28f53c7df,data/raw/ghcn/20260920T033052159252Z_39c80c_USW00094789.dly,2026-09-20T03:30:52.161805+00:00,6eeab7003dc78cb5266923f6972c346b67f07fb79047c7ad0aac2750f54fa703
2009-10-28,15.0,10.6,True,12.8,GHCN-Daily,55.040000000000006,9.959999999999994,0.0,USW00094789,e8e5ff762a1a94e28f53c7df,data/raw/ghcn/20260920T033052159252Z_39c80c_USW00094789.dly,2026-09-20T03:30:52.161805+00:00,6eeab7003dc78cb5266923f6972c346b67f07fb79047c7ad0aac2750f54fa703
2009-10-29,15.0,9.4,True,12.2,GHCN-Daily,53.96,11.04,0.0,USW00094789,e8e5ff762a1a94e28f53c7df,data/raw/ghcn/20260920T033052159252Z_39c80c_USW00094789.dly,2026-09-20T03:30:52.161805+00:00,6eeab7003dc78cb5266923f6972c346b67f07fb79047c7ad0aac2750f54fa703
2009-10-30,15.0,8.3,True,11.65,GHCN-Daily,52.97,12.030000000000001,0.0,USW00094789,e8e5ff762a1a94e28f53c7df,data/raw/ghcn/20260920T033052159252Z_39c80c_USW00094789.dly,2026-09-20T03:30:52.161805+00:00,6eeab7003dc78cb5266923f6972c346b67f07fb79047c7ad0aac2750f54fa703
2009-10-31,21.1,14.4,True,17.75,GHCN-Daily,63.95,1.0499999999999972,0.0,USW00094789,e8e5ff762a1a94e28f53c7df,data/raw/ghcn/20260920T033052159252Z_39c80c_USW00094789.dly,2026-09-20T03:30:52.161805+00:00,6eeab7003dc78cb5266923f6972c346b67f07fb79047c7ad0aac2750f54fa703
2010-10-01,23.9,14.4,True,19.15,GHCN-Daily,66.47,0.0,1.4699999999999989,USW00094789,e8e5ff762a1a94e28f53c7df,data/raw/ghcn/20260920T033052159252Z_39c80c_USW00094789.dly,2026-09-20T03:30:52.161805+00:00,6eeab7003dc78cb5266923f6972c346b67f07fb79047c7ad0aac2750f54fa703
2010-10-02,20.0,11.1,True,15.55,GHCN-Daily,59.99,5.009999999999998,0.0,USW00094789,e8e5ff762a1a94e28f53c7df,data/raw/ghcn/20260920T033052159252Z_39c80c_USW00094789.dly,2026-09-20T03:30:52.161805+00:00,6eeab7003dc78cb5266923f6972c346b67f07fb79047c7ad0aac2750f54fa703
2010-10-03,17.8,11.1,True,14.45,GHCN-Daily,58.01,6.990000000000002,0.0,USW00094789,e8e5ff762a1a94e28f53c7df,data/raw/ghcn/20260920T033052159252Z_39c80c_USW00094789.dly,2026-09-20T03:30:52.161805+00:00,6eeab7003dc78cb5266923f6972c346b67f07fb79047c7ad0aac2750f54fa703
2010-10-04,13.9,11.7,True,12.8,GHCN-Daily,55.040000000000006,9.959999999999994,0.0,USW00094789,e8e5ff762a1a94e28f53c7df,data/raw/ghcn/20260920T033052159252Z_39c80c_USW00094789.dly,2026-09-20T03:30:52.161805+00:00,6eeab7003dc78cb5266923f6972c346b67f07fb79047c7ad0aac2750f54fa703
2010-10-05,18.3,13.3,True,15.8,GHCN-Daily,60.44,4.560000000000002,0.0,USW00094789,e8e5ff762a1a94e28f53c7df,data/raw/ghcn/20260920T033052159252Z_39c80c_USW00094789.dly,2026-09-20T03:30:52.161805+00:00,6eeab7003dc78cb5266923f6972c346b67f07fb79047c7ad0aac2750f54fa703
2010-10-06,18.3,12.8,True,15.55,GHCN-Daily,59.99,5.009999999999998,0.0,USW00094789,e8e5ff762a1a94e28f53c7df,data/raw/ghcn/20260920T033052159252Z_39c80c_USW00094789.dly,2026-09-20T03:30:52.161805+00:00,6eeab7003dc78cb5266923f6972c346b67f07fb79047c7ad0aac2750f54fa703
2010-10-07,22.8,11.7,True,17.25,GHCN-Daily,63.05,1.9500000000000028,0.0,USW00094789,e8e5ff762a1a94e28f53c7df,data/raw/ghcn/20260920T033052159252Z_39c80c_USW00094789.dly,2026-09-20T03:30:52.161805+00:00,6eeab7003dc78cb5266923f6972c346b67f07fb79047c7ad0aac2750f54fa703
2010-10-08,22.8,12.2,True,17.5,GHCN-Daily,63.5,1.5,0.0,USW00094789,e8e5ff762a1a94e28f53c7df,data/raw/ghcn/20260920T033052159252Z_39c80c_USW00094789.dly,2026-09-20T03:30:52.161805+00:00,6eeab7003dc78cb5266923f6972c346b67f07fb79047c7ad0aac2750f54fa703
2010-10-09,23.3,11.1,True,17.2,GHCN-Daily,62.96,2.039999999999999,0.0,USW00094789,e8e5ff762a1a94e28f53c7df,data/raw/ghcn/20260920T033052159252Z_39c80c_USW00094789.dly,2026-09-20T03:30:52.161805+00:00,6eeab7003dc78cb5266923f6972c346b67f07fb79047c7ad0aac2750f54fa703
2010-10-10,20.6,6.7,True,13.65,GHCN-Daily,56.57,8.43,0.0,USW00094789,e8e5ff762a1a94e28f53c7df,data/raw/ghcn/20260920T033052159252Z_39c80c_USW00094789.dly,2026-09-20T03:30:52.161805+00:00,6eeab7003dc78cb5266923f6972c346b67f07fb79047c7ad0aac2750f54fa703
2010-10-11,23.9,12.8,True,18.35,GHCN-Daily,65.03,0.0,0.030000000000001137,USW00094789,e8e5ff762a1a94e28f53c7df,data/raw/ghcn/20260920T033052159252Z_39c80c_USW00094789.dly,2026-09-20T03:30:52.161805+00:00,6eeab7003dc78cb5266923f6972c346b67f07fb79047c7ad0aac2750f54fa703
2010-10-12,21.7,12.2,True,16.95,GHCN-Daily,62.51,2.490000000000002,0.0,USW00094789,e8e5ff762a1a94e28f53c7df,data/raw/ghcn/20260920T033052159252Z_39c80c_USW00094789.dly,2026-09-20T03:30:52.161805+00:00,6eeab7003dc78cb5266923f6972c346b67f07fb79047c7ad0aac2750f54fa703
2010-10-13,18.9,8.9,True,13.899999999999999,GHCN-Daily,57.019999999999996,7.980000000000004,0.0,USW00094789,e8e5ff762a1a94e28f53c7df,data/raw/ghcn/20260920T033052159252Z_39c80c_USW00094789.dly,2026-09-20T03:30:52.161805+00:00,6eeab7003dc78cb5266923f6972c346b67f07fb79047c7ad0aac2750f54fa703
2010-10-14,18.3,8.3,True,13.3,GHCN-Daily,55.94,9.060000000000002,0.0,USW00094789,e8e5ff762a1a94e28f53c7df,data/raw/ghcn/20260920T033052159252Z_39c80c_USW00094789.dly,2026-09-20T03:30:52.161805+00:00,6eeab7003dc78cb5266923f6972c346b67f07fb79047c7ad0aac2750f54fa703
2010-10-15,15.6,10.0,True,12.8,GHCN-Daily,55.040000000000006,9.959999999999994,0.0,USW00094789,e8e5ff762a1a94e28f53c7df,data/raw/ghcn/20260920T033052159252Z_39c80c_USW00094789.dly,2026-09-20T03:30:52.161805+00:00,6eeab7003dc78cb5266923f6972c346b67f07fb79047c7ad0aac2750f54fa703
2010-10-16,16.1,10.6,True,13.350000000000001,GHCN-Daily,56.03,8.969999999999999,0.0,USW00094789,e8e5ff762a1a94e28f53c7df,data/raw/ghcn/20260920T033052159252Z_39c80c_USW00094789.dly,2026-09-20T03:30:52.161805+00:00,6eeab7003dc78cb5266923f6972c346b67f07fb79047c7ad0aac2750f54fa703
2010-10-17,21.7,8.9,True,15.3,GHCN-Daily,59.540000000000006,5.459999999999994,0.0,USW00094789,e8e5ff762a1a94e28f53c7df,data/raw/ghcn/20260920T033052159252Z_39c80c_USW00094789.dly,2026-09-20T03:30:52.161805+00:00,6eeab7003dc78cb5266923f6972c346b67f07fb79047c7ad0aac2750f54fa703
2010-10-18,16.7,9.4,True,13.05,GHCN-Daily,55.49,9.509999999999998,0.0,USW00094789,e8e5ff762a1a94e28f53c7df,data/raw/ghcn/20260920T033052159252Z_39c80c_USW00094789.dly,2026-09-20T03:30:52.161805+00:00,6eeab7003dc78cb5266923f6972c346b67f07fb79047c7ad0aac2750f54fa703
2010-10-19,15.0,8.9,True,11.95,GHCN-Daily,53.51,11.490000000000002,0.0,USW00094789,e8e5ff762a1a94e28f53c7df,data/raw/ghcn/20260920T033052159252Z_39c80c_USW00094789.dly,2026-09-20T03:30:52.161805+00:00,6eeab7003dc78cb5266923f6972c346b67f07fb79047c7ad0aac2750f54fa703
2010-10-20,15.6,7.8,True,11.7,GHCN-Daily,53.06,11.939999999999998,0.0,USW00094789,e8e5ff762a1a94e28f53c7df,data/raw/ghcn/20260920T033052159252Z_39c80c_USW00094789.dly,2026-09-20T03:30:52.161805+00:00,6eeab7003dc78cb5266923f6972c346b67f07fb79047c7ad0aac2750f54fa703
2010-10-21,18.3,10.0,True,14.15,GHCN-Daily,57.47,7.530000000000001,0.0,USW00094789,e8e5ff762a1a94e28f53c7df,data/raw/ghcn/20260920T033052159252Z_39c80c_USW00094789.dly,2026-09-20T03:30:52.161805+00:00,6eeab7003dc78cb5266923f6972c346b67f07fb79047c7ad0aac2750f54fa703
2010-10-22,12.8,8.3,True,10.55,GHCN-Daily,50.99,14.009999999999998,0.0,USW00094789,e8e5ff762a1a94e28f53c7df,data/raw/ghcn/20260920T033052159252Z_39c80c_USW00094789.dly,2026-09-20T03:30:52.161805+00:00,6eeab7003dc78cb5266923f6972c346b67f07fb79047c7ad0aac2750f54fa703
2010-10-23,18.3,7.2,True,12.75,GHCN-Daily,54.95,10.049999999999997,0.0,USW00094789,e8e5ff762a1a94e28f53c7df,data/raw/ghcn/20260920T033052159252Z_39c80c_USW00094789.dly,2026-09-20T03:30:52.161805+00:00,6eeab7003dc78cb5266923f6972c346b67f07fb79047c7ad0aac2750f54fa703
2010-10-24,18.9,11.1,True,15.0,GHCN-Daily,59.0,6.0,0.0,USW00094789,e8e5ff762a1a94e28f53c7df,data/raw/ghcn/20260920T033052159252Z_39c80c_USW00094789.dly,2026-09-20T03:30:52.161805+00:00,6eeab7003dc78cb5266923f6972c346b67f07fb79047c7ad0aac2750f54fa703
2010-10-25,20.6,11.1,True,15.850000000000001,GHCN-Daily,60.53,4.469999999999999,0.0,USW00094789,e8e5ff762a1a94e28f53c7df,data/raw/ghcn/20260920T033052159252Z_39c80c_USW00094789.dly,2026-09-20T03:30:52.161805+00:00,6eeab7003dc78cb5266923f6972c346b67f07fb79047c7ad0aac2750f54fa703
2010-10-26,20.6,15.6,True,18.1,GHCN-Daily,64.58000000000001,0.4199999999999875,0.0,USW00094789,e8e5ff762a1a94e28f53c7df,data/raw/ghcn/20260920T033052159252Z_39c80c_USW00094789.dly,2026-09-20T03:30:52.161805+00:00,6eeab7003dc78cb5266923f6972c346b67f07fb79047c7ad0aac2750f54fa703
2010-10-27,19.4,17.2,True,18.299999999999997,GHCN-Daily,64.94,0.060000000000002274,0.0,USW00094789,e8e5ff762a1a94e28f53c7df,data/raw/ghcn/20260920T033052159252Z_39c80c_USW00094789.dly,2026-09-20T03:30:52.161805+00:00,6eeab7003dc78cb5266923f6972c346b67f07fb79047c7ad0aac2750f54fa703
2010-10-28,24.4,12.2,True,18.299999999999997,GHCN-Daily,64.94,0.060000000000002274,0.0,USW00094789,e8e5ff762a1a94e28f53c7df,data/raw/ghcn/20260920T033052159252Z_39c80c_USW00094789.dly,2026-09-20T03:30:52.161805+00:00,6eeab7003dc78cb5266923f6972c346b67f07fb79047c7ad0aac2750f54fa703
2010-10-29,15.0,8.9,True,11.95,GHCN-Daily,53.51,11.490000000000002,0.0,USW00094789,e8e5ff762a1a94e28f53c7df,data/raw/ghcn/20260920T033052159252Z_39c80c_USW00094789.dly,2026-09-20T03:30:52.161805+00:00,6eeab7003dc78cb5266923f6972c346b67f07fb79047c7ad0aac2750f54fa703
2010-10-30,14.4,6.1,True,10.25,GHCN-Daily,50.45,14.549999999999997,0.0,USW00094789,e8e5ff762a1a94e28f53c7df,data/raw/ghcn/20260920T033052159252Z_39c80c_USW00094789.dly,2026-09-20T03:30:52.161805+00:00,6eeab7003dc78cb5266923f6972c346b67f07fb79047c7ad0aac2750f54fa703
2010-10-31,16.7,5.6,True,11.149999999999999,GHCN-Daily,52.06999999999999,12.930000000000007,0.0,USW00094789,e8e5ff762a1a94e28f53c7df,data/raw/ghcn/20260920T033052159252Z_39c80c_USW00094789.dly,2026-09-20T03:30:52.161805+00:00,6eeab7003dc78cb5266923f6972c346b67f07fb79047c7ad0aac2750f54fa703
2011-10-01,21.1,11.1,True,16.1,GHCN-Daily,60.980000000000004,4.019999999999996,0.0,USW00094789,e8e5ff762a1a94e28f53c7df,data/raw/ghcn/20260920T033052159252Z_39c80c_USW00094789.dly,2026-09-20T03:30:52.161805+00:00,6eeab7003dc78cb5266923f6972c346b67f07fb79047c7ad0aac2750f54fa703
2011-10-02,18.3,10.6,True,14.45,GHCN-Daily,58.01,6.990000000000002,0.0,USW00094789,e8e5ff762a1a94e28f53c7df,data/raw/ghcn/20260920T033052159252Z_39c80c_USW00094789.dly,2026-09-20T03:30:52.161805+00:00,6eeab7003dc78cb5266923f6972c346b67f07fb79047c7ad0aac2750f54fa703
2011-10-03,14.4,8.9,True,11.65,GHCN-Daily,52.97,12.030000000000001,0.0,USW00094789,e8e5ff762a1a94e28f53c7df,data/raw/ghcn/20260920T033052159252Z_39c80c_USW00094789.dly,2026-09-20T03:30:52.161805+00:00,6eeab7003dc78cb5266923f6972c346b67f07fb79047c7ad0aac2750f54fa703
2011-10-04,18.3,9.4,True,13.850000000000001,GHCN-Daily,56.93000000000001,8.069999999999993,0.0,USW00094789,e8e5ff762a1a94e28f53c7df,data/raw/ghcn/20260920T033052159252Z_39c80c_USW00094789.dly,2026-09-20T03:30:52.161805+00:00,6eeab7003dc78cb5266923f6972c346b67f07fb79047c7ad0aac2750f54fa703
2011-10-05,23.3,11.1,True,17.2,GHCN-Daily,62.96,2.039999999999999,0.0,USW00094789,e8e5ff762a1a94e28f53c7df,data/raw/ghcn/20260920T033052159252Z_39c80c_USW00094789.dly,2026-09-20T03:30:52.161805+00:00,6eeab7003dc78cb5266923f6972c346b67f07fb79047c7ad0aac2750f54fa703
2011-10-06,20.6,8.3,True,14.450000000000001,GHCN-Daily,58.010000000000005,6.989999999999995,0.0,USW00094789,e8e5ff762a1a94e28f53c7df,data/raw/ghcn/20260920T033052159252Z_39c80c_USW00094789.dly,2026-09-20T03:30:52.161805+00:00,6eeab7003dc78cb5266923f6972c346b67f07fb79047c7ad0aac2750f54fa703
2011-10-07,18.9,8.9,True,13.899999999999999,GHCN-Daily,57.019999999999996,7.980000000000004,0.0,USW00094789,e8e5ff762a1a94e28f53c7df,data/raw/ghcn/20260920T033052159252Z_39c80c_USW00094789.dly,2026-09-20T03:30:52.161805+00:00,6eeab7003dc78cb5266923f6972c346b67f07fb79047c7ad0aac2750f54fa703
2011-10-08,24.4,12.2,True,18.299999999999997,GHCN-Daily,64.94,0.060000000000002274,0.0,USW00094789,e8e5ff762a1a94e28f53c7df,data/raw/ghcn/20260920T033052159252Z_39c80c_USW00094789.dly,2026-09-20T03:30:52.161805+00:00,6eeab7003dc78cb5266923f6972c346b67f07fb79047c7ad0aac2750f54fa703
2011-10-09,30.6,13.9,True,22.25,GHCN-Daily,72.05000000000001,0.0,7.050000000000011,USW00094789,e8e5ff762a1a94e28f53c7df,data/raw/ghcn/20260920T033052159252Z_39c80c_USW00094789.dly,2026-09-20T03:30:52.161805+00:00,6eeab7003dc78cb5266923f6972c346b67f07fb79047c7ad0aac2750f54fa703
2011-10-10,28.9,15.6,True,22.25,GHCN-Daily,72.05000000000001,0.0,7.050000000000011,USW00094789,e8e5ff762a1a94e28f53c7df,data/raw/ghcn/20260920T033052159252Z_39c80c_USW00094789.dly,2026-09-20T03:30:52.161805+00:00,6eeab7003dc78cb5266923f6972c346b67f07fb79047c7ad0aac2750f54fa703
2011-10-11,24.4,16.7,True,20.549999999999997,GHCN-Daily,68.99,0.0,3.989999999999995,USW00094789,e8e5ff762a1a94e28f53c7df,data/raw/ghcn/20260920T033052159252Z_39c80c_USW00094789.dly,2026-09-20T03:30:52.161805+00:00,6eeab7003dc78cb5266923f6972c346b67f07fb79047c7ad0aac2750f54fa703
2011-10-12,17.8,15.6,True,16.7,GHCN-Daily,62.06,2.9399999999999977,0.0,USW00094789,e8e5ff762a1a94e28f53c7df,data/raw/ghcn/20260920T033052159252Z_39c80c_USW00094789.dly,2026-09-20T03:30:52.161805+00:00,6eeab7003dc78cb5266923f6972c346b67f07fb79047c7ad0aac2750f54fa703
2011-10-13,20.0,16.1,True,18.05,GHCN-Daily,64.49000000000001,0.5099999999999909,0.0,USW00094789,e8e5ff762a1a94e28f53c7df,data/raw/ghcn/20260920T033052159252Z_39c80c_USW00094789.dly,2026-09-20T03:30:52.161805+00:00,6eeab7003dc78cb5266923f6972c346b67f07fb79047c7ad0aac2750f54fa703
2011-10-14,21.7,15.0,True,18.35,GHCN-Daily,65.03,0.0,0.030000000000001137,USW00094789,e8e5ff762a1a94e28f53c7df,data/raw/ghcn/20260920T033052159252Z_39c80c_USW00094789.dly,2026-09-20T03:30:52.161805+00:00,6eeab7003dc78cb5266923f6972c346b67f07fb79047c7ad0aac2750f54fa703
2011-10-15,20.6,13.3,True,16.950000000000003,GHCN-Daily,62.510000000000005,2.489999999999995,0.0,USW00094789,e8e5ff762a1a94e28f53c7df,data/raw/ghcn/20260920T033052159252Z_39c80c_USW00094789.dly,2026-09-20T03:30:52.161805+00:00,6eeab7003dc78cb5266923f6972c346b67f07fb79047c7ad0aac2750f54fa703
2011-10-16,20.0,13.3,True,16.65,GHCN-Daily,61.97,3.030000000000001,0.0,USW00094789,e8e5ff762a1a94e28f53c7df,data/raw/ghcn/20260920T033052159252Z_39c80c_USW00094789.dly,2026-09-20T03:30:52.161805+00:00,6eeab7003dc78cb5266923f6972c346b67f07fb79047c7ad0aac2750f54fa703
2011-10-17,20.0,13.9,True,16.95,GHCN-Daily,62.51,2.490000000000002,0.0,USW00094789,e8e5ff762a1a94e28f53c7df,data/raw/ghcn/20260920T033052159252Z_39c80c_USW00094789.dly,2026-09-20T03:30:52.161805+00:00,6eeab7003dc78cb5266923f6972c346b67f07fb79047c7ad0aac2750f54fa703
2011-10-18,20.6,12.2,True,16.4,GHCN-Daily,61.519999999999996,3.480000000000004,0.0,USW00094789,e8e5ff762a1a94e28f53c7df,data/raw/ghcn/20260920T033052159252Z_39c80c_USW00094789.dly,2026-09-20T03:30:52.161805+00:00,6eeab7003dc78cb5266923f6972c346b67f07fb79047c7ad0aac2750f54fa703
2011-10-19,20.6,15.0,True,17.8,GHCN-Daily,64.03999999999999,0.960000000000008,0.0,USW00094789,e8e5ff762a1a94e28f53c7df,data/raw/ghcn/20260920T033052159252Z_39c80c_USW00094789.dly,2026-09-20T03:30:52.161805+00:00,6eeab7003dc78cb5266923f6972c346b67f07fb79047c7ad0aac2750f54fa703
2011-10-20,20.6,12.8,True,16.700000000000003,GHCN-Daily,62.06,2.9399999999999977,0.0,USW00094789,e8e5ff762a1a94e28f53c7df,data/raw/ghcn/20260920T033052159252Z_39c80c_USW00094789.dly,2026-09-20T03:30:52.161805+00:00,6eeab7003dc78cb5266923f6972c346b67f07fb79047c7ad0aac2750f54fa703
2011-10-21,15.0,10.6,True,12.8,GHCN-Daily,55.040000000000006,9.959999999999994,0.0,USW00094789,e8e5ff762a1a94e28f53c7df,data/raw/ghcn/20260920T033052159252Z_39c80c_USW00094789.dly,2026-09-20T03:30:52.161805+00:00,6eeab7003dc78cb5266923f6972c346b67f07fb79047c7ad0aac2750f54fa703
2011-10-22,16.7,8.9,True,12.8,GHCN-Daily,55.040000000000006,9.959999999999994,0.0,USW00094789,e8e5ff762a1a94e28f53c7df,data/raw/ghcn/20260920T033052159252Z_39c80c_USW00094789.dly,2026-09-20T03:30:52.161805+00:00,6eeab7003dc78cb5266923f6972c346b67f07fb79047c7ad0aac2750f54fa703
2011-10-23,15.6,10.6,True,13.1,GHCN-Daily,55.58,9.420000000000002,0.0,USW00094789,e8e5ff762a1a94e28f53c7df,data/raw/ghcn/20260920T033052159252Z_39c80c_USW00094789.dly,2026-09-20T03:30:52.161805+00:00,6eeab7003dc78cb5266923f6972c346b67f07fb79047c7ad0aac2750f54fa703
2011-10-24,16.7,8.3,True,12.5,GHCN-Daily,54.5,10.5,0.0,USW00094789,e8e5ff762a1a94e28f53c7df,data/raw/ghcn/20260920T033052159252Z_39c80c_USW00094789.dly,2026-09-20T03:30:52.161805+00:00,6eeab7003dc78cb5266923f6972c346b67f07fb79047c7ad0aac2750f54fa703
2011-10-25,17.8,10.6,True,14.2,GHCN-Daily,57.56,7.439999999999998,0.0,USW00094789,e8e5ff762a1a94e28f53c7df,data/raw/ghcn/20260920T033052159252Z_39c80c_USW00094789.dly,2026-09-20T03:30:52.161805+00:00,6eeab7003dc78cb5266923f6972c346b67f07fb79047c7ad0aac2750f54fa703
2011-10-26,16.7,8.3,True,12.5,GHCN-Daily,54.5,10.5,0.0,USW00094789,e8e5ff762a1a94e28f53c7df,data/raw/ghcn/20260920T033052159252Z_39c80c_USW00094789.dly,2026-09-20T03:30:52.161805+00:00,6eeab7003dc78cb5266923f6972c346b67f07fb79047c7ad0aac2750f54fa703
2011-10-27,14.4,3.3,True,8.85,GHCN-Daily,47.93,17.07,0.0,USW00094789,e8e5ff762a1a94e28f53c7df,data/raw/ghcn/20260920T033052159252Z_39c80c_USW00094789.dly,2026-09-20T03:30:52.161805+00:00,6eeab7003dc78cb5266923f6972c346b67f07fb79047c7ad0aac2750f54fa703
2011-10-28,10.6,2.8,True,6.699999999999999,GHCN-Daily,44.06,20.939999999999998,0.0,USW00094789,e8e5ff762a1a94e28f53c7df,data/raw/ghcn/20260920T033052159252Z_39c80c_USW00094789.dly,2026-09-20T03:30:52.161805+00:00,6eeab7003dc78cb5266923f6972c346b67f07fb79047c7ad0aac2750f54fa703
2011-10-29,7.2,0.6,True,3.9,GHCN-Daily,39.019999999999996,25.980000000000004,0.0,USW00094789,e8e5ff762a1a94e28f53c7df,data/raw/ghcn/20260920T033052159252Z_39c80c_USW00094789.dly,2026-09-20T03:30:52.161805+00:00,6eeab7003dc78cb5266923f6972c346b67f07fb79047c7ad0aac2750f54fa703
2011-10-30,8.9,1.1,True,5.0,GHCN-Daily,41.0,24.0,0.0,USW00094789,e8e5ff762a1a94e28f53c7df,data/raw/ghcn/20260920T033052159252Z_39c80c_USW00094789.dly,2026-09-20T03:30:52.161805+00:00,6eeab7003dc78cb5266923f6972c346b67f07fb79047c7ad0aac2750f54fa703
2011-10-31,12.2,0.0,True,6.1,GHCN-Daily,42.980000000000004,22.019999999999996,0.0,USW00094789,e8e5ff762a1a94e28f53c7df,data/raw/ghcn/20260920T033052159252Z_39c80c_USW00094789.dly,2026-09-20T03:30:52.161805+00:00,6eeab7003dc78cb5266923f6972c346b67f07fb79047c7ad0aac2750f54fa703
2012-10-01,22.2,12.2,True,17.2,GHCN-Daily,62.96,2.039999999999999,0.0,USW00094789,e8e5ff762a1a94e28f53c7df,data/raw/ghcn/20260920T033052159252Z_39c80c_USW00094789.dly,2026-09-20T03:30:52.161805+00:00,6eeab7003dc78cb5266923f6972c346b67f07fb79047c7ad0aac2750f54fa703
2012-10-02,21.7,17.2,True,19.45,GHCN-Daily,67.00999999999999,0.0,2.009999999999991,USW00094789,e8e5ff762a1a94e28f53c7df,data/raw/ghcn/20260920T033052159252Z_39c80c_USW00094789.dly,2026-09-20T03:30:52.161805+00:00,6eeab7003dc78cb5266923f6972c346b67f07fb79047c7ad0aac2750f54fa703
2012-10-03,23.3,18.3,True,20.8,GHCN-Daily,69.44,0.0,4.439999999999998,USW00094789,e8e5ff762a1a94e28f53c7df,data/raw/ghcn/20260920T033052159252Z_39c80c_USW00094789.dly,2026-09-20T03:30:52.161805+00:00,6eeab7003dc78cb5266923f6972c346b67f07fb79047c7ad0aac2750f54fa703
2012-10-04,23.9,19.4,True,21.65,GHCN-Daily,70.97,0.0,5.969999999999999,USW00094789,e8e5ff762a1a94e28f53c7df,data/raw/ghcn/20260920T033052159252Z_39c80c_USW00094789.dly,2026-09-20T03:30:52.161805+00:00,6eeab7003dc78cb5266923f6972c346b67f07fb79047c7ad0aac2750f54fa703
2012-10-05,25.0,16.1,True,20.55,GHCN-Daily,68.99000000000001,0.0,3.990000000000009,USW00094789,e8e5ff762a1a94e28f53c7df,data/raw/ghcn/20260920T033052159252Z_39c80c_USW00094789.dly,2026-09-20T03:30:52.161805+00:00,6eeab7003dc78cb5266923f6972c346b67f07fb79047c7ad0aac2750f54fa703
2012-10-06,24.4,12.2,True,18.299999999999997,GHCN-Daily,64.94,0.060000000000002274,0.0,USW00094789,e8e5ff762a1a94e28f53c7df,data/raw/ghcn/20260920T033052159252Z_39c80c_USW00094789.dly,2026-09-20T03:30:52.161805+00:00,6eeab7003dc78cb5266923f6972c346b67f07fb79047c7ad0aac2750f54fa703
2012-10-07,13.3,8.3,True,10.8,GHCN-Daily,51.44,13.560000000000002,0.0,USW00094789,e8e5ff762a1a94e28f53c7df,data/raw/ghcn/20260920T033052159252Z_39c80c_USW00094789.dly,2026-09-20T03:30:52.161805+00:00,6eeab7003dc78cb5266923f6972c346b67f07fb79047c7ad0aac2750f54fa703
2012-10-08,13.3,7.2,True,10.25,GHCN-Daily,50.45,14.549999999999997,0.0,USW00094789,e8e5ff762a1a94e28f53c7df,data/raw/ghcn/20260920T033052159252Z_39c80c_USW00094789.dly,2026-09-20T03:30:52.161805+00:00,6eeab7003dc78cb5266923f6972c346b67f07fb79047c7ad0aac2750f54fa703
2012-10-09,15.0,11.1,True,13.05,GHCN-Daily,55.49,9.509999999999998,0.0,USW00094789,e8e5ff762a1a94e28f53c7df,data/raw/ghcn/20260920T033052159252Z_39c80c_USW00094789.dly,2026-09-20T03:30:52.161805+00:00,6eeab7003dc78cb5266923f6972c346b67f07fb79047c7ad0aac2750f54fa703
2012-10-10,20.0,12.2,True,16.1,GHCN-Daily,60.980000000000004,4.019999999999996,0.0,USW00094789,e8e5ff762a1a94e28f53c7df,data/raw/ghcn/20260920T033052159252Z_39c80c_USW00094789.dly,2026-09-20T03:30:52.161805+00:00,6eeab7003dc78cb5266923f6972c346b67f07fb79047c7ad0aac2750f54fa703
2012-10-11,15.6,8.9,True,12.25,GHCN-Daily,54.05,10.950000000000003,0.0,USW00094789,e8e5ff762a1a94e28f53c7df,data/raw/ghcn/20260920T033052159252Z_39c80c_USW00094789.dly,2026-09-20T03:30:52.161805+00:00,6eeab7003dc78cb5266923f6972c346b67f07fb79047c7ad0aac2750f54fa703
2012-10-12,15.6,6.1,True,10.85,GHCN-Daily,51.53,13.469999999999999,0.0,USW00094789,e8e5ff762a1a94e28f53c7df,data/raw/ghcn/20260920T033052159252Z_39c80c_USW00094789.dly,2026-09-20T03:30:52.161805+00:00,6eeab7003dc78cb5266923f6972c346b67f07fb79047c7ad0aac2750f54fa703
2012-10-13,12.8,2.8,True,7.800000000000001,GHCN-Daily,46.04,18.96,0.0,USW00094789,e8e5ff762a1a94e28f53c7df,data/raw/ghcn/20260920T033052159252Z_39c80c_USW00094789.dly,2026-09-20T03:30:52.161805+00:00,6eeab7003dc78cb5266923f6972c346b67f07fb79047c7ad0aac2750f54fa703
2012-10-14,22.2,12.8,True,17.5,GHCN-Daily,63.5,1.5,0.0,USW00094789,e8e5ff762a1a94e28f53c7df,data/raw/ghcn/20260920T033052159252Z_39c80c_USW00094789.dly,2026-09-20T03:30:52.161805+00:00,6eeab7003dc78cb5266923f6972c346b67f07fb79047c7ad0aac2750f54fa703
2012-10-15,20.6,16.1,True,18.35,GHCN-Daily,65.03,0.0,0.030000000000001137,USW00094789,e8e5ff762a1a94e28f53c7df,data/raw/ghcn/20260920T033052159252Z_39c80c_USW00094789.dly,2026-09-20T03:30:52.161805+00:00,6eeab7003dc78cb5266923f6972c346b67f07fb79047c7ad0aac2750f54fa703
2012-10-16,16.1,8.9,True,12.5,GHCN-Daily,54.5,10.5,0.0,USW00094789,e8e5ff762a1a94e28f53c7df,data/raw/ghcn/20260920T033052159252Z_39c80c_USW00094789.dly,2026-09-20T03:30:52.161805+00:00,6eeab7003dc78cb5266923f6972c346b67f07fb79047c7ad0aac2750f54fa703
2012-10-17,15.6,5.6,True,10.6,GHCN-Daily,51.08,13.920000000000002,0.0,USW00094789,e8e5ff762a1a94e28f53c7df,data/raw/ghcn/20260920T033052159252Z_39c80c_USW00094789.dly,2026-09-20T03:30:52.161805+00:00,6eeab7003dc78cb5266923f6972c346b67f07fb79047c7ad0aac2750f54fa703
2012-10-18,18.9,7.2,True,13.049999999999999,GHCN-Daily,55.489999999999995,9.510000000000005,0.0,USW00094789,e8e5ff762a1a94e28f53c7df,data/raw/ghcn/20260920T033052159252Z_39c80c_USW00094789.dly,2026-09-20T03:30:52.161805+00:00,6eeab7003dc78cb5266923f6972c346b67f07fb79047c7ad0aac2750f54fa703
2012-10-19,19.4,16.7,True,18.049999999999997,GHCN-Daily,64.49,0.5100000000000051,0.0,USW00094789,e8e5ff762a1a94e28f53c7df,data/raw/ghcn/20260920T033052159252Z_39c80c_USW00094789.dly,2026-09-20T03:30:52.161805+00:00,6eeab7003dc78cb5266923f6972c346b67f07fb79047c7ad0aac2750f54fa703
2012-10-20,21.1,12.8,True,16.950000000000003,GHCN-Daily,62.510000000000005,2.489999999999995,0.0,USW00094789,e8e5ff762a1a94e28f53c7df,data/raw/ghcn/20260920T033052159252Z_39c80c_USW00094789.dly,2026-09-20T03:30:52.161805+00:00,6eeab7003dc78cb5266923f6972c346b67f07fb79047c7ad0aac2750f54fa703
2012-10-21,20.0,10.6,True,15.3,GHCN-Daily,59.540000000000006,5.459999999999994,0.0,USW00094789,e8e5ff762a1a94e28f53c7df,data/raw/ghcn/20260920T033052159252Z_39c80c_USW00094789.dly,2026-09-20T03:30:52.161805+00:00,6eeab7003dc78cb5266923f6972c346b67f07fb79047c7ad0aac2750f54fa703
2012-10-22,20.6,10.6,True,15.600000000000001,GHCN-Daily,60.08,4.920000000000002,0.0,USW00094789,e8e5ff762a1a94e28f53c7df,data/raw/ghcn/20260920T033052159252Z_39c80c_USW00094789.dly,2026-09-20T03:30:52.161805+00:00,6eeab7003dc78cb5266923f6972c346b67f07fb79047c7ad0aac2750f54fa703
2012-10-23,18.9,11.1,True,15.0,GHCN-Daily,59.0,6.0,0.0,USW00094789,e8e5ff762a1a94e28f53c7df,data/raw/ghcn/20260920T033052159252Z_39c80c_USW00094789.dly,2026-09-20T03:30:52.161805+00:00,6eeab7003dc78cb5266923f6972c346b67f07fb79047c7ad0aac2750f54fa703
2012-10-24,16.7,13.9,True,15.3,GHCN-Daily,59.540000000000006,5.459999999999994,0.0,USW00094789,e8e5ff762a1a94e28f53c7df,data/raw/ghcn/20260920T033052159252Z_39c80c_USW00094789.dly,2026-09-20T03:30:52.161805+00:00,6eeab7003dc78cb5266923f6972c346b67f07fb79047c7ad0aac2750f54fa703
2012-10-25,16.7,12.2,True,14.45,GHCN-Daily,58.01,6.990000000000002,0.0,USW00094789,e8e5ff762a1a94e28f53c7df,data/raw/ghcn/20260920T033052159252Z_39c80c_USW00094789.dly,2026-09-20T03:30:52.161805+00:00,6eeab7003dc78cb5266923f6972c346b67f07fb79047c7ad0aac2750f54fa703
2012-10-26,21.7,13.9,True,17.8,GHCN-Daily,64.03999999999999,0.960000000000008,0.0,USW00094789,e8e5ff762a1a94e28f53c7df,data/raw/ghcn/20260920T033052159252Z_39c80c_USW00094789.dly,2026-09-20T03:30:52.161805+00:00,6eeab7003dc78cb5266923f6972c346b67f07fb79047c7ad0aac2750f54fa703
2012-10-27,19.4,15.0,True,17.2,GHCN-Daily,62.96,2.039999999999999,0.0,USW00094789,e8e5ff762a1a94e28f53c7df,data/raw/ghcn/20260920T033052159252Z_39c80c_USW00094789.dly,2026-09-20T03:30:52.161805+00:00,6eeab7003dc78cb5266923f6972c346b67f07fb79047c7ad0aac2750f54fa703
2012-10-28,15.6,11.7,True,13.649999999999999,GHCN-Daily,56.56999999999999,8.430000000000007,0.0,USW00094789,e8e5ff762a1a94e28f53c7df,data/raw/ghcn/20260920T033052159252Z_39c80c_USW00094789.dly,2026-09-20T03:30:52.161805+00:00,6eeab7003dc78cb5266923f6972c346b67f07fb79047c7ad0aac2750f54fa703
2012-10-29,18.9,11.1,True,15.0,GHCN-Daily,59.0,6.0,0.0,USW00094789,e8e5ff762a1a94e28f53c7df,data/raw/ghcn/20260920T033052159252Z_39c80c_USW00094789.dly,2026-09-20T03:30:52.161805+00:00,6eeab7003dc78cb5266923f6972c346b67f07fb79047c7ad0aac2750f54fa703
2012-10-30,15.0,8.9,True,11.95,GHCN-Daily,53.51,11.490000000000002,0.0,USW00094789,e8e5ff762a1a94e28f53c7df,data/raw/ghcn/20260920T033052159252Z_39c80c_USW00094789.dly,2026-09-20T03:30:52.161805+00:00,6eeab7003dc78cb5266923f6972c346b67f07fb79047c7ad0aac2750f54fa703
2012-10-31,11.1,7.8,True,9.45,GHCN-Daily,49.01,15.990000000000002,0.0,USW00094789,e8e5ff762a1a94e28f53c7df,data/raw/ghcn/20260920T033052159252Z_39c80c_USW00094789.dly,2026-09-20T03:30:52.161805+00:00,6eeab7003dc78cb5266923f6972c346b67f07fb79047c7ad0aac2750f54fa703
2013-10-01,27.2,14.4,True,20.8,GHCN-Daily,69.44,0.0,4.439999999999998,USW00094789,e8e5ff762a1a94e28f53c7df,data/raw/ghcn/20260920T033052159252Z_39c80c_USW00094789.dly,2026-09-20T03:30:52.161805+00:00,6eeab7003dc78cb5266923f6972c346b67f07fb79047c7ad0aac2750f54fa703
2013-10-02,29.4,15.6,True,22.5,GHCN-Daily,72.5,0.0,7.5,USW00094789,e8e5ff762a1a94e28f53c7df,data/raw/ghcn/20260920T033052159252Z_39c80c_USW00094789.dly,2026-09-20T03:30:52.161805+00:00,6eeab7003dc78cb5266923f6972c346b67f07fb79047c7ad0aac2750f54fa703
2013-10-03,25.0,15.6,True,20.3,GHCN-Daily,68.53999999999999,0.0,3.539999999999992,USW00094789,e8e5ff762a1a94e28f53c7df,data/raw/ghcn/20260920T033052159252Z_39c80c_USW00094789.dly,2026-09-20T03:30:52.161805+00:00,6eeab7003dc78cb5266923f6972c346b67f07fb79047c7ad0aac2750f54fa703
2013-10-04,26.7,16.7,True,21.7,GHCN-Daily,71.06,0.0,6.060000000000002,USW00094789,e8e5ff762a1a94e28f53c7df,data/raw/ghcn/20260920T033052159252Z_39c80c_USW00094789.dly,2026-09-20T03:30:52.161805+00:00,6eeab7003dc78cb5266923f6972c346b67f07fb79047c7ad0aac2750f54fa703
2013-10-05,24.4,17.8,True,21.1,GHCN-Daily,69.98,0.0,4.980000000000004,USW00094789,e8e5ff762a1a94e28f53c7df,data/raw/ghcn/20260920T033052159252Z_39c80c_USW00094789.dly,2026-09-20T03:30:52.161805+00:00,6eeab7003dc78cb5266923f6972c346b67f07fb79047c7ad0aac2750f54fa703
2013-10-06,20.6,18.3,True,19.450000000000003,GHCN-Daily,67.01,0.0,2.010000000000005,USW00094789,e8e5ff762a1a94e28f53c7df,data/raw/ghcn/20260920T033052159252Z_39c80c_USW00094789.dly,2026-09-20T03:30:52.161805+00:00,6eeab7003dc78cb5266923f6972c346b67f07fb79047c7ad0aac2750f54fa703
2013-10-07,25.6,16.1,True,20.85,GHCN-Daily,69.53,0.0,4.530000000000001,USW00094789,e8e5ff762a1a94e28f53c7df,data/raw/ghcn/20260920T033052159252Z_39c80c_USW00094789.dly,2026-09-20T03:30:52.161805+00:00,6eeab7003dc78cb5266923f6972c346b67f07fb79047c7ad0aac2750f54fa703
2013-10-08,20.0,12.8,True,16.4,GHCN-Daily,61.519999999999996,3.480000000000004,0.0,USW00094789,e8e5ff762a1a94e28f53c7df,data/raw/ghcn/20260920T033052159252Z_39c80c_USW00094789.dly,2026-09-20T03:30:52.161805+00:00,6eeab7003dc78cb5266923f6972c346b67f07fb79047c7ad0aac2750f54fa703
2013-10-09,18.3,11.7,True,15.0,GHCN-Daily,59.0,6.0,0.0,USW00094789,e8e5ff762a1a94e28f53c7df,data/raw/ghcn/20260920T033052159252Z_39c80c_USW00094789.dly,2026-09-20T03:30:52.161805+00:00,6eeab7003dc78cb5266923f6972c346b67f07fb79047c7ad0aac2750f54fa703
2013-10-10,18.9,13.3,True,16.1,GHCN-Daily,60.980000000000004,4.019999999999996,0.0,USW00094789,e8e5ff762a1a94e28f53c7df,data/raw/ghcn/20260920T033052159252Z_39c80c_USW00094789.dly,2026-09-20T03:30:52.161805+00:00,6eeab7003dc78cb5266923f6972c346b67f07fb79047c7ad0aac2750f54fa703
2013-10-11,20.6,15.6,True,18.1,GHCN-Daily,64.58000000000001,0.4199999999999875,0.0,USW00094789,e8e5ff762a1a94e28f53c7df,data/raw/ghcn/20260920T033052159252Z_39c80c_USW00094789.dly,2026-09-20T03:30:52.161805+00:00,6eeab7003dc78cb5266923f6972c346b67f07fb79047c7ad0aac2750f54fa703
2013-10-12,23.9,15.0,True,19.45,GHCN-Daily,67.00999999999999,0.0,2.009999999999991,USW00094789,e8e5ff762a1a94e28f53c7df,data/raw/ghcn/20260920T033052159252Z_39c80c_USW00094789.dly,2026-09-20T03:30:52.161805+00:00,6eeab7003dc78cb5266923f6972c346b67f07fb79047c7ad0aac2750f54fa703
2013-10-13,20.0,10.6,True,15.3,GHCN-Daily,59.540000000000006,5.459999999999994,0.0,USW00094789,e8e5ff762a1a94e28f53c7df,data/raw/ghcn/20260920T033052159252Z_39c80c_USW00094789.dly,2026-09-20T03:30:52.161805+00:00,6eeab7003dc78cb5266923f6972c346b67f07fb79047c7ad0aac2750f54fa703
2013-10-14,18.9,9.4,True,14.149999999999999,GHCN-Daily,57.47,7.530000000000001,0.0,USW00094789,e8e5ff762a1a94e28f53c7df,data/raw/ghcn/20260920T033052159252Z_39c80c_USW00094789.dly,2026-09-20T03:30:52.161805+00:00,6eeab7003dc78cb5266923f6972c346b67f07fb79047c7ad0aac2750f54fa703
2013-10-15,21.1,10.0,True,15.55,GHCN-Daily,59.99,5.009999999999998,0.0,USW00094789,e8e5ff762a1a94e28f53c7df,data/raw/ghcn/20260920T033052159252Z_39c80c_USW00094789.dly,2026-09-20T03:30:52.161805+00:00,6eeab7003dc78cb5266923f6972c346b67f07fb79047c7ad0aac2750f54fa703
2013-10-16,19.4,12.2,True,15.799999999999999,GHCN-Daily,60.44,4.560000000000002,0.0,USW00094789,e8e5ff762a1a94e28f53c7df,data/raw/ghcn/20260920T033052159252Z_39c80c_USW00094789.dly,2026-09-20T03:30:52.161805+00:00,6eeab7003dc78cb5266923f6972c346b67f07fb79047c7ad0aac2750f54fa703
2013-10-17,22.2,16.1,True,19.15,GHCN-Daily,66.47,0.0,1.4699999999999989,USW00094789,e8e5ff762a1a94e28f53c7df,data/raw/ghcn/20260920T033052159252Z_39c80c_USW00094789.dly,2026-09-20T03:30:52.161805+00:00,6eeab7003dc78cb5266923f6972c346b67f07fb79047c7ad0aac2750f54fa703
2013-10-18,21.1,13.3,True,17.200000000000003,GHCN-Daily,62.96000000000001,2.039999999999992,0.0,USW00094789,e8e5ff762a1a94e28f53c7df,data/raw/ghcn/20260920T033052159252Z_39c80c_USW00094789.dly,2026-09-20T03:30:52.161805+00:00,6eeab7003dc78cb5266923f6972c346b67f07fb79047c7ad0aac2750f54fa703
2013-10-19,18.3,10.0,True,14.15,GHCN-Daily,57.47,7.530000000000001,0.0,USW00094789,e8e5ff762a1a94e28f53c7df,data/raw/ghcn/20260920T033052159252Z_39c80c_USW00094789.dly,2026-09-20T03:30:52.161805+00:00,6eeab7003dc78cb5266923f6972c346b67f07fb79047c7ad0aac2750f54fa703
2013-10-20,17.8,10.0,True,13.9,GHCN-Daily,57.019999999999996,7.980000000000004,0.0,USW00094789,e8e5ff762a1a94e28f53c7df,data/raw/ghcn/20260920T033052159252Z_39c80c_USW00094789.dly,2026-09-20T03:30:52.161805+00:00,6eeab7003dc78cb5266923f6972c346b67f07fb79047c7ad0aac2750f54fa703
2013-10-21,18.9,9.4,True,14.149999999999999,GHCN-Daily,57.47,7.530000000000001,0.0,USW00094789,e8e5ff762a1a94e28f53c7df,data/raw/ghcn/20260920T033052159252Z_39c80c_USW00094789.dly,2026-09-20T03:30:52.161805+00:00,6eeab7003dc78cb5266923f6972c346b67f07fb79047c7ad0aac2750f54fa703
2013-10-22,20.0,10.6,True,15.3,GHCN-Daily,59.540000000000006,5.459999999999994,0.0,USW00094789,e8e5ff762a1a94e28f53c7df,data/raw/ghcn/20260920T033052159252Z_39c80c_USW00094789.dly,2026-09-20T03:30:52.161805+00:00,6eeab7003dc78cb5266923f6972c346b67f07fb79047c7ad0aac2750f54fa703
2013-10-23,12.8,7.2,True,10.0,GHCN-Daily,50.0,15.0,0.0,USW00094789,e8e5ff762a1a94e28f53c7df,data/raw/ghcn/20260920T033052159252Z_39c80c_USW00094789.dly,2026-09-20T03:30:52.161805+00:00,6eeab7003dc78cb5266923f6972c346b67f07fb79047c7ad0aac2750f54fa703
2013-10-24,13.3,5.0,True,9.15,GHCN-Daily,48.47,16.53,0.0,USW00094789,e8e5ff762a1a94e28f53c7df,data/raw/ghcn/20260920T033052159252Z_39c80c_USW00094789.dly,2026-09-20T03:30:52.161805+00:00,6eeab7003dc78cb5266923f6972c346b67f07fb79047c7ad0aac2750f54fa703
2013-10-25,13.3,3.9,True,8.6,GHCN-Daily,47.480000000000004,17.519999999999996,0.0,USW00094789,e8e5ff762a1a94e28f53c7df,data/raw/ghcn/20260920T033052159252Z_39c80c_USW00094789.dly,2026-09-20T03:30:52.161805+00:00,6eeab7003dc78cb5266923f6972c346b67f07fb79047c7ad0aac2750f54fa703
2013-10-26,13.3,4.4,True,8.850000000000001,GHCN-Daily,47.93000000000001,17.069999999999993,0.0,USW00094789,e8e5ff762a1a94e28f53c7df,data/raw/ghcn/20260920T033052159252Z_39c80c_USW00094789.dly,2026-09-20T03:30:52.161805+00:00,6eeab7003dc78cb5266923f6972c346b67f07fb79047c7ad0aac2750f54fa703
2013-10-27,14.4,8.3,True,11.350000000000001,GHCN-Daily,52.43000000000001,12.569999999999993,0.0,USW00094789,e8e5ff762a1a94e28f53c7df,data/raw/ghcn/20260920T033052159252Z_39c80c_USW00094789.dly,2026-09-20T03:30:52.161805+00:00,6eeab7003dc78cb5266923f6972c346b67f07fb79047c7ad0aac2750f54fa703
2013-10-28,15.6,4.4,True,10.0,GHCN-Daily,50.0,15.0,0.0,USW00094789,e8e5ff762a1a94e28f53c7df,data/raw/ghcn/20260920T033052159252Z_39c80c_USW00094789.dly,2026-09-20T03:30:52.161805+00:00,6eeab7003dc78cb5266923f6972c346b67f07fb79047c7ad0aac2750f54fa703
2013-10-29,13.9,6.7,True,10.3,GHCN-Daily,50.540000000000006,14.459999999999994,0.0,USW00094789,e8e5ff762a1a94e28f53c7df,data/raw/ghcn/20260920T033052159252Z_39c80c_USW00094789.dly,2026-09-20T03:30:52.161805+00:00,6eeab7003dc78cb5266923f6972c346b67f07fb79047c7ad0aac2750f54fa703
2013-10-30,16.1,6.7,True,11.4,GHCN-Daily,52.519999999999996,12.480000000000004,0.0,USW00094789,e8e5ff762a1a94e28f53c7df,data/raw/ghcn/20260920T033052159252Z_39c80c_USW00094789.dly,2026-09-20T03:30:52.161805+00:00,6eeab7003dc78cb5266923f6972c346b67f07fb79047c7ad0aac2750f54fa703
2013-10-31,19.4,11.7,True,15.549999999999999,GHCN-Daily,59.989999999999995,5.010000000000005,0.0,USW00094789,e8e5ff762a1a94e28f53c7df,data/raw/ghcn/20260920T033052159252Z_39c80c_USW00094789.dly,2026-09-20T03:30:52.161805+00:00,6eeab7003dc78cb5266923f6972c346b67f07fb79047c7ad0aac2750f54fa703
2014-10-01,19.4,16.7,True,18.049999999999997,GHCN-Daily,64.49,0.5100000000000051,0.0,USW00094789,e8e5ff762a1a94e28f53c7df,data/raw/ghcn/20260920T033052159252Z_39c80c_USW00094789.dly,2026-09-20T03:30:52.161805+00:00,6eeab7003dc78cb5266923f6972c346b67f07fb79047c7ad0aac2750f54fa703
2014-10-02,20.0,16.1,True,18.05,GHCN-Daily,64.49000000000001,0.5099999999999909,0.0,USW00094789,e8e5ff762a1a94e28f53c7df,data/raw/ghcn/20260920T033052159252Z_39c80c_USW00094789.dly,2026-09-20T03:30:52.161805+00:00,6eeab7003dc78cb5266923f6972c346b67f07fb79047c7ad0aac2750f54fa703
2014-10-03,20.0,12.8,True,16.4,GHCN-Daily,61.519999999999996,3.480000000000004,0.0,USW00094789,e8e5ff762a1a94e28f53c7df,data/raw/ghcn/20260920T033052159252Z_39c80c_USW00094789.dly,2026-09-20T03:30:52.161805+00:00,6eeab7003dc78cb5266923f6972c346b67f07fb79047c7ad0aac2750f54fa703
2014-10-04,22.2,11.1,True,16.65,GHCN-Daily,61.97,3.030000000000001,0.0,USW00094789,e8e5ff762a1a94e28f53c7df,data/raw/ghcn/20260920T033052159252Z_39c80c_USW00094789.dly,2026-09-20T03:30:52.161805+00:00,6eeab7003dc78cb5266923f6972c346b67f07fb79047c7ad0aac2750f54fa703
2014-10-05,16.1,8.3,True,12.200000000000001,GHCN-Daily,53.96,11.04,0.0,USW00094789,e8e5ff762a1a94e28f53c7df,data/raw/ghcn/20260920T033052159252Z_39c80c_USW00094789.dly,2026-09-20T03:30:52.161805+00:00,6eeab7003dc78cb5266923f6972c346b67f07fb79047c7ad0aac2750f54fa703
2014-10-06,21.1,7.2,True,14.15,GHCN-Daily,57.47,7.530000000000001,0.0,USW00094789,e8e5ff762a1a94e28f53c7df,data/raw/ghcn/20260920T033052159252Z_39c80c_USW00094789.dly,2026-09-20T03:30:52.161805+00:00,6eeab7003dc78cb5266923f6972c346b67f07fb79047c7ad0aac2750f54fa703
2014-10-07,23.3,18.3,True,20.8,GHCN-Daily,69.44,0.0,4.439999999999998,USW00094789,e8e5ff762a1a94e28f53c7df,data/raw/ghcn/20260920T033052159252Z_39c80c_USW00094789.dly,2026-09-20T03:30:52.161805+00:00,6eeab7003dc78cb5266923f6972c346b67f07fb79047c7ad0aac2750f54fa703
2014-10-08,23.9,16.7,True,20.299999999999997,GHCN-Daily,68.53999999999999,0.0,3.539999999999992,USW00094789,e8e5ff762a1a94e28f53c7df,data/raw/ghcn/20260920T033052159252Z_39c80c_USW00094789.dly,2026-09-20T03:30:52.161805+00:00,6eeab7003dc78cb5266923f6972c346b67f07fb79047c7ad0aac2750f54fa703
2014-10-09,20.6,13.3,True,16.950000000000003,GHCN-Daily,62.510000000000005,2.489999999999995,0.0,USW00094789,e8e5ff762a1a94e28f53c7df,data/raw/ghcn/20260920T033052159252Z_39c80c_USW00094789.dly,2026-09-20T03:30:52.161805+00:00,6eeab7003dc78cb5266923f6972c346b67f07fb79047c7ad0aac2750f54fa703
2014-10-10,17.8,11.1,True,14.45,GHCN-Daily,58.01,6.990000000000002,0.0,USW00094789,e8e5ff762a1a94e28f53c7df,data/raw/ghcn/20260920T033052159252Z_39c80c_USW00094789.dly,2026-09-20T03:30:52.161805+00:00,6eeab7003dc78cb5266923f6972c346b67f07fb79047c7ad0aac2750f54fa703
2014-10-11,15.0,10.0,True,12.5,GHCN-Daily,54.5,10.5,0.0,USW00094789,e8e5ff762a1a94e28f53c7df,data/raw/ghcn/20260920T033052159252Z_39c80c_USW00094789.dly,2026-09-20T03:30:52.161805+00:00,6eeab7003dc78cb5266923f6972c346b67f07fb79047c7ad0aac2750f54fa703
2014-10-12,18.3,7.8,True,13.05,GHCN-Daily,55.49,9.509999999999998,0.0,USW00094789,e8e5ff762a1a94e28f53c7df,data/raw/ghcn/20260920T033052159252Z_39c80c_USW00094789.dly,2026-09-20T03:30:52.161805+00:00,6eeab7003dc78cb5266923f6972c346b67f07fb79047c7ad0aac2750f54fa703
2014-10-13,18.9,7.8,True,13.35,GHCN-Daily,56.03,8.969999999999999,0.0,USW00094789,e8e5ff762a1a94e28f53c7df,data/raw/ghcn/20260920T033052159252Z_39c80c_USW00094789.dly,2026-09-20T03:30:52.161805+00:00,6eeab7003dc78cb5266923f6972c346b67f07fb79047c7ad0aac2750f54fa703
2014-10-14,23.9,17.8,True,20.85,GHCN-Daily,69.53,0.0,4.530000000000001,USW00094789,e8e5ff762a1a94e28f53c7df,data/raw/ghcn/20260920T033052159252Z_39c80c_USW00094789.dly,2026-09-20T03:30:52.161805+00:00,6eeab7003dc78cb5266923f6972c346b67f07fb79047c7ad0aac2750f54fa703
2014-10-15,24.4,20.0,True,22.2,GHCN-Daily,71.96000000000001,0.0,6.960000000000008,USW00094789,e8e5ff762a1a94e28f53c7df,data/raw/ghcn/20260920T033052159252Z_39c80c_USW00094789.dly,2026-09-20T03:30:52.161805+00:00,6eeab7003dc78cb5266923f6972c346b67f07fb79047c7ad0aac2750f54fa703
2014-10-16,21.7,15.6,True,18.65,GHCN-Daily,65.57,0.0,0.5699999999999932,USW00094789,e8e5ff762a1a94e28f53c7df,data/raw/ghcn/20260920T033052159252Z_39c80c_USW00094789.dly,2026-09-20T03:30:52.161805+00:00,6eeab7003dc78cb5266923f6972c346b67f07fb79047c7ad0aac2750f54fa703
2014-10-17,22.2,15.6,True,18.9,GHCN-Daily,66.02,0.0,1.019999999999996,USW00094789,e8e5ff762a1a94e28f53c7df,data/raw/ghcn/20260920T033052159252Z_39c80c_USW00094789.dly,2026-09-20T03:30:52.161805+00:00,6eeab7003dc78cb5266923f6972c346b67f07fb79047c7ad0aac2750f54fa703
2014-10-18,22.2,13.9,True,18.05,GHCN-Daily,64.49000000000001,0.5099999999999909,0.0,USW00094789,e8e5ff762a1a94e28f53c7df,data/raw/ghcn/20260920T033052159252Z_39c80c_USW00094789.dly,2026-09-20T03:30:52.161805+00:00,6eeab7003dc78cb5266923f6972c346b67f07fb79047c7ad0aac2750f54fa703
2014-10-19,14.4,6.7,True,10.55,GHCN-Daily,50.99,14.009999999999998,0.0,USW00094789,e8e5ff762a1a94e28f53c7df,data/raw/ghcn/20260920T033052159252Z_39c80c_USW00094789.dly,2026-09-20T03:30:52.161805+00:00,6eeab7003dc78cb5266923f6972c346b67f07fb79047c7ad0aac2750f54fa703
2014-10-20,16.1,5.6,True,10.850000000000001,GHCN-Daily,51.53,13.469999999999999,0.0,USW00094789,e8e5ff762a1a94e28f53c7df,data/raw/ghcn/20260920T033052159252Z_39c80c_USW00094789.dly,2026-09-20T03:30:52.161805+00:00,6eeab7003dc78cb5266923f6972c346b67f07fb79047c7ad0aac2750f54fa703
2014-10-21,19.4,11.7,True,15.549999999999999,GHCN-Daily,59.989999999999995,5.010000000000005,0.0,USW00094789,e8e5ff762a1a94e28f53c7df,data/raw/ghcn/20260920T033052159252Z_39c80c_USW00094789.dly,2026-09-20T03:30:52.161805+00:00,6eeab7003dc78cb5266923f6972c346b67f07fb79047c7ad0aac2750f54fa703
2014-10-22,14.4,11.1,True,12.75,GHCN-Daily,54.95,10.049999999999997,0.0,USW00094789,e8e5ff762a1a94e28f53c7df,data/raw/ghcn/20260920T033052159252Z_39c80c_USW00094789.dly,2026-09-20T03:30:52.161805+00:00,6eeab7003dc78cb5266923f6972c346b67f07fb79047c7ad0aac2750f54fa703
2014-10-23,12.2,10.6,True,11.399999999999999,GHCN-Daily,52.519999999999996,12.480000000000004,0.0,USW00094789,e8e5ff762a1a94e28f53c7df,data/raw/ghcn/20260920T033052159252Z_39c80c_USW00094789.dly,2026-09-20T03:30:52.161805+00:00,6eeab7003dc78cb5266923f6972c346b67f07fb79047c7ad0aac2750f54fa703
2014-10-24,17.2,10.6,True,13.899999999999999,GHCN-Daily,57.019999999999996,7.980000000000004,0.0,USW00094789,e8e5ff762a1a94e28f53c7df,data/raw/ghcn/20260920T033052159252Z_39c80c_USW00094789.dly,2026-09-20T03:30:52.161805+00:00,6eeab7003dc78cb5266923f6972c346b67f07fb79047c7ad0aac2750f54fa703
2014-10-25,20.0,10.0,True,15.0,GHCN-Daily,59.0,6.0,0.0,USW00094789,e8e5ff762a1a94e28f53c7df,data/raw/ghcn/20260920T033052159252Z_39c80c_USW00094789.dly,2026-09-20T03:30:52.161805+00:00,6eeab7003dc78cb5266923f6972c346b67f07fb79047c7ad0aac2750f54fa703
2014-10-26,18.3,12.2,True,15.25,GHCN-Daily,59.45,5.549999999999997,0.0,USW00094789,e8e5ff762a1a94e28f53c7df,data/raw/ghcn/20260920T033052159252Z_39c80c_USW00094789.dly,2026-09-20T03:30:52.161805+00:00,6eeab7003dc78cb5266923f6972c346b67f07fb79047c7ad0aac2750f54fa703
2014-10-27,17.8,10.0,True,13.9,GHCN-Daily,57.019999999999996,7.980000000000004,0.0,USW00094789,e8e5ff762a1a94e28f53c7df,data/raw/ghcn/20260920T033052159252Z_39c80c_USW00094789.dly,2026-09-20T03:30:52.161805+00:00,6eeab7003dc78cb5266923f6972c346b67f07fb79047c7ad0aac2750f54fa703
2014-10-28,21.1,8.9,True,15.0,GHCN-Daily,59.0,6.0,0.0,USW00094789,e8e5ff762a1a94e28f53c7df,data/raw/ghcn/20260920T033052159252Z_39c80c_USW00094789.dly,2026-09-20T03:30:52.161805+00:00,6eeab7003dc78cb5266923f6972c346b67f07fb79047c7ad0aac2750f54fa703
2014-10-29,23.3,11.1,True,17.2,GHCN-Daily,62.96,2.039999999999999,0.0,USW00094789,e8e5ff762a1a94e28f53c7df,data/raw/ghcn/20260920T033052159252Z_39c80c_USW00094789.dly,2026-09-20T03:30:52.161805+00:00,6eeab7003dc78cb5266923f6972c346b67f07fb79047c7ad0aac2750f54fa703
2014-10-30,16.1,7.8,True,11.950000000000001,GHCN-Daily,53.510000000000005,11.489999999999995,0.0,USW00094789,e8e5ff762a1a94e28f53c7df,data/raw/ghcn/20260920T033052159252Z_39c80c_USW00094789.dly,2026-09-20T03:30:52.161805+00:00,6eeab7003dc78cb5266923f6972c346b67f07fb79047c7ad0aac2750f54fa703
2014-10-31,12.8,7.8,True,10.3,GHCN-Daily,50.540000000000006,14.459999999999994,0.0,USW00094789,e8e5ff762a1a94e28f53c7df,data/raw/ghcn/20260920T033052159252Z_39c80c_USW00094789.dly,2026-09-20T03:30:52.161805+00:00,6eeab7003dc78cb5266923f6972c346b67f07fb79047c7ad0aac2750f54fa703
2015-10-01,16.1,13.3,True,14.700000000000001,GHCN-Daily,58.46,6.539999999999999,0.0,USW00094789,e8e5ff762a1a94e28f53c7df,data/raw/ghcn/20260920T033052159252Z_39c80c_USW00094789.dly,2026-09-20T03:30:52.161805+00:00,6eeab7003dc78cb5266923f6972c346b67f07fb79047c7ad0aac2750f54fa703
2015-10-02,13.9,10.0,True,11.95,GHCN-Daily,53.51,11.490000000000002,0.0,USW00094789,e8e5ff762a1a94e28f53c7df,data/raw/ghcn/20260920T033052159252Z_39c80c_USW00094789.dly,2026-09-20T03:30:52.161805+00:00,6eeab7003dc78cb5266923f6972c346b67f07fb79047c7ad0aac2750f54fa703
2015-10-03,13.9,10.6,True,12.25,GHCN-Daily,54.05,10.950000000000003,0.0,USW00094789,e8e5ff762a1a94e28f53c7df,data/raw/ghcn/20260920T033052159252Z_39c80c_USW00094789.dly,2026-09-20T03:30:52.161805+00:00,6eeab7003dc78cb5266923f6972c346b67f07fb79047c7ad0aac2750f54fa703
2015-10-04,18.9,12.2,True,15.549999999999999,GHCN-Daily,59.989999999999995,5.010000000000005,0.0,USW00094789,e8e5ff762a1a94e28f53c7df,data/raw/ghcn/20260920T033052159252Z_39c80c_USW00094789.dly,2026-09-20T03:30:52.161805+00:00,6eeab7003dc78cb5266923f6972c346b67f07fb79047c7ad0aac2750f54fa703
2015-10-05,19.4,11.7,True,15.549999999999999,GHCN-Daily,59.989999999999995,5.010000000000005,0.0,USW00094789,e8e5ff762a1a94e28f53c7df,data/raw/ghcn/20260920T033052159252Z_39c80c_USW00094789.dly,2026-09-20T03:30:52.161805+00:00,6eeab7003dc78cb5266923f6972c346b67f07fb79047c7ad0aac2750f54fa703
2015-10-06,23.3,10.6,True,16.95,GHCN-Daily,62.51,2.490000000000002,0.0,USW00094789,e8e5ff762a1a94e28f53c7df,data/raw/ghcn/20260920T033052159252Z_39c80c_USW00094789.dly,2026-09-20T03:30:52.161805+00:00,6eeab7003dc78cb5266923f6972c346b67f07fb79047c7ad0aac2750f54fa703
2015-10-07,21.7,13.9,True,17.8,GHCN-Daily,64.03999999999999,0.960000000000008,0.0,USW00094789,e8e5ff762a1a94e28f53c7df,data/raw/ghcn/20260920T033052159252Z_39c80c_USW00094789.dly,2026-09-20T03:30:52.161805+00:00,6eeab7003dc78cb5266923f6972c346b67f07fb79047c7ad0aac2750f54fa703
2015-10-08,21.1,12.8,True,16.950000000000003,GHCN-Daily,62.510000000000005,2.489999999999995,0.0,USW00094789,e8e5ff762a1a94e28f53c7df,data/raw/ghcn/20260920T033052159252Z_39c80c_USW00094789.dly,2026-09-20T03:30:52.161805+00:00,6eeab7003dc78cb5266923f6972c346b67f07fb79047c7ad0aac2750f54fa703
2015-10-09,23.3,16.1,True,19.700000000000003,GHCN-Daily,67.46000000000001,0.0,2.460000000000008,USW00094789,e8e5ff762a1a94e28f53c7df,data/raw/ghcn/20260920T033052159252Z_39c80c_USW00094789.dly,2026-09-20T03:30:52.161805+00:00,6eeab7003dc78cb5266923f6972c346b67f07fb79047c7ad0aac2750f54fa703
2015-10-10,18.9,11.1,True,15.0,GHCN-Daily,59.0,6.0,0.0,USW00094789,e8e5ff762a1a94e28f53c7df,data/raw/ghcn/20260920T033052159252Z_39c80c_USW00094789.dly,2026-09-20T03:30:52.161805+00:00,6eeab7003dc78cb5266923f6972c346b67f07fb79047c7ad0aac2750f54fa703
2015-10-11,20.0,10.0,True,15.0,GHCN-Daily,59.0,6.0,0.0,USW00094789,e8e5ff762a1a94e28f53c7df,data/raw/ghcn/20260920T033052159252Z_39c80c_USW00094789.dly,2026-09-20T03:30:52.161805+00:00,6eeab7003dc78cb5266923f6972c346b67f07fb79047c7ad0aac2750f54fa703
2015-10-12,22.2,11.7,True,16.95,GHCN-Daily,62.51,2.490000000000002,0.0,USW00094789,e8e5ff762a1a94e28f53c7df,data/raw/ghcn/20260920T033052159252Z_39c80c_USW00094789.dly,2026-09-20T03:30:52.161805+00:00,6eeab7003dc78cb5266923f6972c346b67f07fb79047c7ad0aac2750f54fa703
2015-10-13,23.3,15.6,True,19.45,GHCN-Daily,67.00999999999999,0.0,2.009999999999991,USW00094789,e8e5ff762a1a94e28f53c7df,data/raw/ghcn/20260920T033052159252Z_39c80c_USW00094789.dly,2026-09-20T03:30:52.161805+00:00,6eeab7003dc78cb5266923f6972c346b67f07fb79047c7ad0aac2750f54fa703
2015-10-14,21.1,14.4,True,17.75,GHCN-Daily,63.95,1.0499999999999972,0.0,USW00094789,e8e5ff762a1a94e28f53c7df,data/raw/ghcn/20260920T033052159252Z_39c80c_USW00094789.dly,2026-09-20T03:30:52.161805+00:00,6eeab7003dc78cb5266923f6972c346b67f07fb79047c7ad0aac2750f54fa703
2015-10-15,18.3,11.1,True,14.7,GHCN-Daily,58.46,6.539999999999999,0.0,USW00094789,e8e5ff762a1a94e28f53c7df,data/raw/ghcn/20260920T033052159252Z_39c80c_USW00094789.dly,2026-09-20T03:30:52.161805+00:00,6eeab7003dc78cb5266923f6972c346b67f07fb79047c7ad0aac2750f54fa703
2015-10-16,18.9,12.2,True,15.549999999999999,GHCN-Daily,59.989999999999995,5.010000000000005,0.0,USW00094789,e8e5ff762a1a94e28f53c7df,data/raw/ghcn/20260920T033052159252Z_39c80c_USW00094789.dly,2026-09-20T03:30:52.161805+00:00,6eeab7003dc78cb5266923f6972c346b67f07fb79047c7ad0aac2750f54fa703
2015-10-17,14.4,6.1,True,10.25,GHCN-Daily,50.45,14.549999999999997,0.0,USW00094789,e8e5ff762a1a94e28f53c7df,data/raw/ghcn/20260920T033052159252Z_39c80c_USW00094789.dly,2026-09-20T03:30:52.161805+00:00,6eeab7003dc78cb5266923f6972c346b67f07fb79047c7ad0aac2750f54fa703
2015-10-18,11.7,3.3,True,7.5,GHCN-Daily,45.5,19.5,0.0,USW00094789,e8e5ff762a1a94e28f53c7df,data/raw/ghcn/20260920T033052159252Z_39c80c_USW00094789.dly,2026-09-20T03:30:52.161805+00:00,6eeab7003dc78cb5266923f6972c346b67f07fb79047c7ad0aac2750f54fa703
2015-10-19,11.1,2.2,True,6.65,GHCN-Daily,43.97,21.03,0.0,USW00094789,e8e5ff762a1a94e28f53c7df,data/raw/ghcn/20260920T033052159252Z_39c80c_USW00094789.dly,2026-09-20T03:30:52.161805+00:00,6eeab7003dc78cb5266923f6972c346b67f07fb79047c7ad0aac2750f54fa703
2015-10-20,21.1,9.4,True,15.25,GHCN-Daily,59.45,5.549999999999997,0.0,USW00094789,e8e5ff762a1a94e28f53c7df,data/raw/ghcn/20260920T033052159252Z_39c80c_USW00094789.dly,2026-09-20T03:30:52.161805+00:00,6eeab7003dc78cb5266923f6972c346b67f07fb79047c7ad0aac2750f54fa703
2015-10-21,21.7,11.1,True,16.4,GHCN-Daily,61.519999999999996,3.480000000000004,0.0,USW00094789,e8e5ff762a1a94e28f53c7df,data/raw/ghcn/20260920T033052159252Z_39c80c_USW00094789.dly,2026-09-20T03:30:52.161805+00:00,6eeab7003dc78cb5266923f6972c346b67f07fb79047c7ad0aac2750f54fa703
2015-10-22,21.1,11.7,True,16.4,GHCN-Daily,61.519999999999996,3.480000000000004,0.0,USW00094789,e8e5ff762a1a94e28f53c7df,data/raw/ghcn/20260920T033052159252Z_39c80c_USW00094789.dly,2026-09-20T03:30:52.161805+00:00,6eeab7003dc78cb5266923f6972c346b67f07fb79047c7ad0aac2750f54fa703
2015-10-23,18.9,6.7,True,12.799999999999999,GHCN-Daily,55.04,9.96,0.0,USW00094789,e8e5ff762a1a94e28f53c7df,data/raw/ghcn/20260920T033052159252Z_39c80c_USW00094789.dly,2026-09-20T03:30:52.161805+00:00,6eeab7003dc78cb5266923f6972c346b67f07fb79047c7ad0aac2750f54fa703
2015-10-24,15.0,5.6,True,10.3,GHCN-Daily,50.540000000000006,14.459999999999994,0.0,USW00094789,e8e5ff762a1a94e28f53c7df,data/raw/ghcn/20260920T033052159252Z_39c80c_USW00094789.dly,2026-09-20T03:30:52.161805+00:00,6eeab7003dc78cb5266923f6972c346b67f07fb79047c7ad0aac2750f54fa703
2015-10-25,21.1,9.4,True,15.25,GHCN-Daily,59.45,5.549999999999997,0.0,USW00094789,e8e5ff762a1a94e28f53c7df,data/raw/ghcn/20260920T033052159252Z_39c80c_USW00094789.dly,2026-09-20T03:30:52.161805+00:00,6eeab7003dc78cb5266923f6972c346b67f07fb79047c7ad0aac2750f54fa703
2015-10-26,15.6,7.2,True,11.4,GHCN-Daily,52.519999999999996,12.480000000000004,0.0,USW00094789,e8e5ff762a1a94e28f53c7df,data/raw/ghcn/20260920T033052159252Z_39c80c_USW00094789.dly,2026-09-20T03:30:52.161805+00:00,6eeab7003dc78cb5266923f6972c346b67f07fb79047c7ad0aac2750f54fa703
2015-10-27,15.0,5.6,True,10.3,GHCN-Daily,50.540000000000006,14.459999999999994,0.0,USW00094789,e8e5ff762a1a94e28f53c7df,data/raw/ghcn/20260920T033052159252Z_39c80c_USW00094789.dly,2026-09-20T03:30:52.161805+00:00,6eeab7003dc78cb5266923f6972c346b67f07fb79047c7ad0aac2750f54fa703
2015-10-28,20.0,11.1,True,15.55,GHCN-Daily,59.99,5.009999999999998,0.0,USW00094789,e8e5ff762a1a94e28f53c7df,data/raw/ghcn/20260920T033052159252Z_39c80c_USW00094789.dly,2026-09-20T03:30:52.161805+00:00,6eeab7003dc78cb5266923f6972c346b67f07fb79047c7ad0aac2750f54fa703
2015-10-29,23.3,15.0,True,19.15,GHCN-Daily,66.47,0.0,1.4699999999999989,USW00094789,e8e5ff762a1a94e28f53c7df,data/raw/ghcn/20260920T033052159252Z_39c80c_USW00094789.dly,2026-09-20T03:30:52.161805+00:00,6eeab7003dc78cb5266923f6972c346b67f07fb79047c7ad0aac2750f54fa703
2015-10-30,17.2,8.3,True,12.75,GHCN-Daily,54.95,10.049999999999997,0.0,USW00094789,e8e5ff762a1a94e28f53c7df,data/raw/ghcn/20260920T033052159252Z_39c80c_USW00094789.dly,2026-09-20T03:30:52.161805+00:00,6eeab7003dc78cb5266923f6972c346b67f07fb79047c7ad0aac2750f54fa703
2015-10-31,12.8,4.4,True,8.600000000000001,GHCN-Daily,47.480000000000004,17.519999999999996,0.0,USW00094789,e8e5ff762a1a94e28f53c7df,data/raw/ghcn/20260920T033052159252Z_39c80c_USW00094789.dly,2026-09-20T03:30:52.161805+00:00,6eeab7003dc78cb5266923f6972c346b67f07fb79047c7ad0aac2750f54fa703
2016-10-01,17.2,14.4,True,15.8,GHCN-Daily,60.44,4.560000000000002,0.0,USW00094789,e8e5ff762a1a94e28f53c7df,data/raw/ghcn/20260920T033052159252Z_39c80c_USW00094789.dly,2026-09-20T03:30:52.161805+00:00,6eeab7003dc78cb5266923f6972c346b67f07fb79047c7ad0aac2750f54fa703
2016-10-02,18.3,14.4,True,16.35,GHCN-Daily,61.43000000000001,3.569999999999993,0.0,USW00094789,e8e5ff762a1a94e28f53c7df,data/raw/ghcn/20260920T033052159252Z_39c80c_USW00094789.dly,2026-09-20T03:30:52.161805+00:00,6eeab7003dc78cb5266923f6972c346b67f07fb79047c7ad0aac2750f54fa703
2016-10-03,22.8,16.1,True,19.450000000000003,GHCN-Daily,67.01,0.0,2.010000000000005,USW00094789,e8e5ff762a1a94e28f53c7df,data/raw/ghcn/20260920T033052159252Z_39c80c_USW00094789.dly,2026-09-20T03:30:52.161805+00:00,6eeab7003dc78cb5266923f6972c346b67f07fb79047c7ad0aac2750f54fa703
2016-10-04,21.1,13.9,True,17.5,GHCN-Daily,63.5,1.5,0.0,USW00094789,e8e5ff762a1a94e28f53c7df,data/raw/ghcn/20260920T033052159252Z_39c80c_USW00094789.dly,2026-09-20T03:30:52.161805+00:00,6eeab7003dc78cb5266923f6972c346b67f07fb79047c7ad0aac2750f54fa703
2016-10-05,20.6,10.6,True,15.600000000000001,GHCN-Daily,60.08,4.920000000000002,0.0,USW00094789,e8e5ff762a1a94e28f53c7df,data/raw/ghcn/20260920T033052159252Z_39c80c_USW00094789.dly,2026-09-20T03:30:52.161805+00:00,6eeab7003dc78cb5266923f6972c346b67f07fb79047c7ad0aac2750f54fa703
2016-10-06,21.7,11.1,True,16.4,GHCN-Daily,61.519999999999996,3.480000000000004,0.0,USW00094789,e8e5ff762a1a94e28f53c7df,data/raw/ghcn/20260920T033052159252Z_39c80c_USW00094789.dly,2026-09-20T03:30:52.161805+00:00,6eeab7003dc78cb5266923f6972c346b67f07fb79047c7ad0aac2750f54fa703
2016-10-07,22.8,11.1,True,16.95,GHCN-Daily,62.51,2.490000000000002,0.0,USW00094789,e8e5ff762a1a94e28f53c7df,data/raw/ghcn/20260920T033052159252Z_39c80c_USW00094789.dly,2026-09-20T03:30:52.161805+00:00,6eeab7003dc78cb5266923f6972c346b67f07fb79047c7ad0aac2750f54fa703
2016-10-08,21.7,12.8,True,17.25,GHCN-Daily,63.05,1.9500000000000028,0.0,USW00094789,e8e5ff762a1a94e28f53c7df,data/raw/ghcn/20260920T033052159252Z_39c80c_USW00094789.dly,2026-09-20T03:30:52.161805+00:00,6eeab7003dc78cb5266923f6972c346b67f07fb79047c7ad0aac2750f54fa703
2016-10-09,18.9,11.7,True,15.299999999999999,GHCN-Daily,59.54,5.460000000000001,0.0,USW00094789,e8e5ff762a1a94e28f53c7df,data/raw/ghcn/20260920T033052159252Z_39c80c_USW00094789.dly,2026-09-20T03:30:52.161805+00:00,6eeab7003dc78cb5266923f6972c346b67f07fb79047c7ad0aac2750f54fa703
2016-10-10,17.8,8.3,True,13.05,GHCN-Daily,55.49,9.509999999999998,0.0,USW00094789,e8e5ff762a1a94e28f53c7df,data/raw/ghcn/20260920T033052159252Z_39c80c_USW00094789.dly,2026-09-20T03:30:52.161805+00:00,6eeab7003dc78cb5266923f6972c346b67f07fb79047c7ad0aac2750f54fa703
2016-10-11,17.2,7.2,True,12.2,GHCN-Daily,53.96,11.04,0.0,USW00094789,e8e5ff762a1a94e28f53c7df,data/raw/ghcn/20260920T033052159252Z_39c80c_USW00094789.dly,2026-09-20T03:30:52.161805+00:00,6eeab7003dc78cb5266923f6972c346b67f07fb79047c7ad0aac2750f54fa703
2016-10-12,18.9,9.4,True,14.149999999999999,GHCN-Daily,57.47,7.530000000000001,0.0,USW00094789,e8e5ff762a1a94e28f53c7df,data/raw/ghcn/20260920T033052159252Z_39c80c_USW00094789.dly,2026-09-20T03:30:52.161805+00:00,6eeab7003dc78cb5266923f6972c346b67f07fb79047c7ad0aac2750f54fa703
2016-10-13,21.1,10.0,True,15.55,GHCN-Daily,59.99,5.009999999999998,0.0,USW00094789,e8e5ff762a1a94e28f53c7df,data/raw/ghcn/20260920T033052159252Z_39c80c_USW00094789.dly,2026-09-20T03:30:52.161805+00:00,6eeab7003dc78cb5266923f6972c346b67f07fb79047c7ad0aac2750f54fa703
2016-10-14,17.2,8.3,True,12.75,GHCN-Daily,54.95,10.049999999999997,0.0,USW00094789,e8e5ff762a1a94e28f53c7df,data/raw/ghcn/20260920T033052159252Z_39c80c_USW00094789.dly,2026-09-20T03:30:52.161805+00:00,6eeab7003dc78cb5266923f6972c346b67f07fb79047c7ad0aac2750f54fa703
2016-10-15,17.8,7.2,True,12.5,GHCN-Daily,54.5,10.5,0.0,USW00094789,e8e5ff762a1a94e28f53c7df,data/raw/ghcn/20260920T033052159252Z_39c80c_USW00094789.dly,2026-09-20T03:30:52.161805+00:00,6eeab7003dc78cb5266923f6972c346b67f07fb79047c7ad0aac2750f54fa703
2016-10-16,20.6,10.6,True,15.600000000000001,GHCN-Daily,60.08,4.920000000000002,0.0,USW00094789,e8e5ff762a1a94e28f53c7df,data/raw/ghcn/20260920T033052159252Z_39c80c_USW00094789.dly,2026-09-20T03:30:52.161805+00:00,6eeab7003dc78cb5266923f6972c346b67f07fb79047c7ad0aac2750f54fa703
2016-10-17,23.9,16.1,True,20.0,GHCN-Daily,68.0,0.0,3.0,USW00094789,e8e5ff762a1a94e28f53c7df,data/raw/ghcn/20260920T033052159252Z_39c80c_USW00094789.dly,2026-09-20T03:30:52.161805+00:00,6eeab7003dc78cb5266923f6972c346b67f07fb79047c7ad0aac2750f54fa703
2016-10-18,23.9,16.1,True,20.0,GHCN-Daily,68.0,0.0,3.0,USW00094789,e8e5ff762a1a94e28f53c7df,data/raw/ghcn/20260920T033052159252Z_39c80c_USW00094789.dly,2026-09-20T03:30:52.161805+00:00,6eeab7003dc78cb5266923f6972c346b67f07fb79047c7ad0aac2750f54fa703
2016-10-19,30.0,16.1,True,23.05,GHCN-Daily,73.49000000000001,0.0,8.490000000000009,USW00094789,e8e5ff762a1a94e28f53c7df,data/raw/ghcn/20260920T033052159252Z_39c80c_USW00094789.dly,2026-09-20T03:30:52.161805+00:00,6eeab7003dc78cb5266923f6972c346b67f07fb79047c7ad0aac2750f54fa703
2016-10-20,22.2,15.0,True,18.6,GHCN-Daily,65.48,0.0,0.480000000000004,USW00094789,e8e5ff762a1a94e28f53c7df,data/raw/ghcn/20260920T033052159252Z_39c80c_USW00094789.dly,2026-09-20T03:30:52.161805+00:00,6eeab7003dc78cb5266923f6972c346b67f07fb79047c7ad0aac2750f54fa703
2016-10-21,22.8,15.6,True,19.2,GHCN-Daily,66.56,0.0,1.5600000000000023,USW00094789,e8e5ff762a1a94e28f53c7df,data/raw/ghcn/20260920T033052159252Z_39c80c_USW00094789.dly,2026-09-20T03:30:52.161805+00:00,6eeab7003dc78cb5266923f6972c346b67f07fb79047c7ad0aac2750f54fa703
2016-10-22,15.6,8.9,True,12.25,GHCN-Daily,54.05,10.950000000000003,0.0,USW00094789,e8e5ff762a1a94e28f53c7df,data/raw/ghcn/20260920T033052159252Z_39c80c_USW00094789.dly,2026-09-20T03:30:52.161805+00:00,6eeab7003dc78cb5266923f6972c346b67f07fb79047c7ad0aac2750f54fa703
2016-10-23,17.8,7.8,True,12.8,GHCN-Daily,55.040000000000006,9.959999999999994,0.0,USW00094789,e8e5ff762a1a94e28f53c7df,data/raw/ghcn/20260920T033052159252Z_39c80c_USW00094789.dly,2026-09-20T03:30:52.161805+00:00,6eeab7003dc78cb5266923f6972c346b67f07fb79047c7ad0aac2750f54fa703
2016-10-24,18.9,8.9,True,13.899999999999999,GHCN-Daily,57.019999999999996,7.980000000000004,0.0,USW00094789,e8e5ff762a1a94e28f53c7df,data/raw/ghcn/20260920T033052159252Z_39c80c_USW00094789.dly,2026-09-20T03:30:52.161805+00:00,6eeab7003dc78cb5266923f6972c346b67f07fb79047c7ad0aac2750f54fa703
2016-10-25,12.2,6.7,True,9.45,GHCN-Daily,49.01,15.990000000000002,0.0,USW00094789,e8e5ff762a1a94e28f53c7df,data/raw/ghcn/20260920T033052159252Z_39c80c_USW00094789.dly,2026-09-20T03:30:52.161805+00:00,6eeab7003dc78cb5266923f6972c346b67f07fb79047c7ad0aac2750f54fa703
2016-10-26,11.7,4.4,True,8.05,GHCN-Daily,46.49,18.509999999999998,0.0,USW00094789,e8e5ff762a1a94e28f53c7df,data/raw/ghcn/20260920T033052159252Z_39c80c_USW00094789.dly,2026-09-20T03:30:52.161805+00:00,6eeab7003dc78cb5266923f6972c346b67f07fb79047c7ad0aac2750f54fa703
2016-10-27,16.7,5.6,True,11.149999999999999,GHCN-Daily,52.06999999999999,12.930000000000007,0.0,USW00094789,e8e5ff762a1a94e28f53c7df,data/raw/ghcn/20260920T033052159252Z_39c80c_USW00094789.dly,2026-09-20T03:30:52.161805+00:00,6eeab7003dc78cb5266923f6972c346b67f07fb79047c7ad0aac2750f54fa703
2016-10-28,13.9,6.1,True,10.0,GHCN-Daily,50.0,15.0,0.0,USW00094789,e8e5ff762a1a94e28f53c7df,data/raw/ghcn/20260920T033052159252Z_39c80c_USW00094789.dly,2026-09-20T03:30:52.161805+00:00,6eeab7003dc78cb5266923f6972c346b67f07fb79047c7ad0aac2750f54fa703
2016-10-29,17.2,3.9,True,10.549999999999999,GHCN-Daily,50.989999999999995,14.010000000000005,0.0,USW00094789,e8e5ff762a1a94e28f53c7df,data/raw/ghcn/20260920T033052159252Z_39c80c_USW00094789.dly,2026-09-20T03:30:52.161805+00:00,6eeab7003dc78cb5266923f6972c346b67f07fb79047c7ad0aac2750f54fa703
2016-10-30,22.8,13.3,True,18.05,GHCN-Daily,64.49000000000001,0.5099999999999909,0.0,USW00094789,e8e5ff762a1a94e28f53c7df,data/raw/ghcn/20260920T033052159252Z_39c80c_USW00094789.dly,2026-09-20T03:30:52.161805+00:00,6eeab7003dc78cb5266923f6972c346b67f07fb79047c7ad0aac2750f54fa703
2016-10-31,13.9,6.7,True,10.3,GHCN-Daily,50.540000000000006,14.459999999999994,0.0,USW00094789,e8e5ff762a1a94e28f53c7df,data/raw/ghcn/20260920T033052159252Z_39c80c_USW00094789.dly,2026-09-20T03:30:52.161805+00:00,6eeab7003dc78cb5266923f6972c346b67f07fb79047c7ad0aac2750f54fa703
2017-10-01,20.6,10.0,True,15.3,GHCN-Daily,59.540000000000006,5.459999999999994,0.0,USW00094789,e8e5ff762a1a94e28f53c7df,data/raw/ghcn/20260920T033052159252Z_39c80c_USW00094789.dly,2026-09-20T03:30:52.161805+00:00,6eeab7003dc78cb5266923f6972c346b67f07fb79047c7ad0aac2750f54fa703
2017-10-02,22.8,11.1,True,16.95,GHCN-Daily,62.51,2.490000000000002,0.0,USW00094789,e8e5ff762a1a94e28f53c7df,data/raw/ghcn/20260920T033052159252Z_39c80c_USW00094789.dly,2026-09-20T03:30:52.161805+00:00,6eeab7003dc78cb5266923f6972c346b67f07fb79047c7ad0aac2750f54fa703
2017-10-03,21.1,10.6,True,15.850000000000001,GHCN-Daily,60.53,4.469999999999999,0.0,USW00094789,e8e5ff762a1a94e28f53c7df,data/raw/ghcn/20260920T033052159252Z_39c80c_USW00094789.dly,2026-09-20T03:30:52.161805+00:00,6eeab7003dc78cb5266923f6972c346b67f07fb79047c7ad0aac2750f54fa703
2017-10-04,22.2,12.8,True,17.5,GHCN-Daily,63.5,1.5,0.0,USW00094789,e8e5ff762a1a94e28f53c7df,data/raw/ghcn/20260920T033052159252Z_39c80c_USW00094789.dly,2026-09-20T03:30:52.161805+00:00,6eeab7003dc78cb5266923f6972c346b67f07fb79047c7ad0aac2750f54fa703
2017-10-05,28.3,17.2,True,22.75,GHCN-Daily,72.95,0.0,7.950000000000003,USW00094789,e8e5ff762a1a94e28f53c7df,data/raw/ghcn/20260920T033052159252Z_39c80c_USW00094789.dly,2026-09-20T03:30:52.161805+00:00,6eeab7003dc78cb5266923f6972c346b67f07fb79047c7ad0aac2750f54fa703
2017-10-06,27.2,18.9,True,23.049999999999997,GHCN-Daily,73.49,0.0,8.489999999999995,USW00094789,e8e5ff762a1a94e28f53c7df,data/raw/ghcn/20260920T033052159252Z_39c80c_USW00094789.dly,2026-09-20T03:30:52.161805+00:00,6eeab7003dc78cb5266923f6972c346b67f07fb79047c7ad0aac2750f54fa703
2017-10-07,26.1,17.2,True,21.65,GHCN-Daily,70.97,0.0,5.969999999999999,USW00094789,e8e5ff762a1a94e28f53c7df,data/raw/ghcn/20260920T033052159252Z_39c80c_USW00094789.dly,2026-09-20T03:30:52.161805+00:00,6eeab7003dc78cb5266923f6972c346b67f07fb79047c7ad0aac2750f54fa703
2017-10-08,22.8,21.1,True,21.950000000000003,GHCN-Daily,71.51,0.0,6.510000000000005,USW00094789,e8e5ff762a1a94e28f53c7df,data/raw/ghcn/20260920T033052159252Z_39c80c_USW00094789.dly,2026-09-20T03:30:52.161805+00:00,6eeab7003dc78cb5266923f6972c346b67f07fb79047c7ad0aac2750f54fa703
2017-10-09,24.4,21.1,True,22.75,GHCN-Daily,72.95,0.0,7.950000000000003,USW00094789,e8e5ff762a1a94e28f53c7df,data/raw/ghcn/20260920T033052159252Z_39c80c_USW00094789.dly,2026-09-20T03:30:52.161805+00:00,6eeab7003dc78cb5266923f6972c346b67f07fb79047c7ad0aac2750f54fa703
2017-10-10,28.9,18.9,True,23.9,GHCN-Daily,75.02,0.0,10.019999999999996,USW00094789,e8e5ff762a1a94e28f53c7df,data/raw/ghcn/20260920T033052159252Z_39c80c_USW00094789.dly,2026-09-20T03:30:52.161805+00:00,6eeab7003dc78cb5266923f6972c346b67f07fb79047c7ad0aac2750f54fa703
2017-10-11,25.0,16.7,True,20.85,GHCN-Daily,69.53,0.0,4.530000000000001,USW00094789,e8e5ff762a1a94e28f53c7df,data/raw/ghcn/20260920T033052159252Z_39c80c_USW00094789.dly,2026-09-20T03:30:52.161805+00:00,6eeab7003dc78cb5266923f6972c346b67f07fb79047c7ad0aac2750f54fa703
2017-10-12,18.9,12.2,True,15.549999999999999,GHCN-Daily,59.989999999999995,5.010000000000005,0.0,USW00094789,e8e5ff762a1a94e28f53c7df,data/raw/ghcn/20260920T033052159252Z_39c80c_USW00094789.dly,2026-09-20T03:30:52.161805+00:00,6eeab7003dc78cb5266923f6972c346b67f07fb79047c7ad0aac2750f54fa703
2017-10-13,19.4,11.7,True,15.549999999999999,GHCN-Daily,59.989999999999995,5.010000000000005,0.0,USW00094789,e8e5ff762a1a94e28f53c7df,data/raw/ghcn/20260920T033052159252Z_39c80c_USW00094789.dly,2026-09-20T03:30:52.161805+00:00,6eeab7003dc78cb5266923f6972c346b67f07fb79047c7ad0aac2750f54fa703
2017-10-14,23.3,15.6,True,19.45,GHCN-Daily,67.00999999999999,0.0,2.009999999999991,USW00094789,e8e5ff762a1a94e28f53c7df,data/raw/ghcn/20260920T033052159252Z_39c80c_USW00094789.dly,2026-09-20T03:30:52.161805+00:00,6eeab7003dc78cb5266923f6972c346b67f07fb79047c7ad0aac2750f54fa703
2017-10-15,23.3,18.3,True,20.8,GHCN-Daily,69.44,0.0,4.439999999999998,USW00094789,e8e5ff762a1a94e28f53c7df,data/raw/ghcn/20260920T033052159252Z_39c80c_USW00094789.dly,2026-09-20T03:30:52.161805+00:00,6eeab7003dc78cb5266923f6972c346b67f07fb79047c7ad0aac2750f54fa703
2017-10-16,20.6,7.8,True,14.200000000000001,GHCN-Daily,57.56,7.439999999999998,0.0,USW00094789,e8e5ff762a1a94e28f53c7df,data/raw/ghcn/20260920T033052159252Z_39c80c_USW00094789.dly,2026-09-20T03:30:52.161805+00:00,6eeab7003dc78cb5266923f6972c346b67f07fb79047c7ad0aac2750f54fa703
2017-10-17,15.6,5.6,True,10.6,GHCN-Daily,51.08,13.920000000000002,0.0,USW00094789,e8e5ff762a1a94e28f53c7df,data/raw/ghcn/20260920T033052159252Z_39c80c_USW00094789.dly,2026-09-20T03:30:52.161805+00:00,6eeab7003dc78cb5266923f6972c346b67f07fb79047c7ad0aac2750f54fa703
2017-10-18,21.7,10.0,True,15.85,GHCN-Daily,60.53,4.469999999999999,0.0,USW00094789,e8e5ff762a1a94e28f53c7df,data/raw/ghcn/20260920T033052159252Z_39c80c_USW00094789.dly,2026-09-20T03:30:52.161805+00:00,6eeab7003dc78cb5266923f6972c346b67f07fb79047c7ad0aac2750f54fa703
2017-10-19,21.1,10.6,True,15.850000000000001,GHCN-Daily,60.53,4.469999999999999,0.0,USW00094789,e8e5ff762a1a94e28f53c7df,data/raw/ghcn/20260920T033052159252Z_39c80c_USW00094789.dly,2026-09-20T03:30:52.161805+00:00,6eeab7003dc78cb5266923f6972c346b67f07fb79047c7ad0aac2750f54fa703
2017-10-20,23.9,13.3,True,18.6,GHCN-Daily,65.48,0.0,0.480000000000004,USW00094789,e8e5ff762a1a94e28f53c7df,data/raw/ghcn/20260920T033052159252Z_39c80c_USW00094789.dly,2026-09-20T03:30:52.161805+00:00,6eeab7003dc78cb5266923f6972c346b67f07fb79047c7ad0aac2750f54fa703
2017-10-21,24.4,8.9,True,16.65,GHCN-Daily,61.97,3.030000000000001,0.0,USW00094789,e8e5ff762a1a94e28f53c7df,data/raw/ghcn/20260920T033052159252Z_39c80c_USW00094789.dly,2026-09-20T03:30:52.161805+00:00,6eeab7003dc78cb5266923f6972c346b67f07fb79047c7ad0aac2750f54fa703
2017-10-22,22.2,9.4,True,15.8,GHCN-Daily,60.44,4.560000000000002,0.0,USW00094789,e8e5ff762a1a94e28f53c7df,data/raw/ghcn/20260920T033052159252Z_39c80c_USW00094789.dly,2026-09-20T03:30:52.161805+00:00,6eeab7003dc78cb5266923f6972c346b67f07fb79047c7ad0aac2750f54fa703
2017-10-23,22.8,12.8,True,17.8,GHCN-Daily,64.03999999999999,0.960000000000008,0.0,USW00094789,e8e5ff762a1a94e28f53c7df,data/raw/ghcn/20260920T033052159252Z_39c80c_USW00094789.dly,2026-09-20T03:30:52.161805+00:00,6eeab7003dc78cb5266923f6972c346b67f07fb79047c7ad0aac2750f54fa703
2017-10-24,23.3,18.3,True,20.8,GHCN-Daily,69.44,0.0,4.439999999999998,USW00094789,e8e5ff762a1a94e28f53c7df,data/raw/ghcn/20260920T033052159252Z_39c80c_USW00094789.dly,2026-09-20T03:30:52.161805+00:00,6eeab7003dc78cb5266923f6972c346b67f07fb79047c7ad0aac2750f54fa703
2017-10-25,18.9,14.4,True,16.65,GHCN-Daily,61.97,3.030000000000001,0.0,USW00094789,e8e5ff762a1a94e28f53c7df,data/raw/ghcn/20260920T033052159252Z_39c80c_USW00094789.dly,2026-09-20T03:30:52.161805+00:00,6eeab7003dc78cb5266923f6972c346b67f07fb79047c7ad0aac2750f54fa703
2017-10-26,15.0,10.0,True,12.5,GHCN-Daily,54.5,10.5,0.0,USW00094789,e8e5ff762a1a94e28f53c7df,data/raw/ghcn/20260920T033052159252Z_39c80c_USW00094789.dly,2026-09-20T03:30:52.161805+00:00,6eeab7003dc78cb5266923f6972c346b67f07fb79047c7ad0aac2750f54fa703
2017-10-27,16.1,7.8,True,11.950000000000001,GHCN-Daily,53.510000000000005,11.489999999999995,0.0,USW00094789,e8e5ff762a1a94e28f53c7df,data/raw/ghcn/20260920T033052159252Z_39c80c_USW00094789.dly,2026-09-20T03:30:52.161805+00:00,6eeab7003dc78cb5266923f6972c346b67f07fb79047c7ad0aac2750f54fa703
2017-10-28,20.0,10.0,True,15.0,GHCN-Daily,59.0,6.0,0.0,USW00094789,e8e5ff762a1a94e28f53c7df,data/raw/ghcn/20260920T033052159252Z_39c80c_USW00094789.dly,2026-09-20T03:30:52.161805+00:00,6eeab7003dc78cb5266923f6972c346b67f07fb79047c7ad0aac2750f54fa703
2017-10-29,19.4,15.6,True,17.5,GHCN-Daily,63.5,1.5,0.0,USW00094789,e8e5ff762a1a94e28f53c7df,data/raw/ghcn/20260920T033052159252Z_39c80c_USW00094789.dly,2026-09-20T03:30:52.161805+00:00,6eeab7003dc78cb5266923f6972c346b67f07fb79047c7ad0aac2750f54fa703
2017-10-30,16.7,8.3,True,12.5,GHCN-Daily,54.5,10.5,0.0,USW00094789,e8e5ff762a1a94e28f53c7df,data/raw/ghcn/20260920T033052159252Z_39c80c_USW00094789.dly,2026-09-20T03:30:52.161805+00:00,6eeab7003dc78cb5266923f6972c346b67f07fb79047c7ad0aac2750f54fa703
2017-10-31,15.0,6.7,True,10.85,GHCN-Daily,51.53,13.469999999999999,0.0,USW00094789,e8e5ff762a1a94e28f53c7df,data/raw/ghcn/20260920T033052159252Z_39c80c_USW00094789.dly,2026-09-20T03:30:52.161805+00:00,6eeab7003dc78cb5266923f6972c346b67f07fb79047c7ad0aac2750f54fa703
2018-10-01,23.9,17.2,True,20.549999999999997,GHCN-Daily,68.99,0.0,3.989999999999995,USW00094789,e8e5ff762a1a94e28f53c7df,data/raw/ghcn/20260920T033052159252Z_39c80c_USW00094789.dly,2026-09-20T03:30:52.161805+00:00,6eeab7003dc78cb5266923f6972c346b67f07fb79047c7ad0aac2750f54fa703
2018-10-02,25.0,18.3,True,21.65,GHCN-Daily,70.97,0.0,5.969999999999999,USW00094789,e8e5ff762a1a94e28f53c7df,data/raw/ghcn/20260920T033052159252Z_39c80c_USW00094789.dly,2026-09-20T03:30:52.161805+00:00,6eeab7003dc78cb5266923f6972c346b67f07fb79047c7ad0aac2750f54fa703
2018-10-03,25.6,17.2,True,21.4,GHCN-Daily,70.52,0.0,5.519999999999996,USW00094789,e8e5ff762a1a94e28f53c7df,data/raw/ghcn/20260920T033052159252Z_39c80c_USW00094789.dly,2026-09-20T03:30:52.161805+00:00,6eeab7003dc78cb5266923f6972c346b67f07fb79047c7ad0aac2750f54fa703
2018-10-04,23.9,15.0,True,19.45,GHCN-Daily,67.00999999999999,0.0,2.009999999999991,USW00094789,e8e5ff762a1a94e28f53c7df,data/raw/ghcn/20260920T033052159252Z_39c80c_USW00094789.dly,2026-09-20T03:30:52.161805+00:00,6eeab7003dc78cb5266923f6972c346b67f07fb79047c7ad0aac2750f54fa703
2018-10-05,21.7,16.1,True,18.9,GHCN-Daily,66.02,0.0,1.019999999999996,USW00094789,e8e5ff762a1a94e28f53c7df,data/raw/ghcn/20260920T033052159252Z_39c80c_USW00094789.dly,2026-09-20T03:30:52.161805+00:00,6eeab7003dc78cb5266923f6972c346b67f07fb79047c7ad0aac2750f54fa703
2018-10-06,20.6,17.2,True,18.9,GHCN-Daily,66.02,0.0,1.019999999999996,USW00094789,e8e5ff762a1a94e28f53c7df,data/raw/ghcn/20260920T033052159252Z_39c80c_USW00094789.dly,2026-09-20T03:30:52.161805+00:00,6eeab7003dc78cb5266923f6972c346b67f07fb79047c7ad0aac2750f54fa703
2018-10-07,26.7,20.6,True,23.65,GHCN-Daily,74.57,0.0,9.569999999999993,USW00094789,e8e5ff762a1a94e28f53c7df,data/raw/ghcn/20260920T033052159252Z_39c80c_USW00094789.dly,2026-09-20T03:30:52.161805+00:00,6eeab7003dc78cb5266923f6972c346b67f07fb79047c7ad0aac2750f54fa703
2018-10-08,21.7,17.8,True,19.75,GHCN-Daily,67.55000000000001,0.0,2.5500000000000114,USW00094789,e8e5ff762a1a94e28f53c7df,data/raw/ghcn/20260920T033052159252Z_39c80c_USW00094789.dly,2026-09-20T03:30:52.161805+00:00,6eeab7003dc78cb5266923f6972c346b67f07fb79047c7ad0aac2750f54fa703
2018-10-09,23.3,19.4,True,21.35,GHCN-Daily,70.43,0.0,5.430000000000007,USW00094789,e8e5ff762a1a94e28f53c7df,data/raw/ghcn/20260920T033052159252Z_39c80c_USW00094789.dly,2026-09-20T03:30:52.161805+00:00,6eeab7003dc78cb5266923f6972c346b67f07fb79047c7ad0aac2750f54fa703
2018-10-10,25.0,18.9,True,21.95,GHCN-Daily,71.50999999999999,0.0,6.509999999999991,USW00094789,e8e5ff762a1a94e28f53c7df,data/raw/ghcn/20260920T033052159252Z_39c80c_USW00094789.dly,2026-09-20T03:30:52.161805+00:00,6eeab7003dc78cb5266923f6972c346b67f07fb79047c7ad0aac2750f54fa703
2018-10-11,24.4,19.4,True,21.9,GHCN-Daily,71.42,0.0,6.420000000000002,USW00094789,e8e5ff762a1a94e28f53c7df,data/raw/ghcn/20260920T033052159252Z_39c80c_USW00094789.dly,2026-09-20T03:30:52.161805+00:00,6eeab7003dc78cb5266923f6972c346b67f07fb79047c7ad0aac2750f54fa703
2018-10-12,21.1,10.6,True,15.850000000000001,GHCN-Daily,60.53,4.469999999999999,0.0,USW00094789,e8e5ff762a1a94e28f53c7df,data/raw/ghcn/20260920T033052159252Z_39c80c_USW00094789.dly,2026-09-20T03:30:52.161805+00:00,6eeab7003dc78cb5266923f6972c346b67f07fb79047c7ad0aac2750f54fa703
2018-10-13,14.4,8.9,True,11.65,GHCN-Daily,52.97,12.030000000000001,0.0,USW00094789,e8e5ff762a1a94e28f53c7df,data/raw/ghcn/20260920T033052159252Z_39c80c_USW00094789.dly,2026-09-20T03:30:52.161805+00:00,6eeab7003dc78cb5266923f6972c346b67f07fb79047c7ad0aac2750f54fa703
2018-10-14,15.0,7.8,True,11.4,GHCN-Daily,52.519999999999996,12.480000000000004,0.0,USW00094789,e8e5ff762a1a94e28f53c7df,data/raw/ghcn/20260920T033052159252Z_39c80c_USW00094789.dly,2026-09-20T03:30:52.161805+00:00,6eeab7003dc78cb5266923f6972c346b67f07fb79047c7ad0aac2750f54fa703
2018-10-15,20.0,11.1,True,15.55,GHCN-Daily,59.99,5.009999999999998,0.0,USW00094789,e8e5ff762a1a94e28f53c7df,data/raw/ghcn/20260920T033052159252Z_39c80c_USW00094789.dly,2026-09-20T03:30:52.161805+00:00,6eeab7003dc78cb5266923f6972c346b67f07fb79047c7ad0aac2750f54fa703
2018-10-16,16.7,8.3,True,12.5,GHCN-Daily,54.5,10.5,0.0,USW00094789,e8e5ff762a1a94e28f53c7df,data/raw/ghcn/20260920T033052159252Z_39c80c_USW00094789.dly,2026-09-20T03:30:52.161805+00:00,6eeab7003dc78cb5266923f6972c346b67f07fb79047c7ad0aac2750f54fa703
2018-10-17,17.2,8.3,True,12.75,GHCN-Daily,54.95,10.049999999999997,0.0,USW00094789,e8e5ff762a1a94e28f53c7df,data/raw/ghcn/20260920T033052159252Z_39c80c_USW00094789.dly,2026-09-20T03:30:52.161805+00:00,6eeab7003dc78cb5266923f6972c346b67f07fb79047c7ad0aac2750f54fa703
2018-10-18,11.1,5.0,True,8.05,GHCN-Daily,46.49,18.509999999999998,0.0,USW00094789,e8e5ff762a1a94e28f53c7df,data/raw/ghcn/20260920T033052159252Z_39c80c_USW00094789.dly,2026-09-20T03:30:52.161805+00:00,6eeab7003dc78cb5266923f6972c346b67f07fb79047c7ad0aac2750f54fa703
2018-10-19,15.6,5.0,True,10.3,GHCN-Daily,50.540000000000006,14.459999999999994,0.0,USW00094789,e8e5ff762a1a94e28f53c7df,data/raw/ghcn/20260920T033052159252Z_39c80c_USW00094789.dly,2026-09-20T03:30:52.161805+00:00,6eeab7003dc78cb5266923f6972c346b67f07fb79047c7ad0aac2750f54fa703
2018-10-20,17.2,11.1,True,14.149999999999999,GHCN-Daily,57.47,7.530000000000001,0.0,USW00094789,e8e5ff762a1a94e28f53c7df,data/raw/ghcn/20260920T033052159252Z_39c80c_USW00094789.dly,2026-09-20T03:30:52.161805+00:00,6eeab7003dc78cb5266923f6972c346b67f07fb79047c7ad0aac2750f54fa703
2018-10-21,11.7,4.4,True,8.05,GHCN-Daily,46.49,18.509999999999998,0.0,USW00094789,e8e5ff762a1a94e28f53c7df,data/raw/ghcn/20260920T033052159252Z_39c80c_USW00094789.dly,2026-09-20T03:30:52.161805+00:00,6eeab7003dc78cb5266923f6972c346b67f07fb79047c7ad0aac2750f54fa703
2018-10-22,11.1,3.9,True,7.5,GHCN-Daily,45.5,19.5,0.0,USW00094789,e8e5ff762a1a94e28f53c7df,data/raw/ghcn/20260920T033052159252Z_39c80c_USW00094789.dly,2026-09-20T03:30:52.161805+00:00,6eeab7003dc78cb5266923f6972c346b67f07fb79047c7ad0aac2750f54fa703
2018-10-23,17.2,8.3,True,12.75,GHCN-Daily,54.95,10.049999999999997,0.0,USW00094789,e8e5ff762a1a94e28f53c7df,data/raw/ghcn/20260920T033052159252Z_39c80c_USW00094789.dly,2026-09-20T03:30:52.161805+00:00,6eeab7003dc78cb5266923f6972c346b67f07fb79047c7ad0aac2750f54fa703
2018-10-24,13.3,6.7,True,10.0,GHCN-Daily,50.0,15.0,0.0,USW00094789,e8e5ff762a1a94e28f53c7df,data/raw/ghcn/20260920T033052159252Z_39c80c_USW00094789.dly,2026-09-20T03:30:52.161805+00:00,6eeab7003dc78cb5266923f6972c346b67f07fb79047c7ad0aac2750f54fa703
2018-10-25,11.7,4.4,True,8.05,GHCN-Daily,46.49,18.509999999999998,0.0,USW00094789,e8e5ff762a1a94e28f53c7df,data/raw/ghcn/20260920T033052159252Z_39c80c_USW00094789.dly,2026-09-20T03:30:52.161805+00:00,6eeab7003dc78cb5266923f6972c346b67f07fb79047c7ad0aac2750f54fa703
2018-10-26,9.4,2.2,True,5.800000000000001,GHCN-Daily,42.44,22.560000000000002,0.0,USW00094789,e8e5ff762a1a94e28f53c7df,data/raw/ghcn/20260920T033052159252Z_39c80c_USW00094789.dly,2026-09-20T03:30:52.161805+00:00,6eeab7003dc78cb5266923f6972c346b67f07fb79047c7ad0aac2750f54fa703
2018-10-27,14.4,6.1,True,10.25,GHCN-Daily,50.45,14.549999999999997,0.0,USW00094789,e8e5ff762a1a94e28f53c7df,data/raw/ghcn/20260920T033052159252Z_39c80c_USW00094789.dly,2026-09-20T03:30:52.161805+00:00,6eeab7003dc78cb5266923f6972c346b67f07fb79047c7ad0aac2750f54fa703
2018-10-28,12.2,7.8,True,10.0,GHCN-Daily,50.0,15.0,0.0,USW00094789,e8e5ff762a1a94e28f53c7df,data/raw/ghcn/20260920T033052159252Z_39c80c_USW00094789.dly,2026-09-20T03:30:52.161805+00:00,6eeab7003dc78cb5266923f6972c346b67f07fb79047c7ad0aac2750f54fa703
2018-10-29,14.4,8.3,True,11.350000000000001,GHCN-Daily,52.43000000000001,12.569999999999993,0.0,USW00094789,e8e5ff762a1a94e28f53c7df,data/raw/ghcn/20260920T033052159252Z_39c80c_USW00094789.dly,2026-09-20T03:30:52.161805+00:00,6eeab7003dc78cb5266923f6972c346b67f07fb79047c7ad0aac2750f54fa703
2018-10-30,13.9,6.1,True,10.0,GHCN-Daily,50.0,15.0,0.0,USW00094789,e8e5ff762a1a94e28f53c7df,data/raw/ghcn/20260920T033052159252Z_39c80c_USW00094789.dly,2026-09-20T03:30:52.161805+00:00,6eeab7003dc78cb5266923f6972c346b67f07fb79047c7ad0aac2750f54fa703
2018-10-31,17.2,3.3,True,10.25,GHCN-Daily,50.45,14.549999999999997,0.0,USW00094789,e8e5ff762a1a94e28f53c7df,data/raw/ghcn/20260920T033052159252Z_39c80c_USW00094789.dly,2026-09-20T03:30:52.161805+00:00,6eeab7003dc78cb5266923f6972c346b67f07fb79047c7ad0aac2750f54fa703
2019-10-01,25.6,16.7,True,21.15,GHCN-Daily,70.07,0.0,5.069999999999993,USW00094789,e8e5ff762a1a94e28f53c7df,data/raw/ghcn/20260920T033052159252Z_39c80c_USW00094789.dly,2026-09-20T03:30:52.161805+00:00,6eeab7003dc78cb5266923f6972c346b67f07fb79047c7ad0aac2750f54fa703
2019-10-02,35.0,17.8,True,26.4,GHCN-Daily,79.52,0.0,14.519999999999996,USW00094789,e8e5ff762a1a94e28f53c7df,data/raw/ghcn/20260920T033052159252Z_39c80c_USW00094789.dly,2026-09-20T03:30:52.161805+00:00,6eeab7003dc78cb5266923f6972c346b67f07fb79047c7ad0aac2750f54fa703
2019-10-03,17.8,11.7,True,14.75,GHCN-Daily,58.55,6.450000000000003,0.0,USW00094789,e8e5ff762a1a94e28f53c7df,data/raw/ghcn/20260920T033052159252Z_39c80c_USW00094789.dly,2026-09-20T03:30:52.161805+00:00,6eeab7003dc78cb5266923f6972c346b67f07fb79047c7ad0aac2750f54fa703
2019-10-04,20.0,10.0,True,15.0,GHCN-Daily,59.0,6.0,0.0,USW00094789,e8e5ff762a1a94e28f53c7df,data/raw/ghcn/20260920T033052159252Z_39c80c_USW00094789.dly,2026-09-20T03:30:52.161805+00:00,6eeab7003dc78cb5266923f6972c346b67f07fb79047c7ad0aac2750f54fa703
2019-10-05,15.0,7.2,True,11.1,GHCN-Daily,51.980000000000004,13.019999999999996,0.0,USW00094789,e8e5ff762a1a94e28f53c7df,data/raw/ghcn/20260920T033052159252Z_39c80c_USW00094789.dly,2026-09-20T03:30:52.161805+00:00,6eeab7003dc78cb5266923f6972c346b67f07fb79047c7ad0aac2750f54fa703
2019-10-06,20.6,14.4,True,17.5,GHCN-Daily,63.5,1.5,0.0,USW00094789,e8e5ff762a1a94e28f53c7df,data/raw/ghcn/20260920T033052159252Z_39c80c_USW00094789.dly,2026-09-20T03:30:52.161805+00:00,6eeab7003dc78cb5266923f6972c346b67f07fb79047c7ad0aac2750f54fa703
2019-10-07,24.4,15.6,True,20.0,GHCN-Daily,68.0,0.0,3.0,USW00094789,e8e5ff762a1a94e28f53c7df,data/raw/ghcn/20260920T033052159252Z_39c80c_USW00094789.dly,2026-09-20T03:30:52.161805+00:00,6eeab7003dc78cb5266923f6972c346b67f07fb79047c7ad0aac2750f54fa703
2019-10-08,17.8,14.4,True,16.1,GHCN-Daily,60.980000000000004,4.019999999999996,0.0,USW00094789,e8e5ff762a1a94e28f53c7df,data/raw/ghcn/20260920T033052159252Z_39c80c_USW00094789.dly,2026-09-20T03:30:52.161805+00:00,6eeab7003dc78cb5266923f6972c346b67f07fb79047c7ad0aac2750f54fa703
2019-10-09,15.6,11.7,True,13.649999999999999,GHCN-Daily,56.56999999999999,8.430000000000007,0.0,USW00094789,e8e5ff762a1a94e28f53c7df,data/raw/ghcn/20260920T033052159252Z_39c80c_USW00094789.dly,2026-09-20T03:30:52.161805+00:00,6eeab7003dc78cb5266923f6972c346b67f07fb79047c7ad0aac2750f54fa703
2019-10-10,22.2,11.7,True,16.95,GHCN-Daily,62.51,2.490000000000002,0.0,USW00094789,e8e5ff762a1a94e28f53c7df,data/raw/ghcn/20260920T033052159252Z_39c80c_USW00094789.dly,2026-09-20T03:30:52.161805+00:00,6eeab7003dc78cb5266923f6972c346b67f07fb79047c7ad0aac2750f54fa703
2019-10-11,17.8,12.8,True,15.3,GHCN-Daily,59.540000000000006,5.459999999999994,0.0,USW00094789,e8e5ff762a1a94e28f53c7df,data/raw/ghcn/20260920T033052159252Z_39c80c_USW00094789.dly,2026-09-20T03:30:52.161805+00:00,6eeab7003dc78cb5266923f6972c346b67f07fb79047c7ad0aac2750f54fa703
2019-10-12,20.0,12.8,True,16.4,GHCN-Daily,61.519999999999996,3.480000000000004,0.0,USW00094789,e8e5ff762a1a94e28f53c7df,data/raw/ghcn/20260920T033052159252Z_39c80c_USW00094789.dly,2026-09-20T03:30:52.161805+00:00,6eeab7003dc78cb5266923f6972c346b67f07fb79047c7ad0aac2750f54fa703
2019-10-13,18.3,11.7,True,15.0,GHCN-Daily,59.0,6.0,0.0,USW00094789,e8e5ff762a1a94e28f53c7df,data/raw/ghcn/20260920T033052159252Z_39c80c_USW00094789.dly,2026-09-20T03:30:52.161805+00:00,6eeab7003dc78cb5266923f6972c346b67f07fb79047c7ad0aac2750f54fa703
2019-10-14,21.1,12.8,True,16.950000000000003,GHCN-Daily,62.510000000000005,2.489999999999995,0.0,USW00094789,e8e5ff762a1a94e28f53c7df,data/raw/ghcn/20260920T033052159252Z_39c80c_USW00094789.dly,2026-09-20T03:30:52.161805+00:00,6eeab7003dc78cb5266923f6972c346b67f07fb79047c7ad0aac2750f54fa703
2019-10-15,17.8,9.4,True,13.600000000000001,GHCN-Daily,56.480000000000004,8.519999999999996,0.0,USW00094789,e8e5ff762a1a94e28f53c7df,data/raw/ghcn/20260920T033052159252Z_39c80c_USW00094789.dly,2026-09-20T03:30:52.161805+00:00,6eeab7003dc78cb5266923f6972c346b67f07fb79047c7ad0aac2750f54fa703
2019-10-16,18.9,8.9,True,13.899999999999999,GHCN-Daily,57.019999999999996,7.980000000000004,0.0,USW00094789,e8e5ff762a1a94e28f53c7df,data/raw/ghcn/20260920T033052159252Z_39c80c_USW00094789.dly,2026-09-20T03:30:52.161805+00:00,6eeab7003dc78cb5266923f6972c346b67f07fb79047c7ad0aac2750f54fa703
2019-10-17,15.0,11.1,True,13.05,GHCN-Daily,55.49,9.509999999999998,0.0,USW00094789,e8e5ff762a1a94e28f53c7df,data/raw/ghcn/20260920T033052159252Z_39c80c_USW00094789.dly,2026-09-20T03:30:52.161805+00:00,6eeab7003dc78cb5266923f6972c346b67f07fb79047c7ad0aac2750f54fa703
2019-10-18,16.1,7.8,True,11.950000000000001,GHCN-Daily,53.510000000000005,11.489999999999995,0.0,USW00094789,e8e5ff762a1a94e28f53c7df,data/raw/ghcn/20260920T033052159252Z_39c80c_USW00094789.dly,2026-09-20T03:30:52.161805+00:00,6eeab7003dc78cb5266923f6972c346b67f07fb79047c7ad0aac2750f54fa703
2019-10-19,15.0,4.4,True,9.7,GHCN-Daily,49.46,15.54,0.0,USW00094789,e8e5ff762a1a94e28f53c7df,data/raw/ghcn/20260920T033052159252Z_39c80c_USW00094789.dly,2026-09-20T03:30:52.161805+00:00,6eeab7003dc78cb5266923f6972c346b67f07fb79047c7ad0aac2750f54fa703
2019-10-20,16.1,6.7,True,11.4,GHCN-Daily,52.519999999999996,12.480000000000004,0.0,USW00094789,e8e5ff762a1a94e28f53c7df,data/raw/ghcn/20260920T033052159252Z_39c80c_USW00094789.dly,2026-09-20T03:30:52.161805+00:00,6eeab7003dc78cb5266923f6972c346b67f07fb79047c7ad0aac2750f54fa703
2019-10-21,20.0,10.6,True,15.3,GHCN-Daily,59.540000000000006,5.459999999999994,0.0,USW00094789,e8e5ff762a1a94e28f53c7df,data/raw/ghcn/20260920T033052159252Z_39c80c_USW00094789.dly,2026-09-20T03:30:52.161805+00:00,6eeab7003dc78cb5266923f6972c346b67f07fb79047c7ad0aac2750f54fa703
2019-10-22,17.8,11.7,True,14.75,GHCN-Daily,58.55,6.450000000000003,0.0,USW00094789,e8e5ff762a1a94e28f53c7df,data/raw/ghcn/20260920T033052159252Z_39c80c_USW00094789.dly,2026-09-20T03:30:52.161805+00:00,6eeab7003dc78cb5266923f6972c346b67f07fb79047c7ad0aac2750f54fa703
2019-10-23,19.4,12.2,True,15.799999999999999,GHCN-Daily,60.44,4.560000000000002,0.0,USW00094789,e8e5ff762a1a94e28f53c7df,data/raw/ghcn/20260920T033052159252Z_39c80c_USW00094789.dly,2026-09-20T03:30:52.161805+00:00,6eeab7003dc78cb5266923f6972c346b67f07fb79047c7ad0aac2750f54fa703
2019-10-24,18.3,7.2,True,12.75,GHCN-Daily,54.95,10.049999999999997,0.0,USW00094789,e8e5ff762a1a94e28f53c7df,data/raw/ghcn/20260920T033052159252Z_39c80c_USW00094789.dly,2026-09-20T03:30:52.161805+00:00,6eeab7003dc78cb5266923f6972c346b67f07fb79047c7ad0aac2750f54fa703
2019-10-25,17.2,7.8,True,12.5,GHCN-Daily,54.5,10.5,0.0,USW00094789,e8e5ff762a1a94e28f53c7df,data/raw/ghcn/20260920T033052159252Z_39c80c_USW00094789.dly,2026-09-20T03:30:52.161805+00:00,6eeab7003dc78cb5266923f6972c346b67f07fb79047c7ad0aac2750f54fa703
2019-10-26,17.8,10.0,True,13.9,GHCN-Daily,57.019999999999996,7.980000000000004,0.0,USW00094789,e8e5ff762a1a94e28f53c7df,data/raw/ghcn/20260920T033052159252Z_39c80c_USW00094789.dly,2026-09-20T03:30:52.161805+00:00,6eeab7003dc78cb5266923f6972c346b67f07fb79047c7ad0aac2750f54fa703
2019-10-27,20.6,11.7,True,16.15,GHCN-Daily,61.06999999999999,3.930000000000007,0.0,USW00094789,e8e5ff762a1a94e28f53c7df,data/raw/ghcn/20260920T033052159252Z_39c80c_USW00094789.dly,2026-09-20T03:30:52.161805+00:00,6eeab7003dc78cb5266923f6972c346b67f07fb79047c7ad0aac2750f54fa703
2019-10-28,18.3,10.6,True,14.45,GHCN-Daily,58.01,6.990000000000002,0.0,USW00094789,e8e5ff762a1a94e28f53c7df,data/raw/ghcn/20260920T033052159252Z_39c80c_USW00094789.dly,2026-09-20T03:30:52.161805+00:00,6eeab7003dc78cb5266923f6972c346b67f07fb79047c7ad0aac2750f54fa703
2019-10-29,16.1,11.1,True,13.600000000000001,GHCN-Daily,56.480000000000004,8.519999999999996,0.0,USW00094789,e8e5ff762a1a94e28f53c7df,data/raw/ghcn/20260920T033052159252Z_39c80c_USW00094789.dly,2026-09-20T03:30:52.161805+00:00,6eeab7003dc78cb5266923f6972c346b67f07fb79047c7ad0aac2750f54fa703
2019-10-30,18.3,14.4,True,16.35,GHCN-Daily,61.43000000000001,3.569999999999993,0.0,USW00094789,e8e5ff762a1a94e28f53c7df,data/raw/ghcn/20260920T033052159252Z_39c80c_USW00094789.dly,2026-09-20T03:30:52.161805+00:00,6eeab7003dc78cb5266923f6972c346b67f07fb79047c7ad0aac2750f54fa703
2019-10-31,20.0,16.1,True,18.05,GHCN-Daily,64.49000000000001,0.5099999999999909,0.0,USW00094789,e8e5ff762a1a94e28f53c7df,data/raw/ghcn/20260920T033052159252Z_39c80c_USW00094789.dly,2026-09-20T03:30:52.161805+00:00,6eeab7003dc78cb5266923f6972c346b67f07fb79047c7ad0aac2750f54fa703
2020-10-01,23.9,15.6,True,19.75,GHCN-Daily,67.55000000000001,0.0,2.5500000000000114,USW00094789,e8e5ff762a1a94e28f53c7df,data/raw/ghcn/20260920T033052159252Z_39c80c_USW00094789.dly,2026-09-20T03:30:52.161805+00:00,6eeab7003dc78cb5266923f6972c346b67f07fb79047c7ad0aac2750f54fa703
2020-10-02,20.0,12.8,True,16.4,GHCN-Daily,61.519999999999996,3.480000000000004,0.0,USW00094789,e8e5ff762a1a94e28f53c7df,data/raw/ghcn/20260920T033052159252Z_39c80c_USW00094789.dly,2026-09-20T03:30:52.161805+00:00,6eeab7003dc78cb5266923f6972c346b67f07fb79047c7ad0aac2750f54fa703
2020-10-03,20.0,10.6,True,15.3,GHCN-Daily,59.540000000000006,5.459999999999994,0.0,USW00094789,e8e5ff762a1a94e28f53c7df,data/raw/ghcn/20260920T033052159252Z_39c80c_USW00094789.dly,2026-09-20T03:30:52.161805+00:00,6eeab7003dc78cb5266923f6972c346b67f07fb79047c7ad0aac2750f54fa703
2020-10-04,20.6,8.3,True,14.450000000000001,GHCN-Daily,58.010000000000005,6.989999999999995,0.0,USW00094789,e8e5ff762a1a94e28f53c7df,data/raw/ghcn/20260920T033052159252Z_39c80c_USW00094789.dly,2026-09-20T03:30:52.161805+00:00,6eeab7003dc78cb5266923f6972c346b67f07fb79047c7ad0aac2750f54fa703
2020-10-05,21.1,11.7,True,16.4,GHCN-Daily,61.519999999999996,3.480000000000004,0.0,USW00094789,e8e5ff762a1a94e28f53c7df,data/raw/ghcn/20260920T033052159252Z_39c80c_USW00094789.dly,2026-09-20T03:30:52.161805+00:00,6eeab7003dc78cb5266923f6972c346b67f07fb79047c7ad0aac2750f54fa703
2020-10-06,21.1,13.3,True,17.200000000000003,GHCN-Daily,62.96000000000001,2.039999999999992,0.0,USW00094789,e8e5ff762a1a94e28f53c7df,data/raw/ghcn/20260920T033052159252Z_39c80c_USW00094789.dly,2026-09-20T03:30:52.161805+00:00,6eeab7003dc78cb5266923f6972c346b67f07fb79047c7ad0aac2750f54fa703
2020-10-07,25.6,15.0,True,20.3,GHCN-Daily,68.53999999999999,0.0,3.539999999999992,USW00094789,e8e5ff762a1a94e28f53c7df,data/raw/ghcn/20260920T033052159252Z_39c80c_USW00094789.dly,2026-09-20T03:30:52.161805+00:00,6eeab7003dc78cb5266923f6972c346b67f07fb79047c7ad0aac2750f54fa703
2020-10-08,19.4,11.1,True,15.25,GHCN-Daily,59.45,5.549999999999997,0.0,USW00094789,e8e5ff762a1a94e28f53c7df,data/raw/ghcn/20260920T033052159252Z_39c80c_USW00094789.dly,2026-09-20T03:30:52.161805+00:00,6eeab7003dc78cb5266923f6972c346b67f07fb79047c7ad0aac2750f54fa703
2020-10-09,20.0,8.9,True,14.45,GHCN-Daily,58.01,6.990000000000002,0.0,USW00094789,e8e5ff762a1a94e28f53c7df,data/raw/ghcn/20260920T033052159252Z_39c80c_USW00094789.dly,2026-09-20T03:30:52.161805+00:00,6eeab7003dc78cb5266923f6972c346b67f07fb79047c7ad0aac2750f54fa703
2020-10-10,21.7,15.0,True,18.35,GHCN-Daily,65.03,0.0,0.030000000000001137,USW00094789,e8e5ff762a1a94e28f53c7df,data/raw/ghcn/20260920T033052159252Z_39c80c_USW00094789.dly,2026-09-20T03:30:52.161805+00:00,6eeab7003dc78cb5266923f6972c346b67f07fb79047c7ad0aac2750f54fa703
2020-10-11,20.6,13.9,True,17.25,GHCN-Daily,63.05,1.9500000000000028,0.0,USW00094789,e8e5ff762a1a94e28f53c7df,data/raw/ghcn/20260920T033052159252Z_39c80c_USW00094789.dly,2026-09-20T03:30:52.161805+00:00,6eeab7003dc78cb5266923f6972c346b67f07fb79047c7ad0aac2750f54fa703
2020-10-12,13.9,10.0,True,11.95,GHCN-Daily,53.51,11.490000000000002,0.0,USW00094789,e8e5ff762a1a94e28f53c7df,data/raw/ghcn/20260920T033052159252Z_39c80c_USW00094789.dly,2026-09-20T03:30:52.161805+00:00,6eeab7003dc78cb5266923f6972c346b67f07fb79047c7ad0aac2750f54fa703
2020-10-13,16.1,13.3,True,14.700000000000001,GHCN-Daily,58.46,6.539999999999999,0.0,USW00094789,e8e5ff762a1a94e28f53c7df,data/raw/ghcn/20260920T033052159252Z_39c80c_USW00094789.dly,2026-09-20T03:30:52.161805+00:00,6eeab7003dc78cb5266923f6972c346b67f07fb79047c7ad0aac2750f54fa703
2020-10-14,20.6,10.6,True,15.600000000000001,GHCN-Daily,60.08,4.920000000000002,0.0,USW00094789,e8e5ff762a1a94e28f53c7df,data/raw/ghcn/20260920T033052159252Z_39c80c_USW00094789.dly,2026-09-20T03:30:52.161805+00:00,6eeab7003dc78cb5266923f6972c346b67f07fb79047c7ad0aac2750f54fa703
2020-10-15,21.1,12.8,True,16.950000000000003,GHCN-Daily,62.510000000000005,2.489999999999995,0.0,USW00094789,e8e5ff762a1a94e28f53c7df,data/raw/ghcn/20260920T033052159252Z_39c80c_USW00094789.dly,2026-09-20T03:30:52.161805+00:00,6eeab7003dc78cb5266923f6972c346b67f07fb79047c7ad0aac2750f54fa703
2020-10-16,18.3,8.9,True,13.600000000000001,GHCN-Daily,56.480000000000004,8.519999999999996,0.0,USW00094789,e8e5ff762a1a94e28f53c7df,data/raw/ghcn/20260920T033052159252Z_39c80c_USW00094789.dly,2026-09-20T03:30:52.161805+00:00,6eeab7003dc78cb5266923f6972c346b67f07fb79047c7ad0aac2750f54fa703
2020-10-17,16.7,7.2,True,11.95,GHCN-Daily,53.51,11.490000000000002,0.0,USW00094789,e8e5ff762a1a94e28f53c7df,data/raw/ghcn/20260920T033052159252Z_39c80c_USW00094789.dly,2026-09-20T03:30:52.161805+00:00,6eeab7003dc78cb5266923f6972c346b67f07fb79047c7ad0aac2750f54fa703
2020-10-18,17.2,5.6,True,11.399999999999999,GHCN-Daily,52.519999999999996,12.480000000000004,0.0,USW00094789,e8e5ff762a1a94e28f53c7df,data/raw/ghcn/20260920T033052159252Z_39c80c_USW00094789.dly,2026-09-20T03:30:52.161805+00:00,6eeab7003dc78cb5266923f6972c346b67f07fb79047c7ad0aac2750f54fa703
2020-10-19,19.4,9.4,True,14.399999999999999,GHCN-Daily,57.92,7.079999999999998,0.0,USW00094789,e8e5ff762a1a94e28f53c7df,data/raw/ghcn/20260920T033052159252Z_39c80c_USW00094789.dly,2026-09-20T03:30:52.161805+00:00,6eeab7003dc78cb5266923f6972c346b67f07fb79047c7ad0aac2750f54fa703
2020-10-20,21.1,13.9,True,17.5,GHCN-Daily,63.5,1.5,0.0,USW00094789,e8e5ff762a1a94e28f53c7df,data/raw/ghcn/20260920T033052159252Z_39c80c_USW00094789.dly,2026-09-20T03:30:52.161805+00:00,6eeab7003dc78cb5266923f6972c346b67f07fb79047c7ad0aac2750f54fa703
2020-10-21,20.0,15.6,True,17.8,GHCN-Daily,64.03999999999999,0.960000000000008,0.0,USW00094789,e8e5ff762a1a94e28f53c7df,data/raw/ghcn/20260920T033052159252Z_39c80c_USW00094789.dly,2026-09-20T03:30:52.161805+00:00,6eeab7003dc78cb5266923f6972c346b67f07fb79047c7ad0aac2750f54fa703
2020-10-22,19.4,15.6,True,17.5,GHCN-Daily,63.5,1.5,0.0,USW00094789,e8e5ff762a1a94e28f53c7df,data/raw/ghcn/20260920T033052159252Z_39c80c_USW00094789.dly,2026-09-20T03:30:52.161805+00:00,6eeab7003dc78cb5266923f6972c346b67f07fb79047c7ad0aac2750f54fa703
2020-10-23,20.0,16.1,True,18.05,GHCN-Daily,64.49000000000001,0.5099999999999909,0.0,USW00094789,e8e5ff762a1a94e28f53c7df,data/raw/ghcn/20260920T033052159252Z_39c80c_USW00094789.dly,2026-09-20T03:30:52.161805+00:00,6eeab7003dc78cb5266923f6972c346b67f07fb79047c7ad0aac2750f54fa703
2020-10-24,21.1,10.0,True,15.55,GHCN-Daily,59.99,5.009999999999998,0.0,USW00094789,e8e5ff762a1a94e28f53c7df,data/raw/ghcn/20260920T033052159252Z_39c80c_USW00094789.dly,2026-09-20T03:30:52.161805+00:00,6eeab7003dc78cb5266923f6972c346b67f07fb79047c7ad0aac2750f54fa703
2020-10-25,12.2,6.7,True,9.45,GHCN-Daily,49.01,15.990000000000002,0.0,USW00094789,e8e5ff762a1a94e28f53c7df,data/raw/ghcn/20260920T033052159252Z_39c80c_USW00094789.dly,2026-09-20T03:30:52.161805+00:00,6eeab7003dc78cb5266923f6972c346b67f07fb79047c7ad0aac2750f54fa703
2020-10-26,15.0,10.6,True,12.8,GHCN-Daily,55.040000000000006,9.959999999999994,0.0,USW00094789,e8e5ff762a1a94e28f53c7df,data/raw/ghcn/20260920T033052159252Z_39c80c_USW00094789.dly,2026-09-20T03:30:52.161805+00:00,6eeab7003dc78cb5266923f6972c346b67f07fb79047c7ad0aac2750f54fa703
2020-10-27,15.6,12.2,True,13.899999999999999,GHCN-Daily,57.019999999999996,7.980000000000004,0.0,USW00094789,e8e5ff762a1a94e28f53c7df,data/raw/ghcn/20260920T033052159252Z_39c80c_USW00094789.dly,2026-09-20T03:30:52.161805+00:00,6eeab7003dc78cb5266923f6972c346b67f07fb79047c7ad0aac2750f54fa703
2020-10-28,14.4,11.1,True,12.75,GHCN-Daily,54.95,10.049999999999997,0.0,USW00094789,e8e5ff762a1a94e28f53c7df,data/raw/ghcn/20260920T033052159252Z_39c80c_USW00094789.dly,2026-09-20T03:30:52.161805+00:00,6eeab7003dc78cb5266923f6972c346b67f07fb79047c7ad0aac2750f54fa703
2020-10-29,13.9,7.8,True,10.85,GHCN-Daily,51.53,13.469999999999999,0.0,USW00094789,e8e5ff762a1a94e28f53c7df,data/raw/ghcn/20260920T033052159252Z_39c80c_USW00094789.dly,2026-09-20T03:30:52.161805+00:00,6eeab7003dc78cb5266923f6972c346b67f07fb79047c7ad0aac2750f54fa703
2020-10-30,7.8,2.2,True,5.0,GHCN-Daily,41.0,24.0,0.0,USW00094789,e8e5ff762a1a94e28f53c7df,data/raw/ghcn/20260920T033052159252Z_39c80c_USW00094789.dly,2026-09-20T03:30:52.161805+00:00,6eeab7003dc78cb5266923f6972c346b67f07fb79047c7ad0aac2750f54fa703
2020-10-31,8.3,0.0,True,4.15,GHCN-Daily,39.47,25.53,0.0,USW00094789,e8e5ff762a1a94e28f53c7df,data/raw/ghcn/20260920T033052159252Z_39c80c_USW00094789.dly,2026-09-20T03:30:52.161805+00:00,6eeab7003dc78cb5266923f6972c346b67f07fb79047c7ad0aac2750f54fa703
2021-10-01,21.1,10.0,True,15.55,GHCN-Daily,59.99,5.009999999999998,0.0,USW00094789,e8e5ff762a1a94e28f53c7df,data/raw/ghcn/20260920T033052159252Z_39c80c_USW00094789.dly,2026-09-20T03:30:52.161805+00:00,6eeab7003dc78cb5266923f6972c346b67f07fb79047c7ad0aac2750f54fa703
2021-10-02,23.9,12.2,True,18.049999999999997,GHCN-Daily,64.49,0.5100000000000051,0.0,USW00094789,e8e5ff762a1a94e28f53c7df,data/raw/ghcn/20260920T033052159252Z_39c80c_USW00094789.dly,2026-09-20T03:30:52.161805+00:00,6eeab7003dc78cb5266923f6972c346b67f07fb79047c7ad0aac2750f54fa703
2021-10-03,25.0,15.0,True,20.0,GHCN-Daily,68.0,0.0,3.0,USW00094789,e8e5ff762a1a94e28f53c7df,data/raw/ghcn/20260920T033052159252Z_39c80c_USW00094789.dly,2026-09-20T03:30:52.161805+00:00,6eeab7003dc78cb5266923f6972c346b67f07fb79047c7ad0aac2750f54fa703
2021-10-04,22.8,16.7,True,19.75,GHCN-Daily,67.55000000000001,0.0,2.5500000000000114,USW00094789,e8e5ff762a1a94e28f53c7df,data/raw/ghcn/20260920T033052159252Z_39c80c_USW00094789.dly,2026-09-20T03:30:52.161805+00:00,6eeab7003dc78cb5266923f6972c346b67f07fb79047c7ad0aac2750f54fa703
2021-10-05,18.9,15.6,True,17.25,GHCN-Daily,63.05,1.9500000000000028,0.0,USW00094789,e8e5ff762a1a94e28f53c7df,data/raw/ghcn/20260920T033052159252Z_39c80c_USW00094789.dly,2026-09-20T03:30:52.161805+00:00,6eeab7003dc78cb5266923f6972c346b67f07fb79047c7ad0aac2750f54fa703
2021-10-06,22.2,15.6,True,18.9,GHCN-Daily,66.02,0.0,1.019999999999996,USW00094789,e8e5ff762a1a94e28f53c7df,data/raw/ghcn/20260920T033052159252Z_39c80c_USW00094789.dly,2026-09-20T03:30:52.161805+00:00,6eeab7003dc78cb5266923f6972c346b67f07fb79047c7ad0aac2750f54fa703
2021-10-07,23.9,15.0,True,19.45,GHCN-Daily,67.00999999999999,0.0,2.009999999999991,USW00094789,e8e5ff762a1a94e28f53c7df,data/raw/ghcn/20260920T033052159252Z_39c80c_USW00094789.dly,2026-09-20T03:30:52.161805+00:00,6eeab7003dc78cb5266923f6972c346b67f07fb79047c7ad0aac2750f54fa703
2021-10-08,25.0,15.6,True,20.3,GHCN-Daily,68.53999999999999,0.0,3.539999999999992,USW00094789,e8e5ff762a1a94e28f53c7df,data/raw/ghcn/20260920T033052159252Z_39c80c_USW00094789.dly,2026-09-20T03:30:52.161805+00:00,6eeab7003dc78cb5266923f6972c346b67f07fb79047c7ad0aac2750f54fa703
2021-10-09,22.2,14.4,True,18.3,GHCN-Daily,64.94,0.060000000000002274,0.0,USW00094789,e8e5ff762a1a94e28f53c7df,data/raw/ghcn/20260920T033052159252Z_39c80c_USW00094789.dly,2026-09-20T03:30:52.161805+00:00,6eeab7003dc78cb5266923f6972c346b67f07fb79047c7ad0aac2750f54fa703
2021-10-10,20.6,16.7,True,18.65,GHCN-Daily,65.57,0.0,0.5699999999999932,USW00094789,e8e5ff762a1a94e28f53c7df,data/raw/ghcn/20260920T033052159252Z_39c80c_USW00094789.dly,2026-09-20T03:30:52.161805+00:00,6eeab7003dc78cb5266923f6972c346b67f07fb79047c7ad0aac2750f54fa703
2021-10-11,23.9,15.6,True,19.75,GHCN-Daily,67.55000000000001,0.0,2.5500000000000114,USW00094789,e8e5ff762a1a94e28f53c7df,data/raw/ghcn/20260920T033052159252Z_39c80c_USW00094789.dly,2026-09-20T03:30:52.161805+00:00,6eeab7003dc78cb5266923f6972c346b67f07fb79047c7ad0aac2750f54fa703
2021-10-12,22.2,15.0,True,18.6,GHCN-Daily,65.48,0.0,0.480000000000004,USW00094789,e8e5ff762a1a94e28f53c7df,data/raw/ghcn/20260920T033052159252Z_39c80c_USW00094789.dly,2026-09-20T03:30:52.161805+00:00,6eeab7003dc78cb5266923f6972c346b67f07fb79047c7ad0aac2750f54fa703
2021-10-13,20.6,14.4,True,17.5,GHCN-Daily,63.5,1.5,0.0,USW00094789,e8e5ff762a1a94e28f53c7df,data/raw/ghcn/20260920T033052159252Z_39c80c_USW00094789.dly,2026-09-20T03:30:52.161805+00:00,6eeab7003dc78cb5266923f6972c346b67f07fb79047c7ad0aac2750f54fa703
2021-10-14,26.7,16.7,True,21.7,GHCN-Daily,71.06,0.0,6.060000000000002,USW00094789,e8e5ff762a1a94e28f53c7df,data/raw/ghcn/20260920T033052159252Z_39c80c_USW00094789.dly,2026-09-20T03:30:52.161805+00:00,6eeab7003dc78cb5266923f6972c346b67f07fb79047c7ad0aac2750f54fa703
2021-10-15,25.0,16.1,True,20.55,GHCN-Daily,68.99000000000001,0.0,3.990000000000009,USW00094789,e8e5ff762a1a94e28f53c7df,data/raw/ghcn/20260920T033052159252Z_39c80c_USW00094789.dly,2026-09-20T03:30:52.161805+00:00,6eeab7003dc78cb5266923f6972c346b67f07fb79047c7ad0aac2750f54fa703
2021-10-16,23.9,15.0,True,19.45,GHCN-Daily,67.00999999999999,0.0,2.009999999999991,USW00094789,e8e5ff762a1a94e28f53c7df,data/raw/ghcn/20260920T033052159252Z_39c80c_USW00094789.dly,2026-09-20T03:30:52.161805+00:00,6eeab7003dc78cb5266923f6972c346b67f07fb79047c7ad0aac2750f54fa703
2021-10-17,18.3,11.7,True,15.0,GHCN-Daily,59.0,6.0,0.0,USW00094789,e8e5ff762a1a94e28f53c7df,data/raw/ghcn/20260920T033052159252Z_39c80c_USW00094789.dly,2026-09-20T03:30:52.161805+00:00,6eeab7003dc78cb5266923f6972c346b67f07fb79047c7ad0aac2750f54fa703
2021-10-18,17.8,10.0,True,13.9,GHCN-Daily,57.019999999999996,7.980000000000004,0.0,USW00094789,e8e5ff762a1a94e28f53c7df,data/raw/ghcn/20260920T033052159252Z_39c80c_USW00094789.dly,2026-09-20T03:30:52.161805+00:00,6eeab7003dc78cb5266923f6972c346b67f07fb79047c7ad0aac2750f54fa703
2021-10-19,20.0,8.9,True,14.45,GHCN-Daily,58.01,6.990000000000002,0.0,USW00094789,e8e5ff762a1a94e28f53c7df,data/raw/ghcn/20260920T033052159252Z_39c80c_USW00094789.dly,2026-09-20T03:30:52.161805+00:00,6eeab7003dc78cb5266923f6972c346b67f07fb79047c7ad0aac2750f54fa703
2021-10-20,26.1,14.4,True,20.25,GHCN-Daily,68.45,0.0,3.450000000000003,USW00094789,e8e5ff762a1a94e28f53c7df,data/raw/ghcn/20260920T033052159252Z_39c80c_USW00094789.dly,2026-09-20T03:30:52.161805+00:00,6eeab7003dc78cb5266923f6972c346b67f07fb79047c7ad0aac2750f54fa703
2021-10-21,22.8,13.9,True,18.35,GHCN-Daily,65.03,0.0,0.030000000000001137,USW00094789,e8e5ff762a1a94e28f53c7df,data/raw/ghcn/20260920T033052159252Z_39c80c_USW00094789.dly,2026-09-20T03:30:52.161805+00:00,6eeab7003dc78cb5266923f6972c346b67f07fb79047c7ad0aac2750f54fa703
2021-10-22,21.7,14.4,True,18.05,GHCN-Daily,64.49000000000001,0.5099999999999909,0.0,USW00094789,e8e5ff762a1a94e28f53c7df,data/raw/ghcn/20260920T033052159252Z_39c80c_USW00094789.dly,2026-09-20T03:30:52.161805+00:00,6eeab7003dc78cb5266923f6972c346b67f07fb79047c7ad0aac2750f54fa703
2021-10-23,16.7,10.0,True,13.35,GHCN-Daily,56.03,8.969999999999999,0.0,USW00094789,e8e5ff762a1a94e28f53c7df,data/raw/ghcn/20260920T033052159252Z_39c80c_USW00094789.dly,2026-09-20T03:30:52.161805+00:00,6eeab7003dc78cb5266923f6972c346b67f07fb79047c7ad0aac2750f54fa703
2021-10-24,16.7,8.3,True,12.5,GHCN-Daily,54.5,10.5,0.0,USW00094789,e8e5ff762a1a94e28f53c7df,data/raw/ghcn/20260920T033052159252Z_39c80c_USW00094789.dly,2026-09-20T03:30:52.161805+00:00,6eeab7003dc78cb5266923f6972c346b67f07fb79047c7ad0aac2750f54fa703
2021-10-25,22.8,16.1,True,19.450000000000003,GHCN-Daily,67.01,0.0,2.010000000000005,USW00094789,e8e5ff762a1a94e28f53c7df,data/raw/ghcn/20260920T033052159252Z_39c80c_USW00094789.dly,2026-09-20T03:30:52.161805+00:00,6eeab7003dc78cb5266923f6972c346b67f07fb79047c7ad0aac2750f54fa703
2021-10-26,18.9,13.3,True,16.1,GHCN-Daily,60.980000000000004,4.019999999999996,0.0,USW00094789,e8e5ff762a1a94e28f53c7df,data/raw/ghcn/20260920T033052159252Z_39c80c_USW00094789.dly,2026-09-20T03:30:52.161805+00:00,6eeab7003dc78cb5266923f6972c346b67f07fb79047c7ad0aac2750f54fa703
2021-10-27,16.1,11.7,True,13.9,GHCN-Daily,57.019999999999996,7.980000000000004,0.0,USW00094789,e8e5ff762a1a94e28f53c7df,data/raw/ghcn/20260920T033052159252Z_39c80c_USW00094789.dly,2026-09-20T03:30:52.161805+00:00,6eeab7003dc78cb5266923f6972c346b67f07fb79047c7ad0aac2750f54fa703
2021-10-28,14.4,8.9,True,11.65,GHCN-Daily,52.97,12.030000000000001,0.0,USW00094789,e8e5ff762a1a94e28f53c7df,data/raw/ghcn/20260920T033052159252Z_39c80c_USW00094789.dly,2026-09-20T03:30:52.161805+00:00,6eeab7003dc78cb5266923f6972c346b67f07fb79047c7ad0aac2750f54fa703
2021-10-29,15.0,8.3,True,11.65,GHCN-Daily,52.97,12.030000000000001,0.0,USW00094789,e8e5ff762a1a94e28f53c7df,data/raw/ghcn/20260920T033052159252Z_39c80c_USW00094789.dly,2026-09-20T03:30:52.161805+00:00,6eeab7003dc78cb5266923f6972c346b67f07fb79047c7ad0aac2750f54fa703
2021-10-30,18.9,13.3,True,16.1,GHCN-Daily,60.980000000000004,4.019999999999996,0.0,USW00094789,e8e5ff762a1a94e28f53c7df,data/raw/ghcn/20260920T033052159252Z_39c80c_USW00094789.dly,2026-09-20T03:30:52.161805+00:00,6eeab7003dc78cb5266923f6972c346b67f07fb79047c7ad0aac2750f54fa703
2021-10-31,18.9,13.3,True,16.1,GHCN-Daily,60.980000000000004,4.019999999999996,0.0,USW00094789,e8e5ff762a1a94e28f53c7df,data/raw/ghcn/20260920T033052159252Z_39c80c_USW00094789.dly,2026-09-20T03:30:52.161805+00:00,6eeab7003dc78cb5266923f6972c346b67f07fb79047c7ad0aac2750f54fa703
2022-10-01,15.6,11.7,True,13.649999999999999,GHCN-Daily,56.56999999999999,8.430000000000007,0.0,USW00094789,e8e5ff762a1a94e28f53c7df,data/raw/ghcn/20260920T033052159252Z_39c80c_USW00094789.dly,2026-09-20T03:30:52.161805+00:00,6eeab7003dc78cb5266923f6972c346b67f07fb79047c7ad0aac2750f54fa703
2022-10-02,15.6,10.0,True,12.8,GHCN-Daily,55.040000000000006,9.959999999999994,0.0,USW00094789,e8e5ff762a1a94e28f53c7df,data/raw/ghcn/20260920T033052159252Z_39c80c_USW00094789.dly,2026-09-20T03:30:52.161805+00:00,6eeab7003dc78cb5266923f6972c346b67f07fb79047c7ad0aac2750f54fa703
2022-10-03,11.1,9.4,True,10.25,GHCN-Daily,50.45,14.549999999999997,0.0,USW00094789,e8e5ff762a1a94e28f53c7df,data/raw/ghcn/20260920T033052159252Z_39c80c_USW00094789.dly,2026-09-20T03:30:52.161805+00:00,6eeab7003dc78cb5266923f6972c346b67f07fb79047c7ad0aac2750f54fa703
2022-10-04,13.3,8.3,True,10.8,GHCN-Daily,51.44,13.560000000000002,0.0,USW00094789,e8e5ff762a1a94e28f53c7df,data/raw/ghcn/20260920T033052159252Z_39c80c_USW00094789.dly,2026-09-20T03:30:52.161805+00:00,6eeab7003dc78cb5266923f6972c346b67f07fb79047c7ad0aac2750f54fa703
2022-10-05,15.6,12.8,True,14.2,GHCN-Daily,57.56,7.439999999999998,0.0,USW00094789,e8e5ff762a1a94e28f53c7df,data/raw/ghcn/20260920T033052159252Z_39c80c_USW00094789.dly,2026-09-20T03:30:52.161805+00:00,6eeab7003dc78cb5266923f6972c346b67f07fb79047c7ad0aac2750f54fa703
2022-10-06,24.4,11.1,True,17.75,GHCN-Daily,63.95,1.0499999999999972,0.0,USW00094789,e8e5ff762a1a94e28f53c7df,data/raw/ghcn/20260920T033052159252Z_39c80c_USW00094789.dly,2026-09-20T03:30:52.161805+00:00,6eeab7003dc78cb5266923f6972c346b67f07fb79047c7ad0aac2750f54fa703
2022-10-07,24.4,13.3,True,18.85,GHCN-Daily,65.93,0.0,0.9300000000000068,USW00094789,e8e5ff762a1a94e28f53c7df,data/raw/ghcn/20260920T033052159252Z_39c80c_USW00094789.dly,2026-09-20T03:30:52.161805+00:00,6eeab7003dc78cb5266923f6972c346b67f07fb79047c7ad0aac2750f54fa703
2022-10-08,16.1,7.8,True,11.950000000000001,GHCN-Daily,53.510000000000005,11.489999999999995,0.0,USW00094789,e8e5ff762a1a94e28f53c7df,data/raw/ghcn/20260920T033052159252Z_39c80c_USW00094789.dly,2026-09-20T03:30:52.161805+00:00,6eeab7003dc78cb5266923f6972c346b67f07fb79047c7ad0aac2750f54fa703
2022-10-09,17.8,7.2,True,12.5,GHCN-Daily,54.5,10.5,0.0,USW00094789,e8e5ff762a1a94e28f53c7df,data/raw/ghcn/20260920T033052159252Z_39c80c_USW00094789.dly,2026-09-20T03:30:52.161805+00:00,6eeab7003dc78cb5266923f6972c346b67f07fb79047c7ad0aac2750f54fa703
2022-10-10,20.0,8.9,True,14.45,GHCN-Daily,58.01,6.990000000000002,0.0,USW00094789,e8e5ff762a1a94e28f53c7df,data/raw/ghcn/20260920T033052159252Z_39c80c_USW00094789.dly,2026-09-20T03:30:52.161805+00:00,6eeab7003dc78cb5266923f6972c346b67f07fb79047c7ad0aac2750f54fa703
2022-10-11,22.8,10.6,True,16.7,GHCN-Daily,62.06,2.9399999999999977,0.0,USW00094789,e8e5ff762a1a94e28f53c7df,data/raw/ghcn/20260920T033052159252Z_39c80c_USW00094789.dly,2026-09-20T03:30:52.161805+00:00,6eeab7003dc78cb5266923f6972c346b67f07fb79047c7ad0aac2750f54fa703
2022-10-12,20.0,11.1,True,15.55,GHCN-Daily,59.99,5.009999999999998,0.0,USW00094789,e8e5ff762a1a94e28f53c7df,data/raw/ghcn/20260920T033052159252Z_39c80c_USW00094789.dly,2026-09-20T03:30:52.161805+00:00,6eeab7003dc78cb5266923f6972c346b67f07fb79047c7ad0aac2750f54fa703
2022-10-13,20.0,12.8,True,16.4,GHCN-Daily,61.519999999999996,3.480000000000004,0.0,USW00094789,e8e5ff762a1a94e28f53c7df,data/raw/ghcn/20260920T033052159252Z_39c80c_USW00094789.dly,2026-09-20T03:30:52.161805+00:00,6eeab7003dc78cb5266923f6972c346b67f07fb79047c7ad0aac2750f54fa703
2022-10-14,20.6,10.6,True,15.600000000000001,GHCN-Daily,60.08,4.920000000000002,0.0,USW00094789,e8e5ff762a1a94e28f53c7df,data/raw/ghcn/20260920T033052159252Z_39c80c_USW00094789.dly,2026-09-20T03:30:52.161805+00:00,6eeab7003dc78cb5266923f6972c346b67f07fb79047c7ad0aac2750f54fa703
2022-10-15,20.0,8.3,True,14.15,GHCN-Daily,57.47,7.530000000000001,0.0,USW00094789,e8e5ff762a1a94e28f53c7df,data/raw/ghcn/20260920T033052159252Z_39c80c_USW00094789.dly,2026-09-20T03:30:52.161805+00:00,6eeab7003dc78cb5266923f6972c346b67f07fb79047c7ad0aac2750f54fa703
2022-10-16,18.9,11.1,True,15.0,GHCN-Daily,59.0,6.0,0.0,USW00094789,e8e5ff762a1a94e28f53c7df,data/raw/ghcn/20260920T033052159252Z_39c80c_USW00094789.dly,2026-09-20T03:30:52.161805+00:00,6eeab7003dc78cb5266923f6972c346b67f07fb79047c7ad0aac2750f54fa703
2022-10-17,19.4,12.2,True,15.799999999999999,GHCN-Daily,60.44,4.560000000000002,0.0,USW00094789,e8e5ff762a1a94e28f53c7df,data/raw/ghcn/20260920T033052159252Z_39c80c_USW00094789.dly,2026-09-20T03:30:52.161805+00:00,6eeab7003dc78cb5266923f6972c346b67f07fb79047c7ad0aac2750f54fa703
2022-10-18,14.4,8.9,True,11.65,GHCN-Daily,52.97,12.030000000000001,0.0,USW00094789,e8e5ff762a1a94e28f53c7df,data/raw/ghcn/20260920T033052159252Z_39c80c_USW00094789.dly,2026-09-20T03:30:52.161805+00:00,6eeab7003dc78cb5266923f6972c346b67f07fb79047c7ad0aac2750f54fa703
2022-10-19,13.3,6.1,True,9.7,GHCN-Daily,49.46,15.54,0.0,USW00094789,e8e5ff762a1a94e28f53c7df,data/raw/ghcn/20260920T033052159252Z_39c80c_USW00094789.dly,2026-09-20T03:30:52.161805+00:00,6eeab7003dc78cb5266923f6972c346b67f07fb79047c7ad0aac2750f54fa703
2022-10-20,16.1,6.7,True,11.4,GHCN-Daily,52.519999999999996,12.480000000000004,0.0,USW00094789,e8e5ff762a1a94e28f53c7df,data/raw/ghcn/20260920T033052159252Z_39c80c_USW00094789.dly,2026-09-20T03:30:52.161805+00:00,6eeab7003dc78cb5266923f6972c346b67f07fb79047c7ad0aac2750f54fa703
2022-10-21,17.8,6.1,True,11.95,GHCN-Daily,53.51,11.490000000000002,0.0,USW00094789,e8e5ff762a1a94e28f53c7df,data/raw/ghcn/20260920T033052159252Z_39c80c_USW00094789.dly,2026-09-20T03:30:52.161805+00:00,6eeab7003dc78cb5266923f6972c346b67f07fb79047c7ad0aac2750f54fa703
2022-10-22,18.3,6.1,True,12.2,GHCN-Daily,53.96,11.04,0.0,USW00094789,e8e5ff762a1a94e28f53c7df,data/raw/ghcn/20260920T033052159252Z_39c80c_USW00094789.dly,2026-09-20T03:30:52.161805+00:00,6eeab7003dc78cb5266923f6972c346b67f07fb79047c7ad0aac2750f54fa703
2022-10-23,16.1,12.8,True,14.450000000000001,GHCN-Daily,58.010000000000005,6.989999999999995,0.0,USW00094789,e8e5ff762a1a94e28f53c7df,data/raw/ghcn/20260920T033052159252Z_39c80c_USW00094789.dly,2026-09-20T03:30:52.161805+00:00,6eeab7003dc78cb5266923f6972c346b67f07fb79047c7ad0aac2750f54fa703
2022-10-24,17.8,12.8,True,15.3,GHCN-Daily,59.540000000000006,5.459999999999994,0.0,USW00094789,e8e5ff762a1a94e28f53c7df,data/raw/ghcn/20260920T033052159252Z_39c80c_USW00094789.dly,2026-09-20T03:30:52.161805+00:00,6eeab7003dc78cb5266923f6972c346b67f07fb79047c7ad0aac2750f54fa703
2022-10-25,22.8,16.7,True,19.75,GHCN-Daily,67.55000000000001,0.0,2.5500000000000114,USW00094789,e8e5ff762a1a94e28f53c7df,data/raw/ghcn/20260920T033052159252Z_39c80c_USW00094789.dly,2026-09-20T03:30:52.161805+00:00,6eeab7003dc78cb5266923f6972c346b67f07fb79047c7ad0aac2750f54fa703
2022-10-26,21.7,15.6,True,18.65,GHCN-Daily,65.57,0.0,0.5699999999999932,USW00094789,e8e5ff762a1a94e28f53c7df,data/raw/ghcn/20260920T033052159252Z_39c80c_USW00094789.dly,2026-09-20T03:30:52.161805+00:00,6eeab7003dc78cb5266923f6972c346b67f07fb79047c7ad0aac2750f54fa703
2022-10-27,19.4,10.6,True,15.0,GHCN-Daily,59.0,6.0,0.0,USW00094789,e8e5ff762a1a94e28f53c7df,data/raw/ghcn/20260920T033052159252Z_39c80c_USW00094789.dly,2026-09-20T03:30:52.161805+00:00,6eeab7003dc78cb5266923f6972c346b67f07fb79047c7ad0aac2750f54fa703
2022-10-28,15.0,7.8,True,11.4,GHCN-Daily,52.519999999999996,12.480000000000004,0.0,USW00094789,e8e5ff762a1a94e28f53c7df,data/raw/ghcn/20260920T033052159252Z_39c80c_USW00094789.dly,2026-09-20T03:30:52.161805+00:00,6eeab7003dc78cb5266923f6972c346b67f07fb79047c7ad0aac2750f54fa703
2022-10-29,16.1,5.6,True,10.850000000000001,GHCN-Daily,51.53,13.469999999999999,0.0,USW00094789,e8e5ff762a1a94e28f53c7df,data/raw/ghcn/20260920T033052159252Z_39c80c_USW00094789.dly,2026-09-20T03:30:52.161805+00:00,6eeab7003dc78cb5266923f6972c346b67f07fb79047c7ad0aac2750f54fa703
2022-10-30,16.7,3.3,True,10.0,GHCN-Daily,50.0,15.0,0.0,USW00094789,e8e5ff762a1a94e28f53c7df,data/raw/ghcn/20260920T033052159252Z_39c80c_USW00094789.dly,2026-09-20T03:30:52.161805+00:00,6eeab7003dc78cb5266923f6972c346b67f07fb79047c7ad0aac2750f54fa703
2022-10-31,17.8,9.4,True,13.600000000000001,GHCN-Daily,56.480000000000004,8.519999999999996,0.0,USW00094789,e8e5ff762a1a94e28f53c7df,data/raw/ghcn/20260920T033052159252Z_39c80c_USW00094789.dly,2026-09-20T03:30:52.161805+00:00,6eeab7003dc78cb5266923f6972c346b67f07fb79047c7ad0aac2750f54fa703
2023-10-01,25.0,15.0,True,20.0,GHCN-Daily,68.0,0.0,3.0,USW00094789,e8e5ff762a1a94e28f53c7df,data/raw/ghcn/20260920T033052159252Z_39c80c_USW00094789.dly,2026-09-20T03:30:52.161805+00:00,6eeab7003dc78cb5266923f6972c346b67f07fb79047c7ad0aac2750f54fa703
2023-10-02,25.6,16.1,True,20.85,GHCN-Daily,69.53,0.0,4.530000000000001,USW00094789,e8e5ff762a1a94e28f53c7df,data/raw/ghcn/20260920T033052159252Z_39c80c_USW00094789.dly,2026-09-20T03:30:52.161805+00:00,6eeab7003dc78cb5266923f6972c346b67f07fb79047c7ad0aac2750f54fa703
2023-10-03,23.9,13.3,True,18.6,GHCN-Daily,65.48,0.0,0.480000000000004,USW00094789,e8e5ff762a1a94e28f53c7df,data/raw/ghcn/20260920T033052159252Z_39c80c_USW00094789.dly,2026-09-20T03:30:52.161805+00:00,6eeab7003dc78cb5266923f6972c346b67f07fb79047c7ad0aac2750f54fa703
2023-10-04,25.6,16.1,True,20.85,GHCN-Daily,69.53,0.0,4.530000000000001,USW00094789,e8e5ff762a1a94e28f53c7df,data/raw/ghcn/20260920T033052159252Z_39c80c_USW00094789.dly,2026-09-20T03:30:52.161805+00:00,6eeab7003dc78cb5266923f6972c346b67f07fb79047c7ad0aac2750f54fa703
2023-10-05,23.3,13.9,True,18.6,GHCN-Daily,65.48,0.0,0.480000000000004,USW00094789,e8e5ff762a1a94e28f53c7df,data/raw/ghcn/20260920T033052159252Z_39c80c_USW00094789.dly,2026-09-20T03:30:52.161805+00:00,6eeab7003dc78cb5266923f6972c346b67f07fb79047c7ad0aac2750f54fa703
2023-10-06,22.2,17.8,True,20.0,GHCN-Daily,68.0,0.0,3.0,USW00094789,e8e5ff762a1a94e28f53c7df,data/raw/ghcn/20260920T033052159252Z_39c80c_USW00094789.dly,2026-09-20T03:30:52.161805+00:00,6eeab7003dc78cb5266923f6972c346b67f07fb79047c7ad0aac2750f54fa703
2023-10-07,19.4,12.2,True,15.799999999999999,GHCN-Daily,60.44,4.560000000000002,0.0,USW00094789,e8e5ff762a1a94e28f53c7df,data/raw/ghcn/20260920T033052159252Z_39c80c_USW00094789.dly,2026-09-20T03:30:52.161805+00:00,6eeab7003dc78cb5266923f6972c346b67f07fb79047c7ad0aac2750f54fa703
2023-10-08,16.1,10.0,True,13.05,GHCN-Daily,55.49,9.509999999999998,0.0,USW00094789,e8e5ff762a1a94e28f53c7df,data/raw/ghcn/20260920T033052159252Z_39c80c_USW00094789.dly,2026-09-20T03:30:52.161805+00:00,6eeab7003dc78cb5266923f6972c346b67f07fb79047c7ad0aac2750f54fa703
2023-10-09,16.7,9.4,True,13.05,GHCN-Daily,55.49,9.509999999999998,0.0,USW00094789,e8e5ff762a1a94e28f53c7df,data/raw/ghcn/20260920T033052159252Z_39c80c_USW00094789.dly,2026-09-20T03:30:52.161805+00:00,6eeab7003dc78cb5266923f6972c346b67f07fb79047c7ad0aac2750f54fa703
2023-10-10,17.8,10.6,True,14.2,GHCN-Daily,57.56,7.439999999999998,0.0,USW00094789,e8e5ff762a1a94e28f53c7df,data/raw/ghcn/20260920T033052159252Z_39c80c_USW00094789.dly,2026-09-20T03:30:52.161805+00:00,6eeab7003dc78cb5266923f6972c346b67f07fb79047c7ad0aac2750f54fa703
2023-10-11,20.6,10.6,True,15.600000000000001,GHCN-Daily,60.08,4.920000000000002,0.0,USW00094789,e8e5ff762a1a94e28f53c7df,data/raw/ghcn/20260920T033052159252Z_39c80c_USW00094789.dly,2026-09-20T03:30:52.161805+00:00,6eeab7003dc78cb5266923f6972c346b67f07fb79047c7ad0aac2750f54fa703
2023-10-12,20.0,10.6,True,15.3,GHCN-Daily,59.540000000000006,5.459999999999994,0.0,USW00094789,e8e5ff762a1a94e28f53c7df,data/raw/ghcn/20260920T033052159252Z_39c80c_USW00094789.dly,2026-09-20T03:30:52.161805+00:00,6eeab7003dc78cb5266923f6972c346b67f07fb79047c7ad0aac2750f54fa703
2023-10-13,18.3,10.0,True,14.15,GHCN-Daily,57.47,7.530000000000001,0.0,USW00094789,e8e5ff762a1a94e28f53c7df,data/raw/ghcn/20260920T033052159252Z_39c80c_USW00094789.dly,2026-09-20T03:30:52.161805+00:00,6eeab7003dc78cb5266923f6972c346b67f07fb79047c7ad0aac2750f54fa703
2023-10-14,12.8,10.0,True,11.4,GHCN-Daily,52.519999999999996,12.480000000000004,0.0,USW00094789,e8e5ff762a1a94e28f53c7df,data/raw/ghcn/20260920T033052159252Z_39c80c_USW00094789.dly,2026-09-20T03:30:52.161805+00:00,6eeab7003dc78cb5266923f6972c346b67f07fb79047c7ad0aac2750f54fa703
2023-10-15,16.7,10.0,True,13.35,GHCN-Daily,56.03,8.969999999999999,0.0,USW00094789,e8e5ff762a1a94e28f53c7df,data/raw/ghcn/20260920T033052159252Z_39c80c_USW00094789.dly,2026-09-20T03:30:52.161805+00:00,6eeab7003dc78cb5266923f6972c346b67f07fb79047c7ad0aac2750f54fa703
2023-10-16,18.9,8.3,True,13.6,GHCN-Daily,56.480000000000004,8.519999999999996,0.0,USW00094789,e8e5ff762a1a94e28f53c7df,data/raw/ghcn/20260920T033052159252Z_39c80c_USW00094789.dly,2026-09-20T03:30:52.161805+00:00,6eeab7003dc78cb5266923f6972c346b67f07fb79047c7ad0aac2750f54fa703
2023-10-17,18.3,9.4,True,13.850000000000001,GHCN-Daily,56.93000000000001,8.069999999999993,0.0,USW00094789,e8e5ff762a1a94e28f53c7df,data/raw/ghcn/20260920T033052159252Z_39c80c_USW00094789.dly,2026-09-20T03:30:52.161805+00:00,6eeab7003dc78cb5266923f6972c346b67f07fb79047c7ad0aac2750f54fa703
2023-10-18,18.3,10.0,True,14.15,GHCN-Daily,57.47,7.530000000000001,0.0,USW00094789,e8e5ff762a1a94e28f53c7df,data/raw/ghcn/20260920T033052159252Z_39c80c_USW00094789.dly,2026-09-20T03:30:52.161805+00:00,6eeab7003dc78cb5266923f6972c346b67f07fb79047c7ad0aac2750f54fa703
2023-10-19,17.8,10.0,True,13.9,GHCN-Daily,57.019999999999996,7.980000000000004,0.0,USW00094789,e8e5ff762a1a94e28f53c7df,data/raw/ghcn/20260920T033052159252Z_39c80c_USW00094789.dly,2026-09-20T03:30:52.161805+00:00,6eeab7003dc78cb5266923f6972c346b67f07fb79047c7ad0aac2750f54fa703
2023-10-20,17.8,15.6,True,16.7,GHCN-Daily,62.06,2.9399999999999977,0.0,USW00094789,e8e5ff762a1a94e28f53c7df,data/raw/ghcn/20260920T033052159252Z_39c80c_USW00094789.dly,2026-09-20T03:30:52.161805+00:00,6eeab7003dc78cb5266923f6972c346b67f07fb79047c7ad0aac2750f54fa703
2023-10-21,18.9,13.9,True,16.4,GHCN-Daily,61.519999999999996,3.480000000000004,0.0,USW00094789,e8e5ff762a1a94e28f53c7df,data/raw/ghcn/20260920T033052159252Z_39c80c_USW00094789.dly,2026-09-20T03:30:52.161805+00:00,6eeab7003dc78cb5266923f6972c346b67f07fb79047c7ad0aac2750f54fa703
2023-10-22,16.1,8.3,True,12.200000000000001,GHCN-Daily,53.96,11.04,0.0,USW00094789,e8e5ff762a1a94e28f53c7df,data/raw/ghcn/20260920T033052159252Z_39c80c_USW00094789.dly,2026-09-20T03:30:52.161805+00:00,6eeab7003dc78cb5266923f6972c346b67f07fb79047c7ad0aac2750f54fa703
2023-10-23,16.7,6.7,True,11.7,GHCN-Daily,53.06,11.939999999999998,0.0,USW00094789,e8e5ff762a1a94e28f53c7df,data/raw/ghcn/20260920T033052159252Z_39c80c_USW00094789.dly,2026-09-20T03:30:52.161805+00:00,6eeab7003dc78cb5266923f6972c346b67f07fb79047c7ad0aac2750f54fa703
2023-10-24,17.2,6.1,True,11.649999999999999,GHCN-Daily,52.97,12.030000000000001,0.0,USW00094789,e8e5ff762a1a94e28f53c7df,data/raw/ghcn/20260920T033052159252Z_39c80c_USW00094789.dly,2026-09-20T03:30:52.161805+00:00,6eeab7003dc78cb5266923f6972c346b67f07fb79047c7ad0aac2750f54fa703
2023-10-25,21.1,9.4,True,15.25,GHCN-Daily,59.45,5.549999999999997,0.0,USW00094789,e8e5ff762a1a94e28f53c7df,data/raw/ghcn/20260920T033052159252Z_39c80c_USW00094789.dly,2026-09-20T03:30:52.161805+00:00,6eeab7003dc78cb5266923f6972c346b67f07fb79047c7ad0aac2750f54fa703
2023-10-26,23.3,11.1,True,17.2,GHCN-Daily,62.96,2.039999999999999,0.0,USW00094789,e8e5ff762a1a94e28f53c7df,data/raw/ghcn/20260920T033052159252Z_39c80c_USW00094789.dly,2026-09-20T03:30:52.161805+00:00,6eeab7003dc78cb5266923f6972c346b67f07fb79047c7ad0aac2750f54fa703
2023-10-27,21.7,12.8,True,17.25,GHCN-Daily,63.05,1.9500000000000028,0.0,USW00094789,e8e5ff762a1a94e28f53c7df,data/raw/ghcn/20260920T033052159252Z_39c80c_USW00094789.dly,2026-09-20T03:30:52.161805+00:00,6eeab7003dc78cb5266923f6972c346b67f07fb79047c7ad0aac2750f54fa703
2023-10-28,27.2,14.4,True,20.8,GHCN-Daily,69.44,0.0,4.439999999999998,USW00094789,e8e5ff762a1a94e28f53c7df,data/raw/ghcn/20260920T033052159252Z_39c80c_USW00094789.dly,2026-09-20T03:30:52.161805+00:00,6eeab7003dc78cb5266923f6972c346b67f07fb79047c7ad0aac2750f54fa703
2023-10-29,17.8,11.1,True,14.45,GHCN-Daily,58.01,6.990000000000002,0.0,USW00094789,e8e5ff762a1a94e28f53c7df,data/raw/ghcn/20260920T033052159252Z_39c80c_USW00094789.dly,2026-09-20T03:30:52.161805+00:00,6eeab7003dc78cb5266923f6972c346b67f07fb79047c7ad0aac2750f54fa703
2023-10-30,16.7,10.0,True,13.35,GHCN-Daily,56.03,8.969999999999999,0.0,USW00094789,e8e5ff762a1a94e28f53c7df,data/raw/ghcn/20260920T033052159252Z_39c80c_USW00094789.dly,2026-09-20T03:30:52.161805+00:00,6eeab7003dc78cb5266923f6972c346b67f07fb79047c7ad0aac2750f54fa703
2023-10-31,11.7,7.2,True,9.45,GHCN-Daily,49.01,15.990000000000002,0.0,USW00094789,e8e5ff762a1a94e28f53c7df,data/raw/ghcn/20260920T033052159252Z_39c80c_USW00094789.dly,2026-09-20T03:30:52.161805+00:00,6eeab7003dc78cb5266923f6972c346b67f07fb79047c7ad0aac2750f54fa703
2024-10-01,22.2,15.0,True,18.6,GHCN-Daily,65.48,0.0,0.480000000000004,USW00094789,e8e5ff762a1a94e28f53c7df,data/raw/ghcn/20260920T033052159252Z_39c80c_USW00094789.dly,2026-09-20T03:30:52.161805+00:00,6eeab7003dc78cb5266923f6972c346b67f07fb79047c7ad0aac2750f54fa703
2024-10-02,20.6,13.3,True,16.950000000000003,GHCN-Daily,62.510000000000005,2.489999999999995,0.0,USW00094789,e8e5ff762a1a94e28f53c7df,data/raw/ghcn/20260920T033052159252Z_39c80c_USW00094789.dly,2026-09-20T03:30:52.161805+00:00,6eeab7003dc78cb5266923f6972c346b67f07fb79047c7ad0aac2750f54fa703
2024-10-03,22.8,16.1,True,19.450000000000003,GHCN-Daily,67.01,0.0,2.010000000000005,USW00094789,e8e5ff762a1a94e28f53c7df,data/raw/ghcn/20260920T033052159252Z_39c80c_USW00094789.dly,2026-09-20T03:30:52.161805+00:00,6eeab7003dc78cb5266923f6972c346b67f07fb79047c7ad0aac2750f54fa703
2024-10-04,23.3,13.9,True,18.6,GHCN-Daily,65.48,0.0,0.480000000000004,USW00094789,e8e5ff762a1a94e28f53c7df,data/raw/ghcn/20260920T033052159252Z_39c80c_USW00094789.dly,2026-09-20T03:30:52.161805+00:00,6eeab7003dc78cb5266923f6972c346b67f07fb79047c7ad0aac2750f54fa703
2024-10-05,25.6,15.6,True,20.6,GHCN-Daily,69.08000000000001,0.0,4.0800000000000125,USW00094789,e8e5ff762a1a94e28f53c7df,data/raw/ghcn/20260920T033052159252Z_39c80c_USW00094789.dly,2026-09-20T03:30:52.161805+00:00,6eeab7003dc78cb5266923f6972c346b67f07fb79047c7ad0aac2750f54fa703
2024-10-06,21.1,12.8,True,16.950000000000003,GHCN-Daily,62.510000000000005,2.489999999999995,0.0,USW00094789,e8e5ff762a1a94e28f53c7df,data/raw/ghcn/20260920T033052159252Z_39c80c_USW00094789.dly,2026-09-20T03:30:52.161805+00:00,6eeab7003dc78cb5266923f6972c346b67f07fb79047c7ad0aac2750f54fa703
2024-10-07,26.7,15.0,True,20.85,GHCN-Daily,69.53,0.0,4.530000000000001,USW00094789,e8e5ff762a1a94e28f53c7df,data/raw/ghcn/20260920T033052159252Z_39c80c_USW00094789.dly,2026-09-20T03:30:52.161805+00:00,6eeab7003dc78cb5266923f6972c346b67f07fb79047c7ad0aac2750f54fa703
2024-10-08,20.6,12.8,True,16.700000000000003,GHCN-Daily,62.06,2.9399999999999977,0.0,USW00094789,e8e5ff762a1a94e28f53c7df,data/raw/ghcn/20260920T033052159252Z_39c80c_USW00094789.dly,2026-09-20T03:30:52.161805+00:00,6eeab7003dc78cb5266923f6972c346b67f07fb79047c7ad0aac2750f54fa703
2024-10-09,21.7,12.2,True,16.95,GHCN-Daily,62.51,2.490000000000002,0.0,USW00094789,e8e5ff762a1a94e28f53c7df,data/raw/ghcn/20260920T033052159252Z_39c80c_USW00094789.dly,2026-09-20T03:30:52.161805+00:00,6eeab7003dc78cb5266923f6972c346b67f07fb79047c7ad0aac2750f54fa703
2024-10-10,18.3,7.2,True,12.75,GHCN-Daily,54.95,10.049999999999997,0.0,USW00094789,e8e5ff762a1a94e28f53c7df,data/raw/ghcn/20260920T033052159252Z_39c80c_USW00094789.dly,2026-09-20T03:30:52.161805+00:00,6eeab7003dc78cb5266923f6972c346b67f07fb79047c7ad0aac2750f54fa703
2024-10-11,22.2,5.6,True,13.899999999999999,GHCN-Daily,57.019999999999996,7.980000000000004,0.0,USW00094789,e8e5ff762a1a94e28f53c7df,data/raw/ghcn/20260920T033052159252Z_39c80c_USW00094789.dly,2026-09-20T03:30:52.161805+00:00,6eeab7003dc78cb5266923f6972c346b67f07fb79047c7ad0aac2750f54fa703
2024-10-12,25.6,11.1,True,18.35,GHCN-Daily,65.03,0.0,0.030000000000001137,USW00094789,e8e5ff762a1a94e28f53c7df,data/raw/ghcn/20260920T033052159252Z_39c80c_USW00094789.dly,2026-09-20T03:30:52.161805+00:00,6eeab7003dc78cb5266923f6972c346b67f07fb79047c7ad0aac2750f54fa703
2024-10-13,22.8,11.7,True,17.25,GHCN-Daily,63.05,1.9500000000000028,0.0,USW00094789,e8e5ff762a1a94e28f53c7df,data/raw/ghcn/20260920T033052159252Z_39c80c_USW00094789.dly,2026-09-20T03:30:52.161805+00:00,6eeab7003dc78cb5266923f6972c346b67f07fb79047c7ad0aac2750f54fa703
2024-10-14,21.7,9.4,True,15.55,GHCN-Daily,59.99,5.009999999999998,0.0,USW00094789,e8e5ff762a1a94e28f53c7df,data/raw/ghcn/20260920T033052159252Z_39c80c_USW00094789.dly,2026-09-20T03:30:52.161805+00:00,6eeab7003dc78cb5266923f6972c346b67f07fb79047c7ad0aac2750f54fa703
2024-10-15,15.6,7.8,True,11.7,GHCN-Daily,53.06,11.939999999999998,0.0,USW00094789,e8e5ff762a1a94e28f53c7df,data/raw/ghcn/20260920T033052159252Z_39c80c_USW00094789.dly,2026-09-20T03:30:52.161805+00:00,6eeab7003dc78cb5266923f6972c346b67f07fb79047c7ad0aac2750f54fa703
2024-10-16,16.7,7.2,True,11.95,GHCN-Daily,53.51,11.490000000000002,0.0,USW00094789,e8e5ff762a1a94e28f53c7df,data/raw/ghcn/20260920T033052159252Z_39c80c_USW00094789.dly,2026-09-20T03:30:52.161805+00:00,6eeab7003dc78cb5266923f6972c346b67f07fb79047c7ad0aac2750f54fa703
2024-10-17,17.2,6.1,True,11.649999999999999,GHCN-Daily,52.97,12.030000000000001,0.0,USW00094789,e8e5ff762a1a94e28f53c7df,data/raw/ghcn/20260920T033052159252Z_39c80c_USW00094789.dly,2026-09-20T03:30:52.161805+00:00,6eeab7003dc78cb5266923f6972c346b67f07fb79047c7ad0aac2750f54fa703
2024-10-18,20.6,8.9,True,14.75,GHCN-Daily,58.55,6.450000000000003,0.0,USW00094789,e8e5ff762a1a94e28f53c7df,data/raw/ghcn/20260920T033052159252Z_39c80c_USW00094789.dly,2026-09-20T03:30:52.161805+00:00,6eeab7003dc78cb5266923f6972c346b67f07fb79047c7ad0aac2750f54fa703
2024-10-19,19.4,8.3,True,13.85,GHCN-Daily,56.93,8.07,0.0,USW00094789,e8e5ff762a1a94e28f53c7df,data/raw/ghcn/20260920T033052159252Z_39c80c_USW00094789.dly,2026-09-20T03:30:52.161805+00:00,6eeab7003dc78cb5266923f6972c346b67f07fb79047c7ad0aac2750f54fa703
2024-10-20,22.8,10.0,True,16.4,GHCN-Daily,61.519999999999996,3.480000000000004,0.0,USW00094789,e8e5ff762a1a94e28f53c7df,data/raw/ghcn/20260920T033052159252Z_39c80c_USW00094789.dly,2026-09-20T03:30:52.161805+00:00,6eeab7003dc78cb5266923f6972c346b67f07fb79047c7ad0aac2750f54fa703
2024-10-21,25.6,10.6,True,18.1,GHCN-Daily,64.58000000000001,0.4199999999999875,0.0,USW00094789,e8e5ff762a1a94e28f53c7df,data/raw/ghcn/20260920T033052159252Z_39c80c_USW00094789.dly,2026-09-20T03:30:52.161805+00:00,6eeab7003dc78cb5266923f6972c346b67f07fb79047c7ad0aac2750f54fa703
2024-10-22,26.7,13.9,True,20.3,GHCN-Daily,68.53999999999999,0.0,3.539999999999992,USW00094789,e8e5ff762a1a94e28f53c7df,data/raw/ghcn/20260920T033052159252Z_39c80c_USW00094789.dly,2026-09-20T03:30:52.161805+00:00,6eeab7003dc78cb5266923f6972c346b67f07fb79047c7ad0aac2750f54fa703
2024-10-23,22.2,13.3,True,17.75,GHCN-Daily,63.95,1.0499999999999972,0.0,USW00094789,e8e5ff762a1a94e28f53c7df,data/raw/ghcn/20260920T033052159252Z_39c80c_USW00094789.dly,2026-09-20T03:30:52.161805+00:00,6eeab7003dc78cb5266923f6972c346b67f07fb79047c7ad0aac2750f54fa703
2024-10-24,22.2,12.2,True,17.2,GHCN-Daily,62.96,2.039999999999999,0.0,USW00094789,e8e5ff762a1a94e28f53c7df,data/raw/ghcn/20260920T033052159252Z_39c80c_USW00094789.dly,2026-09-20T03:30:52.161805+00:00,6eeab7003dc78cb5266923f6972c346b67f07fb79047c7ad0aac2750f54fa703
2024-10-25,17.2,8.3,True,12.75,GHCN-Daily,54.95,10.049999999999997,0.0,USW00094789,e8e5ff762a1a94e28f53c7df,data/raw/ghcn/20260920T033052159252Z_39c80c_USW00094789.dly,2026-09-20T03:30:52.161805+00:00,6eeab7003dc78cb5266923f6972c346b67f07fb79047c7ad0aac2750f54fa703
2024-10-26,20.6,11.1,True,15.850000000000001,GHCN-Daily,60.53,4.469999999999999,0.0,USW00094789,e8e5ff762a1a94e28f53c7df,data/raw/ghcn/20260920T033052159252Z_39c80c_USW00094789.dly,2026-09-20T03:30:52.161805+00:00,6eeab7003dc78cb5266923f6972c346b67f07fb79047c7ad0aac2750f54fa703
2024-10-27,15.6,7.2,True,11.4,GHCN-Daily,52.519999999999996,12.480000000000004,0.0,USW00094789,e8e5ff762a1a94e28f53c7df,data/raw/ghcn/20260920T033052159252Z_39c80c_USW00094789.dly,2026-09-20T03:30:52.161805+00:00,6eeab7003dc78cb5266923f6972c346b67f07fb79047c7ad0aac2750f54fa703
2024-10-28,16.7,6.1,True,11.399999999999999,GHCN-Daily,52.519999999999996,12.480000000000004,0.0,USW00094789,e8e5ff762a1a94e28f53c7df,data/raw/ghcn/20260920T033052159252Z_39c80c_USW00094789.dly,2026-09-20T03:30:52.161805+00:00,6eeab7003dc78cb5266923f6972c346b67f07fb79047c7ad0aac2750f54fa703
2024-10-29,19.4,10.6,True,15.0,GHCN-Daily,59.0,6.0,0.0,USW00094789,e8e5ff762a1a94e28f53c7df,data/raw/ghcn/20260920T033052159252Z_39c80c_USW00094789.dly,2026-09-20T03:30:52.161805+00:00,6eeab7003dc78cb5266923f6972c346b67f07fb79047c7ad0aac2750f54fa703
2024-10-30,22.8,13.3,True,18.05,GHCN-Daily,64.49000000000001,0.5099999999999909,0.0,USW00094789,e8e5ff762a1a94e28f53c7df,data/raw/ghcn/20260920T033052159252Z_39c80c_USW00094789.dly,2026-09-20T03:30:52.161805+00:00,6eeab7003dc78cb5266923f6972c346b67f07fb79047c7ad0aac2750f54fa703
2024-10-31,25.6,13.9,True,19.75,GHCN-Daily,67.55000000000001,0.0,2.5500000000000114,USW00094789,e8e5ff762a1a94e28f53c7df,data/raw/ghcn/20260920T033052159252Z_39c80c_USW00094789.dly,2026-09-20T03:30:52.161805+00:00,6eeab7003dc78cb5266923f6972c346b67f07fb79047c7ad0aac2750f54fa703
2025-10-01,21.1,12.8,True,16.950000000000003,GHCN-Daily,62.510000000000005,2.489999999999995,0.0,USW00094789,e8e5ff762a1a94e28f53c7df,data/raw/ghcn/20260920T033052159252Z_39c80c_USW00094789.dly,2026-09-20T03:30:52.161805+00:00,6eeab7003dc78cb5266923f6972c346b67f07fb79047c7ad0aac2750f54fa703
2025-10-02,18.9,11.1,True,15.0,GHCN-Daily,59.0,6.0,0.0,USW00094789,e8e5ff762a1a94e28f53c7df,data/raw/ghcn/20260920T033052159252Z_39c80c_USW00094789.dly,2026-09-20T03:30:52.161805+00:00,6eeab7003dc78cb5266923f6972c346b67f07fb79047c7ad0aac2750f54fa703
2025-10-03,20.6,10.6,True,15.600000000000001,GHCN-Daily,60.08,4.920000000000002,0.0,USW00094789,e8e5ff762a1a94e28f53c7df,data/raw/ghcn/20260920T033052159252Z_39c80c_USW00094789.dly,2026-09-20T03:30:52.161805+00:00,6eeab7003dc78cb5266923f6972c346b67f07fb79047c7ad0aac2750f54fa703
2025-10-04,25.6,13.9,True,19.75,GHCN-Daily,67.55000000000001,0.0,2.5500000000000114,USW00094789,e8e5ff762a1a94e28f53c7df,data/raw/ghcn/20260920T033052159252Z_39c80c_USW00094789.dly,2026-09-20T03:30:52.161805+00:00,6eeab7003dc78cb5266923f6972c346b67f07fb79047c7ad0aac2750f54fa703
2025-10-05,26.1,15.6,True,20.85,GHCN-Daily,69.53,0.0,4.530000000000001,USW00094789,e8e5ff762a1a94e28f53c7df,data/raw/ghcn/20260920T033052159252Z_39c80c_USW00094789.dly,2026-09-20T03:30:52.161805+00:00,6eeab7003dc78cb5266923f6972c346b67f07fb79047c7ad0aac2750f54fa703
2025-10-06,23.9,16.1,True,20.0,GHCN-Daily,68.0,0.0,3.0,USW00094789,e8e5ff762a1a94e28f53c7df,data/raw/ghcn/20260920T033052159252Z_39c80c_USW00094789.dly,2026-09-20T03:30:52.161805+00:00,6eeab7003dc78cb5266923f6972c346b67f07fb79047c7ad0aac2750f54fa703
2025-10-07,25.0,17.8,True,21.4,GHCN-Daily,70.52,0.0,5.519999999999996,USW00094789,e8e5ff762a1a94e28f53c7df,data/raw/ghcn/20260920T033052159252Z_39c80c_USW00094789.dly,2026-09-20T03:30:52.161805+00:00,6eeab7003dc78cb5266923f6972c346b67f07fb79047c7ad0aac2750f54fa703
2025-10-08,22.2,13.9,True,18.05,GHCN-Daily,64.49000000000001,0.5099999999999909,0.0,USW00094789,e8e5ff762a1a94e28f53c7df,data/raw/ghcn/20260920T033052159252Z_39c80c_USW00094789.dly,2026-09-20T03:30:52.161805+00:00,6eeab7003dc78cb5266923f6972c346b67f07fb79047c7ad0aac2750f54fa703
2025-10-09,15.6,7.8,True,11.7,GHCN-Daily,53.06,11.939999999999998,0.0,USW00094789,e8e5ff762a1a94e28f53c7df,data/raw/ghcn/20260920T033052159252Z_39c80c_USW00094789.dly,2026-09-20T03:30:52.161805+00:00,6eeab7003dc78cb5266923f6972c346b67f07fb79047c7ad0aac2750f54fa703
2025-10-10,17.2,6.1,True,11.649999999999999,GHCN-Daily,52.97,12.030000000000001,0.0,USW00094789,e8e5ff762a1a94e28f53c7df,data/raw/ghcn/20260920T033052159252Z_39c80c_USW00094789.dly,2026-09-20T03:30:52.161805+00:00,6eeab7003dc78cb5266923f6972c346b67f07fb79047c7ad0aac2750f54fa703
2025-10-11,19.4,14.4,True,16.9,GHCN-Daily,62.42,2.5799999999999983,0.0,USW00094789,e8e5ff762a1a94e28f53c7df,data/raw/ghcn/20260920T033052159252Z_39c80c_USW00094789.dly,2026-09-20T03:30:52.161805+00:00,6eeab7003dc78cb5266923f6972c346b67f07fb79047c7ad0aac2750f54fa703
2025-10-12,17.8,13.3,True,15.55,GHCN-Daily,59.99,5.009999999999998,0.0,USW00094789,e8e5ff762a1a94e28f53c7df,data/raw/ghcn/20260920T033052159252Z_39c80c_USW00094789.dly,2026-09-20T03:30:52.161805+00:00,6eeab7003dc78cb5266923f6972c346b67f07fb79047c7ad0aac2750f54fa703
2025-10-13,15.6,12.8,True,14.2,GHCN-Daily,57.56,7.439999999999998,0.0,USW00094789,e8e5ff762a1a94e28f53c7df,data/raw/ghcn/20260920T033052159252Z_39c80c_USW00094789.dly,2026-09-20T03:30:52.161805+00:00,6eeab7003dc78cb5266923f6972c346b67f07fb79047c7ad0aac2750f54fa703
2025-10-14,16.7,12.2,True,14.45,GHCN-Daily,58.01,6.990000000000002,0.0,USW00094789,e8e5ff762a1a94e28f53c7df,data/raw/ghcn/20260920T033052159252Z_39c80c_USW00094789.dly,2026-09-20T03:30:52.161805+00:00,6eeab7003dc78cb5266923f6972c346b67f07fb79047c7ad0aac2750f54fa703
2025-10-15,21.1,11.7,True,16.4,GHCN-Daily,61.519999999999996,3.480000000000004,0.0,USW00094789,e8e5ff762a1a94e28f53c7df,data/raw/ghcn/20260920T033052159252Z_39c80c_USW00094789.dly,2026-09-20T03:30:52.161805+00:00,6eeab7003dc78cb5266923f6972c346b67f07fb79047c7ad0aac2750f54fa703
2025-10-16,16.7,7.8,True,12.25,GHCN-Daily,54.05,10.950000000000003,0.0,USW00094789,e8e5ff762a1a94e28f53c7df,data/raw/ghcn/20260920T033052159252Z_39c80c_USW00094789.dly,2026-09-20T03:30:52.161805+00:00,6eeab7003dc78cb5266923f6972c346b67f07fb79047c7ad0aac2750f54fa703
2025-10-17,17.8,8.3,True,13.05,GHCN-Daily,55.49,9.509999999999998,0.0,USW00094789,e8e5ff762a1a94e28f53c7df,data/raw/ghcn/20260920T033052159252Z_39c80c_USW00094789.dly,2026-09-20T03:30:52.161805+00:00,6eeab7003dc78cb5266923f6972c346b67f07fb79047c7ad0aac2750f54fa703
2025-10-18,18.3,8.3,True,13.3,GHCN-Daily,55.94,9.060000000000002,0.0,USW00094789,e8e5ff762a1a94e28f53c7df,data/raw/ghcn/20260920T033052159252Z_39c80c_USW00094789.dly,2026-09-20T03:30:52.161805+00:00,6eeab7003dc78cb5266923f6972c346b67f07fb79047c7ad0aac2750f54fa703
2025-10-19,21.1,10.0,True,15.55,GHCN-Daily,59.99,5.009999999999998,0.0,USW00094789,e8e5ff762a1a94e28f53c7df,data/raw/ghcn/20260920T033052159252Z_39c80c_USW00094789.dly,2026-09-20T03:30:52.161805+00:00,6eeab7003dc78cb5266923f6972c346b67f07fb79047c7ad0aac2750f54fa703
2025-10-20,20.0,12.8,True,16.4,GHCN-Daily,61.519999999999996,3.480000000000004,0.0,USW00094789,e8e5ff762a1a94e28f53c7df,data/raw/ghcn/20260920T033052159252Z_39c80c_USW00094789.dly,2026-09-20T03:30:52.161805+00:00,6eeab7003dc78cb5266923f6972c346b67f07fb79047c7ad0aac2750f54fa703
2025-10-21,18.9,10.6,True,14.75,GHCN-Daily,58.55,6.450000000000003,0.0,USW00094789,e8e5ff762a1a94e28f53c7df,data/raw/ghcn/20260920T033052159252Z_39c80c_USW00094789.dly,2026-09-20T03:30:52.161805+00:00,6eeab7003dc78cb5266923f6972c346b67f07fb79047c7ad0aac2750f54fa703
2025-10-22,18.3,12.8,True,15.55,GHCN-Daily,59.99,5.009999999999998,0.0,USW00094789,e8e5ff762a1a94e28f53c7df,data/raw/ghcn/20260920T033052159252Z_39c80c_USW00094789.dly,2026-09-20T03:30:52.161805+00:00,6eeab7003dc78cb5266923f6972c346b67f07fb79047c7ad0aac2750f54fa703
2025-10-23,17.2,10.6,True,13.899999999999999,GHCN-Daily,57.019999999999996,7.980000000000004,0.0,USW00094789,e8e5ff762a1a94e28f53c7df,data/raw/ghcn/20260920T033052159252Z_39c80c_USW00094789.dly,2026-09-20T03:30:52.161805+00:00,6eeab7003dc78cb5266923f6972c346b67f07fb79047c7ad0aac2750f54fa703
2025-10-24,16.1,8.3,True,12.200000000000001,GHCN-Daily,53.96,11.04,0.0,USW00094789,e8e5ff762a1a94e28f53c7df,data/raw/ghcn/20260920T033052159252Z_39c80c_USW00094789.dly,2026-09-20T03:30:52.161805+00:00,6eeab7003dc78cb5266923f6972c346b67f07fb79047c7ad0aac2750f54fa703
2025-10-25,15.6,7.2,True,11.4,GHCN-Daily,52.519999999999996,12.480000000000004,0.0,USW00094789,e8e5ff762a1a94e28f53c7df,data/raw/ghcn/20260920T033052159252Z_39c80c_USW00094789.dly,2026-09-20T03:30:52.161805+00:00,6eeab7003dc78cb5266923f6972c346b67f07fb79047c7ad0aac2750f54fa703
2025-10-26,15.6,7.2,True,11.4,GHCN-Daily,52.519999999999996,12.480000000000004,0.0,USW00094789,e8e5ff762a1a94e28f53c7df,data/raw/ghcn/20260920T033052159252Z_39c80c_USW00094789.dly,2026-09-20T03:30:52.161805+00:00,6eeab7003dc78cb5266923f6972c346b67f07fb79047c7ad0aac2750f54fa703
2025-10-27,13.9,5.6,True,9.75,GHCN-Daily,49.55,15.450000000000003,0.0,USW00094789,e8e5ff762a1a94e28f53c7df,data/raw/ghcn/20260920T033052159252Z_39c80c_USW00094789.dly,2026-09-20T03:30:52.161805+00:00,6eeab7003dc78cb5266923f6972c346b67f07fb79047c7ad0aac2750f54fa703
2025-10-28,11.7,6.1,True,8.899999999999999,GHCN-Daily,48.019999999999996,16.980000000000004,0.0,USW00094789,e8e5ff762a1a94e28f53c7df,data/raw/ghcn/20260920T033052159252Z_39c80c_USW00094789.dly,2026-09-20T03:30:52.161805+00:00,6eeab7003dc78cb5266923f6972c346b67f07fb79047c7ad0aac2750f54fa703
2025-10-29,13.3,9.4,True,11.350000000000001,GHCN-Daily,52.43000000000001,12.569999999999993,0.0,USW00094789,e8e5ff762a1a94e28f53c7df,data/raw/ghcn/20260920T033052159252Z_39c80c_USW00094789.dly,2026-09-20T03:30:52.161805+00:00,6eeab7003dc78cb5266923f6972c346b67f07fb79047c7ad0aac2750f54fa703
2025-10-30,17.2,10.6,True,13.899999999999999,GHCN-Daily,57.019999999999996,7.980000000000004,0.0,USW00094789,e8e5ff762a1a94e28f53c7df,data/raw/ghcn/20260920T033052159252Z_39c80c_USW00094789.dly,2026-09-20T03:30:52.161805+00:00,6eeab7003dc78cb5266923f6972c346b67f07fb79047c7ad0aac2750f54fa703
2025-10-31,15.0,11.1,True,13.05,GHCN-Daily,55.49,9.509999999999998,0.0,USW00094789,e8e5ff762a1a94e28f53c7df,data/raw/ghcn/20260920T033052159252Z_39c80c_USW00094789.dly,2026-09-20T03:30:52.161805+00:00,6eeab7003dc78cb5266923f6972c346b67f07fb79047c7ad0aac2750f54fa703
2026-10-01,,,False,,GHCN-Daily,,,,USW00094789,e8e5ff762a1a94e28f53c7df,data/raw/ghcn/20260920T033052159252Z_39c80c_USW00094789.dly,2026-09-20T03:30:52.161805+00:00,6eeab7003dc78cb5266923f6972c346b67f07fb79047c7ad0aac2750f54fa703
2026-10-02,,,False,,GHCN-Daily,,,,USW00094789,e8e5ff762a1a94e28f53c7df,data/raw/ghcn/20260920T033052159252Z_39c80c_USW00094789.dly,2026-09-20T03:30:52.161805+00:00,6eeab7003dc78cb5266923f6972c346b67f07fb79047c7ad0aac2750f54fa703
2026-10-03,,,False,,GHCN-Daily,,,,USW00094789,e8e5ff762a1a94e28f53c7df,data/raw/ghcn/20260920T033052159252Z_39c80c_USW00094789.dly,2026-09-20T03:30:52.161805+00:00,6eeab7003dc78cb5266923f6972c346b67f07fb79047c7ad0aac2750f54fa703
2026-10-04,,,False,,GHCN-Daily,,,,USW00094789,e8e5ff762a1a94e28f53c7df,data/raw/ghcn/20260920T033052159252Z_39c80c_USW00094789.dly,2026-09-20T03:30:52.161805+00:00,6eeab7003dc78cb5266923f6972c346b67f07fb79047c7ad0aac2750f54fa703
2026-10-05,,,False,,GHCN-Daily,,,,USW00094789,e8e5ff762a1a94e28f53c7df,data/raw/ghcn/20260920T033052159252Z_39c80c_USW00094789.dly,2026-09-20T03:30:52.161805+00:00,6eeab7003dc78cb5266923f6972c346b67f07fb79047c7ad0aac2750f54fa703
2026-10-06,,,False,,GHCN-Daily,,,,USW00094789,e8e5ff762a1a94e28f53c7df,data/raw/ghcn/20260920T033052159252Z_39c80c_USW00094789.dly,2026-09-20T03:30:52.161805+00:00,6eeab7003dc78cb5266923f6972c346b67f07fb79047c7ad0aac2750f54fa703
2026-10-07,,,False,,GHCN-Daily,,,,USW00094789,e8e5ff762a1a94e28f53c7df,data/raw/ghcn/20260920T033052159252Z_39c80c_USW00094789.dly,2026-09-20T03:30:52.161805+00:00,6eeab7003dc78cb5266923f6972c346b67f07fb79047c7ad0aac2750f54fa703
2026-10-08,,,False,,GHCN-Daily,,,,USW00094789,e8e5ff762a1a94e28f53c7df,data/raw/ghcn/20260920T033052159252Z_39c80c_USW00094789.dly,2026-09-20T03:30:52.161805+00:00,6eeab7003dc78cb5266923f6972c346b67f07fb79047c7ad0aac2750f54fa703
2026-10-09,,,False,,GHCN-Daily,,,,USW00094789,e8e5ff762a1a94e28f53c7df,data/raw/ghcn/20260920T033052159252Z_39c80c_USW00094789.dly,2026-09-20T03:30:52.161805+00:00,6eeab7003dc78cb5266923f6972c346b67f07fb79047c7ad0aac2750f54fa703
2026-10-10,,,False,,GHCN-Daily,,,,USW00094789,e8e5ff762a1a94e28f53c7df,data/raw/ghcn/20260920T033052159252Z_39c80c_USW00094789.dly,2026-09-20T03:30:52.161805+00:00,6eeab7003dc78cb5266923f6972c346b67f07fb79047c7ad0aac2750f54fa703
2026-10-11,,,False,,GHCN-Daily,,,,USW00094789,e8e5ff762a1a94e28f53c7df,data/raw/ghcn/20260920T033052159252Z_39c80c_USW00094789.dly,2026-09-20T03:30:52.161805+00:00,6eeab7003dc78cb5266923f6972c346b67f07fb79047c7ad0aac2750f54fa703
2026-10-12,,,False,,GHCN-Daily,,,,USW00094789,e8e5ff762a1a94e28f53c7df,data/raw/ghcn/20260920T033052159252Z_39c80c_USW00094789.dly,2026-09-20T03:30:52.161805+00:00,6eeab7003dc78cb5266923f6972c346b67f07fb79047c7ad0aac2750f54fa703
2026-10-13,,,False,,GHCN-Daily,,,,USW00094789,e8e5ff762a1a94e28f53c7df,data/raw/ghcn/20260920T033052159252Z_39c80c_USW00094789.dly,2026-09-20T03:30:52.161805+00:00,6eeab7003dc78cb5266923f6972c346b67f07fb79047c7ad0aac2750f54fa703
2026-10-14,,,False,,GHCN-Daily,,,,USW00094789,e8e5ff762a1a94e28f53c7df,data/raw/ghcn/20260920T033052159252Z_39c80c_USW00094789.dly,2026-09-20T03:30:52.161805+00:00,6eeab7003dc78cb5266923f6972c346b67f07fb79047c7ad0aac2750f54fa703
2026-10-15,,,False,,GHCN-Daily,,,,USW00094789,e8e5ff762a1a94e28f53c7df,data/raw/ghcn/20260920T033052159252Z_39c80c_USW00094789.dly,2026-09-20T03:30:52.161805+00:00,6eeab7003dc78cb5266923f6972c346b67f07fb79047c7ad0aac2750f54fa703
2026-10-16,,,False,,GHCN-Daily,,,,USW00094789,e8e5ff762a1a94e28f53c7df,data/raw/ghcn/20260920T033052159252Z_39c80c_USW00094789.dly,2026-09-20T03:30:52.161805+00:00,6eeab7003dc78cb5266923f6972c346b67f07fb79047c7ad0aac2750f54fa703
2026-10-17,,,False,,GHCN-Daily,,,,USW00094789,e8e5ff762a1a94e28f53c7df,data/raw/ghcn/20260920T033052159252Z_39c80c_USW00094789.dly,2026-09-20T03:30:52.161805+00:00,6eeab7003dc78cb5266923f6972c346b67f07fb79047c7ad0aac2750f54fa703
2026-10-18,,,False,,GHCN-Daily,,,,USW00094789,e8e5ff762a1a94e28f53c7df,data/raw/ghcn/20260920T033052159252Z_39c80c_USW00094789.dly,2026-09-20T03:30:52.161805+00:00,6eeab7003dc78cb5266923f6972c346b67f07fb79047c7ad0aac2750f54fa703
2026-10-19,,,False,,GHCN-Daily,,,,USW00094789,e8e5ff762a1a94e28f53c7df,data/raw/ghcn/20260920T033052159252Z_39c80c_USW00094789.dly,2026-09-20T03:30:52.161805+00:00,6eeab7003dc78cb5266923f6972c346b67f07fb79047c7ad0aac2750f54fa703
2026-10-20,,,False,,GHCN-Daily,,,,USW00094789,e8e5ff762a1a94e28f53c7df,data/raw/ghcn/20260920T033052159252Z_39c80c_USW00094789.dly,2026-09-20T03:30:52.161805+00:00,6eeab7003dc78cb5266923f6972c346b67f07fb79047c7ad0aac2750f54fa703
2026-10-21,,,False,,GHCN-Daily,,,,USW00094789,e8e5ff762a1a94e28f53c7df,data/raw/ghcn/20260920T033052159252Z_39c80c_USW00094789.dly,2026-09-20T03:30:52.161805+00:00,6eeab7003dc78cb5266923f6972c346b67f07fb79047c7ad0aac2750f54fa703
2026-10-22,,,False,,GHCN-Daily,,,,USW00094789,e8e5ff762a1a94e28f53c7df,data/raw/ghcn/20260920T033052159252Z_39c80c_USW00094789.dly,2026-09-20T03:30:52.161805+00:00,6eeab7003dc78cb5266923f6972c346b67f07fb79047c7ad0aac2750f54fa703
2026-10-23,,,False,,GHCN-Daily,,,,USW00094789,e8e5ff762a1a94e28f53c7df,data/raw/ghcn/20260920T033052159252Z_39c80c_USW00094789.dly,2026-09-20T03:30:52.161805+00:00,6eeab7003dc78cb5266923f6972c346b67f07fb79047c7ad0aac2750f54fa703
2026-10-24,,,False,,GHCN-Daily,,,,USW00094789,e8e5ff762a1a94e28f53c7df,data/raw/ghcn/20260920T033052159252Z_39c80c_USW00094789.dly,2026-09-20T03:30:52.161805+00:00,6eeab7003dc78cb5266923f6972c346b67f07fb79047c7ad0aac2750f54fa703
2026-10-25,,,False,,GHCN-Daily,,,,USW00094789,e8e5ff762a1a94e28f53c7df,data/raw/ghcn/20260920T033052159252Z_39c80c_USW00094789.dly,2026-09-20T03:30:52.161805+00:00,6eeab7003dc78cb5266923f6972c346b67f07fb79047c7ad0aac2750f54fa703
2026-10-26,,,False,,GHCN-Daily,,,,USW00094789,e8e5ff762a1a94e28f53c7df,data/raw/ghcn/20260920T033052159252Z_39c80c_USW00094789.dly,2026-09-20T03:30:52.161805+00:00,6eeab7003dc78cb5266923f6972c346b67f07fb79047c7ad0aac2750f54fa703
2026-10-27,,,False,,GHCN-Daily,,,,USW00094789,e8e5ff762a1a94e28f53c7df,data/raw/ghcn/20260920T033052159252Z_39c80c_USW00094789.dly,2026-09-20T03:30:52.161805+00:00,6eeab7003dc78cb5266923f6972c346b67f07fb79047c7ad0aac2750f54fa703
2026-10-28,,,False,,GHCN-Daily,,,,USW00094789,e8e5ff762a1a94e28f53c7df,data/raw/ghcn/20260920T033052159252Z_39c80c_USW00094789.dly,2026-09-20T03:30:52.161805+00:00,6eeab7003dc78cb5266923f6972c346b67f07fb79047c7ad0aac2750f54fa703
2026-10-29,,,False,,GHCN-Daily,,,,USW00094789,e8e5ff762a1a94e28f53c7df,data/raw/ghcn/20260920T033052159252Z_39c80c_USW00094789.dly,2026-09-20T03:30:52.161805+00:00,6eeab7003dc78cb5266923f6972c346b67f07fb79047c7ad0aac2750f54fa703
2026-10-30,,,False,,GHCN-Daily,,,,USW00094789,e8e5ff762a1a94e28f53c7df,data/raw/ghcn/20260920T033052159252Z_39c80c_USW00094789.dly,2026-09-20T03:30:52.161805+00:00,6eeab7003dc78cb5266923f6972c346b67f07fb79047c7ad0aac2750f54fa703
2026-10-31,,,False,,GHCN-Daily,,,,USW00094789,e8e5ff762a1a94e28f53c7df,data/raw/ghcn/20260920T033052159252Z_39c80c_USW00094789.dly,2026-09-20T03:30:52.161805+00:00,6eeab7003dc78cb5266923f6972c346b67f07fb79047c7ad0aac2750f54fa703
